客户名称,产品名称,单价,币种,生效日期,失效日期,来源,备注
安宝公司,"丙烷割嘴 GPN-1 71g
货号：4193",9.80,CNY,2026-09-28,,contract,"来源文件：ziliao/安宝公司/INFAR不干胶/INFRA合同/2026/AB26874.xls（工作表 Sheet1 第 24 行；合同号 AB26 874返单AB26053；抬头需方 宁波安宝国际贸易有限公司；日期凭证：抬头签约时间）；包装：标贴尺寸：80x16mm
塑料盒盖用黑色【tools/ziliao/extract_price_seeds.mjs 自动抽取·历史成交价·待甲方核对】"
安宝公司,"丙烷割嘴 GPN-2 71g
货号：4194",9.80,CNY,2026-09-28,,contract,来源文件：ziliao/安宝公司/INFAR不干胶/INFRA合同/2026/AB26874.xls（工作表 Sheet1 第 25 行；合同号 AB26 874返单AB26053；抬头需方 宁波安宝国际贸易有限公司；日期凭证：抬头签约时间）【tools/ziliao/extract_price_seeds.mjs 自动抽取·历史成交价·待甲方核对】
安宝公司,"丙烷割嘴 GPN-3 71g
货号：4195",9.80,CNY,2026-09-28,,contract,来源文件：ziliao/安宝公司/INFAR不干胶/INFRA合同/2026/AB26874.xls（工作表 Sheet1 第 26 行；合同号 AB26 874返单AB26053；抬头需方 宁波安宝国际贸易有限公司；日期凭证：抬头签约时间）【tools/ziliao/extract_price_seeds.mjs 自动抽取·历史成交价·待甲方核对】
安宝公司,"乙炔割嘴1-101-2 82g
货号：4191",16.80,CNY,2026-09-28,,contract,"来源文件：ziliao/安宝公司/INFAR不干胶/INFRA合同/2026/AB26874.xls（工作表 Sheet1 第 22 行；合同号 AB26 874返单AB26053；抬头需方 宁波安宝国际贸易有限公司；日期凭证：抬头签约时间）；包装：标贴尺寸：80x16mm
塑料盒盖用红色【tools/ziliao/extract_price_seeds.mjs 自动抽取·历史成交价·待甲方核对】"
安宝公司,"乙炔割嘴1-101-3 82g
货号：4192",16.80,CNY,2026-09-28,,contract,来源文件：ziliao/安宝公司/INFAR不干胶/INFRA合同/2026/AB26874.xls（工作表 Sheet1 第 23 行；合同号 AB26 874返单AB26053；抬头需方 宁波安宝国际贸易有限公司；日期凭证：抬头签约时间）【tools/ziliao/extract_price_seeds.mjs 自动抽取·历史成交价·待甲方核对】
安宝公司,"HARRIS 丙烷割嘴6290-NX-0 53g
货号：4184",7.30,CNY,2026-09-28,,contract,"来源文件：ziliao/安宝公司/INFAR不干胶/INFRA合同/2026/AB26874.xls（工作表 Sheet1 第 18 行；合同号 AB26 874返单AB26053；抬头需方 宁波安宝国际贸易有限公司；日期凭证：抬头签约时间）；包装：标贴尺寸：80x16mm
塑料盒盖用黑色【tools/ziliao/extract_price_seeds.mjs 自动抽取·历史成交价·待甲方核对】"
安宝公司,"HARRIS 丙烷割嘴6290-NX-1 53g
货号：4186",7.30,CNY,2026-09-28,,contract,来源文件：ziliao/安宝公司/INFAR不干胶/INFRA合同/2026/AB26874.xls（工作表 Sheet1 第 19 行；合同号 AB26 874返单AB26053；抬头需方 宁波安宝国际贸易有限公司；日期凭证：抬头签约时间）【tools/ziliao/extract_price_seeds.mjs 自动抽取·历史成交价·待甲方核对】
安宝公司,"HARRIS 丙烷割嘴6290-NX-2 53g
货号：4187",7.30,CNY,2026-09-28,,contract,来源文件：ziliao/安宝公司/INFAR不干胶/INFRA合同/2026/AB26874.xls（工作表 Sheet1 第 20 行；合同号 AB26 874返单AB26053；抬头需方 宁波安宝国际贸易有限公司；日期凭证：抬头签约时间）【tools/ziliao/extract_price_seeds.mjs 自动抽取·历史成交价·待甲方核对】
安宝公司,"HARRIS 丙烷割嘴6290-NX-3 53g
货号：4188",7.30,CNY,2026-09-28,,contract,来源文件：ziliao/安宝公司/INFAR不干胶/INFRA合同/2026/AB26874.xls（工作表 Sheet1 第 21 行；合同号 AB26 874返单AB26053；抬头需方 宁波安宝国际贸易有限公司；日期凭证：抬头签约时间）【tools/ziliao/extract_price_seeds.mjs 自动抽取·历史成交价·待甲方核对】
安宝公司,"HARRIS 乙炔割嘴6290-1 55g
货号：4208",12.20,CNY,2026-09-28,,contract,"来源文件：ziliao/安宝公司/INFAR不干胶/INFRA合同/2026/AB26874.xls（工作表 Sheet1 第 27 行；合同号 AB26 874返单AB26053；抬头需方 宁波安宝国际贸易有限公司；日期凭证：抬头签约时间）；包装：标贴尺寸：80x16mm
塑料盒盖用红色【tools/ziliao/extract_price_seeds.mjs 自动抽取·历史成交价·待甲方核对】"
安宝公司,"HARRIS 乙炔割嘴6290-2 55g
货号：4210",12.20,CNY,2026-09-28,,contract,来源文件：ziliao/安宝公司/INFAR不干胶/INFRA合同/2026/AB26874.xls（工作表 Sheet1 第 28 行；合同号 AB26 874返单AB26053；抬头需方 宁波安宝国际贸易有限公司；日期凭证：抬头签约时间）【tools/ziliao/extract_price_seeds.mjs 自动抽取·历史成交价·待甲方核对】
安宝公司,"smith 丙烷割嘴 SC-50-A-0 93g
货号：4154",15.00,CNY,2026-09-28,,contract,"来源文件：ziliao/安宝公司/INFAR不干胶/INFRA合同/2026/AB26874.xls（工作表 Sheet1 第 13 行；合同号 AB26 874返单AB26053；抬头需方 宁波安宝国际贸易有限公司；日期凭证：抬头签约时间）；包装：标贴尺寸：80x16mm
塑料盒盖用黑色【tools/ziliao/extract_price_seeds.mjs 自动抽取·历史成交价·待甲方核对】"
安宝公司,"smith 丙烷割嘴 SC-50-A-1 93g
货号：4157",15.00,CNY,2026-09-28,,contract,来源文件：ziliao/安宝公司/INFAR不干胶/INFRA合同/2026/AB26874.xls（工作表 Sheet1 第 14 行；合同号 AB26 874返单AB26053；抬头需方 宁波安宝国际贸易有限公司；日期凭证：抬头签约时间）【tools/ziliao/extract_price_seeds.mjs 自动抽取·历史成交价·待甲方核对】
安宝公司,"smith 丙烷割嘴 SC-50-A-3 93g
货号：4161",15.00,CNY,2026-09-28,,contract,来源文件：ziliao/安宝公司/INFAR不干胶/INFRA合同/2026/AB26874.xls（工作表 Sheet1 第 15 行；合同号 AB26 874返单AB26053；抬头需方 宁波安宝国际贸易有限公司；日期凭证：抬头签约时间）【tools/ziliao/extract_price_seeds.mjs 自动抽取·历史成交价·待甲方核对】
安宝公司,"smith 丙烷割嘴 SC-50-A-4 93g
货号：4162",15.00,CNY,2026-09-28,,contract,来源文件：ziliao/安宝公司/INFAR不干胶/INFRA合同/2026/AB26874.xls（工作表 Sheet1 第 16 行；合同号 AB26 874返单AB26053；抬头需方 宁波安宝国际贸易有限公司；日期凭证：抬头签约时间）【tools/ziliao/extract_price_seeds.mjs 自动抽取·历史成交价·待甲方核对】
安宝公司,"smith 丙烷割嘴 SC-50-A-5 93g
货号：4163",15.00,CNY,2026-09-28,,contract,来源文件：ziliao/安宝公司/INFAR不干胶/INFRA合同/2026/AB26874.xls（工作表 Sheet1 第 17 行；合同号 AB26 874返单AB26053；抬头需方 宁波安宝国际贸易有限公司；日期凭证：抬头签约时间）【tools/ziliao/extract_price_seeds.mjs 自动抽取·历史成交价·待甲方核对】
安宝公司,"smith 乙炔割嘴 SC-12-0 103g
货号：4133",19.00,CNY,2026-09-28,,contract,"来源文件：ziliao/安宝公司/INFAR不干胶/INFRA合同/2026/AB26874.xls（工作表 Sheet1 第 7 行；合同号 AB26 874返单AB26053；抬头需方 宁波安宝国际贸易有限公司；日期凭证：抬头签约时间）；包装：标贴尺寸：80x16mm
塑料盒盖用红色

SC12重量102.7克【tools/ziliao/extract_price_seeds.mjs 自动抽取·历史成交价·待甲方核对】"
安宝公司,"smith 乙炔割嘴 SC-12-1 103g
货号：4134",19.00,CNY,2026-09-28,,contract,来源文件：ziliao/安宝公司/INFAR不干胶/INFRA合同/2026/AB26874.xls（工作表 Sheet1 第 8 行；合同号 AB26 874返单AB26053；抬头需方 宁波安宝国际贸易有限公司；日期凭证：抬头签约时间）【tools/ziliao/extract_price_seeds.mjs 自动抽取·历史成交价·待甲方核对】
安宝公司,"smith 乙炔割嘴 SC-12-2 103g
货号：4136",19.00,CNY,2026-09-28,,contract,来源文件：ziliao/安宝公司/INFAR不干胶/INFRA合同/2026/AB26874.xls（工作表 Sheet1 第 9 行；合同号 AB26 874返单AB26053；抬头需方 宁波安宝国际贸易有限公司；日期凭证：抬头签约时间）【tools/ziliao/extract_price_seeds.mjs 自动抽取·历史成交价·待甲方核对】
安宝公司,"smith 乙炔割嘴 SC-12-3 103g
货号：4137",19.00,CNY,2026-09-28,,contract,来源文件：ziliao/安宝公司/INFAR不干胶/INFRA合同/2026/AB26874.xls（工作表 Sheet1 第 10 行；合同号 AB26 874返单AB26053；抬头需方 宁波安宝国际贸易有限公司；日期凭证：抬头签约时间）【tools/ziliao/extract_price_seeds.mjs 自动抽取·历史成交价·待甲方核对】
安宝公司,"smith 乙炔割嘴 SC-12-4 103g
货号：4138",19.00,CNY,2026-09-28,,contract,来源文件：ziliao/安宝公司/INFAR不干胶/INFRA合同/2026/AB26874.xls（工作表 Sheet1 第 11 行；合同号 AB26 874返单AB26053；抬头需方 宁波安宝国际贸易有限公司；日期凭证：抬头签约时间）【tools/ziliao/extract_price_seeds.mjs 自动抽取·历史成交价·待甲方核对】
安宝公司,"smith 乙炔割嘴 SC-12-5 103g
货号：4151",19.00,CNY,2026-09-28,,contract,来源文件：ziliao/安宝公司/INFAR不干胶/INFRA合同/2026/AB26874.xls（工作表 Sheet1 第 12 行；合同号 AB26 874返单AB26053；抬头需方 宁波安宝国际贸易有限公司；日期凭证：抬头签约时间）【tools/ziliao/extract_price_seeds.mjs 自动抽取·历史成交价·待甲方核对】
安宝公司,割嘴 MC-12-2# 产品号码6004,18.50,CNY,2026-09-24,,contract,来源文件：ziliao/安宝公司/美国FRONNY/订单/2026/AB26869.xls（工作表 订单 第 7 行；合同号 AB26 869；抬头需方 宁波安宝国际贸易有限公司；日期凭证：抬头签约时间）【tools/ziliao/extract_price_seeds.mjs 自动抽取·历史成交价·待甲方核对】
安宝公司,乙炔割嘴1-101 0# 产品号码6023,16.90,CNY,2026-09-24,,contract,来源文件：ziliao/安宝公司/美国FRONNY/订单/2026/AB26869.xls（工作表 订单 第 12 行；合同号 AB26 869；抬头需方 宁波安宝国际贸易有限公司；日期凭证：抬头签约时间）；包装：1-101割嘴【tools/ziliao/extract_price_seeds.mjs 自动抽取·历史成交价·待甲方核对】
安宝公司,乙炔割嘴1-101 1# 产品号码6024,16.90,CNY,2026-09-24,,contract,来源文件：ziliao/安宝公司/美国FRONNY/订单/2026/AB26869.xls（工作表 订单 第 13 行；合同号 AB26 869；抬头需方 宁波安宝国际贸易有限公司；日期凭证：抬头签约时间）【tools/ziliao/extract_price_seeds.mjs 自动抽取·历史成交价·待甲方核对】
安宝公司,乙炔割嘴1-101 2# 产品号码6025,16.90,CNY,2026-09-24,,contract,来源文件：ziliao/安宝公司/美国FRONNY/订单/2026/AB26869.xls（工作表 订单 第 14 行；合同号 AB26 869；抬头需方 宁波安宝国际贸易有限公司；日期凭证：抬头签约时间）【tools/ziliao/extract_price_seeds.mjs 自动抽取·历史成交价·待甲方核对】
安宝公司,乙炔割嘴3-101 0# 产品号码6018,12.50,CNY,2026-09-24,,contract,来源文件：ziliao/安宝公司/美国FRONNY/订单/2026/AB26869.xls（工作表 订单 第 9 行；合同号 AB26 869；抬头需方 宁波安宝国际贸易有限公司；日期凭证：抬头签约时间）【tools/ziliao/extract_price_seeds.mjs 自动抽取·历史成交价·待甲方核对】
安宝公司,乙炔割嘴3-101 00# 产品号码6017,12.50,CNY,2026-09-24,,contract,来源文件：ziliao/安宝公司/美国FRONNY/订单/2026/AB26869.xls（工作表 订单 第 8 行；合同号 AB26 869；抬头需方 宁波安宝国际贸易有限公司；日期凭证：抬头签约时间）；包装：3-101割嘴【tools/ziliao/extract_price_seeds.mjs 自动抽取·历史成交价·待甲方核对】
安宝公司,乙炔割嘴3-101 1# 产品号码6019,12.50,CNY,2026-09-24,,contract,来源文件：ziliao/安宝公司/美国FRONNY/订单/2026/AB26869.xls（工作表 订单 第 10 行；合同号 AB26 869；抬头需方 宁波安宝国际贸易有限公司；日期凭证：抬头签约时间）【tools/ziliao/extract_price_seeds.mjs 自动抽取·历史成交价·待甲方核对】
安宝公司,乙炔割嘴3-101 2# 产品号码6020,12.50,CNY,2026-09-24,,contract,来源文件：ziliao/安宝公司/美国FRONNY/订单/2026/AB26869.xls（工作表 订单 第 11 行；合同号 AB26 869；抬头需方 宁波安宝国际贸易有限公司；日期凭证：抬头签约时间）【tools/ziliao/extract_price_seeds.mjs 自动抽取·历史成交价·待甲方核对】
安宝公司,"丙烷割嘴 GPN 2#
刻字：带logo

包装：塑料盒+不干胶",9.55,CNY,2026-09-20,,contract,"来源文件：ziliao/安宝公司/KARLEN  SC50,GPN/AB26854.xls（工作表 订单 第 8 行；合同号 AB26 854；抬头需方 宁波安宝国际贸易有限公司；日期凭证：抬头签约时间）【tools/ziliao/extract_price_seeds.mjs 自动抽取·历史成交价·待甲方核对】"
安宝公司,"丙烷割嘴 SC-50 2#
刻字：带logo

包装：塑料盒+不干胶",14.85,CNY,2026-09-20,,contract,"来源文件：ziliao/安宝公司/KARLEN  SC50,GPN/AB26854.xls（工作表 订单 第 7 行；合同号 AB26 854；抬头需方 宁波安宝国际贸易有限公司；日期凭证：抬头签约时间）【tools/ziliao/extract_price_seeds.mjs 自动抽取·历史成交价·待甲方核对】"
安宝公司,"丙烷割嘴6290VVC 0 重47g
12.5-20mm   刻字：中性",7.55,CNY,2026-09-07,,contract,来源文件：ziliao/安宝公司/PLAZWELD 6290AC/AB26784.xls（工作表 Sheet2 第 11 行；合同号 AB26 784；抬头需方 宁波安宝国际贸易有限公司；日期凭证：抬头签约时间）【tools/ziliao/extract_price_seeds.mjs 自动抽取·历史成交价·待甲方核对】
安宝公司,"丙烷割嘴6290VVC 00 重47g
9-12.5mm   刻字：中性",7.55,CNY,2026-09-07,,contract,来源文件：ziliao/安宝公司/PLAZWELD 6290AC/AB26784.xls（工作表 Sheet2 第 10 行；合同号 AB26 784；抬头需方 宁波安宝国际贸易有限公司；日期凭证：抬头签约时间）【tools/ziliao/extract_price_seeds.mjs 自动抽取·历史成交价·待甲方核对】
安宝公司,"丙烷割嘴6290VVC 000 重47g
6-9mm   刻字：中性",7.55,CNY,2026-09-07,,contract,来源文件：ziliao/安宝公司/PLAZWELD 6290AC/AB26784.xls（工作表 Sheet2 第 9 行；合同号 AB26 784；抬头需方 宁波安宝国际贸易有限公司；日期凭证：抬头签约时间）【tools/ziliao/extract_price_seeds.mjs 自动抽取·历史成交价·待甲方核对】
安宝公司,"丙烷割嘴6290VVC 0000 重47g
4-6mm   刻字：中性",7.55,CNY,2026-09-07,,contract,来源文件：ziliao/安宝公司/PLAZWELD 6290AC/AB26784.xls（工作表 Sheet2 第 8 行；合同号 AB26 784；抬头需方 宁波安宝国际贸易有限公司；日期凭证：抬头签约时间）【tools/ziliao/extract_price_seeds.mjs 自动抽取·历史成交价·待甲方核对】
安宝公司,"丙烷割嘴6290VVC 00000 重47g
1-4mm   刻字：中性",7.55,CNY,2026-09-07,,contract,"来源文件：ziliao/安宝公司/PLAZWELD 6290AC/AB26784.xls（工作表 Sheet2 第 7 行；合同号 AB26 784；抬头需方 宁波安宝国际贸易有限公司；日期凭证：抬头签约时间）；包装：包装：塑料盒+黑色盖子
盒盖上中性不干胶
+客户定制不干胶。
刻字：中性【tools/ziliao/extract_price_seeds.mjs 自动抽取·历史成交价·待甲方核对】"
安宝公司,"丙烷割嘴6290VVC 1 重47g
35-60mm   刻字：中性",7.55,CNY,2026-09-07,,contract,来源文件：ziliao/安宝公司/PLAZWELD 6290AC/AB26784.xls（工作表 Sheet2 第 13 行；合同号 AB26 784；抬头需方 宁波安宝国际贸易有限公司；日期凭证：抬头签约时间）【tools/ziliao/extract_price_seeds.mjs 自动抽取·历史成交价·待甲方核对】
安宝公司,"丙烷割嘴6290VVC 1/2 重47g
20-35mm   刻字：中性",7.55,CNY,2026-09-07,,contract,来源文件：ziliao/安宝公司/PLAZWELD 6290AC/AB26784.xls（工作表 Sheet2 第 12 行；合同号 AB26 784；抬头需方 宁波安宝国际贸易有限公司；日期凭证：抬头签约时间）【tools/ziliao/extract_price_seeds.mjs 自动抽取·历史成交价·待甲方核对】
安宝公司,"丙烷割嘴6290VVC 11/2 重47g
60-75mm   刻字：中性",7.55,CNY,2026-09-07,,contract,来源文件：ziliao/安宝公司/PLAZWELD 6290AC/AB26784.xls（工作表 Sheet2 第 14 行；合同号 AB26 784；抬头需方 宁波安宝国际贸易有限公司；日期凭证：抬头签约时间）【tools/ziliao/extract_price_seeds.mjs 自动抽取·历史成交价·待甲方核对】
安宝公司,"丙烷割嘴6290VVC 2 重47g
75-125mm   刻字：中性",7.55,CNY,2026-09-07,,contract,来源文件：ziliao/安宝公司/PLAZWELD 6290AC/AB26784.xls（工作表 Sheet2 第 15 行；合同号 AB26 784；抬头需方 宁波安宝国际贸易有限公司；日期凭证：抬头签约时间）【tools/ziliao/extract_price_seeds.mjs 自动抽取·历史成交价·待甲方核对】
安宝公司,"丙烷割嘴6290VVC 21/2 重47g
125-150mm   刻字：中性",7.55,CNY,2026-09-07,,contract,来源文件：ziliao/安宝公司/PLAZWELD 6290AC/AB26784.xls（工作表 Sheet2 第 16 行；合同号 AB26 784；抬头需方 宁波安宝国际贸易有限公司；日期凭证：抬头签约时间）【tools/ziliao/extract_price_seeds.mjs 自动抽取·历史成交价·待甲方核对】
安宝公司,"丙烷割嘴6290VVC 3 重47g
150-175mm   刻字：中性",7.55,CNY,2026-09-07,,contract,来源文件：ziliao/安宝公司/PLAZWELD 6290AC/AB26784.xls（工作表 Sheet2 第 17 行；合同号 AB26 784；抬头需方 宁波安宝国际贸易有限公司；日期凭证：抬头签约时间）【tools/ziliao/extract_price_seeds.mjs 自动抽取·历史成交价·待甲方核对】
安宝公司,"丙烷割嘴6290VVC 4 重47g
175-200mm   刻字：中性",7.55,CNY,2026-09-07,,contract,来源文件：ziliao/安宝公司/PLAZWELD 6290AC/AB26784.xls（工作表 Sheet2 第 18 行；合同号 AB26 784；抬头需方 宁波安宝国际贸易有限公司；日期凭证：抬头签约时间）【tools/ziliao/extract_price_seeds.mjs 自动抽取·历史成交价·待甲方核对】
安宝公司,"丙烷割嘴6290VVC 5 重47g
200-225mm   刻字：中性",7.55,CNY,2026-09-07,,contract,来源文件：ziliao/安宝公司/PLAZWELD 6290AC/AB26784.xls（工作表 Sheet2 第 19 行；合同号 AB26 784；抬头需方 宁波安宝国际贸易有限公司；日期凭证：抬头签约时间）【tools/ziliao/extract_price_seeds.mjs 自动抽取·历史成交价·待甲方核对】
安宝公司,"丙烷割嘴6290VVC 51/2 重47g
225-250mm   刻字：中性",7.55,CNY,2026-09-07,,contract,来源文件：ziliao/安宝公司/PLAZWELD 6290AC/AB26784.xls（工作表 Sheet2 第 20 行；合同号 AB26 784；抬头需方 宁波安宝国际贸易有限公司；日期凭证：抬头签约时间）【tools/ziliao/extract_price_seeds.mjs 自动抽取·历史成交价·待甲方核对】
安宝公司,"丙烷割嘴 2-GPN

请注意：3只是样品单独装",9.70,CNY,2026-08-26,,contract,"来源文件：ziliao/安宝公司/B.S.A. 6290NX,6290,1-101,GPN/2026/AB26775.xls（工作表 Sheet1 第 9 行；合同号 AB26 775；抬头需方 宁波安宝国际贸易有限公司；日期凭证：抬头签约时间）【tools/ziliao/extract_price_seeds.mjs 自动抽取·历史成交价·待甲方核对】"
安宝公司,"丙烷割嘴 3-GPN 3#

请注意：3只是样品单独装",9.10,CNY,2026-08-26,,contract,"来源文件：ziliao/安宝公司/B.S.A. 6290NX,6290,1-101,GPN/2026/AB26775.xls（工作表 Sheet1 第 11 行；合同号 AB26 775；抬头需方 宁波安宝国际贸易有限公司；日期凭证：抬头签约时间）【tools/ziliao/extract_price_seeds.mjs 自动抽取·历史成交价·待甲方核对】"
安宝公司,"丙烷割嘴 6290-NX-1

请注意：3只是样品单独装",7.30,CNY,2026-08-26,,contract,"来源文件：ziliao/安宝公司/B.S.A. 6290NX,6290,1-101,GPN/2026/AB26775.xls（工作表 Sheet1 第 7 行；合同号 AB26 775；抬头需方 宁波安宝国际贸易有限公司；日期凭证：抬头签约时间）【tools/ziliao/extract_price_seeds.mjs 自动抽取·历史成交价·待甲方核对】"
安宝公司,丙烷割嘴 6290-NX-3,7.30,CNY,2026-08-26,,contract,"来源文件：ziliao/安宝公司/B.S.A. 6290NX,6290,1-101,GPN/2026/AB26775.xls（工作表 Sheet1 第 8 行；合同号 AB26 775；抬头需方 宁波安宝国际贸易有限公司；日期凭证：抬头签约时间）【tools/ziliao/extract_price_seeds.mjs 自动抽取·历史成交价·待甲方核对】"
安宝公司,"乙炔割嘴 1-101 3#

请注意：3只是样品单独装",16.30,CNY,2026-08-26,,contract,"来源文件：ziliao/安宝公司/B.S.A. 6290NX,6290,1-101,GPN/2026/AB26775.xls（工作表 Sheet1 第 12 行；合同号 AB26 775；抬头需方 宁波安宝国际贸易有限公司；日期凭证：抬头签约时间）【tools/ziliao/extract_price_seeds.mjs 自动抽取·历史成交价·待甲方核对】"
安宝公司,"乙炔割嘴 6290 2#

请注意：3只是样品单独装",12.00,CNY,2026-08-26,,contract,"来源文件：ziliao/安宝公司/B.S.A. 6290NX,6290,1-101,GPN/2026/AB26775.xls（工作表 Sheet1 第 10 行；合同号 AB26 775；抬头需方 宁波安宝国际贸易有限公司；日期凭证：抬头签约时间）【tools/ziliao/extract_price_seeds.mjs 自动抽取·历史成交价·待甲方核对】"
安宝公司,"乙炔割嘴
ANME

刻字：
中性


包装：塑料盒+定制不干胶",16.20,CNY,2026-08-21,,contract,来源文件：ziliao/安宝公司/MOUNT WELD  1-101  ANME/2026/AB26728   ANME.xls（工作表 Sheet1 第 10 行；合同号 AB26 728；抬头需方 宁波安宝国际贸易有限公司；日期凭证：抬头签约时间）【tools/ziliao/extract_price_seeds.mjs 自动抽取·历史成交价·待甲方核对】
安宝公司,"HARRIS 乙炔割嘴6290-2 55g
货号：4210",12.00,CNY,2026-08-21,,contract,"来源文件：ziliao/安宝公司/INFAR不干胶/INFRA合同/2026/AB26764.xls（工作表 Sheet2 第 7 行；合同号 AB26 764返单AB26053；抬头需方 宁波安宝国际贸易有限公司；日期凭证：抬头签约时间）；包装：标贴尺寸：80x16mm
塑料盒盖用红色【tools/ziliao/extract_price_seeds.mjs 自动抽取·历史成交价·待甲方核对】"
安宝公司,割嘴 SC-12-1# 产品号码6000,19.10,CNY,2026-08-20,,contract,来源文件：ziliao/安宝公司/美国FRONNY/订单/2026/AB26762.xls（工作表 订单 第 7 行；合同号 AB26 762；抬头需方 宁波安宝国际贸易有限公司；日期凭证：抬头签约时间）【tools/ziliao/extract_price_seeds.mjs 自动抽取·历史成交价·待甲方核对】
安宝公司,"乙炔割嘴
1-101

刻字：
中性


包装：塑料盒+定制不干胶
【不干胶我司提供】",16.30,CNY,2026-08-20,,contract,来源文件：ziliao/安宝公司/MOUNT WELD  1-101  ANME/2026/AB26761   1-101.xls（工作表 Sheet1 第 10 行；合同号 AB26 761；抬头需方 宁波安宝国际贸易有限公司；日期凭证：抬头签约时间）【tools/ziliao/extract_price_seeds.mjs 自动抽取·历史成交价·待甲方核对】
安宝公司,乙炔割嘴1-101 0# 产品号码6023,16.30,CNY,2026-08-20,,contract,来源文件：ziliao/安宝公司/美国FRONNY/订单/2026/AB26762.xls（工作表 订单 第 11 行；合同号 AB26 762；抬头需方 宁波安宝国际贸易有限公司；日期凭证：抬头签约时间）；包装：1-101割嘴【tools/ziliao/extract_price_seeds.mjs 自动抽取·历史成交价·待甲方核对】
安宝公司,乙炔割嘴1-101 3# 产品号码6026,16.30,CNY,2026-08-20,,contract,来源文件：ziliao/安宝公司/美国FRONNY/订单/2026/AB26762.xls（工作表 订单 第 12 行；合同号 AB26 762；抬头需方 宁波安宝国际贸易有限公司；日期凭证：抬头签约时间）【tools/ziliao/extract_price_seeds.mjs 自动抽取·历史成交价·待甲方核对】
安宝公司,乙炔割嘴3-101 000# 产品号码6016,12.00,CNY,2026-08-20,,contract,来源文件：ziliao/安宝公司/美国FRONNY/订单/2026/AB26762.xls（工作表 订单 第 8 行；合同号 AB26 762；抬头需方 宁波安宝国际贸易有限公司；日期凭证：抬头签约时间）；包装：3-101割嘴【tools/ziliao/extract_price_seeds.mjs 自动抽取·历史成交价·待甲方核对】
安宝公司,乙炔割嘴3-101 1# 产品号码6019,12.00,CNY,2026-08-20,,contract,来源文件：ziliao/安宝公司/美国FRONNY/订单/2026/AB26762.xls（工作表 订单 第 9 行；合同号 AB26 762；抬头需方 宁波安宝国际贸易有限公司；日期凭证：抬头签约时间）【tools/ziliao/extract_price_seeds.mjs 自动抽取·历史成交价·待甲方核对】
安宝公司,乙炔割嘴3-101 2# 产品号码6020,12.00,CNY,2026-08-20,,contract,来源文件：ziliao/安宝公司/美国FRONNY/订单/2026/AB26762.xls（工作表 订单 第 10 行；合同号 AB26 762；抬头需方 宁波安宝国际贸易有限公司；日期凭证：抬头签约时间）【tools/ziliao/extract_price_seeds.mjs 自动抽取·历史成交价·待甲方核对】
安宝公司,乙炔割嘴3-GPN1 0# 产品号码6030,9.10,CNY,2026-08-20,,contract,来源文件：ziliao/安宝公司/美国FRONNY/订单/2026/AB26762.xls（工作表 订单 第 13 行；合同号 AB26 762；抬头需方 宁波安宝国际贸易有限公司；日期凭证：抬头签约时间）；包装：3-GPN割嘴【tools/ziliao/extract_price_seeds.mjs 自动抽取·历史成交价·待甲方核对】
安宝公司,WS6290NX5丙烷割嘴 6290-NX-5,7.30,CNY,2026-08-20,,contract,"来源文件：ziliao/安宝公司/Weldsolutions不干胶/合同/2026/AB26763.xls（工作表 Sheet2 第 9 行；合同号 AB26 763返单AB26628；抬头需方 宁波安宝国际贸易有限公司；日期凭证：抬头签约时间）；包装：标贴尺寸：80x16mm
塑料盒盖用 深蓝色【tools/ziliao/extract_price_seeds.mjs 自动抽取·历史成交价·待甲方核对】"
安宝公司,WS6290NX6丙烷割嘴 6290-NX-6,7.30,CNY,2026-08-20,,contract,来源文件：ziliao/安宝公司/Weldsolutions不干胶/合同/2026/AB26763.xls（工作表 Sheet2 第 10 行；合同号 AB26 763返单AB26628；抬头需方 宁波安宝国际贸易有限公司；日期凭证：抬头签约时间）【tools/ziliao/extract_price_seeds.mjs 自动抽取·历史成交价·待甲方核对】
安宝公司,WSGPN 2丙烷割嘴 GPN 2#,9.70,CNY,2026-08-20,,contract,"来源文件：ziliao/安宝公司/Weldsolutions不干胶/合同/2026/AB26763.xls（工作表 Sheet2 第 8 行；合同号 AB26 763返单AB26628；抬头需方 宁波安宝国际贸易有限公司；日期凭证：抬头签约时间）；包装：标贴尺寸：80x16mm
塑料盒盖用深蓝色【tools/ziliao/extract_price_seeds.mjs 自动抽取·历史成交价·待甲方核对】"
安宝公司,WSSC502丙烷割嘴 SC-50-2,14.90,CNY,2026-08-20,,contract,"来源文件：ziliao/安宝公司/Weldsolutions不干胶/合同/2026/AB26763.xls（工作表 Sheet2 第 7 行；合同号 AB26 763返单AB26628；抬头需方 宁波安宝国际贸易有限公司；日期凭证：抬头签约时间）；包装：标贴尺寸：80x16mm
塑料盒盖用深蓝色【tools/ziliao/extract_price_seeds.mjs 自动抽取·历史成交价·待甲方核对】"
安宝公司,"澳大利亚款式乙炔 割嘴 41-12
刻字内容：如右图所示41  12",16.20,CNY,2026-07-31,,contract,"来源文件：ziliao/安宝公司/HQF 41 6290NX/41, NX, 6290/2026/ab26690.xls（工作表 订单 第 7 行；合同号 AB26 690返单AB26560；抬头需方 宁波安宝国际贸易有限公司；日期凭证：抬头签约时间）；包装：散装：但需确保运输途中不能损坏。
【组套装】【tools/ziliao/extract_price_seeds.mjs 自动抽取·历史成交价·待甲方核对】"
安宝公司,"澳大利亚款式乙炔 割嘴 41-15
刻字内容如图所示41  15",16.20,CNY,2026-07-31,,contract,"来源文件：ziliao/安宝公司/HQF 41 6290NX/41, NX, 6290/2026/ab26690.xls（工作表 订单 第 8 行；合同号 AB26 690返单AB26560；抬头需方 宁波安宝国际贸易有限公司；日期凭证：抬头签约时间）【tools/ziliao/extract_price_seeds.mjs 自动抽取·历史成交价·待甲方核对】"
安宝公司,"丙烷割嘴 106HC 1#
包装：彩卡+泡壳+说明书",9.00,CNY,2026-07-31,,contract,"来源文件：ziliao/安宝公司/HQF 41 6290NX/41, NX, 6290/2026/ab26699.xls（工作表 Sheet1 第 7 行；合同号 AB26 699返单AB251341；抬头需方 宁波安宝国际贸易有限公司；日期凭证：抬头签约时间）；包装：106HC 1#【tools/ziliao/extract_price_seeds.mjs 自动抽取·历史成交价·待甲方核对】"
安宝公司,"丙烷割嘴 106HC 2#
包装：彩卡+泡壳+说明书",9.00,CNY,2026-07-31,,contract,"来源文件：ziliao/安宝公司/HQF 41 6290NX/41, NX, 6290/2026/ab26699.xls（工作表 Sheet1 第 8 行；合同号 AB26 699返单AB251341；抬头需方 宁波安宝国际贸易有限公司；日期凭证：抬头签约时间）；包装：106HC 2#【tools/ziliao/extract_price_seeds.mjs 自动抽取·历史成交价·待甲方核对】"
安宝公司,"丙烷割嘴 106HC 3#
包装：彩卡+泡壳+说明书",9.00,CNY,2026-07-31,,contract,"来源文件：ziliao/安宝公司/HQF 41 6290NX/41, NX, 6290/2026/ab26699.xls（工作表 Sheet1 第 9 行；合同号 AB26 699返单AB251341；抬头需方 宁波安宝国际贸易有限公司；日期凭证：抬头签约时间）；包装：106HC 3#【tools/ziliao/extract_price_seeds.mjs 自动抽取·历史成交价·待甲方核对】"
安宝公司,"丙烷割嘴 106HC 4#
包装：彩卡+泡壳+说明书",9.00,CNY,2026-07-31,,contract,"来源文件：ziliao/安宝公司/HQF 41 6290NX/41, NX, 6290/2026/ab26699.xls（工作表 Sheet1 第 10 行；合同号 AB26 699返单AB251341；抬头需方 宁波安宝国际贸易有限公司；日期凭证：抬头签约时间）；包装：106HC 4#【tools/ziliao/extract_price_seeds.mjs 自动抽取·历史成交价·待甲方核对】"
安宝公司,"仿澳大利亚款式丙烷割嘴 44-12

包装：塑料盒+不干胶",9.80,CNY,2026-07-31,,contract,"来源文件：ziliao/安宝公司/HQF 41 6290NX/41, NX, 6290/2026/ab26690.xls（工作表 订单 第 10 行；合同号 AB26 690返单AB26560；抬头需方 宁波安宝国际贸易有限公司；日期凭证：抬头签约时间）；包装：44-12【tools/ziliao/extract_price_seeds.mjs 自动抽取·历史成交价·待甲方核对】"
安宝公司,"仿澳大利亚款式丙烷割嘴 44-15

包装：塑料盒+不干胶",9.80,CNY,2026-07-31,,contract,"来源文件：ziliao/安宝公司/HQF 41 6290NX/41, NX, 6290/2026/ab26690.xls（工作表 订单 第 11 行；合同号 AB26 690返单AB26560；抬头需方 宁波安宝国际贸易有限公司；日期凭证：抬头签约时间）；包装：44-15【tools/ziliao/extract_price_seeds.mjs 自动抽取·历史成交价·待甲方核对】"
安宝公司,"仿澳大利亚款式丙烷割嘴 44-20

包装：塑料盒+不干胶",9.80,CNY,2026-07-31,,contract,"来源文件：ziliao/安宝公司/HQF 41 6290NX/41, NX, 6290/2026/ab26690.xls（工作表 订单 第 12 行；合同号 AB26 690返单AB26560；抬头需方 宁波安宝国际贸易有限公司；日期凭证：抬头签约时间）；包装：44-20【tools/ziliao/extract_price_seeds.mjs 自动抽取·历史成交价·待甲方核对】"
安宝公司,"仿澳大利亚款式丙烷割嘴 44-8

包装：塑料盒+不干胶",9.80,CNY,2026-07-31,,contract,"来源文件：ziliao/安宝公司/HQF 41 6290NX/41, NX, 6290/2026/ab26690.xls（工作表 订单 第 9 行；合同号 AB26 690返单AB26560；抬头需方 宁波安宝国际贸易有限公司；日期凭证：抬头签约时间）；包装：44-8【tools/ziliao/extract_price_seeds.mjs 自动抽取·历史成交价·待甲方核对】"
安宝公司,"仿丙烷割嘴 6290-NX-1# 重：44克
包装：仿HARRIS 返单AB251341",7.80,CNY,2026-07-31,,contract,"来源文件：ziliao/安宝公司/HQF 41 6290NX/41, NX, 6290/2026/ab26690.xls（工作表 订单 第 13 行；合同号 AB26 690返单AB26560；抬头需方 宁波安宝国际贸易有限公司；日期凭证：抬头签约时间）；包装：6290 NX 1#【tools/ziliao/extract_price_seeds.mjs 自动抽取·历史成交价·待甲方核对】"
安宝公司,"仿丙烷割嘴 6290-NX-2# 重：44克
包装：仿HARRIS 返单AB251341",7.80,CNY,2026-07-31,,contract,"来源文件：ziliao/安宝公司/HQF 41 6290NX/41, NX, 6290/2026/ab26690.xls（工作表 订单 第 14 行；合同号 AB26 690返单AB26560；抬头需方 宁波安宝国际贸易有限公司；日期凭证：抬头签约时间）；包装：6290 NX 2#【tools/ziliao/extract_price_seeds.mjs 自动抽取·历史成交价·待甲方核对】"
安宝公司,"仿丙烷割嘴 6290-NX-3# 重：44克
包装：仿HARRIS 返单AB251341",7.80,CNY,2026-07-31,,contract,"来源文件：ziliao/安宝公司/HQF 41 6290NX/41, NX, 6290/2026/ab26690.xls（工作表 订单 第 15 行；合同号 AB26 690返单AB26560；抬头需方 宁波安宝国际贸易有限公司；日期凭证：抬头签约时间）；包装：6290 NX 3#【tools/ziliao/extract_price_seeds.mjs 自动抽取·历史成交价·待甲方核对】"
安宝公司,割嘴 6290-0# 产品号码6009,11.60,CNY,2026-07-22,,contract,来源文件：ziliao/安宝公司/美国FRONNY/订单/2026/AB26664.xls（工作表 订单 第 8 行；合同号 AB26 664；抬头需方 宁波安宝国际贸易有限公司；日期凭证：抬头签约时间）；包装：6290割嘴【tools/ziliao/extract_price_seeds.mjs 自动抽取·历史成交价·待甲方核对】
安宝公司,割嘴 6290-1# 产品号码6010,11.60,CNY,2026-07-22,,contract,来源文件：ziliao/安宝公司/美国FRONNY/订单/2026/AB26664.xls（工作表 订单 第 9 行；合同号 AB26 664；抬头需方 宁波安宝国际贸易有限公司；日期凭证：抬头签约时间）【tools/ziliao/extract_price_seeds.mjs 自动抽取·历史成交价·待甲方核对】
安宝公司,割嘴 MC12-3# 产品号码6005,17.40,CNY,2026-07-22,,contract,来源文件：ziliao/安宝公司/美国FRONNY/订单/2026/AB26664.xls（工作表 订单 第 7 行；合同号 AB26 664；抬头需方 宁波安宝国际贸易有限公司；日期凭证：抬头签约时间）【tools/ziliao/extract_price_seeds.mjs 自动抽取·历史成交价·待甲方核对】
安宝公司,割嘴GPN 1# 产品号码6027,9.55,CNY,2026-07-22,,contract,来源文件：ziliao/安宝公司/美国FRONNY/订单/2026/AB26664.xls（工作表 订单 第 16 行；合同号 AB26 664；抬头需方 宁波安宝国际贸易有限公司；日期凭证：抬头签约时间）；包装：GPN割嘴【tools/ziliao/extract_price_seeds.mjs 自动抽取·历史成交价·待甲方核对】
安宝公司,割嘴GPN 3# 产品号码6029,9.55,CNY,2026-07-22,,contract,来源文件：ziliao/安宝公司/美国FRONNY/订单/2026/AB26664.xls（工作表 订单 第 17 行；合同号 AB26 664；抬头需方 宁波安宝国际贸易有限公司；日期凭证：抬头签约时间）【tools/ziliao/extract_price_seeds.mjs 自动抽取·历史成交价·待甲方核对】
安宝公司,乙炔割嘴1-101 0# 产品号码6023,15.70,CNY,2026-07-22,,contract,来源文件：ziliao/安宝公司/美国FRONNY/订单/2026/AB26664.xls（工作表 订单 第 14 行；合同号 AB26 664；抬头需方 宁波安宝国际贸易有限公司；日期凭证：抬头签约时间）；包装：1-101割嘴【tools/ziliao/extract_price_seeds.mjs 自动抽取·历史成交价·待甲方核对】
安宝公司,乙炔割嘴1-101 1# 产品号码6024,15.70,CNY,2026-07-22,,contract,来源文件：ziliao/安宝公司/美国FRONNY/订单/2026/AB26664.xls（工作表 订单 第 15 行；合同号 AB26 664；抬头需方 宁波安宝国际贸易有限公司；日期凭证：抬头签约时间）【tools/ziliao/extract_price_seeds.mjs 自动抽取·历史成交价·待甲方核对】
安宝公司,乙炔割嘴3-101 0# 产品号码6018,11.60,CNY,2026-07-22,,contract,来源文件：ziliao/安宝公司/美国FRONNY/订单/2026/AB26664.xls（工作表 订单 第 11 行；合同号 AB26 664；抬头需方 宁波安宝国际贸易有限公司；日期凭证：抬头签约时间）【tools/ziliao/extract_price_seeds.mjs 自动抽取·历史成交价·待甲方核对】
安宝公司,乙炔割嘴3-101 00# 产品号码6017,11.60,CNY,2026-07-22,,contract,来源文件：ziliao/安宝公司/美国FRONNY/订单/2026/AB26664.xls（工作表 订单 第 10 行；合同号 AB26 664；抬头需方 宁波安宝国际贸易有限公司；日期凭证：抬头签约时间）；包装：3-101割嘴【tools/ziliao/extract_price_seeds.mjs 自动抽取·历史成交价·待甲方核对】
安宝公司,乙炔割嘴3-101 2# 产品号码6020,11.60,CNY,2026-07-22,,contract,来源文件：ziliao/安宝公司/美国FRONNY/订单/2026/AB26664.xls（工作表 订单 第 12 行；合同号 AB26 664；抬头需方 宁波安宝国际贸易有限公司；日期凭证：抬头签约时间）【tools/ziliao/extract_price_seeds.mjs 自动抽取·历史成交价·待甲方核对】
安宝公司,乙炔割嘴3-101 3# 产品号码6021,11.60,CNY,2026-07-22,,contract,来源文件：ziliao/安宝公司/美国FRONNY/订单/2026/AB26664.xls（工作表 订单 第 13 行；合同号 AB26 664；抬头需方 宁波安宝国际贸易有限公司；日期凭证：抬头签约时间）【tools/ziliao/extract_price_seeds.mjs 自动抽取·历史成交价·待甲方核对】
安宝公司,"澳大利亚款式乙炔 割嘴 41-12
刻字内容：如右图所示41  12",16.20,CNY,2026-07-15,,contract,"来源文件：ziliao/安宝公司/HQF 41 6290NX/41, NX, 6290/2026/AB26560.xls（工作表 订单 第 15 行；合同号 AB26 560返单AB251038；抬头需方 宁波安宝国际贸易有限公司；日期凭证：抬头签约时间）；包装：散装：但需确保运输途中不能损坏。
【组套装】【tools/ziliao/extract_price_seeds.mjs 自动抽取·历史成交价·待甲方核对】"
安宝公司,"澳大利亚款式乙炔 割嘴 41-15
刻字内容如图所示41  15",16.20,CNY,2026-07-15,,contract,"来源文件：ziliao/安宝公司/HQF 41 6290NX/41, NX, 6290/2026/AB26560.xls（工作表 订单 第 16 行；合同号 AB26 560返单AB251038；抬头需方 宁波安宝国际贸易有限公司；日期凭证：抬头签约时间）【tools/ziliao/extract_price_seeds.mjs 自动抽取·历史成交价·待甲方核对】"
安宝公司,"仿澳大利亚款式丙烷割嘴 44-12

包装：塑料盒+不干胶",9.80,CNY,2026-07-15,,contract,"来源文件：ziliao/安宝公司/HQF 41 6290NX/41, NX, 6290/2026/AB26560.xls（工作表 订单 第 8 行；合同号 AB26 560返单AB251038；抬头需方 宁波安宝国际贸易有限公司；日期凭证：抬头签约时间）；包装：44-12【tools/ziliao/extract_price_seeds.mjs 自动抽取·历史成交价·待甲方核对】"
安宝公司,"仿澳大利亚款式丙烷割嘴 44-15

包装：塑料盒+不干胶",9.80,CNY,2026-07-15,,contract,"来源文件：ziliao/安宝公司/HQF 41 6290NX/41, NX, 6290/2026/AB26560.xls（工作表 订单 第 9 行；合同号 AB26 560返单AB251038；抬头需方 宁波安宝国际贸易有限公司；日期凭证：抬头签约时间）；包装：44-15【tools/ziliao/extract_price_seeds.mjs 自动抽取·历史成交价·待甲方核对】"
安宝公司,"仿澳大利亚款式丙烷割嘴 44-20

包装：塑料盒+不干胶",9.80,CNY,2026-07-15,,contract,"来源文件：ziliao/安宝公司/HQF 41 6290NX/41, NX, 6290/2026/AB26560.xls（工作表 订单 第 10 行；合同号 AB26 560返单AB251038；抬头需方 宁波安宝国际贸易有限公司；日期凭证：抬头签约时间）；包装：44-20【tools/ziliao/extract_price_seeds.mjs 自动抽取·历史成交价·待甲方核对】"
安宝公司,"仿澳大利亚款式丙烷割嘴 44-8

包装：塑料盒+不干胶",9.80,CNY,2026-07-15,,contract,"来源文件：ziliao/安宝公司/HQF 41 6290NX/41, NX, 6290/2026/AB26560.xls（工作表 订单 第 7 行；合同号 AB26 560返单AB251038；抬头需方 宁波安宝国际贸易有限公司；日期凭证：抬头签约时间）；包装：44-8【tools/ziliao/extract_price_seeds.mjs 自动抽取·历史成交价·待甲方核对】"
安宝公司,"仿澳大利亚款式乙炔 割嘴 41-12

包装：塑料盒+不干胶",16.20,CNY,2026-07-15,,contract,"来源文件：ziliao/安宝公司/HQF 41 6290NX/41, NX, 6290/2026/AB26560.xls（工作表 订单 第 12 行；合同号 AB26 560返单AB251038；抬头需方 宁波安宝国际贸易有限公司；日期凭证：抬头签约时间）；包装：41-12【tools/ziliao/extract_price_seeds.mjs 自动抽取·历史成交价·待甲方核对】"
安宝公司,"仿澳大利亚款式乙炔 割嘴 41-15

包装：塑料盒+不干胶",16.20,CNY,2026-07-15,,contract,"来源文件：ziliao/安宝公司/HQF 41 6290NX/41, NX, 6290/2026/AB26560.xls（工作表 订单 第 13 行；合同号 AB26 560返单AB251038；抬头需方 宁波安宝国际贸易有限公司；日期凭证：抬头签约时间）；包装：41-15【tools/ziliao/extract_price_seeds.mjs 自动抽取·历史成交价·待甲方核对】"
安宝公司,"仿澳大利亚款式乙炔 割嘴 41-20

包装：塑料盒+不干胶",16.20,CNY,2026-07-15,,contract,"来源文件：ziliao/安宝公司/HQF 41 6290NX/41, NX, 6290/2026/AB26560.xls（工作表 订单 第 14 行；合同号 AB26 560返单AB251038；抬头需方 宁波安宝国际贸易有限公司；日期凭证：抬头签约时间）；包装：41-20【tools/ziliao/extract_price_seeds.mjs 自动抽取·历史成交价·待甲方核对】"
安宝公司,"仿澳大利亚款式乙炔 割嘴 41-8

包装：塑料盒+不干胶",16.20,CNY,2026-07-15,,contract,"来源文件：ziliao/安宝公司/HQF 41 6290NX/41, NX, 6290/2026/AB26560.xls（工作表 订单 第 11 行；合同号 AB26 560返单AB251038；抬头需方 宁波安宝国际贸易有限公司；日期凭证：抬头签约时间）；包装：41-8【tools/ziliao/extract_price_seeds.mjs 自动抽取·历史成交价·待甲方核对】"
安宝公司,丙烷割嘴 GPN #0 仿包装,9.80,CNY,2026-07-14,,contract,来源文件：ziliao/安宝公司/A. SH  AIR - OXY 里卡多/合同/2026/AB26612.xls（工作表 订单 第 12 行；合同号 AB26 156返单AB251050；抬头需方 宁波安宝国际贸易有限公司；日期凭证：抬头签约时间）【tools/ziliao/extract_price_seeds.mjs 自动抽取·历史成交价·待甲方核对】
安宝公司,丙烷割嘴 GPN #00 仿包装,9.80,CNY,2026-07-14,,contract,来源文件：ziliao/安宝公司/A. SH  AIR - OXY 里卡多/合同/2026/AB26612.xls（工作表 订单 第 11 行；合同号 AB26 156返单AB251050；抬头需方 宁波安宝国际贸易有限公司；日期凭证：抬头签约时间）【tools/ziliao/extract_price_seeds.mjs 自动抽取·历史成交价·待甲方核对】
安宝公司,丙烷割嘴 GPN #1 仿包装,9.80,CNY,2026-07-14,,contract,来源文件：ziliao/安宝公司/A. SH  AIR - OXY 里卡多/合同/2026/AB26612.xls（工作表 订单 第 13 行；合同号 AB26 156返单AB251050；抬头需方 宁波安宝国际贸易有限公司；日期凭证：抬头签约时间）【tools/ziliao/extract_price_seeds.mjs 自动抽取·历史成交价·待甲方核对】
安宝公司,丙烷割嘴 GPN #2 仿包装,9.80,CNY,2026-07-14,,contract,来源文件：ziliao/安宝公司/A. SH  AIR - OXY 里卡多/合同/2026/AB26612.xls（工作表 订单 第 14 行；合同号 AB26 156返单AB251050；抬头需方 宁波安宝国际贸易有限公司；日期凭证：抬头签约时间）【tools/ziliao/extract_price_seeds.mjs 自动抽取·历史成交价·待甲方核对】
安宝公司,丙烷割嘴 GPN #3 仿包装,9.80,CNY,2026-07-14,,contract,来源文件：ziliao/安宝公司/A. SH  AIR - OXY 里卡多/合同/2026/AB26612.xls（工作表 订单 第 15 行；合同号 AB26 156返单AB251050；抬头需方 宁波安宝国际贸易有限公司；日期凭证：抬头签约时间）【tools/ziliao/extract_price_seeds.mjs 自动抽取·历史成交价·待甲方核对】
安宝公司,丙烷割嘴 GPN #4 仿包装,9.80,CNY,2026-07-14,,contract,来源文件：ziliao/安宝公司/A. SH  AIR - OXY 里卡多/合同/2026/AB26612.xls（工作表 订单 第 16 行；合同号 AB26 156返单AB251050；抬头需方 宁波安宝国际贸易有限公司；日期凭证：抬头签约时间）【tools/ziliao/extract_price_seeds.mjs 自动抽取·历史成交价·待甲方核对】
安宝公司,乙炔割嘴 1-101 #1 塑料盖贴：1-101 1,16.30,CNY,2026-07-14,,contract,来源文件：ziliao/安宝公司/A. SH  AIR - OXY 里卡多/合同/2026/AB26612.xls（工作表 订单 第 17 行；合同号 AB26 156返单AB251050；抬头需方 宁波安宝国际贸易有限公司；日期凭证：抬头签约时间）【tools/ziliao/extract_price_seeds.mjs 自动抽取·历史成交价·待甲方核对】
安宝公司,乙炔割嘴 1-101 #2 塑料盖贴：1-101 2,16.30,CNY,2026-07-14,,contract,来源文件：ziliao/安宝公司/A. SH  AIR - OXY 里卡多/合同/2026/AB26612.xls（工作表 订单 第 18 行；合同号 AB26 156返单AB251050；抬头需方 宁波安宝国际贸易有限公司；日期凭证：抬头签约时间）【tools/ziliao/extract_price_seeds.mjs 自动抽取·历史成交价·待甲方核对】
安宝公司,乙炔割嘴 1-101 #3 塑料盖贴：1-101 3,16.30,CNY,2026-07-14,,contract,来源文件：ziliao/安宝公司/A. SH  AIR - OXY 里卡多/合同/2026/AB26612.xls（工作表 订单 第 19 行；合同号 AB26 156返单AB251050；抬头需方 宁波安宝国际贸易有限公司；日期凭证：抬头签约时间）【tools/ziliao/extract_price_seeds.mjs 自动抽取·历史成交价·待甲方核对】
安宝公司,乙炔割嘴 1-101 #4 仿包装,16.30,CNY,2026-07-14,,contract,来源文件：ziliao/安宝公司/A. SH  AIR - OXY 里卡多/合同/2026/AB26612.xls（工作表 订单 第 7 行；合同号 AB26 156返单AB251050；抬头需方 宁波安宝国际贸易有限公司；日期凭证：抬头签约时间）【tools/ziliao/extract_price_seeds.mjs 自动抽取·历史成交价·待甲方核对】
安宝公司,乙炔割嘴 1-101 #4 塑料盖贴：1-101 4,16.30,CNY,2026-07-14,,contract,来源文件：ziliao/安宝公司/A. SH  AIR - OXY 里卡多/合同/2026/AB26612.xls（工作表 订单 第 20 行；合同号 AB26 156返单AB251050；抬头需方 宁波安宝国际贸易有限公司；日期凭证：抬头签约时间）【tools/ziliao/extract_price_seeds.mjs 自动抽取·历史成交价·待甲方核对】
安宝公司,乙炔割嘴 1-101 #5 仿包装,16.30,CNY,2026-07-14,,contract,来源文件：ziliao/安宝公司/A. SH  AIR - OXY 里卡多/合同/2026/AB26612.xls（工作表 订单 第 8 行；合同号 AB26 156返单AB251050；抬头需方 宁波安宝国际贸易有限公司；日期凭证：抬头签约时间）【tools/ziliao/extract_price_seeds.mjs 自动抽取·历史成交价·待甲方核对】
安宝公司,乙炔割嘴 1-101 #6 仿包装,16.30,CNY,2026-07-14,,contract,来源文件：ziliao/安宝公司/A. SH  AIR - OXY 里卡多/合同/2026/AB26612.xls（工作表 订单 第 9 行；合同号 AB26 156返单AB251050；抬头需方 宁波安宝国际贸易有限公司；日期凭证：抬头签约时间）【tools/ziliao/extract_price_seeds.mjs 自动抽取·历史成交价·待甲方核对】
安宝公司,乙炔割嘴 1-101 #8 仿包装,16.30,CNY,2026-07-14,,contract,来源文件：ziliao/安宝公司/A. SH  AIR - OXY 里卡多/合同/2026/AB26612.xls（工作表 订单 第 10 行；合同号 AB26 156返单AB251050；抬头需方 宁波安宝国际贸易有限公司；日期凭证：抬头签约时间）【tools/ziliao/extract_price_seeds.mjs 自动抽取·历史成交价·待甲方核对】
安宝公司,"HARRIS 丙烷割嘴6290-NX-1 53g
货号：4186",7.10,CNY,2026-07-14,,contract,"来源文件：ziliao/安宝公司/INFAR不干胶/INFRA合同/2026/ab26629.xls（工作表 Sheet1 第 11 行；合同号 AB26 629返单AB26053；抬头需方 宁波安宝国际贸易有限公司；日期凭证：抬头签约时间）；包装：标贴尺寸：80x16mm
塑料盒盖用黑色【tools/ziliao/extract_price_seeds.mjs 自动抽取·历史成交价·待甲方核对】"
安宝公司,"HARRIS 丙烷割嘴6290-NX-3 53g
货号：4188",7.10,CNY,2026-07-14,,contract,来源文件：ziliao/安宝公司/INFAR不干胶/INFRA合同/2026/ab26629.xls（工作表 Sheet1 第 12 行；合同号 AB26 629返单AB26053；抬头需方 宁波安宝国际贸易有限公司；日期凭证：抬头签约时间）【tools/ziliao/extract_price_seeds.mjs 自动抽取·历史成交价·待甲方核对】
安宝公司,"smith 乙炔割嘴 SC-12-1 103g
货号：4134",18.20,CNY,2026-07-14,,contract,"来源文件：ziliao/安宝公司/INFAR不干胶/INFRA合同/2026/ab26629.xls（工作表 Sheet1 第 7 行；合同号 AB26 629返单AB26053；抬头需方 宁波安宝国际贸易有限公司；日期凭证：抬头签约时间）；包装：标贴尺寸：80x16mm
塑料盒盖用红色

SC12重量102.7克【tools/ziliao/extract_price_seeds.mjs 自动抽取·历史成交价·待甲方核对】"
安宝公司,"smith 乙炔割嘴 SC-12-2 103g
货号：4136",18.20,CNY,2026-07-14,,contract,来源文件：ziliao/安宝公司/INFAR不干胶/INFRA合同/2026/ab26629.xls（工作表 Sheet1 第 8 行；合同号 AB26 629返单AB26053；抬头需方 宁波安宝国际贸易有限公司；日期凭证：抬头签约时间）【tools/ziliao/extract_price_seeds.mjs 自动抽取·历史成交价·待甲方核对】
安宝公司,"smith 乙炔割嘴 SC-12-4 103g
货号：4138",18.20,CNY,2026-07-14,,contract,来源文件：ziliao/安宝公司/INFAR不干胶/INFRA合同/2026/ab26629.xls（工作表 Sheet1 第 9 行；合同号 AB26 629返单AB26053；抬头需方 宁波安宝国际贸易有限公司；日期凭证：抬头签约时间）【tools/ziliao/extract_price_seeds.mjs 自动抽取·历史成交价·待甲方核对】
安宝公司,"smith 乙炔割嘴 SC-12-5 103g
货号：4151",18.20,CNY,2026-07-14,,contract,来源文件：ziliao/安宝公司/INFAR不干胶/INFRA合同/2026/ab26629.xls（工作表 Sheet1 第 10 行；合同号 AB26 629返单AB26053；抬头需方 宁波安宝国际贸易有限公司；日期凭证：抬头签约时间）【tools/ziliao/extract_price_seeds.mjs 自动抽取·历史成交价·待甲方核对】
安宝公司,WS62903乙炔割嘴 6290-3,11.60,CNY,2026-07-14,,contract,"来源文件：ziliao/安宝公司/Weldsolutions不干胶/合同/2026/ab26628.xls（工作表 Sheet2 第 7 行；合同号 AB26 628返单AB26094；抬头需方 宁波安宝国际贸易有限公司；日期凭证：抬头签约时间）；包装：标贴尺寸：80x16mm
塑料盒盖用 红色【tools/ziliao/extract_price_seeds.mjs 自动抽取·历史成交价·待甲方核对】"
安宝公司,WS6290NX1丙烷割嘴 6290-NX-1,7.10,CNY,2026-07-14,,contract,"来源文件：ziliao/安宝公司/Weldsolutions不干胶/合同/2026/ab26628.xls（工作表 Sheet2 第 10 行；合同号 AB26 628返单AB26094；抬头需方 宁波安宝国际贸易有限公司；日期凭证：抬头签约时间）；包装：标贴尺寸：80x16mm
塑料盒盖用 深蓝色【tools/ziliao/extract_price_seeds.mjs 自动抽取·历史成交价·待甲方核对】"
安宝公司,WS6290NX2丙烷割嘴 6290-NX-2,7.10,CNY,2026-07-14,,contract,来源文件：ziliao/安宝公司/Weldsolutions不干胶/合同/2026/ab26628.xls（工作表 Sheet2 第 11 行；合同号 AB26 628返单AB26094；抬头需方 宁波安宝国际贸易有限公司；日期凭证：抬头签约时间）【tools/ziliao/extract_price_seeds.mjs 自动抽取·历史成交价·待甲方核对】
安宝公司,WS6290NX5丙烷割嘴 6290-NX-5,7.10,CNY,2026-07-14,,contract,来源文件：ziliao/安宝公司/Weldsolutions不干胶/合同/2026/ab26628.xls（工作表 Sheet2 第 12 行；合同号 AB26 628返单AB26094；抬头需方 宁波安宝国际贸易有限公司；日期凭证：抬头签约时间）【tools/ziliao/extract_price_seeds.mjs 自动抽取·历史成交价·待甲方核对】
安宝公司,WSGPN 1丙烷割嘴 GPN 1#,9.55,CNY,2026-07-14,,contract,"来源文件：ziliao/安宝公司/Weldsolutions不干胶/合同/2026/ab26628.xls（工作表 Sheet2 第 14 行；合同号 AB26 628返单AB26094；抬头需方 宁波安宝国际贸易有限公司；日期凭证：抬头签约时间）；包装：标贴尺寸：80x16mm
塑料盒盖用深蓝色【tools/ziliao/extract_price_seeds.mjs 自动抽取·历史成交价·待甲方核对】"
安宝公司,WSSC122乙炔割嘴 SC-12-2,18.20,CNY,2026-07-14,,contract,"来源文件：ziliao/安宝公司/Weldsolutions不干胶/合同/2026/ab26628.xls（工作表 Sheet2 第 8 行；合同号 AB26 628返单AB26094；抬头需方 宁波安宝国际贸易有限公司；日期凭证：抬头签约时间）；包装：标贴尺寸：80x16mm
塑料盒盖用 红色【tools/ziliao/extract_price_seeds.mjs 自动抽取·历史成交价·待甲方核对】"
安宝公司,WSSC123乙炔割嘴 SC-12-3,18.20,CNY,2026-07-14,,contract,来源文件：ziliao/安宝公司/Weldsolutions不干胶/合同/2026/ab26628.xls（工作表 Sheet2 第 9 行；合同号 AB26 628返单AB26094；抬头需方 宁波安宝国际贸易有限公司；日期凭证：抬头签约时间）【tools/ziliao/extract_price_seeds.mjs 自动抽取·历史成交价·待甲方核对】
安宝公司,WSSC504丙烷割嘴 SC-50-4,14.85,CNY,2026-07-14,,contract,"来源文件：ziliao/安宝公司/Weldsolutions不干胶/合同/2026/ab26628.xls（工作表 Sheet2 第 13 行；合同号 AB26 628返单AB26094；抬头需方 宁波安宝国际贸易有限公司；日期凭证：抬头签约时间）；包装：标贴尺寸：80x16mm
塑料盒盖用深蓝色【tools/ziliao/extract_price_seeds.mjs 自动抽取·历史成交价·待甲方核对】"
安宝公司,割嘴 GPN #4 仿包装,9.55,CNY,2026-07-08,,contract,来源文件：ziliao/安宝公司/AMP06   VICTOR  GPN/AB26599.xls（工作表 订单 第 7 行；合同号 AB26 599返单AB24638；抬头需方 宁波安宝国际贸易有限公司；日期凭证：抬头签约时间）【tools/ziliao/extract_price_seeds.mjs 自动抽取·历史成交价·待甲方核对】
安宝公司,割嘴 6290-1# 产品号码6010,11.60,CNY,2026-07-06,,contract,来源文件：ziliao/安宝公司/美国FRONNY/订单/2026/AB26591.xls（工作表 订单 第 8 行；合同号 AB26 591；抬头需方 宁波安宝国际贸易有限公司；日期凭证：抬头签约时间）；包装：6290割嘴【tools/ziliao/extract_price_seeds.mjs 自动抽取·历史成交价·待甲方核对】
安宝公司,割嘴 6290-2# 产品号码6011,11.60,CNY,2026-07-06,,contract,来源文件：ziliao/安宝公司/美国FRONNY/订单/2026/AB26591.xls（工作表 订单 第 9 行；合同号 AB26 591；抬头需方 宁波安宝国际贸易有限公司；日期凭证：抬头签约时间）【tools/ziliao/extract_price_seeds.mjs 自动抽取·历史成交价·待甲方核对】
安宝公司,割嘴 SC-12-2# 产品号码6001,18.20,CNY,2026-07-06,,contract,来源文件：ziliao/安宝公司/美国FRONNY/订单/2026/AB26591.xls（工作表 订单 第 7 行；合同号 AB26 591；抬头需方 宁波安宝国际贸易有限公司；日期凭证：抬头签约时间）【tools/ziliao/extract_price_seeds.mjs 自动抽取·历史成交价·待甲方核对】
安宝公司,乙炔割嘴1-101 0# 产品号码6023,15.70,CNY,2026-07-06,,contract,来源文件：ziliao/安宝公司/美国FRONNY/订单/2026/AB26591.xls（工作表 订单 第 15 行；合同号 AB26 591；抬头需方 宁波安宝国际贸易有限公司；日期凭证：抬头签约时间）【tools/ziliao/extract_price_seeds.mjs 自动抽取·历史成交价·待甲方核对】
安宝公司,乙炔割嘴1-101 00# 产品号码6022,15.70,CNY,2026-07-06,,contract,来源文件：ziliao/安宝公司/美国FRONNY/订单/2026/AB26591.xls（工作表 订单 第 14 行；合同号 AB26 591；抬头需方 宁波安宝国际贸易有限公司；日期凭证：抬头签约时间）；包装：1-101割嘴【tools/ziliao/extract_price_seeds.mjs 自动抽取·历史成交价·待甲方核对】
安宝公司,乙炔割嘴1-101 1# 产品号码6024,15.70,CNY,2026-07-06,,contract,来源文件：ziliao/安宝公司/美国FRONNY/订单/2026/AB26591.xls（工作表 订单 第 16 行；合同号 AB26 591；抬头需方 宁波安宝国际贸易有限公司；日期凭证：抬头签约时间）【tools/ziliao/extract_price_seeds.mjs 自动抽取·历史成交价·待甲方核对】
安宝公司,乙炔割嘴1-101 2# 产品号码6025,15.70,CNY,2026-07-06,,contract,来源文件：ziliao/安宝公司/美国FRONNY/订单/2026/AB26591.xls（工作表 订单 第 17 行；合同号 AB26 591；抬头需方 宁波安宝国际贸易有限公司；日期凭证：抬头签约时间）【tools/ziliao/extract_price_seeds.mjs 自动抽取·历史成交价·待甲方核对】
安宝公司,乙炔割嘴1-101 3# 产品号码6026,15.70,CNY,2026-07-06,,contract,来源文件：ziliao/安宝公司/美国FRONNY/订单/2026/AB26591.xls（工作表 订单 第 18 行；合同号 AB26 591；抬头需方 宁波安宝国际贸易有限公司；日期凭证：抬头签约时间）【tools/ziliao/extract_price_seeds.mjs 自动抽取·历史成交价·待甲方核对】
安宝公司,乙炔割嘴3-101 0# 产品号码6018,11.60,CNY,2026-07-06,,contract,来源文件：ziliao/安宝公司/美国FRONNY/订单/2026/AB26591.xls（工作表 订单 第 11 行；合同号 AB26 591；抬头需方 宁波安宝国际贸易有限公司；日期凭证：抬头签约时间）【tools/ziliao/extract_price_seeds.mjs 自动抽取·历史成交价·待甲方核对】
安宝公司,乙炔割嘴3-101 00# 产品号码6017,11.60,CNY,2026-07-06,,contract,来源文件：ziliao/安宝公司/美国FRONNY/订单/2026/AB26591.xls（工作表 订单 第 10 行；合同号 AB26 591；抬头需方 宁波安宝国际贸易有限公司；日期凭证：抬头签约时间）；包装：3-101割嘴【tools/ziliao/extract_price_seeds.mjs 自动抽取·历史成交价·待甲方核对】
安宝公司,乙炔割嘴3-101 1# 产品号码6019,11.60,CNY,2026-07-06,,contract,来源文件：ziliao/安宝公司/美国FRONNY/订单/2026/AB26591.xls（工作表 订单 第 12 行；合同号 AB26 591；抬头需方 宁波安宝国际贸易有限公司；日期凭证：抬头签约时间）【tools/ziliao/extract_price_seeds.mjs 自动抽取·历史成交价·待甲方核对】
安宝公司,乙炔割嘴3-101 2# 产品号码6020,11.60,CNY,2026-07-06,,contract,来源文件：ziliao/安宝公司/美国FRONNY/订单/2026/AB26591.xls（工作表 订单 第 13 行；合同号 AB26 591；抬头需方 宁波安宝国际贸易有限公司；日期凭证：抬头签约时间）【tools/ziliao/extract_price_seeds.mjs 自动抽取·历史成交价·待甲方核对】
安宝公司,乙炔割嘴3-GPN1 1# 产品号码6031,8.90,CNY,2026-07-06,,contract,来源文件：ziliao/安宝公司/美国FRONNY/订单/2026/AB26591.xls（工作表 订单 第 19 行；合同号 AB26 591；抬头需方 宁波安宝国际贸易有限公司；日期凭证：抬头签约时间）；包装：3-GPN割嘴【tools/ziliao/extract_price_seeds.mjs 自动抽取·历史成交价·待甲方核对】
安宝公司,乙炔割嘴3-GPN1 2# 产品号码6032,8.90,CNY,2026-07-06,,contract,来源文件：ziliao/安宝公司/美国FRONNY/订单/2026/AB26591.xls（工作表 订单 第 20 行；合同号 AB26 591；抬头需方 宁波安宝国际贸易有限公司；日期凭证：抬头签约时间）【tools/ziliao/extract_price_seeds.mjs 自动抽取·历史成交价·待甲方核对】
安宝公司,"丙烷割嘴 1503 4#
包装+刻字：中性",9.40,CNY,2026-06-26,,contract,来源文件：ziliao/安宝公司/有焊嘴订单/订单/2026/AB26572.xls（工作表 订单 第 14 行；合同号 AB26 572返单AB25828；抬头需方 宁波安宝国际贸易有限公司；日期凭证：抬头签约时间）【tools/ziliao/extract_price_seeds.mjs 自动抽取·历史成交价·待甲方核对】
安宝公司,"丙烷割嘴 GPN 1#
包装+刻字：中性",9.50,CNY,2026-06-26,,contract,来源文件：ziliao/安宝公司/有焊嘴订单/订单/2026/AB26572.xls（工作表 订单 第 13 行；合同号 AB26 572返单AB25828；抬头需方 宁波安宝国际贸易有限公司；日期凭证：抬头签约时间）【tools/ziliao/extract_price_seeds.mjs 自动抽取·历史成交价·待甲方核对】
安宝公司,"乙炔割嘴 1502 3#
包装+刻字：中性",16.40,CNY,2026-06-26,,contract,来源文件：ziliao/安宝公司/有焊嘴订单/订单/2026/AB26572.xls（工作表 订单 第 11 行；合同号 AB26 572返单AB25828；抬头需方 宁波安宝国际贸易有限公司；日期凭证：抬头签约时间）【tools/ziliao/extract_price_seeds.mjs 自动抽取·历史成交价·待甲方核对】
安宝公司,"乙炔割嘴 1502 4#
包装+刻字：中性",16.40,CNY,2026-06-26,,contract,来源文件：ziliao/安宝公司/有焊嘴订单/订单/2026/AB26572.xls（工作表 订单 第 12 行；合同号 AB26 572返单AB25828；抬头需方 宁波安宝国际贸易有限公司；日期凭证：抬头签约时间）【tools/ziliao/extract_price_seeds.mjs 自动抽取·历史成交价·待甲方核对】
安宝公司,"乙炔割嘴 3-101 3#
包装+刻字：中性",15.70,CNY,2026-06-26,,contract,来源文件：ziliao/安宝公司/有焊嘴订单/订单/2026/AB26572.xls（工作表 订单 第 9 行；合同号 AB26 572返单AB25828；抬头需方 宁波安宝国际贸易有限公司；日期凭证：抬头签约时间）【tools/ziliao/extract_price_seeds.mjs 自动抽取·历史成交价·待甲方核对】
安宝公司,"乙炔割嘴 3-101 4#
包装+刻字：中性",15.70,CNY,2026-06-26,,contract,来源文件：ziliao/安宝公司/有焊嘴订单/订单/2026/AB26572.xls（工作表 订单 第 10 行；合同号 AB26 572返单AB25828；抬头需方 宁波安宝国际贸易有限公司；日期凭证：抬头签约时间）【tools/ziliao/extract_price_seeds.mjs 自动抽取·历史成交价·待甲方核对】
安宝公司,割嘴 6290-2# 产品号码6011,11.60,CNY,2026-06-25,,contract,来源文件：ziliao/安宝公司/美国FRONNY/订单/2026/AB26571.xls（工作表 订单 第 8 行；合同号 AB26 571；抬头需方 宁波安宝国际贸易有限公司；日期凭证：抬头签约时间）；包装：6290割嘴【tools/ziliao/extract_price_seeds.mjs 自动抽取·历史成交价·待甲方核对】
安宝公司,割嘴 MC12-1# 产品号码6003,17.40,CNY,2026-06-25,,contract,来源文件：ziliao/安宝公司/美国FRONNY/订单/2026/AB26571.xls（工作表 订单 第 7 行；合同号 AB26 571；抬头需方 宁波安宝国际贸易有限公司；日期凭证：抬头签约时间）【tools/ziliao/extract_price_seeds.mjs 自动抽取·历史成交价·待甲方核对】
安宝公司,乙炔割嘴1-101 0# 产品号码6023,15.70,CNY,2026-06-25,,contract,来源文件：ziliao/安宝公司/美国FRONNY/订单/2026/AB26571.xls（工作表 订单 第 14 行；合同号 AB26 571；抬头需方 宁波安宝国际贸易有限公司；日期凭证：抬头签约时间）；包装：1-101割嘴【tools/ziliao/extract_price_seeds.mjs 自动抽取·历史成交价·待甲方核对】
安宝公司,乙炔割嘴1-101 3# 产品号码6026,15.70,CNY,2026-06-25,,contract,来源文件：ziliao/安宝公司/美国FRONNY/订单/2026/AB26571.xls（工作表 订单 第 15 行；合同号 AB26 571；抬头需方 宁波安宝国际贸易有限公司；日期凭证：抬头签约时间）【tools/ziliao/extract_price_seeds.mjs 自动抽取·历史成交价·待甲方核对】
安宝公司,乙炔割嘴3-101 0# 产品号码6018,11.60,CNY,2026-06-25,,contract,来源文件：ziliao/安宝公司/美国FRONNY/订单/2026/AB26571.xls（工作表 订单 第 11 行；合同号 AB26 571；抬头需方 宁波安宝国际贸易有限公司；日期凭证：抬头签约时间）【tools/ziliao/extract_price_seeds.mjs 自动抽取·历史成交价·待甲方核对】
安宝公司,乙炔割嘴3-101 00# 产品号码6017,11.60,CNY,2026-06-25,,contract,来源文件：ziliao/安宝公司/美国FRONNY/订单/2026/AB26571.xls（工作表 订单 第 10 行；合同号 AB26 571；抬头需方 宁波安宝国际贸易有限公司；日期凭证：抬头签约时间）【tools/ziliao/extract_price_seeds.mjs 自动抽取·历史成交价·待甲方核对】
安宝公司,乙炔割嘴3-101 000# 产品号码6016,11.60,CNY,2026-06-25,,contract,来源文件：ziliao/安宝公司/美国FRONNY/订单/2026/AB26571.xls（工作表 订单 第 9 行；合同号 AB26 571；抬头需方 宁波安宝国际贸易有限公司；日期凭证：抬头签约时间）；包装：3-101割嘴【tools/ziliao/extract_price_seeds.mjs 自动抽取·历史成交价·待甲方核对】
安宝公司,乙炔割嘴3-101 2# 产品号码6020,11.60,CNY,2026-06-25,,contract,来源文件：ziliao/安宝公司/美国FRONNY/订单/2026/AB26571.xls（工作表 订单 第 12 行；合同号 AB26 571；抬头需方 宁波安宝国际贸易有限公司；日期凭证：抬头签约时间）【tools/ziliao/extract_price_seeds.mjs 自动抽取·历史成交价·待甲方核对】
安宝公司,乙炔割嘴3-101 3# 产品号码6021,11.60,CNY,2026-06-25,,contract,来源文件：ziliao/安宝公司/美国FRONNY/订单/2026/AB26571.xls（工作表 订单 第 13 行；合同号 AB26 571；抬头需方 宁波安宝国际贸易有限公司；日期凭证：抬头签约时间）【tools/ziliao/extract_price_seeds.mjs 自动抽取·历史成交价·待甲方核对】
安宝公司,"2W-X11N 丙烷割嘴 G11 1#

包装+刻字：常规中性",14.50,CNY,2026-06-17,,contract,来源文件：ziliao/安宝公司/有焊嘴订单/订单/2026/AB26539.xls（工作表 Sheet1 第 7 行；合同号 AB26 539返单AB25938；抬头需方 宁波安宝国际贸易有限公司；日期凭证：抬头签约时间）；包装：包装：按返单AB25938生产和包装【tools/ziliao/extract_price_seeds.mjs 自动抽取·历史成交价·待甲方核对】
安宝公司,"2W-X11N 丙烷割嘴 G11 2#

包装+刻字：常规中性",14.50,CNY,2026-06-17,,contract,来源文件：ziliao/安宝公司/有焊嘴订单/订单/2026/AB26539.xls（工作表 Sheet1 第 8 行；合同号 AB26 539返单AB25938；抬头需方 宁波安宝国际贸易有限公司；日期凭证：抬头签约时间）；包装：包装：按返单AB25938生产和包装【tools/ziliao/extract_price_seeds.mjs 自动抽取·历史成交价·待甲方核对】
安宝公司,"victor 丙烷割嘴 GPN－1#
刻字：内嘴上1-GPN
外嘴上VICTOR 1-GPN

包装：VICTOR塑料盒+不干胶",9.55,CNY,2026-06-04,,contract,"来源文件：ziliao/安宝公司/VICTOR+BAYO/订单/2026/ab26430.xls（工作表 Sheet1 第 11 行；合同号 AB26 430返单AB24169；抬头需方 宁波安宝国际贸易有限公司；日期凭证：抬头签约时间）；包装：1、包装要求：victor塑料盒+不干胶如下图所示




2、刻字要求：
一定要对应型号
如下图【tools/ziliao/extract_price_seeds.mjs 自动抽取·历史成交价·待甲方核对】"
安宝公司,"victor 丙烷割嘴 GPN－2#
刻字：内嘴上2-GPN
外嘴上VICTOR 2-GPN

包装：VICTOR塑料盒+不干胶",9.55,CNY,2026-06-04,,contract,来源文件：ziliao/安宝公司/VICTOR+BAYO/订单/2026/ab26430.xls（工作表 Sheet1 第 12 行；合同号 AB26 430返单AB24169；抬头需方 宁波安宝国际贸易有限公司；日期凭证：抬头签约时间）【tools/ziliao/extract_price_seeds.mjs 自动抽取·历史成交价·待甲方核对】
安宝公司,"victor 丙烷割嘴3GPN－0#
刻字：内嘴上0-3-GPN
外嘴上VICTOR 0-3-GPN

包装：VICTOR塑料盒+不干胶",8.90,CNY,2026-06-04,,contract,来源文件：ziliao/安宝公司/VICTOR+BAYO/订单/2026/ab26430.xls（工作表 Sheet1 第 8 行；合同号 AB26 430返单AB24169；抬头需方 宁波安宝国际贸易有限公司；日期凭证：抬头签约时间）【tools/ziliao/extract_price_seeds.mjs 自动抽取·历史成交价·待甲方核对】
安宝公司,"victor 丙烷割嘴3GPN－00#
刻字：内嘴上00-3-GPN
外嘴上VICTOR 00-3-GPN

包装：VICTOR塑料盒+不干胶",8.90,CNY,2026-06-04,,contract,"来源文件：ziliao/安宝公司/VICTOR+BAYO/订单/2026/ab26430.xls（工作表 Sheet1 第 7 行；合同号 AB26 430返单AB24169；抬头需方 宁波安宝国际贸易有限公司；日期凭证：抬头签约时间）；包装：1、包装要求：victor塑料盒+不干胶如下图所示【3-GPN】







2、刻字要求：
一定要对应型号！！如下图【tools/ziliao/extract_price_seeds.mjs 自动抽取·历史成交价·待甲方核对】"
安宝公司,"victor 丙烷割嘴3GPN－1#
刻字：内嘴上1-3-GPN
外嘴上VICTOR 1-3-GPN

包装：VICTOR塑料盒+不干胶",8.90,CNY,2026-06-04,,contract,来源文件：ziliao/安宝公司/VICTOR+BAYO/订单/2026/ab26430.xls（工作表 Sheet1 第 9 行；合同号 AB26 430返单AB24169；抬头需方 宁波安宝国际贸易有限公司；日期凭证：抬头签约时间）【tools/ziliao/extract_price_seeds.mjs 自动抽取·历史成交价·待甲方核对】
安宝公司,"victor 丙烷割嘴3GPN－2#
刻字：内嘴上2-3-GPN
外嘴上VICTOR 2-3-GPN

包装：VICTOR塑料盒+不干胶",8.90,CNY,2026-06-04,,contract,来源文件：ziliao/安宝公司/VICTOR+BAYO/订单/2026/ab26430.xls（工作表 Sheet1 第 10 行；合同号 AB26 430返单AB24169；抬头需方 宁波安宝国际贸易有限公司；日期凭证：抬头签约时间）【tools/ziliao/extract_price_seeds.mjs 自动抽取·历史成交价·待甲方核对】
安宝公司,乙炔割嘴1-101 00# 产品号码6022,15.70,CNY,2026-06-03,,contract,来源文件：ziliao/安宝公司/美国FRONNY/订单/2026/AB26509.xls（工作表 订单 第 8 行；合同号 AB26 508；抬头需方 宁波安宝国际贸易有限公司；日期凭证：抬头签约时间）；包装：1-101割嘴【tools/ziliao/extract_price_seeds.mjs 自动抽取·历史成交价·待甲方核对】
安宝公司,乙炔割嘴3-101 1# 产品号码6019,11.60,CNY,2026-06-03,,contract,来源文件：ziliao/安宝公司/美国FRONNY/订单/2026/AB26509.xls（工作表 订单 第 7 行；合同号 AB26 508；抬头需方 宁波安宝国际贸易有限公司；日期凭证：抬头签约时间）；包装：3-101割嘴【tools/ziliao/extract_price_seeds.mjs 自动抽取·历史成交价·待甲方核对】
安宝公司,丙烷割嘴3-GPN 1# 号码6031,8.90,CNY,2026-05-27,,contract,来源文件：ziliao/安宝公司/美国FRONNY/订单/2026/AB26479.xls（工作表 订单 第 16 行；合同号 AB26 479；抬头需方 宁波安宝国际贸易有限公司；日期凭证：抬头签约时间）；包装：3-GPN割嘴【tools/ziliao/extract_price_seeds.mjs 自动抽取·历史成交价·待甲方核对】
安宝公司,乙炔割嘴1-101 0# 产品号码6023,15.70,CNY,2026-05-27,,contract,来源文件：ziliao/安宝公司/美国FRONNY/订单/2026/AB26479.xls（工作表 订单 第 13 行；合同号 AB26 479；抬头需方 宁波安宝国际贸易有限公司；日期凭证：抬头签约时间）【tools/ziliao/extract_price_seeds.mjs 自动抽取·历史成交价·待甲方核对】
安宝公司,乙炔割嘴1-101 00# 产品号码6022,15.70,CNY,2026-05-27,,contract,来源文件：ziliao/安宝公司/美国FRONNY/订单/2026/AB26479.xls（工作表 订单 第 12 行；合同号 AB26 479；抬头需方 宁波安宝国际贸易有限公司；日期凭证：抬头签约时间）；包装：1-101割嘴【tools/ziliao/extract_price_seeds.mjs 自动抽取·历史成交价·待甲方核对】
安宝公司,乙炔割嘴1-101 1# 产品号码6024,15.70,CNY,2026-05-27,,contract,来源文件：ziliao/安宝公司/美国FRONNY/订单/2026/AB26479.xls（工作表 订单 第 14 行；合同号 AB26 479；抬头需方 宁波安宝国际贸易有限公司；日期凭证：抬头签约时间）【tools/ziliao/extract_price_seeds.mjs 自动抽取·历史成交价·待甲方核对】
安宝公司,乙炔割嘴1-101 2# 产品号码6025,15.70,CNY,2026-05-27,,contract,来源文件：ziliao/安宝公司/美国FRONNY/订单/2026/AB26479.xls（工作表 订单 第 15 行；合同号 AB26 479；抬头需方 宁波安宝国际贸易有限公司；日期凭证：抬头签约时间）【tools/ziliao/extract_price_seeds.mjs 自动抽取·历史成交价·待甲方核对】
安宝公司,乙炔割嘴3-101 0# 产品号码6018,11.60,CNY,2026-05-27,,contract,来源文件：ziliao/安宝公司/美国FRONNY/订单/2026/AB26479.xls（工作表 订单 第 9 行；合同号 AB26 479；抬头需方 宁波安宝国际贸易有限公司；日期凭证：抬头签约时间）【tools/ziliao/extract_price_seeds.mjs 自动抽取·历史成交价·待甲方核对】
安宝公司,乙炔割嘴3-101 00# 产品号码6017,11.60,CNY,2026-05-27,,contract,来源文件：ziliao/安宝公司/美国FRONNY/订单/2026/AB26479.xls（工作表 订单 第 8 行；合同号 AB26 479；抬头需方 宁波安宝国际贸易有限公司；日期凭证：抬头签约时间）【tools/ziliao/extract_price_seeds.mjs 自动抽取·历史成交价·待甲方核对】
安宝公司,乙炔割嘴3-101 000# 产品号码6016,11.60,CNY,2026-05-27,,contract,来源文件：ziliao/安宝公司/美国FRONNY/订单/2026/AB26479.xls（工作表 订单 第 7 行；合同号 AB26 479；抬头需方 宁波安宝国际贸易有限公司；日期凭证：抬头签约时间）；包装：3-101割嘴【tools/ziliao/extract_price_seeds.mjs 自动抽取·历史成交价·待甲方核对】
安宝公司,乙炔割嘴3-101 1# 产品号码6019,11.60,CNY,2026-05-27,,contract,来源文件：ziliao/安宝公司/美国FRONNY/订单/2026/AB26479.xls（工作表 订单 第 10 行；合同号 AB26 479；抬头需方 宁波安宝国际贸易有限公司；日期凭证：抬头签约时间）【tools/ziliao/extract_price_seeds.mjs 自动抽取·历史成交价·待甲方核对】
安宝公司,乙炔割嘴3-101 2# 产品号码6020,11.60,CNY,2026-05-27,,contract,来源文件：ziliao/安宝公司/美国FRONNY/订单/2026/AB26479.xls（工作表 订单 第 11 行；合同号 AB26 479；抬头需方 宁波安宝国际贸易有限公司；日期凭证：抬头签约时间）【tools/ziliao/extract_price_seeds.mjs 自动抽取·历史成交价·待甲方核对】
安宝公司,乙炔割嘴 ANME 1/16 92g,16.70,CNY,2026-05-15,,contract,来源文件：ziliao/安宝公司/NICHIYO  ANME/AB26422 出口产品供需合同.xls（工作表 订单 第 9 行；合同号 AB26 422；抬头需方 宁波安宝国际贸易有限公司；日期凭证：抬头签约时间）【tools/ziliao/extract_price_seeds.mjs 自动抽取·历史成交价·待甲方核对】
安宝公司,乙炔割嘴 ANME 1/32 92g,16.70,CNY,2026-05-15,,contract,"来源文件：ziliao/安宝公司/NICHIYO  ANME/AB26422 出口产品供需合同.xls（工作表 订单 第 7 行；合同号 AB26 422；抬头需方 宁波安宝国际贸易有限公司；日期凭证：抬头签约时间）；包装：包装要求：
塑料盒子+上面贴贴纸
包装：50只一个白盒
200只/箱【tools/ziliao/extract_price_seeds.mjs 自动抽取·历史成交价·待甲方核对】"
安宝公司,乙炔割嘴 ANME 3/64 92g,16.70,CNY,2026-05-15,,contract,来源文件：ziliao/安宝公司/NICHIYO  ANME/AB26422 出口产品供需合同.xls（工作表 订单 第 8 行；合同号 AB26 422；抬头需方 宁波安宝国际贸易有限公司；日期凭证：抬头签约时间）【tools/ziliao/extract_price_seeds.mjs 自动抽取·历史成交价·待甲方核对】
安宝公司,割嘴 6290-1# 产品号码6010,11.60,CNY,2026-05-08,,contract,来源文件：ziliao/安宝公司/美国FRONNY/订单/2026/AB26396.xls（工作表 订单 第 8 行；合同号 AB26 396；抬头需方 宁波安宝国际贸易有限公司；日期凭证：抬头签约时间）；包装：6290割嘴【tools/ziliao/extract_price_seeds.mjs 自动抽取·历史成交价·待甲方核对】
安宝公司,割嘴 6290-2# 产品号码6011,11.60,CNY,2026-05-08,,contract,来源文件：ziliao/安宝公司/美国FRONNY/订单/2026/AB26396.xls（工作表 订单 第 9 行；合同号 AB26 396；抬头需方 宁波安宝国际贸易有限公司；日期凭证：抬头签约时间）【tools/ziliao/extract_price_seeds.mjs 自动抽取·历史成交价·待甲方核对】
安宝公司,割嘴 MC12-0# 产品号码6002,17.40,CNY,2026-05-08,,contract,来源文件：ziliao/安宝公司/美国FRONNY/订单/2026/AB26396.xls（工作表 订单 第 7 行；合同号 AB26 396；抬头需方 宁波安宝国际贸易有限公司；日期凭证：抬头签约时间）；包装：6002型号23年返单【tools/ziliao/extract_price_seeds.mjs 自动抽取·历史成交价·待甲方核对】
安宝公司,乙炔割嘴1-101 0# 产品号码6023,15.70,CNY,2026-05-08,,contract,来源文件：ziliao/安宝公司/美国FRONNY/订单/2026/AB26396.xls（工作表 订单 第 15 行；合同号 AB26 396；抬头需方 宁波安宝国际贸易有限公司；日期凭证：抬头签约时间）【tools/ziliao/extract_price_seeds.mjs 自动抽取·历史成交价·待甲方核对】
安宝公司,乙炔割嘴1-101 00# 产品号码6022,15.70,CNY,2026-05-08,,contract,来源文件：ziliao/安宝公司/美国FRONNY/订单/2026/AB26396.xls（工作表 订单 第 14 行；合同号 AB26 396；抬头需方 宁波安宝国际贸易有限公司；日期凭证：抬头签约时间）；包装：1-101割嘴【tools/ziliao/extract_price_seeds.mjs 自动抽取·历史成交价·待甲方核对】
安宝公司,乙炔割嘴1-101 1# 产品号码6024,15.70,CNY,2026-05-08,,contract,来源文件：ziliao/安宝公司/美国FRONNY/订单/2026/AB26396.xls（工作表 订单 第 16 行；合同号 AB26 396；抬头需方 宁波安宝国际贸易有限公司；日期凭证：抬头签约时间）【tools/ziliao/extract_price_seeds.mjs 自动抽取·历史成交价·待甲方核对】
安宝公司,乙炔割嘴1-101 2# 产品号码6025,15.70,CNY,2026-05-08,,contract,来源文件：ziliao/安宝公司/美国FRONNY/订单/2026/AB26396.xls（工作表 订单 第 17 行；合同号 AB26 396；抬头需方 宁波安宝国际贸易有限公司；日期凭证：抬头签约时间）【tools/ziliao/extract_price_seeds.mjs 自动抽取·历史成交价·待甲方核对】
安宝公司,乙炔割嘴1-101 3# 产品号码6026,15.70,CNY,2026-05-08,,contract,来源文件：ziliao/安宝公司/美国FRONNY/订单/2026/AB26396.xls（工作表 订单 第 18 行；合同号 AB26 396；抬头需方 宁波安宝国际贸易有限公司；日期凭证：抬头签约时间）【tools/ziliao/extract_price_seeds.mjs 自动抽取·历史成交价·待甲方核对】
安宝公司,乙炔割嘴3-101 0# 产品号码6018,11.60,CNY,2026-05-08,,contract,来源文件：ziliao/安宝公司/美国FRONNY/订单/2026/AB26396.xls（工作表 订单 第 11 行；合同号 AB26 396；抬头需方 宁波安宝国际贸易有限公司；日期凭证：抬头签约时间）【tools/ziliao/extract_price_seeds.mjs 自动抽取·历史成交价·待甲方核对】
安宝公司,乙炔割嘴3-101 00# 产品号码6017,11.60,CNY,2026-05-08,,contract,来源文件：ziliao/安宝公司/美国FRONNY/订单/2026/AB26396.xls（工作表 订单 第 10 行；合同号 AB26 396；抬头需方 宁波安宝国际贸易有限公司；日期凭证：抬头签约时间）；包装：3-101割嘴【tools/ziliao/extract_price_seeds.mjs 自动抽取·历史成交价·待甲方核对】
安宝公司,乙炔割嘴3-101 1# 产品号码6019,11.60,CNY,2026-05-08,,contract,来源文件：ziliao/安宝公司/美国FRONNY/订单/2026/AB26396.xls（工作表 订单 第 12 行；合同号 AB26 396；抬头需方 宁波安宝国际贸易有限公司；日期凭证：抬头签约时间）【tools/ziliao/extract_price_seeds.mjs 自动抽取·历史成交价·待甲方核对】
安宝公司,乙炔割嘴3-101 2# 产品号码6020,11.60,CNY,2026-05-08,,contract,来源文件：ziliao/安宝公司/美国FRONNY/订单/2026/AB26396.xls（工作表 订单 第 13 行；合同号 AB26 396；抬头需方 宁波安宝国际贸易有限公司；日期凭证：抬头签约时间）【tools/ziliao/extract_price_seeds.mjs 自动抽取·历史成交价·待甲方核对】
安宝公司,割嘴 6290-1# 产品号码6010,11.60,CNY,2026-04-30,,contract,来源文件：ziliao/安宝公司/美国FRONNY/订单/2026/AB26387.xls（工作表 订单 第 9 行；合同号 AB26 387；抬头需方 宁波安宝国际贸易有限公司；日期凭证：抬头签约时间）；包装：6290割嘴【tools/ziliao/extract_price_seeds.mjs 自动抽取·历史成交价·待甲方核对】
安宝公司,割嘴 6290-2# 产品号码6011,11.60,CNY,2026-04-30,,contract,来源文件：ziliao/安宝公司/美国FRONNY/订单/2026/AB26387.xls（工作表 订单 第 10 行；合同号 AB26 387；抬头需方 宁波安宝国际贸易有限公司；日期凭证：抬头签约时间）【tools/ziliao/extract_price_seeds.mjs 自动抽取·历史成交价·待甲方核对】
安宝公司,割嘴 MC12-2# 产品号码6004,17.40,CNY,2026-04-30,,contract,来源文件：ziliao/安宝公司/美国FRONNY/订单/2026/AB26387.xls（工作表 订单 第 8 行；合同号 AB26 387；抬头需方 宁波安宝国际贸易有限公司；日期凭证：抬头签约时间）【tools/ziliao/extract_price_seeds.mjs 自动抽取·历史成交价·待甲方核对】
安宝公司,割嘴 SC-12-2# 产品号码6001,18.20,CNY,2026-04-30,,contract,来源文件：ziliao/安宝公司/美国FRONNY/订单/2026/AB26387.xls（工作表 订单 第 7 行；合同号 AB26 387；抬头需方 宁波安宝国际贸易有限公司；日期凭证：抬头签约时间）【tools/ziliao/extract_price_seeds.mjs 自动抽取·历史成交价·待甲方核对】
安宝公司,割嘴3-GPN 0# 产品号码6030,8.90,CNY,2026-04-30,,contract,来源文件：ziliao/安宝公司/美国FRONNY/订单/2026/AB26387.xls（工作表 订单 第 23 行；合同号 AB26 387；抬头需方 宁波安宝国际贸易有限公司；日期凭证：抬头签约时间）；包装：3-GPN割嘴【tools/ziliao/extract_price_seeds.mjs 自动抽取·历史成交价·待甲方核对】
安宝公司,割嘴3-GPN 1# 产品号码6031,8.90,CNY,2026-04-30,,contract,来源文件：ziliao/安宝公司/美国FRONNY/订单/2026/AB26387.xls（工作表 订单 第 24 行；合同号 AB26 387；抬头需方 宁波安宝国际贸易有限公司；日期凭证：抬头签约时间）【tools/ziliao/extract_price_seeds.mjs 自动抽取·历史成交价·待甲方核对】
安宝公司,割嘴3-GPN 2# 产品号码6032,8.90,CNY,2026-04-30,,contract,来源文件：ziliao/安宝公司/美国FRONNY/订单/2026/AB26387.xls（工作表 订单 第 25 行；合同号 AB26 387；抬头需方 宁波安宝国际贸易有限公司；日期凭证：抬头签约时间）【tools/ziliao/extract_price_seeds.mjs 自动抽取·历史成交价·待甲方核对】
安宝公司,割嘴GPN 1# 产品号码6027,9.55,CNY,2026-04-30,,contract,来源文件：ziliao/安宝公司/美国FRONNY/订单/2026/AB26387.xls（工作表 订单 第 21 行；合同号 AB26 387；抬头需方 宁波安宝国际贸易有限公司；日期凭证：抬头签约时间）；包装：GPN割嘴【tools/ziliao/extract_price_seeds.mjs 自动抽取·历史成交价·待甲方核对】
安宝公司,割嘴GPN 2# 产品号码6028,9.55,CNY,2026-04-30,,contract,来源文件：ziliao/安宝公司/美国FRONNY/订单/2026/AB26387.xls（工作表 订单 第 22 行；合同号 AB26 387；抬头需方 宁波安宝国际贸易有限公司；日期凭证：抬头签约时间）【tools/ziliao/extract_price_seeds.mjs 自动抽取·历史成交价·待甲方核对】
安宝公司,乙炔割嘴1-101 0# 产品号码6023,15.70,CNY,2026-04-30,,contract,来源文件：ziliao/安宝公司/美国FRONNY/订单/2026/AB26387.xls（工作表 订单 第 17 行；合同号 AB26 387；抬头需方 宁波安宝国际贸易有限公司；日期凭证：抬头签约时间）【tools/ziliao/extract_price_seeds.mjs 自动抽取·历史成交价·待甲方核对】
安宝公司,乙炔割嘴1-101 00# 产品号码6022,15.70,CNY,2026-04-30,,contract,来源文件：ziliao/安宝公司/美国FRONNY/订单/2026/AB26387.xls（工作表 订单 第 16 行；合同号 AB26 387；抬头需方 宁波安宝国际贸易有限公司；日期凭证：抬头签约时间）；包装：1-101割嘴【tools/ziliao/extract_price_seeds.mjs 自动抽取·历史成交价·待甲方核对】
安宝公司,乙炔割嘴1-101 1# 产品号码6024,15.70,CNY,2026-04-30,,contract,来源文件：ziliao/安宝公司/美国FRONNY/订单/2026/AB26387.xls（工作表 订单 第 18 行；合同号 AB26 387；抬头需方 宁波安宝国际贸易有限公司；日期凭证：抬头签约时间）【tools/ziliao/extract_price_seeds.mjs 自动抽取·历史成交价·待甲方核对】
安宝公司,乙炔割嘴1-101 2# 产品号码6025,15.70,CNY,2026-04-30,,contract,来源文件：ziliao/安宝公司/美国FRONNY/订单/2026/AB26387.xls（工作表 订单 第 19 行；合同号 AB26 387；抬头需方 宁波安宝国际贸易有限公司；日期凭证：抬头签约时间）【tools/ziliao/extract_price_seeds.mjs 自动抽取·历史成交价·待甲方核对】
安宝公司,乙炔割嘴1-101 3# 产品号码6026,15.70,CNY,2026-04-30,,contract,来源文件：ziliao/安宝公司/美国FRONNY/订单/2026/AB26387.xls（工作表 订单 第 20 行；合同号 AB26 387；抬头需方 宁波安宝国际贸易有限公司；日期凭证：抬头签约时间）【tools/ziliao/extract_price_seeds.mjs 自动抽取·历史成交价·待甲方核对】
安宝公司,乙炔割嘴3-101 0# 产品号码6018,11.60,CNY,2026-04-30,,contract,来源文件：ziliao/安宝公司/美国FRONNY/订单/2026/AB26387.xls（工作表 订单 第 12 行；合同号 AB26 387；抬头需方 宁波安宝国际贸易有限公司；日期凭证：抬头签约时间）【tools/ziliao/extract_price_seeds.mjs 自动抽取·历史成交价·待甲方核对】
安宝公司,乙炔割嘴3-101 00# 产品号码6017,11.60,CNY,2026-04-30,,contract,来源文件：ziliao/安宝公司/美国FRONNY/订单/2026/AB26387.xls（工作表 订单 第 11 行；合同号 AB26 387；抬头需方 宁波安宝国际贸易有限公司；日期凭证：抬头签约时间）；包装：3-101割嘴【tools/ziliao/extract_price_seeds.mjs 自动抽取·历史成交价·待甲方核对】
安宝公司,乙炔割嘴3-101 1# 产品号码6019,11.60,CNY,2026-04-30,,contract,来源文件：ziliao/安宝公司/美国FRONNY/订单/2026/AB26387.xls（工作表 订单 第 13 行；合同号 AB26 387；抬头需方 宁波安宝国际贸易有限公司；日期凭证：抬头签约时间）【tools/ziliao/extract_price_seeds.mjs 自动抽取·历史成交价·待甲方核对】
安宝公司,乙炔割嘴3-101 2# 产品号码6020,11.60,CNY,2026-04-30,,contract,来源文件：ziliao/安宝公司/美国FRONNY/订单/2026/AB26387.xls（工作表 订单 第 14 行；合同号 AB26 387；抬头需方 宁波安宝国际贸易有限公司；日期凭证：抬头签约时间）【tools/ziliao/extract_price_seeds.mjs 自动抽取·历史成交价·待甲方核对】
安宝公司,乙炔割嘴3-101 3# 产品号码6021,11.60,CNY,2026-04-30,,contract,来源文件：ziliao/安宝公司/美国FRONNY/订单/2026/AB26387.xls（工作表 订单 第 15 行；合同号 AB26 387；抬头需方 宁波安宝国际贸易有限公司；日期凭证：抬头签约时间）【tools/ziliao/extract_price_seeds.mjs 自动抽取·历史成交价·待甲方核对】
安宝公司,WS202309丙烷割嘴 106HC-0号 74g,8.80,CNY,2026-04-15,,contract,"来源文件：ziliao/安宝公司/Weldsolutions不干胶/合同/2026/AB26354 出口产品供需合同-奉化一洲.xls（工作表 Sheet2 第 10 行；合同号 AB26 354返单AB26094；抬头需方 宁波安宝国际贸易有限公司；日期凭证：抬头签约时间）；包装：标贴尺寸：80x16mm
塑料盒盖用 蓝色
常规塑料盒包装+贴纸【tools/ziliao/extract_price_seeds.mjs 自动抽取·历史成交价·待甲方核对】"
安宝公司,WS202312丙烷割嘴 106HC-3号74g,8.80,CNY,2026-04-15,,contract,来源文件：ziliao/安宝公司/Weldsolutions不干胶/合同/2026/AB26354 出口产品供需合同-奉化一洲.xls（工作表 Sheet2 第 11 行；合同号 AB26 354返单AB26094；抬头需方 宁波安宝国际贸易有限公司；日期凭证：抬头签约时间）【tools/ziliao/extract_price_seeds.mjs 自动抽取·历史成交价·待甲方核对】
安宝公司,WS6290NX2丙烷割嘴 6290-NX-2,7.10,CNY,2026-04-15,,contract,来源文件：ziliao/安宝公司/Weldsolutions不干胶/合同/2026/AB26354 出口产品供需合同-奉化一洲.xls（工作表 Sheet2 第 8 行；合同号 AB26 354返单AB26094；抬头需方 宁波安宝国际贸易有限公司；日期凭证：抬头签约时间）【tools/ziliao/extract_price_seeds.mjs 自动抽取·历史成交价·待甲方核对】
安宝公司,WSSC124乙炔割嘴 SC-12-4,18.20,CNY,2026-04-15,,contract,"来源文件：ziliao/安宝公司/Weldsolutions不干胶/合同/2026/AB26354 出口产品供需合同-奉化一洲.xls（工作表 Sheet2 第 7 行；合同号 AB26 354返单AB26094；抬头需方 宁波安宝国际贸易有限公司；日期凭证：抬头签约时间）；包装：标贴尺寸：80x16mm
塑料盒盖用 红色【tools/ziliao/extract_price_seeds.mjs 自动抽取·历史成交价·待甲方核对】"
安宝公司,WSSC502丙烷割嘴 SC-50-2,14.85,CNY,2026-04-15,,contract,"来源文件：ziliao/安宝公司/Weldsolutions不干胶/合同/2026/AB26354 出口产品供需合同-奉化一洲.xls（工作表 Sheet2 第 9 行；合同号 AB26 354返单AB26094；抬头需方 宁波安宝国际贸易有限公司；日期凭证：抬头签约时间）；包装：标贴尺寸：80x16mm
塑料盒盖用深蓝色【tools/ziliao/extract_price_seeds.mjs 自动抽取·历史成交价·待甲方核对】"
安宝公司,割嘴 6290-2# 产品号码6011,11.60,CNY,2026-04-08,,contract,来源文件：ziliao/安宝公司/美国FRONNY/订单/2026/AB26327.xls（工作表 订单 第 9 行；合同号 AB26 327；抬头需方 宁波安宝国际贸易有限公司；日期凭证：抬头签约时间）【tools/ziliao/extract_price_seeds.mjs 自动抽取·历史成交价·待甲方核对】
安宝公司,割嘴 MC12-1# 产品号码6003,17.40,CNY,2026-04-08,,contract,来源文件：ziliao/安宝公司/美国FRONNY/订单/2026/AB26327.xls（工作表 订单 第 8 行；合同号 AB26 327；抬头需方 宁波安宝国际贸易有限公司；日期凭证：抬头签约时间）【tools/ziliao/extract_price_seeds.mjs 自动抽取·历史成交价·待甲方核对】
安宝公司,割嘴 SC-12-2# 产品号码6001,18.20,CNY,2026-04-08,,contract,来源文件：ziliao/安宝公司/美国FRONNY/订单/2026/AB26327.xls（工作表 订单 第 7 行；合同号 AB26 327；抬头需方 宁波安宝国际贸易有限公司；日期凭证：抬头签约时间）【tools/ziliao/extract_price_seeds.mjs 自动抽取·历史成交价·待甲方核对】
安宝公司,割嘴GPN 2# 产品号码6028,9.55,CNY,2026-04-08,,contract,来源文件：ziliao/安宝公司/美国FRONNY/订单/2026/AB26327.xls（工作表 订单 第 17 行；合同号 AB26 327；抬头需方 宁波安宝国际贸易有限公司；日期凭证：抬头签约时间）；包装：GPN割嘴【tools/ziliao/extract_price_seeds.mjs 自动抽取·历史成交价·待甲方核对】
安宝公司,割嘴GPN 3# 产品号码6029,9.55,CNY,2026-04-08,,contract,来源文件：ziliao/安宝公司/美国FRONNY/订单/2026/AB26327.xls（工作表 订单 第 18 行；合同号 AB26 327；抬头需方 宁波安宝国际贸易有限公司；日期凭证：抬头签约时间）【tools/ziliao/extract_price_seeds.mjs 自动抽取·历史成交价·待甲方核对】
安宝公司,乙炔割嘴1-101 0# 产品号码6023,15.70,CNY,2026-04-08,,contract,来源文件：ziliao/安宝公司/美国FRONNY/订单/2026/AB26327.xls（工作表 订单 第 14 行；合同号 AB26 327；抬头需方 宁波安宝国际贸易有限公司；日期凭证：抬头签约时间）；包装：1-101割嘴【tools/ziliao/extract_price_seeds.mjs 自动抽取·历史成交价·待甲方核对】
安宝公司,乙炔割嘴1-101 1# 产品号码6024,15.70,CNY,2026-04-08,,contract,来源文件：ziliao/安宝公司/美国FRONNY/订单/2026/AB26327.xls（工作表 订单 第 15 行；合同号 AB26 327；抬头需方 宁波安宝国际贸易有限公司；日期凭证：抬头签约时间）【tools/ziliao/extract_price_seeds.mjs 自动抽取·历史成交价·待甲方核对】
安宝公司,乙炔割嘴1-101 2# 产品号码6025,15.70,CNY,2026-04-08,,contract,来源文件：ziliao/安宝公司/美国FRONNY/订单/2026/AB26327.xls（工作表 订单 第 16 行；合同号 AB26 327；抬头需方 宁波安宝国际贸易有限公司；日期凭证：抬头签约时间）【tools/ziliao/extract_price_seeds.mjs 自动抽取·历史成交价·待甲方核对】
安宝公司,乙炔割嘴3-101 0# 产品号码6018,11.60,CNY,2026-04-08,,contract,来源文件：ziliao/安宝公司/美国FRONNY/订单/2026/AB26327.xls（工作表 订单 第 11 行；合同号 AB26 327；抬头需方 宁波安宝国际贸易有限公司；日期凭证：抬头签约时间）【tools/ziliao/extract_price_seeds.mjs 自动抽取·历史成交价·待甲方核对】
安宝公司,乙炔割嘴3-101 00# 产品号码6017,11.60,CNY,2026-04-08,,contract,来源文件：ziliao/安宝公司/美国FRONNY/订单/2026/AB26327.xls（工作表 订单 第 10 行；合同号 AB26 327；抬头需方 宁波安宝国际贸易有限公司；日期凭证：抬头签约时间）；包装：3-101割嘴【tools/ziliao/extract_price_seeds.mjs 自动抽取·历史成交价·待甲方核对】
安宝公司,乙炔割嘴3-101 1# 产品号码6019,11.60,CNY,2026-04-08,,contract,来源文件：ziliao/安宝公司/美国FRONNY/订单/2026/AB26327.xls（工作表 订单 第 12 行；合同号 AB26 327；抬头需方 宁波安宝国际贸易有限公司；日期凭证：抬头签约时间）【tools/ziliao/extract_price_seeds.mjs 自动抽取·历史成交价·待甲方核对】
安宝公司,乙炔割嘴3-101 2# 产品号码6020,11.60,CNY,2026-04-08,,contract,来源文件：ziliao/安宝公司/美国FRONNY/订单/2026/AB26327.xls（工作表 订单 第 13 行；合同号 AB26 327；抬头需方 宁波安宝国际贸易有限公司；日期凭证：抬头签约时间）【tools/ziliao/extract_price_seeds.mjs 自动抽取·历史成交价·待甲方核对】
安宝公司,"乙炔割嘴 1-101 #4
塑料盖贴：1-101 4",15.70,CNY,2026-04-07,,contract,来源文件：ziliao/安宝公司/A. SH  AIR - OXY 里卡多/合同/2026/AB26322.xls（工作表 订单 第 7 行；合同号 AB26 322返单AB25565；抬头需方 宁波安宝国际贸易有限公司；日期凭证：抬头签约时间）【tools/ziliao/extract_price_seeds.mjs 自动抽取·历史成交价·待甲方核对】
安宝公司,割嘴 MC12-3# 产品号码6005,17.40,CNY,2026-03-25,,contract,来源文件：ziliao/安宝公司/美国FRONNY/订单/2026/AB26248.xls（工作表 订单 第 7 行；合同号 AB26 248；抬头需方 宁波安宝国际贸易有限公司；日期凭证：抬头签约时间）【tools/ziliao/extract_price_seeds.mjs 自动抽取·历史成交价·待甲方核对】
安宝公司,乙炔割嘴1-101 2# 产品号码6025,15.70,CNY,2026-03-25,,contract,来源文件：ziliao/安宝公司/美国FRONNY/订单/2026/AB26248.xls（工作表 订单 第 11 行；合同号 AB26 248；抬头需方 宁波安宝国际贸易有限公司；日期凭证：抬头签约时间）；包装：1-101割嘴【tools/ziliao/extract_price_seeds.mjs 自动抽取·历史成交价·待甲方核对】
安宝公司,乙炔割嘴3-101 0# 产品号码6018,11.60,CNY,2026-03-25,,contract,来源文件：ziliao/安宝公司/美国FRONNY/订单/2026/AB26248.xls（工作表 订单 第 10 行；合同号 AB26 248；抬头需方 宁波安宝国际贸易有限公司；日期凭证：抬头签约时间）【tools/ziliao/extract_price_seeds.mjs 自动抽取·历史成交价·待甲方核对】
安宝公司,乙炔割嘴3-101 00# 产品号码6017,11.60,CNY,2026-03-25,,contract,来源文件：ziliao/安宝公司/美国FRONNY/订单/2026/AB26248.xls（工作表 订单 第 9 行；合同号 AB26 248；抬头需方 宁波安宝国际贸易有限公司；日期凭证：抬头签约时间）【tools/ziliao/extract_price_seeds.mjs 自动抽取·历史成交价·待甲方核对】
安宝公司,乙炔割嘴3-101 000# 产品号码6016,11.60,CNY,2026-03-25,,contract,来源文件：ziliao/安宝公司/美国FRONNY/订单/2026/AB26248.xls（工作表 订单 第 8 行；合同号 AB26 248；抬头需方 宁波安宝国际贸易有限公司；日期凭证：抬头签约时间）；包装：3-101割嘴【tools/ziliao/extract_price_seeds.mjs 自动抽取·历史成交价·待甲方核对】
安宝公司,丙烷割嘴 GPN #0 仿包装,9.55,CNY,2026-03-18,,contract,来源文件：ziliao/安宝公司/A. SH  AIR - OXY 里卡多/合同/2026/AB26156.xls（工作表 订单 第 15 行；合同号 AB26 156返单AB251050；抬头需方 宁波安宝国际贸易有限公司；日期凭证：抬头签约时间）【tools/ziliao/extract_price_seeds.mjs 自动抽取·历史成交价·待甲方核对】
安宝公司,丙烷割嘴 GPN #00 仿包装,9.55,CNY,2026-03-18,,contract,来源文件：ziliao/安宝公司/A. SH  AIR - OXY 里卡多/合同/2026/AB26156.xls（工作表 订单 第 14 行；合同号 AB26 156返单AB251050；抬头需方 宁波安宝国际贸易有限公司；日期凭证：抬头签约时间）【tools/ziliao/extract_price_seeds.mjs 自动抽取·历史成交价·待甲方核对】
安宝公司,丙烷割嘴 GPN #1 仿包装,9.55,CNY,2026-03-18,,contract,来源文件：ziliao/安宝公司/A. SH  AIR - OXY 里卡多/合同/2026/AB26156.xls（工作表 订单 第 16 行；合同号 AB26 156返单AB251050；抬头需方 宁波安宝国际贸易有限公司；日期凭证：抬头签约时间）【tools/ziliao/extract_price_seeds.mjs 自动抽取·历史成交价·待甲方核对】
安宝公司,丙烷割嘴 GPN #2 仿包装,9.55,CNY,2026-03-18,,contract,来源文件：ziliao/安宝公司/A. SH  AIR - OXY 里卡多/合同/2026/AB26156.xls（工作表 订单 第 17 行；合同号 AB26 156返单AB251050；抬头需方 宁波安宝国际贸易有限公司；日期凭证：抬头签约时间）【tools/ziliao/extract_price_seeds.mjs 自动抽取·历史成交价·待甲方核对】
安宝公司,丙烷割嘴 GPN #3 仿包装,9.55,CNY,2026-03-18,,contract,来源文件：ziliao/安宝公司/A. SH  AIR - OXY 里卡多/合同/2026/AB26156.xls（工作表 订单 第 18 行；合同号 AB26 156返单AB251050；抬头需方 宁波安宝国际贸易有限公司；日期凭证：抬头签约时间）【tools/ziliao/extract_price_seeds.mjs 自动抽取·历史成交价·待甲方核对】
安宝公司,丙烷割嘴 GPN #4 仿包装,9.55,CNY,2026-03-18,,contract,来源文件：ziliao/安宝公司/A. SH  AIR - OXY 里卡多/合同/2026/AB26156.xls（工作表 订单 第 19 行；合同号 AB26 156返单AB251050；抬头需方 宁波安宝国际贸易有限公司；日期凭证：抬头签约时间）【tools/ziliao/extract_price_seeds.mjs 自动抽取·历史成交价·待甲方核对】
安宝公司,丙烷割嘴 GPN #5 仿包装,9.55,CNY,2026-03-18,,contract,来源文件：ziliao/安宝公司/A. SH  AIR - OXY 里卡多/合同/2026/AB26156.xls（工作表 订单 第 20 行；合同号 AB26 156返单AB251050；抬头需方 宁波安宝国际贸易有限公司；日期凭证：抬头签约时间）【tools/ziliao/extract_price_seeds.mjs 自动抽取·历史成交价·待甲方核对】
安宝公司,丙烷割嘴 GPN #6 仿包装,9.55,CNY,2026-03-18,,contract,来源文件：ziliao/安宝公司/A. SH  AIR - OXY 里卡多/合同/2026/AB26156.xls（工作表 订单 第 21 行；合同号 AB26 156返单AB251050；抬头需方 宁波安宝国际贸易有限公司；日期凭证：抬头签约时间）【tools/ziliao/extract_price_seeds.mjs 自动抽取·历史成交价·待甲方核对】
安宝公司,乙炔割嘴 1-101 #0 仿包装,15.70,CNY,2026-03-18,,contract,来源文件：ziliao/安宝公司/A. SH  AIR - OXY 里卡多/合同/2026/AB26156.xls（工作表 订单 第 7 行；合同号 AB26 156返单AB251050；抬头需方 宁波安宝国际贸易有限公司；日期凭证：抬头签约时间）【tools/ziliao/extract_price_seeds.mjs 自动抽取·历史成交价·待甲方核对】
安宝公司,乙炔割嘴 1-101 #1 仿包装,15.70,CNY,2026-03-18,,contract,来源文件：ziliao/安宝公司/A. SH  AIR - OXY 里卡多/合同/2026/AB26156.xls（工作表 订单 第 8 行；合同号 AB26 156返单AB251050；抬头需方 宁波安宝国际贸易有限公司；日期凭证：抬头签约时间）【tools/ziliao/extract_price_seeds.mjs 自动抽取·历史成交价·待甲方核对】
安宝公司,乙炔割嘴 1-101 #1 塑料盖贴：1-101 1,15.70,CNY,2026-03-18,,contract,来源文件：ziliao/安宝公司/A. SH  AIR - OXY 里卡多/合同/2026/AB26156.xls（工作表 订单 第 22 行；合同号 AB26 156返单AB251050；抬头需方 宁波安宝国际贸易有限公司；日期凭证：抬头签约时间）【tools/ziliao/extract_price_seeds.mjs 自动抽取·历史成交价·待甲方核对】
安宝公司,乙炔割嘴 1-101 #2 仿包装,15.70,CNY,2026-03-18,,contract,来源文件：ziliao/安宝公司/A. SH  AIR - OXY 里卡多/合同/2026/AB26156.xls（工作表 订单 第 9 行；合同号 AB26 156返单AB251050；抬头需方 宁波安宝国际贸易有限公司；日期凭证：抬头签约时间）【tools/ziliao/extract_price_seeds.mjs 自动抽取·历史成交价·待甲方核对】
安宝公司,乙炔割嘴 1-101 #2 塑料盖贴：1-101 2,15.70,CNY,2026-03-18,,contract,来源文件：ziliao/安宝公司/A. SH  AIR - OXY 里卡多/合同/2026/AB26156.xls（工作表 订单 第 23 行；合同号 AB26 156返单AB251050；抬头需方 宁波安宝国际贸易有限公司；日期凭证：抬头签约时间）【tools/ziliao/extract_price_seeds.mjs 自动抽取·历史成交价·待甲方核对】
安宝公司,乙炔割嘴 1-101 #3 仿包装,15.70,CNY,2026-03-18,,contract,来源文件：ziliao/安宝公司/A. SH  AIR - OXY 里卡多/合同/2026/AB26156.xls（工作表 订单 第 10 行；合同号 AB26 156返单AB251050；抬头需方 宁波安宝国际贸易有限公司；日期凭证：抬头签约时间）【tools/ziliao/extract_price_seeds.mjs 自动抽取·历史成交价·待甲方核对】
安宝公司,乙炔割嘴 1-101 #3 塑料盖贴：1-101 3,15.70,CNY,2026-03-18,,contract,来源文件：ziliao/安宝公司/A. SH  AIR - OXY 里卡多/合同/2026/AB26156.xls（工作表 订单 第 24 行；合同号 AB26 156返单AB251050；抬头需方 宁波安宝国际贸易有限公司；日期凭证：抬头签约时间）【tools/ziliao/extract_price_seeds.mjs 自动抽取·历史成交价·待甲方核对】
安宝公司,乙炔割嘴 1-101 #4 仿包装,15.70,CNY,2026-03-18,,contract,来源文件：ziliao/安宝公司/A. SH  AIR - OXY 里卡多/合同/2026/AB26156.xls（工作表 订单 第 11 行；合同号 AB26 156返单AB251050；抬头需方 宁波安宝国际贸易有限公司；日期凭证：抬头签约时间）【tools/ziliao/extract_price_seeds.mjs 自动抽取·历史成交价·待甲方核对】
安宝公司,乙炔割嘴 1-101 #4 塑料盖贴：1-101 4,15.70,CNY,2026-03-18,,contract,来源文件：ziliao/安宝公司/A. SH  AIR - OXY 里卡多/合同/2026/AB26156.xls（工作表 订单 第 25 行；合同号 AB26 156返单AB251050；抬头需方 宁波安宝国际贸易有限公司；日期凭证：抬头签约时间）【tools/ziliao/extract_price_seeds.mjs 自动抽取·历史成交价·待甲方核对】
安宝公司,乙炔割嘴 1-101 #5 仿包装,15.70,CNY,2026-03-18,,contract,来源文件：ziliao/安宝公司/A. SH  AIR - OXY 里卡多/合同/2026/AB26156.xls（工作表 订单 第 12 行；合同号 AB26 156返单AB251050；抬头需方 宁波安宝国际贸易有限公司；日期凭证：抬头签约时间）【tools/ziliao/extract_price_seeds.mjs 自动抽取·历史成交价·待甲方核对】
安宝公司,乙炔割嘴 1-101 #5 塑料盖贴：1-101 5,15.70,CNY,2026-03-18,,contract,来源文件：ziliao/安宝公司/A. SH  AIR - OXY 里卡多/合同/2026/AB26156.xls（工作表 订单 第 26 行；合同号 AB26 156返单AB251050；抬头需方 宁波安宝国际贸易有限公司；日期凭证：抬头签约时间）【tools/ziliao/extract_price_seeds.mjs 自动抽取·历史成交价·待甲方核对】
安宝公司,乙炔割嘴 1-101 #6 塑料盖贴：1-101 6,15.70,CNY,2026-03-18,,contract,来源文件：ziliao/安宝公司/A. SH  AIR - OXY 里卡多/合同/2026/AB26156.xls（工作表 订单 第 27 行；合同号 AB26 156返单AB251050；抬头需方 宁波安宝国际贸易有限公司；日期凭证：抬头签约时间）【tools/ziliao/extract_price_seeds.mjs 自动抽取·历史成交价·待甲方核对】
安宝公司,乙炔割嘴 1-101 #8 仿包装,15.70,CNY,2026-03-18,,contract,来源文件：ziliao/安宝公司/A. SH  AIR - OXY 里卡多/合同/2026/AB26156.xls（工作表 订单 第 13 行；合同号 AB26 156返单AB251050；抬头需方 宁波安宝国际贸易有限公司；日期凭证：抬头签约时间）【tools/ziliao/extract_price_seeds.mjs 自动抽取·历史成交价·待甲方核对】
安宝公司,PNME割嘴 229 #0 塑料盖贴：229-0,9.30,CNY,2026-03-18,,contract,"来源文件：ziliao/安宝公司/A. SH  AIR - OXY 里卡多/合同/2026/AB26156.xls（工作表 订单 第 28 行；合同号 AB26 156返单AB251050；抬头需方 宁波安宝国际贸易有限公司；日期凭证：抬头签约时间）；包装：PNME嘴外套刻字是229及型号，东西是PNME标贴是229
按返单AB24 563【tools/ziliao/extract_price_seeds.mjs 自动抽取·历史成交价·待甲方核对】"
安宝公司,PNME割嘴 229 #2 塑料盖贴：229-2,9.30,CNY,2026-03-18,,contract,来源文件：ziliao/安宝公司/A. SH  AIR - OXY 里卡多/合同/2026/AB26156.xls（工作表 订单 第 29 行；合同号 AB26 156返单AB251050；抬头需方 宁波安宝国际贸易有限公司；日期凭证：抬头签约时间）【tools/ziliao/extract_price_seeds.mjs 自动抽取·历史成交价·待甲方核对】
安宝公司,割嘴 6290-2# 产品号码6011,11.60,CNY,2026-03-10,,contract,来源文件：ziliao/安宝公司/美国FRONNY/订单/2026/AB26184.xls（工作表 订单 第 8 行；合同号 AB26 184；抬头需方 宁波安宝国际贸易有限公司；日期凭证：抬头签约时间）【tools/ziliao/extract_price_seeds.mjs 自动抽取·历史成交价·待甲方核对】
安宝公司,割嘴 SC-12-2# 产品号码6001,18.20,CNY,2026-03-10,,contract,来源文件：ziliao/安宝公司/美国FRONNY/订单/2026/AB26184.xls（工作表 订单 第 7 行；合同号 AB26 184；抬头需方 宁波安宝国际贸易有限公司；日期凭证：抬头签约时间）；包装：这款要求26.4.5提前发货【tools/ziliao/extract_price_seeds.mjs 自动抽取·历史成交价·待甲方核对】
安宝公司,割嘴3-GPN 2# 产品号码6032,8.90,CNY,2026-03-10,,contract,来源文件：ziliao/安宝公司/美国FRONNY/订单/2026/AB26184.xls（工作表 订单 第 16 行；合同号 AB26 184；抬头需方 宁波安宝国际贸易有限公司；日期凭证：抬头签约时间）【tools/ziliao/extract_price_seeds.mjs 自动抽取·历史成交价·待甲方核对】
安宝公司,割嘴GPN 2# 产品号码6028,9.55,CNY,2026-03-10,,contract,来源文件：ziliao/安宝公司/美国FRONNY/订单/2026/AB26184.xls（工作表 订单 第 15 行；合同号 AB26 184；抬头需方 宁波安宝国际贸易有限公司；日期凭证：抬头签约时间）【tools/ziliao/extract_price_seeds.mjs 自动抽取·历史成交价·待甲方核对】
安宝公司,乙炔割嘴1-101 0# 产品号码6023,15.70,CNY,2026-03-10,,contract,来源文件：ziliao/安宝公司/美国FRONNY/订单/2026/AB26184.xls（工作表 订单 第 12 行；合同号 AB26 184；抬头需方 宁波安宝国际贸易有限公司；日期凭证：抬头签约时间）；包装：1-101割嘴【tools/ziliao/extract_price_seeds.mjs 自动抽取·历史成交价·待甲方核对】
安宝公司,乙炔割嘴1-101 1# 产品号码6024,15.70,CNY,2026-03-10,,contract,来源文件：ziliao/安宝公司/美国FRONNY/订单/2026/AB26184.xls（工作表 订单 第 13 行；合同号 AB26 184；抬头需方 宁波安宝国际贸易有限公司；日期凭证：抬头签约时间）【tools/ziliao/extract_price_seeds.mjs 自动抽取·历史成交价·待甲方核对】
安宝公司,乙炔割嘴1-101 2# 产品号码6025,15.70,CNY,2026-03-10,,contract,来源文件：ziliao/安宝公司/美国FRONNY/订单/2026/AB26184.xls（工作表 订单 第 14 行；合同号 AB26 184；抬头需方 宁波安宝国际贸易有限公司；日期凭证：抬头签约时间）【tools/ziliao/extract_price_seeds.mjs 自动抽取·历史成交价·待甲方核对】
安宝公司,乙炔割嘴3-101 0# 产品号码6018,11.60,CNY,2026-03-10,,contract,来源文件：ziliao/安宝公司/美国FRONNY/订单/2026/AB26184.xls（工作表 订单 第 10 行；合同号 AB26 184；抬头需方 宁波安宝国际贸易有限公司；日期凭证：抬头签约时间）【tools/ziliao/extract_price_seeds.mjs 自动抽取·历史成交价·待甲方核对】
安宝公司,乙炔割嘴3-101 00# 产品号码6017,11.60,CNY,2026-03-10,,contract,来源文件：ziliao/安宝公司/美国FRONNY/订单/2026/AB26184.xls（工作表 订单 第 9 行；合同号 AB26 184；抬头需方 宁波安宝国际贸易有限公司；日期凭证：抬头签约时间）；包装：3-101割嘴【tools/ziliao/extract_price_seeds.mjs 自动抽取·历史成交价·待甲方核对】
安宝公司,乙炔割嘴3-101 1# 产品号码6019,11.60,CNY,2026-03-10,,contract,来源文件：ziliao/安宝公司/美国FRONNY/订单/2026/AB26184.xls（工作表 订单 第 11 行；合同号 AB26 184；抬头需方 宁波安宝国际贸易有限公司；日期凭证：抬头签约时间）【tools/ziliao/extract_price_seeds.mjs 自动抽取·历史成交价·待甲方核对】
安宝公司,乙炔割嘴1-101 0# 产品号码6023,15.70,CNY,2026-02-24,,contract,来源文件：ziliao/安宝公司/美国FRONNY/订单/2026/AB26107.xls（工作表 订单 第 13 行；合同号 AB26107；抬头需方 宁波安宝国际贸易有限公司；日期凭证：抬头签约时间）【tools/ziliao/extract_price_seeds.mjs 自动抽取·历史成交价·待甲方核对】
安宝公司,乙炔割嘴1-101 00# 产品号码6022,15.70,CNY,2026-02-24,,contract,来源文件：ziliao/安宝公司/美国FRONNY/订单/2026/AB26107.xls（工作表 订单 第 12 行；合同号 AB26107；抬头需方 宁波安宝国际贸易有限公司；日期凭证：抬头签约时间）；包装：1-101割嘴【tools/ziliao/extract_price_seeds.mjs 自动抽取·历史成交价·待甲方核对】
安宝公司,乙炔割嘴1-101 1# 产品号码6024,15.70,CNY,2026-02-24,,contract,来源文件：ziliao/安宝公司/美国FRONNY/订单/2026/AB26107.xls（工作表 订单 第 14 行；合同号 AB26107；抬头需方 宁波安宝国际贸易有限公司；日期凭证：抬头签约时间）【tools/ziliao/extract_price_seeds.mjs 自动抽取·历史成交价·待甲方核对】
安宝公司,乙炔割嘴1-101 2# 产品号码6025,15.70,CNY,2026-02-24,,contract,来源文件：ziliao/安宝公司/美国FRONNY/订单/2026/AB26107.xls（工作表 订单 第 15 行；合同号 AB26107；抬头需方 宁波安宝国际贸易有限公司；日期凭证：抬头签约时间）【tools/ziliao/extract_price_seeds.mjs 自动抽取·历史成交价·待甲方核对】
安宝公司,乙炔割嘴3-101 0# 产品号码6018,11.60,CNY,2026-02-24,,contract,来源文件：ziliao/安宝公司/美国FRONNY/订单/2026/AB26107.xls（工作表 订单 第 8 行；合同号 AB26107；抬头需方 宁波安宝国际贸易有限公司；日期凭证：抬头签约时间）【tools/ziliao/extract_price_seeds.mjs 自动抽取·历史成交价·待甲方核对】
安宝公司,乙炔割嘴3-101 00# 产品号码6017,11.60,CNY,2026-02-24,,contract,来源文件：ziliao/安宝公司/美国FRONNY/订单/2026/AB26107.xls（工作表 订单 第 7 行；合同号 AB26107；抬头需方 宁波安宝国际贸易有限公司；日期凭证：抬头签约时间）；包装：3-101割嘴【tools/ziliao/extract_price_seeds.mjs 自动抽取·历史成交价·待甲方核对】
安宝公司,乙炔割嘴3-101 1# 产品号码6019,11.60,CNY,2026-02-24,,contract,来源文件：ziliao/安宝公司/美国FRONNY/订单/2026/AB26107.xls（工作表 订单 第 9 行；合同号 AB26107；抬头需方 宁波安宝国际贸易有限公司；日期凭证：抬头签约时间）【tools/ziliao/extract_price_seeds.mjs 自动抽取·历史成交价·待甲方核对】
安宝公司,乙炔割嘴3-101 2# 产品号码6020,11.60,CNY,2026-02-24,,contract,来源文件：ziliao/安宝公司/美国FRONNY/订单/2026/AB26107.xls（工作表 订单 第 10 行；合同号 AB26107；抬头需方 宁波安宝国际贸易有限公司；日期凭证：抬头签约时间）【tools/ziliao/extract_price_seeds.mjs 自动抽取·历史成交价·待甲方核对】
安宝公司,乙炔割嘴3-101 3# 产品号码6021,11.60,CNY,2026-02-24,,contract,来源文件：ziliao/安宝公司/美国FRONNY/订单/2026/AB26107.xls（工作表 订单 第 11 行；合同号 AB26107；抬头需方 宁波安宝国际贸易有限公司；日期凭证：抬头签约时间）【tools/ziliao/extract_price_seeds.mjs 自动抽取·历史成交价·待甲方核对】
安宝公司,WS62902乙炔割嘴 6290-2,11.60,CNY,2026-02-04,,contract,"来源文件：ziliao/安宝公司/Weldsolutions不干胶/合同/2026/AB26094 出口产品供需合同-奉化一洲.xls（工作表 Sheet2 第 7 行；合同号 AB26 094返单AB251029；抬头需方 宁波安宝国际贸易有限公司；日期凭证：抬头签约时间）；包装：标贴尺寸：80x16mm
塑料盒盖用 红色【tools/ziliao/extract_price_seeds.mjs 自动抽取·历史成交价·待甲方核对】"
安宝公司,WS6290NX1丙烷割嘴 6290-NX-1,7.10,CNY,2026-02-04,,contract,"来源文件：ziliao/安宝公司/Weldsolutions不干胶/合同/2026/AB26094 出口产品供需合同-奉化一洲.xls（工作表 Sheet2 第 9 行；合同号 AB26 094返单AB251029；抬头需方 宁波安宝国际贸易有限公司；日期凭证：抬头签约时间）；包装：标贴尺寸：80x16mm
塑料盒盖用 深蓝色【tools/ziliao/extract_price_seeds.mjs 自动抽取·历史成交价·待甲方核对】"
安宝公司,WS6290NX2丙烷割嘴 6290-NX-2,7.10,CNY,2026-02-04,,contract,来源文件：ziliao/安宝公司/Weldsolutions不干胶/合同/2026/AB26094 出口产品供需合同-奉化一洲.xls（工作表 Sheet2 第 10 行；合同号 AB26 094返单AB251029；抬头需方 宁波安宝国际贸易有限公司；日期凭证：抬头签约时间）【tools/ziliao/extract_price_seeds.mjs 自动抽取·历史成交价·待甲方核对】
安宝公司,WSSC124乙炔割嘴 SC-12-4,18.20,CNY,2026-02-04,,contract,"来源文件：ziliao/安宝公司/Weldsolutions不干胶/合同/2026/AB26094 出口产品供需合同-奉化一洲.xls（工作表 Sheet2 第 8 行；合同号 AB26 094返单AB251029；抬头需方 宁波安宝国际贸易有限公司；日期凭证：抬头签约时间）；包装：标贴尺寸：80x16mm
塑料盒盖用 红色【tools/ziliao/extract_price_seeds.mjs 自动抽取·历史成交价·待甲方核对】"
安宝公司,WSSC502丙烷割嘴 SC-50-2,14.85,CNY,2026-02-04,,contract,"来源文件：ziliao/安宝公司/Weldsolutions不干胶/合同/2026/AB26094 出口产品供需合同-奉化一洲.xls（工作表 Sheet2 第 11 行；合同号 AB26 094返单AB251029；抬头需方 宁波安宝国际贸易有限公司；日期凭证：抬头签约时间）；包装：标贴尺寸：80x16mm
塑料盒盖用深蓝色【tools/ziliao/extract_price_seeds.mjs 自动抽取·历史成交价·待甲方核对】"
安宝公司,"丙烷割嘴 GPN-2 71g
货号：4194",9.40,CNY,2026-01-25,,contract,"来源文件：ziliao/安宝公司/INFAR不干胶/INFRA合同/2026/ab26053.xls（工作表 Sheet1 第 25 行；合同号 AB26 053返单AB251249；抬头需方 宁波安宝国际贸易有限公司；日期凭证：抬头签约时间）；包装：标贴尺寸：80x16mm
塑料盒盖用黑色【tools/ziliao/extract_price_seeds.mjs 自动抽取·历史成交价·待甲方核对】"
安宝公司,"丙烷割嘴 GPN-3 71g
货号：4195",9.40,CNY,2026-01-25,,contract,来源文件：ziliao/安宝公司/INFAR不干胶/INFRA合同/2026/ab26053.xls（工作表 Sheet1 第 26 行；合同号 AB26 053返单AB251249；抬头需方 宁波安宝国际贸易有限公司；日期凭证：抬头签约时间）【tools/ziliao/extract_price_seeds.mjs 自动抽取·历史成交价·待甲方核对】
安宝公司,"乙炔割嘴1-101-1 82g
货号：4190",15.40,CNY,2026-01-25,,contract,"来源文件：ziliao/安宝公司/INFAR不干胶/INFRA合同/2026/ab26053.xls（工作表 Sheet1 第 23 行；合同号 AB26 053返单AB251249；抬头需方 宁波安宝国际贸易有限公司；日期凭证：抬头签约时间）；包装：标贴尺寸：80x16mm
塑料盒盖用红色【tools/ziliao/extract_price_seeds.mjs 自动抽取·历史成交价·待甲方核对】"
安宝公司,"乙炔割嘴1-101-2 82g
货号：4191",15.40,CNY,2026-01-25,,contract,来源文件：ziliao/安宝公司/INFAR不干胶/INFRA合同/2026/ab26053.xls（工作表 Sheet1 第 24 行；合同号 AB26 053返单AB251249；抬头需方 宁波安宝国际贸易有限公司；日期凭证：抬头签约时间）【tools/ziliao/extract_price_seeds.mjs 自动抽取·历史成交价·待甲方核对】
安宝公司,"HARRIS 丙烷割嘴6290-NX-0 53g
货号：4184",7.00,CNY,2026-01-25,,contract,"来源文件：ziliao/安宝公司/INFAR不干胶/INFRA合同/2026/ab26053.xls（工作表 Sheet1 第 18 行；合同号 AB26 053返单AB251249；抬头需方 宁波安宝国际贸易有限公司；日期凭证：抬头签约时间）；包装：标贴尺寸：80x16mm
塑料盒盖用黑色【tools/ziliao/extract_price_seeds.mjs 自动抽取·历史成交价·待甲方核对】"
安宝公司,"HARRIS 丙烷割嘴6290-NX-1 53g
货号：4186",7.00,CNY,2026-01-25,,contract,来源文件：ziliao/安宝公司/INFAR不干胶/INFRA合同/2026/ab26053.xls（工作表 Sheet1 第 20 行；合同号 AB26 053返单AB251249；抬头需方 宁波安宝国际贸易有限公司；日期凭证：抬头签约时间）【tools/ziliao/extract_price_seeds.mjs 自动抽取·历史成交价·待甲方核对】
安宝公司,"HARRIS 丙烷割嘴6290-NX-2 53g
货号：4187",7.00,CNY,2026-01-25,,contract,来源文件：ziliao/安宝公司/INFAR不干胶/INFRA合同/2026/ab26053.xls（工作表 Sheet1 第 21 行；合同号 AB26 053返单AB251249；抬头需方 宁波安宝国际贸易有限公司；日期凭证：抬头签约时间）【tools/ziliao/extract_price_seeds.mjs 自动抽取·历史成交价·待甲方核对】
安宝公司,"HARRIS 丙烷割嘴6290-NX-3 53g
货号：4188",7.00,CNY,2026-01-25,,contract,来源文件：ziliao/安宝公司/INFAR不干胶/INFRA合同/2026/ab26053.xls（工作表 Sheet1 第 22 行；合同号 AB26 053返单AB251249；抬头需方 宁波安宝国际贸易有限公司；日期凭证：抬头签约时间）【tools/ziliao/extract_price_seeds.mjs 自动抽取·历史成交价·待甲方核对】
安宝公司,"HARRIS 丙烷割嘴6290-NX-4 53g
货号：4185",7.00,CNY,2026-01-25,,contract,来源文件：ziliao/安宝公司/INFAR不干胶/INFRA合同/2026/ab26053.xls（工作表 Sheet1 第 19 行；合同号 AB26 053返单AB251249；抬头需方 宁波安宝国际贸易有限公司；日期凭证：抬头签约时间）【tools/ziliao/extract_price_seeds.mjs 自动抽取·历史成交价·待甲方核对】
安宝公司,"HARRIS 乙炔割嘴6290-2 55g
货号：4210",11.30,CNY,2026-01-25,,contract,"来源文件：ziliao/安宝公司/INFAR不干胶/INFRA合同/2026/ab26053.xls（工作表 Sheet1 第 27 行；合同号 AB26 053返单AB251249；抬头需方 宁波安宝国际贸易有限公司；日期凭证：抬头签约时间）；包装：标贴尺寸：80x16mm
塑料盒盖用红色【tools/ziliao/extract_price_seeds.mjs 自动抽取·历史成交价·待甲方核对】"
安宝公司,"HARRIS 乙炔割嘴6290-3 55g
货号：4027",11.30,CNY,2026-01-25,,contract,来源文件：ziliao/安宝公司/INFAR不干胶/INFRA合同/2026/ab26053.xls（工作表 Sheet1 第 28 行；合同号 AB26 053返单AB251249；抬头需方 宁波安宝国际贸易有限公司；日期凭证：抬头签约时间）【tools/ziliao/extract_price_seeds.mjs 自动抽取·历史成交价·待甲方核对】
安宝公司,"smith 丙烷割嘴 SC-50-A-0 93g
货号：4154",14.50,CNY,2026-01-25,,contract,"来源文件：ziliao/安宝公司/INFAR不干胶/INFRA合同/2026/ab26053.xls（工作表 Sheet1 第 13 行；合同号 AB26 053返单AB251249；抬头需方 宁波安宝国际贸易有限公司；日期凭证：抬头签约时间）；包装：标贴尺寸：80x16mm
塑料盒盖用黑色【tools/ziliao/extract_price_seeds.mjs 自动抽取·历史成交价·待甲方核对】"
安宝公司,"smith 丙烷割嘴 SC-50-A-1 93g
货号：4157",14.50,CNY,2026-01-25,,contract,来源文件：ziliao/安宝公司/INFAR不干胶/INFRA合同/2026/ab26053.xls（工作表 Sheet1 第 14 行；合同号 AB26 053返单AB251249；抬头需方 宁波安宝国际贸易有限公司；日期凭证：抬头签约时间）【tools/ziliao/extract_price_seeds.mjs 自动抽取·历史成交价·待甲方核对】
安宝公司,"smith 丙烷割嘴 SC-50-A-2 93g
货号：4158",14.50,CNY,2026-01-25,,contract,来源文件：ziliao/安宝公司/INFAR不干胶/INFRA合同/2026/ab26053.xls（工作表 Sheet1 第 15 行；合同号 AB26 053返单AB251249；抬头需方 宁波安宝国际贸易有限公司；日期凭证：抬头签约时间）【tools/ziliao/extract_price_seeds.mjs 自动抽取·历史成交价·待甲方核对】
安宝公司,"smith 丙烷割嘴 SC-50-A-3 93g
货号：4161",14.50,CNY,2026-01-25,,contract,来源文件：ziliao/安宝公司/INFAR不干胶/INFRA合同/2026/ab26053.xls（工作表 Sheet1 第 16 行；合同号 AB26 053返单AB251249；抬头需方 宁波安宝国际贸易有限公司；日期凭证：抬头签约时间）【tools/ziliao/extract_price_seeds.mjs 自动抽取·历史成交价·待甲方核对】
安宝公司,"smith 丙烷割嘴 SC-50-A-4 93g
货号：4162",14.50,CNY,2026-01-25,,contract,来源文件：ziliao/安宝公司/INFAR不干胶/INFRA合同/2026/ab26053.xls（工作表 Sheet1 第 17 行；合同号 AB26 053返单AB251249；抬头需方 宁波安宝国际贸易有限公司；日期凭证：抬头签约时间）【tools/ziliao/extract_price_seeds.mjs 自动抽取·历史成交价·待甲方核对】
安宝公司,"smith 乙炔割嘴 SC-12-0 103g
货号：4133",18.50,CNY,2026-01-25,,contract,"来源文件：ziliao/安宝公司/INFAR不干胶/INFRA合同/2026/ab26053.xls（工作表 Sheet1 第 7 行；合同号 AB26 053返单AB251249；抬头需方 宁波安宝国际贸易有限公司；日期凭证：抬头签约时间）；包装：标贴尺寸：80x16mm
塑料盒盖用红色

SC12重量102.7克【tools/ziliao/extract_price_seeds.mjs 自动抽取·历史成交价·待甲方核对】"
安宝公司,"smith 乙炔割嘴 SC-12-1 103g
货号：4134",18.50,CNY,2026-01-25,,contract,来源文件：ziliao/安宝公司/INFAR不干胶/INFRA合同/2026/ab26053.xls（工作表 Sheet1 第 8 行；合同号 AB26 053返单AB251249；抬头需方 宁波安宝国际贸易有限公司；日期凭证：抬头签约时间）【tools/ziliao/extract_price_seeds.mjs 自动抽取·历史成交价·待甲方核对】
安宝公司,"smith 乙炔割嘴 SC-12-2 103g
货号：4136",18.50,CNY,2026-01-25,,contract,来源文件：ziliao/安宝公司/INFAR不干胶/INFRA合同/2026/ab26053.xls（工作表 Sheet1 第 9 行；合同号 AB26 053返单AB251249；抬头需方 宁波安宝国际贸易有限公司；日期凭证：抬头签约时间）【tools/ziliao/extract_price_seeds.mjs 自动抽取·历史成交价·待甲方核对】
安宝公司,"smith 乙炔割嘴 SC-12-3 103g
货号：4137",18.50,CNY,2026-01-25,,contract,来源文件：ziliao/安宝公司/INFAR不干胶/INFRA合同/2026/ab26053.xls（工作表 Sheet1 第 10 行；合同号 AB26 053返单AB251249；抬头需方 宁波安宝国际贸易有限公司；日期凭证：抬头签约时间）【tools/ziliao/extract_price_seeds.mjs 自动抽取·历史成交价·待甲方核对】
安宝公司,"smith 乙炔割嘴 SC-12-4 103g
货号：4138",18.50,CNY,2026-01-25,,contract,来源文件：ziliao/安宝公司/INFAR不干胶/INFRA合同/2026/ab26053.xls（工作表 Sheet1 第 11 行；合同号 AB26 053返单AB251249；抬头需方 宁波安宝国际贸易有限公司；日期凭证：抬头签约时间）【tools/ziliao/extract_price_seeds.mjs 自动抽取·历史成交价·待甲方核对】
安宝公司,"smith 乙炔割嘴 SC-12-5 103g
货号：4151",18.50,CNY,2026-01-25,,contract,来源文件：ziliao/安宝公司/INFAR不干胶/INFRA合同/2026/ab26053.xls（工作表 Sheet1 第 12 行；合同号 AB26 053返单AB251249；抬头需方 宁波安宝国际贸易有限公司；日期凭证：抬头签约时间）【tools/ziliao/extract_price_seeds.mjs 自动抽取·历史成交价·待甲方核对】
安宝公司,丙烷割嘴1-GPN 1# 产品号码6027,9.80,CNY,2026-01-20,,contract,来源文件：ziliao/安宝公司/美国FRONNY/订单/2026/AB26106.xls（工作表 订单 第 10 行；合同号 AB26 106；抬头需方 宁波安宝国际贸易有限公司；日期凭证：抬头签约时间）【tools/ziliao/extract_price_seeds.mjs 自动抽取·历史成交价·待甲方核对】
安宝公司,丙烷割嘴1-GPN 2# 产品号码6028,9.55,CNY,2026-01-20,,contract,来源文件：ziliao/安宝公司/美国FRONNY/订单/2026/AB26029.xls（工作表 订单 第 15 行；合同号 AB26 029；抬头需方 宁波安宝国际贸易有限公司；日期凭证：抬头签约时间）【tools/ziliao/extract_price_seeds.mjs 自动抽取·历史成交价·待甲方核对】
安宝公司,丙烷割嘴3-GPN 1# 产品号码6031,8.90,CNY,2026-01-20,,contract,来源文件：ziliao/安宝公司/美国FRONNY/订单/2026/AB26029.xls（工作表 订单 第 16 行；合同号 AB26 029；抬头需方 宁波安宝国际贸易有限公司；日期凭证：抬头签约时间）【tools/ziliao/extract_price_seeds.mjs 自动抽取·历史成交价·待甲方核对】
安宝公司,割嘴 6290-1# 产品号码6010,11.60,CNY,2026-01-20,,contract,来源文件：ziliao/安宝公司/美国FRONNY/订单/2026/AB26106.xls（工作表 订单 第 7 行；合同号 AB26 106；抬头需方 宁波安宝国际贸易有限公司；日期凭证：抬头签约时间）；包装：3-101割嘴【tools/ziliao/extract_price_seeds.mjs 自动抽取·历史成交价·待甲方核对】
安宝公司,乙炔割嘴1-101 0# 产品号码6023,15.70,CNY,2026-01-20,,contract,来源文件：ziliao/安宝公司/美国FRONNY/订单/2026/AB26029.xls（工作表 订单 第 12 行；合同号 AB26 029；抬头需方 宁波安宝国际贸易有限公司；日期凭证：抬头签约时间）【tools/ziliao/extract_price_seeds.mjs 自动抽取·历史成交价·待甲方核对】
安宝公司,乙炔割嘴1-101 00# 产品号码6022,15.70,CNY,2026-01-20,,contract,来源文件：ziliao/安宝公司/美国FRONNY/订单/2026/AB26029.xls（工作表 订单 第 11 行；合同号 AB26 029；抬头需方 宁波安宝国际贸易有限公司；日期凭证：抬头签约时间）；包装：1-101割嘴【tools/ziliao/extract_price_seeds.mjs 自动抽取·历史成交价·待甲方核对】
安宝公司,乙炔割嘴1-101 1# 产品号码6024,15.70,CNY,2026-01-20,,contract,来源文件：ziliao/安宝公司/美国FRONNY/订单/2026/AB26029.xls（工作表 订单 第 13 行；合同号 AB26 029；抬头需方 宁波安宝国际贸易有限公司；日期凭证：抬头签约时间）【tools/ziliao/extract_price_seeds.mjs 自动抽取·历史成交价·待甲方核对】
安宝公司,乙炔割嘴1-101 2# 产品号码6025,15.70,CNY,2026-01-20,,contract,来源文件：ziliao/安宝公司/美国FRONNY/订单/2026/AB26029.xls（工作表 订单 第 14 行；合同号 AB26 029；抬头需方 宁波安宝国际贸易有限公司；日期凭证：抬头签约时间）【tools/ziliao/extract_price_seeds.mjs 自动抽取·历史成交价·待甲方核对】
安宝公司,乙炔割嘴3-101 0# 产品号码6018,11.60,CNY,2026-01-20,,contract,来源文件：ziliao/安宝公司/美国FRONNY/订单/2026/AB26029.xls（工作表 订单 第 8 行；合同号 AB26 029；抬头需方 宁波安宝国际贸易有限公司；日期凭证：抬头签约时间）【tools/ziliao/extract_price_seeds.mjs 自动抽取·历史成交价·待甲方核对】
安宝公司,乙炔割嘴3-101 00# 产品号码6017,11.60,CNY,2026-01-20,,contract,来源文件：ziliao/安宝公司/美国FRONNY/订单/2026/AB26029.xls（工作表 订单 第 7 行；合同号 AB26 029；抬头需方 宁波安宝国际贸易有限公司；日期凭证：抬头签约时间）；包装：3-101割嘴【tools/ziliao/extract_price_seeds.mjs 自动抽取·历史成交价·待甲方核对】
安宝公司,乙炔割嘴3-101 1# 产品号码6019,11.60,CNY,2026-01-20,,contract,来源文件：ziliao/安宝公司/美国FRONNY/订单/2026/AB26029.xls（工作表 订单 第 9 行；合同号 AB26 029；抬头需方 宁波安宝国际贸易有限公司；日期凭证：抬头签约时间）【tools/ziliao/extract_price_seeds.mjs 自动抽取·历史成交价·待甲方核对】
安宝公司,乙炔割嘴3-101 2# 产品号码6020,11.60,CNY,2026-01-20,,contract,来源文件：ziliao/安宝公司/美国FRONNY/订单/2026/AB26029.xls（工作表 订单 第 10 行；合同号 AB26 029；抬头需方 宁波安宝国际贸易有限公司；日期凭证：抬头签约时间）【tools/ziliao/extract_price_seeds.mjs 自动抽取·历史成交价·待甲方核对】
安宝公司,乙炔割嘴1-101 0# 产品号码6023,15.70,CNY,2026-01-09,,contract,来源文件：ziliao/安宝公司/美国FRONNY/订单/2026/AB26016.xls（工作表 订单 第 13 行；合同号 AB26 016；抬头需方 宁波安宝国际贸易有限公司；日期凭证：抬头签约时间）；包装：1-101割嘴【tools/ziliao/extract_price_seeds.mjs 自动抽取·历史成交价·待甲方核对】
安宝公司,乙炔割嘴1-101 1# 产品号码6024,15.70,CNY,2026-01-09,,contract,来源文件：ziliao/安宝公司/美国FRONNY/订单/2026/AB26016.xls（工作表 订单 第 14 行；合同号 AB26 016；抬头需方 宁波安宝国际贸易有限公司；日期凭证：抬头签约时间）【tools/ziliao/extract_price_seeds.mjs 自动抽取·历史成交价·待甲方核对】
安宝公司,乙炔割嘴1-101 2# 产品号码6025,15.70,CNY,2026-01-09,,contract,来源文件：ziliao/安宝公司/美国FRONNY/订单/2026/AB26016.xls（工作表 订单 第 15 行；合同号 AB26 016；抬头需方 宁波安宝国际贸易有限公司；日期凭证：抬头签约时间）【tools/ziliao/extract_price_seeds.mjs 自动抽取·历史成交价·待甲方核对】
安宝公司,乙炔割嘴1-101 3# 产品号码6026,15.70,CNY,2026-01-09,,contract,来源文件：ziliao/安宝公司/美国FRONNY/订单/2026/AB26016.xls（工作表 订单 第 16 行；合同号 AB26 016；抬头需方 宁波安宝国际贸易有限公司；日期凭证：抬头签约时间）【tools/ziliao/extract_price_seeds.mjs 自动抽取·历史成交价·待甲方核对】
安宝公司,乙炔割嘴3-101 0# 产品号码6018,11.60,CNY,2026-01-09,,contract,来源文件：ziliao/安宝公司/美国FRONNY/订单/2026/AB26016.xls（工作表 订单 第 9 行；合同号 AB26 016；抬头需方 宁波安宝国际贸易有限公司；日期凭证：抬头签约时间）【tools/ziliao/extract_price_seeds.mjs 自动抽取·历史成交价·待甲方核对】
安宝公司,乙炔割嘴3-101 00# 产品号码6017,11.60,CNY,2026-01-09,,contract,来源文件：ziliao/安宝公司/美国FRONNY/订单/2026/AB26016.xls（工作表 订单 第 8 行；合同号 AB26 016；抬头需方 宁波安宝国际贸易有限公司；日期凭证：抬头签约时间）；包装：3-101割嘴【tools/ziliao/extract_price_seeds.mjs 自动抽取·历史成交价·待甲方核对】
安宝公司,乙炔割嘴3-101 1# 产品号码6019,11.60,CNY,2026-01-09,,contract,来源文件：ziliao/安宝公司/美国FRONNY/订单/2026/AB26016.xls（工作表 订单 第 10 行；合同号 AB26 016；抬头需方 宁波安宝国际贸易有限公司；日期凭证：抬头签约时间）【tools/ziliao/extract_price_seeds.mjs 自动抽取·历史成交价·待甲方核对】
安宝公司,乙炔割嘴3-101 2# 产品号码6020,11.60,CNY,2026-01-09,,contract,来源文件：ziliao/安宝公司/美国FRONNY/订单/2026/AB26016.xls（工作表 订单 第 11 行；合同号 AB26 016；抬头需方 宁波安宝国际贸易有限公司；日期凭证：抬头签约时间）【tools/ziliao/extract_price_seeds.mjs 自动抽取·历史成交价·待甲方核对】
安宝公司,乙炔割嘴3-101 3# 产品号码6021,11.60,CNY,2026-01-09,,contract,来源文件：ziliao/安宝公司/美国FRONNY/订单/2026/AB26016.xls（工作表 订单 第 12 行；合同号 AB26 016；抬头需方 宁波安宝国际贸易有限公司；日期凭证：抬头签约时间）【tools/ziliao/extract_price_seeds.mjs 自动抽取·历史成交价·待甲方核对】
安宝公司,乙炔割嘴MC-12-2# 产品号码6004,17.40,CNY,2026-01-09,,contract,来源文件：ziliao/安宝公司/美国FRONNY/订单/2026/AB26016.xls（工作表 订单 第 7 行；合同号 AB26 016；抬头需方 宁波安宝国际贸易有限公司；日期凭证：抬头签约时间）【tools/ziliao/extract_price_seeds.mjs 自动抽取·历史成交价·待甲方核对】
安宝公司,割嘴 1-101 #1 仿包装,15.00,CNY,2026-01-05,,contract,来源文件：ziliao/安宝公司/A. SH  AIR - OXY 里卡多/A.SH/AB26003 出口产品供需合同-奉化一洲.xls（工作表 订单 第 7 行；合同号 AB26 003返单AB25071；抬头需方 宁波安宝国际贸易有限公司；日期凭证：抬头签约时间）【tools/ziliao/extract_price_seeds.mjs 自动抽取·历史成交价·待甲方核对】
安宝公司,割嘴 1-101 #2 仿包装,15.00,CNY,2026-01-05,,contract,来源文件：ziliao/安宝公司/A. SH  AIR - OXY 里卡多/A.SH/AB26003 出口产品供需合同-奉化一洲.xls（工作表 订单 第 8 行；合同号 AB26 003返单AB25071；抬头需方 宁波安宝国际贸易有限公司；日期凭证：抬头签约时间）【tools/ziliao/extract_price_seeds.mjs 自动抽取·历史成交价·待甲方核对】
安宝公司,割嘴 1-101 #3 仿包装,15.00,CNY,2026-01-05,,contract,来源文件：ziliao/安宝公司/A. SH  AIR - OXY 里卡多/A.SH/AB26003 出口产品供需合同-奉化一洲.xls（工作表 订单 第 9 行；合同号 AB26 003返单AB25071；抬头需方 宁波安宝国际贸易有限公司；日期凭证：抬头签约时间）【tools/ziliao/extract_price_seeds.mjs 自动抽取·历史成交价·待甲方核对】
安宝公司,割嘴 1-101 #4 仿包装,15.00,CNY,2026-01-05,,contract,来源文件：ziliao/安宝公司/A. SH  AIR - OXY 里卡多/A.SH/AB26003 出口产品供需合同-奉化一洲.xls（工作表 订单 第 10 行；合同号 AB26 003返单AB25071；抬头需方 宁波安宝国际贸易有限公司；日期凭证：抬头签约时间）【tools/ziliao/extract_price_seeds.mjs 自动抽取·历史成交价·待甲方核对】
安宝公司,割嘴 1-101 #5 仿包装,15.00,CNY,2026-01-05,,contract,来源文件：ziliao/安宝公司/A. SH  AIR - OXY 里卡多/A.SH/AB26003 出口产品供需合同-奉化一洲.xls（工作表 订单 第 11 行；合同号 AB26 003返单AB25071；抬头需方 宁波安宝国际贸易有限公司；日期凭证：抬头签约时间）【tools/ziliao/extract_price_seeds.mjs 自动抽取·历史成交价·待甲方核对】
安宝公司,割嘴 1-101 #6 仿包装,15.00,CNY,2026-01-05,,contract,来源文件：ziliao/安宝公司/A. SH  AIR - OXY 里卡多/A.SH/AB26003 出口产品供需合同-奉化一洲.xls（工作表 订单 第 12 行；合同号 AB26 003返单AB25071；抬头需方 宁波安宝国际贸易有限公司；日期凭证：抬头签约时间）【tools/ziliao/extract_price_seeds.mjs 自动抽取·历史成交价·待甲方核对】
安宝公司,割嘴 1-101 #8 仿包装,15.00,CNY,2026-01-05,,contract,来源文件：ziliao/安宝公司/A. SH  AIR - OXY 里卡多/A.SH/AB26003 出口产品供需合同-奉化一洲.xls（工作表 订单 第 13 行；合同号 AB26 003返单AB25071；抬头需方 宁波安宝国际贸易有限公司；日期凭证：抬头签约时间）【tools/ziliao/extract_price_seeds.mjs 自动抽取·历史成交价·待甲方核对】
安宝公司,"丙烷割嘴 106HC 2#
包装：彩卡+泡壳+说明书",8.00,CNY,2025-12-12,,contract,"来源文件：ziliao/安宝公司/HQF 41 6290NX/41, NX, 6290/AB251341 出口产品供需合同-奉化一洲(1).xls（工作表 订单 第 17 行；合同号 AB25 1341返单AB251038；抬头需方 宁波安宝国际贸易有限公司；日期凭证：抬头签约时间）；包装：106HC 2#【tools/ziliao/extract_price_seeds.mjs 自动抽取·历史成交价·待甲方核对】"
安宝公司,"丙烷割嘴 106HC 3#
包装：彩卡+泡壳+说明书",8.00,CNY,2025-12-12,,contract,"来源文件：ziliao/安宝公司/HQF 41 6290NX/41, NX, 6290/AB251341 出口产品供需合同-奉化一洲(1).xls（工作表 订单 第 16 行；合同号 AB25 1341返单AB251038；抬头需方 宁波安宝国际贸易有限公司；日期凭证：抬头签约时间）；包装：106HC 3#【tools/ziliao/extract_price_seeds.mjs 自动抽取·历史成交价·待甲方核对】"
安宝公司,"丙烷割嘴 106HC 4#
包装：彩卡+泡壳+说明书",8.00,CNY,2025-12-12,,contract,"来源文件：ziliao/安宝公司/HQF 41 6290NX/41, NX, 6290/AB251341 出口产品供需合同-奉化一洲(1).xls（工作表 订单 第 15 行；合同号 AB25 1341返单AB251038；抬头需方 宁波安宝国际贸易有限公司；日期凭证：抬头签约时间）；包装：106HC 4#【tools/ziliao/extract_price_seeds.mjs 自动抽取·历史成交价·待甲方核对】"
安宝公司,"仿澳大利亚款式丙烷割嘴 44-12

包装：塑料盒+不干胶 返单24167",9.00,CNY,2025-12-12,,contract,"来源文件：ziliao/安宝公司/HQF 41 6290NX/41, NX, 6290/AB251341 出口产品供需合同-奉化一洲(1).xls（工作表 订单 第 8 行；合同号 AB25 1341返单AB251038；抬头需方 宁波安宝国际贸易有限公司；日期凭证：抬头签约时间）；包装：44-12【tools/ziliao/extract_price_seeds.mjs 自动抽取·历史成交价·待甲方核对】"
安宝公司,"仿澳大利亚款式丙烷割嘴 44-15

包装：塑料盒+不干胶 返单24167",9.00,CNY,2025-12-12,,contract,"来源文件：ziliao/安宝公司/HQF 41 6290NX/41, NX, 6290/AB251341 出口产品供需合同-奉化一洲(1).xls（工作表 订单 第 9 行；合同号 AB25 1341返单AB251038；抬头需方 宁波安宝国际贸易有限公司；日期凭证：抬头签约时间）；包装：44-15【tools/ziliao/extract_price_seeds.mjs 自动抽取·历史成交价·待甲方核对】"
安宝公司,"仿澳大利亚款式丙烷割嘴 44-20

包装：塑料盒+不干胶 返单24167",9.00,CNY,2025-12-12,,contract,"来源文件：ziliao/安宝公司/HQF 41 6290NX/41, NX, 6290/AB251341 出口产品供需合同-奉化一洲(1).xls（工作表 订单 第 10 行；合同号 AB25 1341返单AB251038；抬头需方 宁波安宝国际贸易有限公司；日期凭证：抬头签约时间）；包装：44-20【tools/ziliao/extract_price_seeds.mjs 自动抽取·历史成交价·待甲方核对】"
安宝公司,"仿澳大利亚款式丙烷割嘴 44-8

包装：塑料盒+不干胶 返单24167",9.00,CNY,2025-12-12,,contract,"来源文件：ziliao/安宝公司/HQF 41 6290NX/41, NX, 6290/AB251341 出口产品供需合同-奉化一洲(1).xls（工作表 订单 第 7 行；合同号 AB25 1341返单AB251038；抬头需方 宁波安宝国际贸易有限公司；日期凭证：抬头签约时间）；包装：44-8【tools/ziliao/extract_price_seeds.mjs 自动抽取·历史成交价·待甲方核对】"
安宝公司,"仿澳大利亚款式乙炔 割嘴 41-12

包装：塑料盒+不干胶",15.40,CNY,2025-12-12,,contract,"来源文件：ziliao/安宝公司/HQF 41 6290NX/41, NX, 6290/AB251341 出口产品供需合同-奉化一洲(1).xls（工作表 订单 第 12 行；合同号 AB25 1341返单AB251038；抬头需方 宁波安宝国际贸易有限公司；日期凭证：抬头签约时间）；包装：41-12【tools/ziliao/extract_price_seeds.mjs 自动抽取·历史成交价·待甲方核对】"
安宝公司,"仿澳大利亚款式乙炔 割嘴 41-15

包装：塑料盒+不干胶",15.40,CNY,2025-12-12,,contract,"来源文件：ziliao/安宝公司/HQF 41 6290NX/41, NX, 6290/AB251341 出口产品供需合同-奉化一洲(1).xls（工作表 订单 第 13 行；合同号 AB25 1341返单AB251038；抬头需方 宁波安宝国际贸易有限公司；日期凭证：抬头签约时间）；包装：41-15【tools/ziliao/extract_price_seeds.mjs 自动抽取·历史成交价·待甲方核对】"
安宝公司,"仿澳大利亚款式乙炔 割嘴 41-20

包装：塑料盒+不干胶",15.40,CNY,2025-12-12,,contract,"来源文件：ziliao/安宝公司/HQF 41 6290NX/41, NX, 6290/AB251341 出口产品供需合同-奉化一洲(1).xls（工作表 订单 第 14 行；合同号 AB25 1341返单AB251038；抬头需方 宁波安宝国际贸易有限公司；日期凭证：抬头签约时间）；包装：41-20【tools/ziliao/extract_price_seeds.mjs 自动抽取·历史成交价·待甲方核对】"
安宝公司,"仿澳大利亚款式乙炔 割嘴 41-8

包装：塑料盒+不干胶",15.40,CNY,2025-12-12,,contract,"来源文件：ziliao/安宝公司/HQF 41 6290NX/41, NX, 6290/AB251341 出口产品供需合同-奉化一洲(1).xls（工作表 订单 第 11 行；合同号 AB25 1341返单AB251038；抬头需方 宁波安宝国际贸易有限公司；日期凭证：抬头签约时间）；包装：41-8【tools/ziliao/extract_price_seeds.mjs 自动抽取·历史成交价·待甲方核对】"
安宝公司,"仿丙烷割嘴 6290-NX-1# 重：44克
包装：仿HARRIS",7.10,CNY,2025-12-12,,contract,"来源文件：ziliao/安宝公司/HQF 41 6290NX/41, NX, 6290/AB251341 出口产品供需合同-奉化一洲(1).xls（工作表 订单 第 21 行；合同号 AB25 1341返单AB251038；抬头需方 宁波安宝国际贸易有限公司；日期凭证：抬头签约时间）；包装：6290 NX 1#【tools/ziliao/extract_price_seeds.mjs 自动抽取·历史成交价·待甲方核对】"
安宝公司,"仿丙烷割嘴 6290-NX-2# 重：44克
包装：仿HARRIS",7.10,CNY,2025-12-12,,contract,"来源文件：ziliao/安宝公司/HQF 41 6290NX/41, NX, 6290/AB251341 出口产品供需合同-奉化一洲(1).xls（工作表 订单 第 22 行；合同号 AB25 1341返单AB251038；抬头需方 宁波安宝国际贸易有限公司；日期凭证：抬头签约时间）；包装：6290 NX 2#【tools/ziliao/extract_price_seeds.mjs 自动抽取·历史成交价·待甲方核对】"
安宝公司,"仿丙烷割嘴 6290-NX-3# 重：44克
包装：仿HARRIS",7.10,CNY,2025-12-12,,contract,"来源文件：ziliao/安宝公司/HQF 41 6290NX/41, NX, 6290/AB251341 出口产品供需合同-奉化一洲(1).xls（工作表 订单 第 23 行；合同号 AB25 1341返单AB251038；抬头需方 宁波安宝国际贸易有限公司；日期凭证：抬头签约时间）；包装：6290 NX 3#【tools/ziliao/extract_price_seeds.mjs 自动抽取·历史成交价·待甲方核对】"
安宝公司,"仿乙炔割嘴 6290-1#
包装：仿HARRIS",11.40,CNY,2025-12-12,,contract,"来源文件：ziliao/安宝公司/HQF 41 6290NX/41, NX, 6290/AB251341 出口产品供需合同-奉化一洲(1).xls（工作表 订单 第 24 行；合同号 AB25 1341返单AB251038；抬头需方 宁波安宝国际贸易有限公司；日期凭证：抬头签约时间）；包装：6090 AC 1#【tools/ziliao/extract_price_seeds.mjs 自动抽取·历史成交价·待甲方核对】"
安宝公司,"仿乙炔割嘴 6290-2#
包装：仿HARRIS",11.40,CNY,2025-12-12,,contract,"来源文件：ziliao/安宝公司/HQF 41 6290NX/41, NX, 6290/AB251341 出口产品供需合同-奉化一洲(1).xls（工作表 订单 第 25 行；合同号 AB25 1341返单AB251038；抬头需方 宁波安宝国际贸易有限公司；日期凭证：抬头签约时间）；包装：6090 AC 2#【tools/ziliao/extract_price_seeds.mjs 自动抽取·历史成交价·待甲方核对】"
安宝公司,"仿乙炔割嘴 6290-3#
包装：仿HARRIS",11.40,CNY,2025-12-12,,contract,"来源文件：ziliao/安宝公司/HQF 41 6290NX/41, NX, 6290/AB251341 出口产品供需合同-奉化一洲(1).xls（工作表 订单 第 26 行；合同号 AB25 1341返单AB251038；抬头需方 宁波安宝国际贸易有限公司；日期凭证：抬头签约时间）；包装：6090 AC 3#【tools/ziliao/extract_price_seeds.mjs 自动抽取·历史成交价·待甲方核对】"
安宝公司,"乙炔割嘴 102HC-1#
包装：彩卡+泡壳+说明书",14.80,CNY,2025-12-12,,contract,"来源文件：ziliao/安宝公司/HQF 41 6290NX/41, NX, 6290/AB251341 出口产品供需合同-奉化一洲(1).xls（工作表 订单 第 18 行；合同号 AB25 1341返单AB251038；抬头需方 宁波安宝国际贸易有限公司；日期凭证：抬头签约时间）；包装：102HC #1【tools/ziliao/extract_price_seeds.mjs 自动抽取·历史成交价·待甲方核对】"
安宝公司,"乙炔割嘴 102HC-2#
包装：彩卡+泡壳+说明书",14.80,CNY,2025-12-12,,contract,"来源文件：ziliao/安宝公司/HQF 41 6290NX/41, NX, 6290/AB251341 出口产品供需合同-奉化一洲(1).xls（工作表 订单 第 19 行；合同号 AB25 1341返单AB251038；抬头需方 宁波安宝国际贸易有限公司；日期凭证：抬头签约时间）；包装：102HC #2【tools/ziliao/extract_price_seeds.mjs 自动抽取·历史成交价·待甲方核对】"
安宝公司,"乙炔割嘴 102HC-3#
包装：彩卡+泡壳+说明书",14.80,CNY,2025-12-12,,contract,"来源文件：ziliao/安宝公司/HQF 41 6290NX/41, NX, 6290/AB251341 出口产品供需合同-奉化一洲(1).xls（工作表 订单 第 20 行；合同号 AB25 1341返单AB251038；抬头需方 宁波安宝国际贸易有限公司；日期凭证：抬头签约时间）；包装：102HC #3【tools/ziliao/extract_price_seeds.mjs 自动抽取·历史成交价·待甲方核对】"
安宝公司,WS6290NX2丙烷割嘴 6290-NX-2,6.50,CNY,2025-12-05,,contract,"来源文件：ziliao/安宝公司/Weldsolutions不干胶/合同/2025/AB251331.xls（工作表 Sheet2 第 8 行；合同号 AB25 1331返单AB251029；抬头需方 宁波安宝国际贸易有限公司；日期凭证：抬头签约时间）；包装：标贴尺寸：80x16mm
塑料盒盖用 深蓝色【tools/ziliao/extract_price_seeds.mjs 自动抽取·历史成交价·待甲方核对】"
安宝公司,WSSC124乙炔割嘴 SC-12-4,16.35,CNY,2025-12-05,,contract,"来源文件：ziliao/安宝公司/Weldsolutions不干胶/合同/2025/AB251331.xls（工作表 Sheet2 第 7 行；合同号 AB25 1331返单AB251029；抬头需方 宁波安宝国际贸易有限公司；日期凭证：抬头签约时间）；包装：标贴尺寸：80x16mm
塑料盒盖用 红色【tools/ziliao/extract_price_seeds.mjs 自动抽取·历史成交价·待甲方核对】"
安宝公司,割嘴1-101 0# 产品号码6023,13.80,CNY,2025-12-03,,contract,来源文件：ziliao/安宝公司/美国FRONNY/订单/2025/AB251327 出口产品供需合同-一洲.xls（工作表 订单 第 11 行；合同号 AB25 1327；抬头需方 宁波安宝国际贸易有限公司；日期凭证：抬头签约时间）【tools/ziliao/extract_price_seeds.mjs 自动抽取·历史成交价·待甲方核对】
安宝公司,割嘴1-101 00# 产品号码6022,13.80,CNY,2025-12-03,,contract,来源文件：ziliao/安宝公司/美国FRONNY/订单/2025/AB251327 出口产品供需合同-一洲.xls（工作表 订单 第 10 行；合同号 AB25 1327；抬头需方 宁波安宝国际贸易有限公司；日期凭证：抬头签约时间）【tools/ziliao/extract_price_seeds.mjs 自动抽取·历史成交价·待甲方核对】
安宝公司,割嘴1-101 1# 产品号码6024,13.80,CNY,2025-12-03,,contract,来源文件：ziliao/安宝公司/美国FRONNY/订单/2025/AB251327 出口产品供需合同-一洲.xls（工作表 订单 第 12 行；合同号 AB25 1327；抬头需方 宁波安宝国际贸易有限公司；日期凭证：抬头签约时间）【tools/ziliao/extract_price_seeds.mjs 自动抽取·历史成交价·待甲方核对】
安宝公司,割嘴1-101 2# 产品号码6025,13.80,CNY,2025-12-03,,contract,来源文件：ziliao/安宝公司/美国FRONNY/订单/2025/AB251327 出口产品供需合同-一洲.xls（工作表 订单 第 13 行；合同号 AB25 1327；抬头需方 宁波安宝国际贸易有限公司；日期凭证：抬头签约时间）【tools/ziliao/extract_price_seeds.mjs 自动抽取·历史成交价·待甲方核对】
安宝公司,割嘴3-101 000# 产品号码6016,10.20,CNY,2025-12-03,,contract,来源文件：ziliao/安宝公司/美国FRONNY/订单/2025/AB251327 出口产品供需合同-一洲.xls（工作表 订单 第 7 行；合同号 AB25 1327；抬头需方 宁波安宝国际贸易有限公司；日期凭证：抬头签约时间）【tools/ziliao/extract_price_seeds.mjs 自动抽取·历史成交价·待甲方核对】
安宝公司,割嘴3-101 1# 产品号码6019,10.20,CNY,2025-12-03,,contract,来源文件：ziliao/安宝公司/美国FRONNY/订单/2025/AB251327 出口产品供需合同-一洲.xls（工作表 订单 第 8 行；合同号 AB25 1327；抬头需方 宁波安宝国际贸易有限公司；日期凭证：抬头签约时间）【tools/ziliao/extract_price_seeds.mjs 自动抽取·历史成交价·待甲方核对】
安宝公司,割嘴3-101 2# 产品号码6020,10.20,CNY,2025-12-03,,contract,来源文件：ziliao/安宝公司/美国FRONNY/订单/2025/AB251327 出口产品供需合同-一洲.xls（工作表 订单 第 9 行；合同号 AB25 1327；抬头需方 宁波安宝国际贸易有限公司；日期凭证：抬头签约时间）【tools/ziliao/extract_price_seeds.mjs 自动抽取·历史成交价·待甲方核对】
安宝公司,乙炔割嘴 1-101 #0 仿包装,14.00,CNY,2025-12-02,,contract,来源文件：ziliao/安宝公司/A. SH  AIR - OXY 里卡多/合同/2025/AB251200 出口产品供需合同-奉化一洲.xls（工作表 订单 第 8 行；合同号 AB25 1200返单AB25393；抬头需方 宁波安宝国际贸易有限公司；日期凭证：抬头签约时间）【tools/ziliao/extract_price_seeds.mjs 自动抽取·历史成交价·待甲方核对】
安宝公司,乙炔割嘴 1-101 #00 仿包装,14.00,CNY,2025-12-02,,contract,来源文件：ziliao/安宝公司/A. SH  AIR - OXY 里卡多/合同/2025/AB251200 出口产品供需合同-奉化一洲.xls（工作表 订单 第 7 行；合同号 AB25 1200返单AB25393；抬头需方 宁波安宝国际贸易有限公司；日期凭证：抬头签约时间）【tools/ziliao/extract_price_seeds.mjs 自动抽取·历史成交价·待甲方核对】
安宝公司,乙炔割嘴 1-101 #1 仿包装,14.00,CNY,2025-12-02,,contract,来源文件：ziliao/安宝公司/A. SH  AIR - OXY 里卡多/合同/2025/AB251200 出口产品供需合同-奉化一洲.xls（工作表 订单 第 9 行；合同号 AB25 1200返单AB25393；抬头需方 宁波安宝国际贸易有限公司；日期凭证：抬头签约时间）【tools/ziliao/extract_price_seeds.mjs 自动抽取·历史成交价·待甲方核对】
安宝公司,乙炔割嘴 1-101 #2 仿包装,14.00,CNY,2025-12-02,,contract,来源文件：ziliao/安宝公司/A. SH  AIR - OXY 里卡多/合同/2025/AB251200 出口产品供需合同-奉化一洲.xls（工作表 订单 第 10 行；合同号 AB25 1200返单AB25393；抬头需方 宁波安宝国际贸易有限公司；日期凭证：抬头签约时间）【tools/ziliao/extract_price_seeds.mjs 自动抽取·历史成交价·待甲方核对】
安宝公司,乙炔割嘴 1-101 #3 仿包装,14.00,CNY,2025-12-02,,contract,来源文件：ziliao/安宝公司/A. SH  AIR - OXY 里卡多/合同/2025/AB251200 出口产品供需合同-奉化一洲.xls（工作表 订单 第 11 行；合同号 AB25 1200返单AB25393；抬头需方 宁波安宝国际贸易有限公司；日期凭证：抬头签约时间）【tools/ziliao/extract_price_seeds.mjs 自动抽取·历史成交价·待甲方核对】
安宝公司,乙炔割嘴 1-101 #5 仿包装,14.00,CNY,2025-12-02,,contract,来源文件：ziliao/安宝公司/A. SH  AIR - OXY 里卡多/合同/2025/AB251200 出口产品供需合同-奉化一洲.xls（工作表 订单 第 12 行；合同号 AB25 1200返单AB25393；抬头需方 宁波安宝国际贸易有限公司；日期凭证：抬头签约时间）【tools/ziliao/extract_price_seeds.mjs 自动抽取·历史成交价·待甲方核对】
安宝公司,乙炔割嘴 1-101 #8 仿包装,14.00,CNY,2025-12-02,,contract,来源文件：ziliao/安宝公司/A. SH  AIR - OXY 里卡多/合同/2025/AB251200 出口产品供需合同-奉化一洲.xls（工作表 订单 第 13 行；合同号 AB25 1200返单AB25393；抬头需方 宁波安宝国际贸易有限公司；日期凭证：抬头签约时间）【tools/ziliao/extract_price_seeds.mjs 自动抽取·历史成交价·待甲方核对】
安宝公司,"澳大利亚款式乙炔 割嘴 41-08
刻字内容：如右图所示41  08",13.80,CNY,2025-11-26,,contract,"来源文件：ziliao/安宝公司/HARRIS 6290-2AC, 41 原装/41合同/AB251284 出口产品供需合同-奉化一洲.xls（工作表 订单 第 7 行；合同号 AB25 1284返单AB25505；抬头需方 宁波安宝国际贸易有限公司；日期凭证：抬头签约时间）【tools/ziliao/extract_price_seeds.mjs 自动抽取·历史成交价·待甲方核对】"
安宝公司,"澳大利亚款式乙炔 割嘴 41-12
刻字内容如图所示41  12",13.80,CNY,2025-11-26,,contract,"来源文件：ziliao/安宝公司/HARRIS 6290-2AC, 41 原装/41合同/AB251284 出口产品供需合同-奉化一洲.xls（工作表 订单 第 8 行；合同号 AB25 1284返单AB25505；抬头需方 宁波安宝国际贸易有限公司；日期凭证：抬头签约时间）【tools/ziliao/extract_price_seeds.mjs 自动抽取·历史成交价·待甲方核对】"
安宝公司,"乙炔割嘴 6290-1# 
包装：中性塑料盒",8.60,CNY,2025-11-25,,contract,"来源文件：ziliao/安宝公司/HQF 41 6290NX/41, NX, 6290/AB251256 6290价格只做这一次.xls（工作表 订单 第 7 行；合同号 AB25 1256；抬头需方 宁波安宝国际贸易有限公司；日期凭证：抬头签约时间）【tools/ziliao/extract_price_seeds.mjs 自动抽取·历史成交价·待甲方核对】"
安宝公司,"丙烷割嘴 GPN-1 71g
货号：4193",8.60,CNY,2025-11-19,,contract,"来源文件：ziliao/安宝公司/INFAR不干胶/INFRA合同/2025/ab251249 出口产品供需合同-奉化一洲.xls（工作表 Sheet1 第 25 行；合同号 AB25 1249返单AB251028；抬头需方 宁波安宝国际贸易有限公司；日期凭证：抬头签约时间）；包装：标贴尺寸：80x16mm
塑料盒盖用黑色【tools/ziliao/extract_price_seeds.mjs 自动抽取·历史成交价·待甲方核对】"
安宝公司,"丙烷割嘴 GPN-3 71g
货号：4195",8.60,CNY,2025-11-19,,contract,来源文件：ziliao/安宝公司/INFAR不干胶/INFRA合同/2025/ab251249 出口产品供需合同-奉化一洲.xls（工作表 Sheet1 第 26 行；合同号 AB25 1249返单AB251028；抬头需方 宁波安宝国际贸易有限公司；日期凭证：抬头签约时间）【tools/ziliao/extract_price_seeds.mjs 自动抽取·历史成交价·待甲方核对】
安宝公司,"乙炔割嘴1-101-1 82g
货号：4190",13.80,CNY,2025-11-19,,contract,"来源文件：ziliao/安宝公司/INFAR不干胶/INFRA合同/2025/ab251249 出口产品供需合同-奉化一洲.xls（工作表 Sheet1 第 23 行；合同号 AB25 1249返单AB251028；抬头需方 宁波安宝国际贸易有限公司；日期凭证：抬头签约时间）；包装：标贴尺寸：80x16mm
塑料盒盖用红色【tools/ziliao/extract_price_seeds.mjs 自动抽取·历史成交价·待甲方核对】"
安宝公司,"乙炔割嘴1-101-2 82g
货号：4191",13.80,CNY,2025-11-19,,contract,来源文件：ziliao/安宝公司/INFAR不干胶/INFRA合同/2025/ab251249 出口产品供需合同-奉化一洲.xls（工作表 Sheet1 第 24 行；合同号 AB25 1249返单AB251028；抬头需方 宁波安宝国际贸易有限公司；日期凭证：抬头签约时间）【tools/ziliao/extract_price_seeds.mjs 自动抽取·历史成交价·待甲方核对】
安宝公司,"HARRIS 丙烷割嘴6290-NX-0 53g
货号：4184",6.50,CNY,2025-11-19,,contract,"来源文件：ziliao/安宝公司/INFAR不干胶/INFRA合同/2025/ab251249 出口产品供需合同-奉化一洲.xls（工作表 Sheet1 第 19 行；合同号 AB25 1249返单AB251028；抬头需方 宁波安宝国际贸易有限公司；日期凭证：抬头签约时间）；包装：标贴尺寸：80x16mm
塑料盒盖用黑色【tools/ziliao/extract_price_seeds.mjs 自动抽取·历史成交价·待甲方核对】"
安宝公司,"HARRIS 丙烷割嘴6290-NX-1 53g
货号：4186",6.50,CNY,2025-11-19,,contract,来源文件：ziliao/安宝公司/INFAR不干胶/INFRA合同/2025/ab251249 出口产品供需合同-奉化一洲.xls（工作表 Sheet1 第 20 行；合同号 AB25 1249返单AB251028；抬头需方 宁波安宝国际贸易有限公司；日期凭证：抬头签约时间）【tools/ziliao/extract_price_seeds.mjs 自动抽取·历史成交价·待甲方核对】
安宝公司,"HARRIS 丙烷割嘴6290-NX-2 53g
货号：4187",6.50,CNY,2025-11-19,,contract,来源文件：ziliao/安宝公司/INFAR不干胶/INFRA合同/2025/ab251249 出口产品供需合同-奉化一洲.xls（工作表 Sheet1 第 21 行；合同号 AB25 1249返单AB251028；抬头需方 宁波安宝国际贸易有限公司；日期凭证：抬头签约时间）【tools/ziliao/extract_price_seeds.mjs 自动抽取·历史成交价·待甲方核对】
安宝公司,"HARRIS 丙烷割嘴6290-NX-3 53g
货号：4188",6.50,CNY,2025-11-19,,contract,来源文件：ziliao/安宝公司/INFAR不干胶/INFRA合同/2025/ab251249 出口产品供需合同-奉化一洲.xls（工作表 Sheet1 第 22 行；合同号 AB25 1249返单AB251028；抬头需方 宁波安宝国际贸易有限公司；日期凭证：抬头签约时间）【tools/ziliao/extract_price_seeds.mjs 自动抽取·历史成交价·待甲方核对】
安宝公司,"HARRIS 乙炔割嘴6290-2 55g
货号：4210",10.20,CNY,2025-11-19,,contract,"来源文件：ziliao/安宝公司/INFAR不干胶/INFRA合同/2025/ab251249 出口产品供需合同-奉化一洲.xls（工作表 Sheet1 第 27 行；合同号 AB25 1249返单AB251028；抬头需方 宁波安宝国际贸易有限公司；日期凭证：抬头签约时间）；包装：标贴尺寸：80x16mm
塑料盒盖用红色【tools/ziliao/extract_price_seeds.mjs 自动抽取·历史成交价·待甲方核对】"
安宝公司,"HARRIS 乙炔割嘴6290-3 55g
货号：4027",10.20,CNY,2025-11-19,,contract,来源文件：ziliao/安宝公司/INFAR不干胶/INFRA合同/2025/ab251249 出口产品供需合同-奉化一洲.xls（工作表 Sheet1 第 28 行；合同号 AB25 1249返单AB251028；抬头需方 宁波安宝国际贸易有限公司；日期凭证：抬头签约时间）【tools/ziliao/extract_price_seeds.mjs 自动抽取·历史成交价·待甲方核对】
安宝公司,"smith 丙烷割嘴 SC-50-A-0 93g
货号：4154",13.60,CNY,2025-11-19,,contract,"来源文件：ziliao/安宝公司/INFAR不干胶/INFRA合同/2025/ab251249 出口产品供需合同-奉化一洲.xls（工作表 Sheet1 第 13 行；合同号 AB25 1249返单AB251028；抬头需方 宁波安宝国际贸易有限公司；日期凭证：抬头签约时间）；包装：标贴尺寸：80x16mm
塑料盒盖用黑色【tools/ziliao/extract_price_seeds.mjs 自动抽取·历史成交价·待甲方核对】"
安宝公司,"smith 丙烷割嘴 SC-50-A-1 93g
货号：4157",13.60,CNY,2025-11-19,,contract,来源文件：ziliao/安宝公司/INFAR不干胶/INFRA合同/2025/ab251249 出口产品供需合同-奉化一洲.xls（工作表 Sheet1 第 14 行；合同号 AB25 1249返单AB251028；抬头需方 宁波安宝国际贸易有限公司；日期凭证：抬头签约时间）【tools/ziliao/extract_price_seeds.mjs 自动抽取·历史成交价·待甲方核对】
安宝公司,"smith 丙烷割嘴 SC-50-A-2 93g
货号：4158",13.60,CNY,2025-11-19,,contract,来源文件：ziliao/安宝公司/INFAR不干胶/INFRA合同/2025/ab251249 出口产品供需合同-奉化一洲.xls（工作表 Sheet1 第 15 行；合同号 AB25 1249返单AB251028；抬头需方 宁波安宝国际贸易有限公司；日期凭证：抬头签约时间）【tools/ziliao/extract_price_seeds.mjs 自动抽取·历史成交价·待甲方核对】
安宝公司,"smith 丙烷割嘴 SC-50-A-3 93g
货号：4161",13.60,CNY,2025-11-19,,contract,来源文件：ziliao/安宝公司/INFAR不干胶/INFRA合同/2025/ab251249 出口产品供需合同-奉化一洲.xls（工作表 Sheet1 第 16 行；合同号 AB25 1249返单AB251028；抬头需方 宁波安宝国际贸易有限公司；日期凭证：抬头签约时间）【tools/ziliao/extract_price_seeds.mjs 自动抽取·历史成交价·待甲方核对】
安宝公司,"smith 丙烷割嘴 SC-50-A-4 93g
货号：4162",13.60,CNY,2025-11-19,,contract,来源文件：ziliao/安宝公司/INFAR不干胶/INFRA合同/2025/ab251249 出口产品供需合同-奉化一洲.xls（工作表 Sheet1 第 17 行；合同号 AB25 1249返单AB251028；抬头需方 宁波安宝国际贸易有限公司；日期凭证：抬头签约时间）【tools/ziliao/extract_price_seeds.mjs 自动抽取·历史成交价·待甲方核对】
安宝公司,"smith 丙烷割嘴 SC-50-A-5 93g
货号：4163",13.05,CNY,2025-11-19,,contract,来源文件：ziliao/安宝公司/INFAR不干胶/INFRA合同/2025/ab251249 出口产品供需合同-奉化一洲.xls（工作表 Sheet1 第 18 行；合同号 AB25 1249返单AB251028；抬头需方 宁波安宝国际贸易有限公司；日期凭证：抬头签约时间）【tools/ziliao/extract_price_seeds.mjs 自动抽取·历史成交价·待甲方核对】
安宝公司,"smith 乙炔割嘴 SC-12-0 103g
货号：4133",16.35,CNY,2025-11-19,,contract,"来源文件：ziliao/安宝公司/INFAR不干胶/INFRA合同/2025/ab251249 出口产品供需合同-奉化一洲.xls（工作表 Sheet1 第 7 行；合同号 AB25 1249返单AB251028；抬头需方 宁波安宝国际贸易有限公司；日期凭证：抬头签约时间）；包装：标贴尺寸：80x16mm
塑料盒盖用红色

SC12重量102.7克【tools/ziliao/extract_price_seeds.mjs 自动抽取·历史成交价·待甲方核对】"
安宝公司,"smith 乙炔割嘴 SC-12-1 103g
货号：4134",16.35,CNY,2025-11-19,,contract,来源文件：ziliao/安宝公司/INFAR不干胶/INFRA合同/2025/ab251249 出口产品供需合同-奉化一洲.xls（工作表 Sheet1 第 8 行；合同号 AB25 1249返单AB251028；抬头需方 宁波安宝国际贸易有限公司；日期凭证：抬头签约时间）【tools/ziliao/extract_price_seeds.mjs 自动抽取·历史成交价·待甲方核对】
安宝公司,"smith 乙炔割嘴 SC-12-2 103g
货号：4136",16.35,CNY,2025-11-19,,contract,来源文件：ziliao/安宝公司/INFAR不干胶/INFRA合同/2025/ab251249 出口产品供需合同-奉化一洲.xls（工作表 Sheet1 第 9 行；合同号 AB25 1249返单AB251028；抬头需方 宁波安宝国际贸易有限公司；日期凭证：抬头签约时间）【tools/ziliao/extract_price_seeds.mjs 自动抽取·历史成交价·待甲方核对】
安宝公司,"smith 乙炔割嘴 SC-12-3 103g
货号：4137",16.35,CNY,2025-11-19,,contract,来源文件：ziliao/安宝公司/INFAR不干胶/INFRA合同/2025/ab251249 出口产品供需合同-奉化一洲.xls（工作表 Sheet1 第 10 行；合同号 AB25 1249返单AB251028；抬头需方 宁波安宝国际贸易有限公司；日期凭证：抬头签约时间）【tools/ziliao/extract_price_seeds.mjs 自动抽取·历史成交价·待甲方核对】
安宝公司,"smith 乙炔割嘴 SC-12-4 103g
货号：4138",16.35,CNY,2025-11-19,,contract,来源文件：ziliao/安宝公司/INFAR不干胶/INFRA合同/2025/ab251249 出口产品供需合同-奉化一洲.xls（工作表 Sheet1 第 11 行；合同号 AB25 1249返单AB251028；抬头需方 宁波安宝国际贸易有限公司；日期凭证：抬头签约时间）【tools/ziliao/extract_price_seeds.mjs 自动抽取·历史成交价·待甲方核对】
安宝公司,"smith 乙炔割嘴 SC-12-5 103g
货号：4151",16.35,CNY,2025-11-19,,contract,来源文件：ziliao/安宝公司/INFAR不干胶/INFRA合同/2025/ab251249 出口产品供需合同-奉化一洲.xls（工作表 Sheet1 第 12 行；合同号 AB25 1249返单AB251028；抬头需方 宁波安宝国际贸易有限公司；日期凭证：抬头签约时间）【tools/ziliao/extract_price_seeds.mjs 自动抽取·历史成交价·待甲方核对】
安宝公司,割嘴1-101 0# 产品号码6023,13.80,CNY,2025-11-12,,contract,来源文件：ziliao/安宝公司/美国FRONNY/订单/2025/AB251218 出口产品供需合同-一洲.xls（工作表 订单 第 10 行；合同号 AB25 1218；抬头需方 宁波安宝国际贸易有限公司；日期凭证：抬头签约时间）【tools/ziliao/extract_price_seeds.mjs 自动抽取·历史成交价·待甲方核对】
安宝公司,割嘴1-101 2# 产品号码6025,13.80,CNY,2025-11-12,,contract,来源文件：ziliao/安宝公司/美国FRONNY/订单/2025/AB251218 出口产品供需合同-一洲.xls（工作表 订单 第 11 行；合同号 AB25 1218；抬头需方 宁波安宝国际贸易有限公司；日期凭证：抬头签约时间）【tools/ziliao/extract_price_seeds.mjs 自动抽取·历史成交价·待甲方核对】
安宝公司,割嘴1-101 3# 产品号码6026,13.80,CNY,2025-11-12,,contract,来源文件：ziliao/安宝公司/美国FRONNY/订单/2025/AB251218 出口产品供需合同-一洲.xls（工作表 订单 第 12 行；合同号 AB25 1218；抬头需方 宁波安宝国际贸易有限公司；日期凭证：抬头签约时间）【tools/ziliao/extract_price_seeds.mjs 自动抽取·历史成交价·待甲方核对】
安宝公司,割嘴3-101 0# 产品号码6018,10.20,CNY,2025-11-12,,contract,来源文件：ziliao/安宝公司/美国FRONNY/订单/2025/AB251218 出口产品供需合同-一洲.xls（工作表 订单 第 7 行；合同号 AB25 1218；抬头需方 宁波安宝国际贸易有限公司；日期凭证：抬头签约时间）【tools/ziliao/extract_price_seeds.mjs 自动抽取·历史成交价·待甲方核对】
安宝公司,割嘴3-101 1# 产品号码6019,10.20,CNY,2025-11-12,,contract,来源文件：ziliao/安宝公司/美国FRONNY/订单/2025/AB251218 出口产品供需合同-一洲.xls（工作表 订单 第 8 行；合同号 AB25 1218；抬头需方 宁波安宝国际贸易有限公司；日期凭证：抬头签约时间）【tools/ziliao/extract_price_seeds.mjs 自动抽取·历史成交价·待甲方核对】
安宝公司,割嘴3-101 2# 产品号码6020,10.20,CNY,2025-11-12,,contract,来源文件：ziliao/安宝公司/美国FRONNY/订单/2025/AB251218 出口产品供需合同-一洲.xls（工作表 订单 第 9 行；合同号 AB25 1218；抬头需方 宁波安宝国际贸易有限公司；日期凭证：抬头签约时间）【tools/ziliao/extract_price_seeds.mjs 自动抽取·历史成交价·待甲方核对】
安宝公司,割嘴 6290-1# 产品号码6010,10.20,CNY,2025-10-30,,contract,来源文件：ziliao/安宝公司/美国FRONNY/订单/2025/AB251181 出口产品供需合同-一洲.xls（工作表 订单 第 7 行；合同号 AB25 1181；抬头需方 宁波安宝国际贸易有限公司；日期凭证：抬头签约时间）【tools/ziliao/extract_price_seeds.mjs 自动抽取·历史成交价·待甲方核对】
安宝公司,割嘴1-101 1# 产品号码6024,13.80,CNY,2025-10-30,,contract,来源文件：ziliao/安宝公司/美国FRONNY/订单/2025/AB251181 出口产品供需合同-一洲.xls（工作表 订单 第 12 行；合同号 AB25 1181；抬头需方 宁波安宝国际贸易有限公司；日期凭证：抬头签约时间）【tools/ziliao/extract_price_seeds.mjs 自动抽取·历史成交价·待甲方核对】
安宝公司,割嘴3-101 0# 产品号码6018,10.20,CNY,2025-10-30,,contract,来源文件：ziliao/安宝公司/美国FRONNY/订单/2025/AB251181 出口产品供需合同-一洲.xls（工作表 订单 第 9 行；合同号 AB25 1181；抬头需方 宁波安宝国际贸易有限公司；日期凭证：抬头签约时间）【tools/ziliao/extract_price_seeds.mjs 自动抽取·历史成交价·待甲方核对】
安宝公司,割嘴3-101 00# 产品号码6017,10.20,CNY,2025-10-30,,contract,来源文件：ziliao/安宝公司/美国FRONNY/订单/2025/AB251181 出口产品供需合同-一洲.xls（工作表 订单 第 8 行；合同号 AB25 1181；抬头需方 宁波安宝国际贸易有限公司；日期凭证：抬头签约时间）【tools/ziliao/extract_price_seeds.mjs 自动抽取·历史成交价·待甲方核对】
安宝公司,割嘴3-101 1# 产品号码6019,10.20,CNY,2025-10-30,,contract,来源文件：ziliao/安宝公司/美国FRONNY/订单/2025/AB251181 出口产品供需合同-一洲.xls（工作表 订单 第 10 行；合同号 AB25 1181；抬头需方 宁波安宝国际贸易有限公司；日期凭证：抬头签约时间）【tools/ziliao/extract_price_seeds.mjs 自动抽取·历史成交价·待甲方核对】
安宝公司,割嘴3-101 2# 产品号码6020,10.20,CNY,2025-10-30,,contract,来源文件：ziliao/安宝公司/美国FRONNY/订单/2025/AB251181 出口产品供需合同-一洲.xls（工作表 订单 第 11 行；合同号 AB25 1181；抬头需方 宁波安宝国际贸易有限公司；日期凭证：抬头签约时间）【tools/ziliao/extract_price_seeds.mjs 自动抽取·历史成交价·待甲方核对】
安宝公司,丙烷割嘴 GPN #00 仿包装,8.80,CNY,2025-10-28,,contract,来源文件：ziliao/安宝公司/A. SH  AIR - OXY 里卡多/合同/2025/AB251050 出口产品供需合同-奉化一洲.xls（工作表 Sheet1 第 7 行；合同号 AB25 1050返单AB25393；抬头需方 宁波安宝国际贸易有限公司；日期凭证：抬头签约时间）【tools/ziliao/extract_price_seeds.mjs 自动抽取·历史成交价·待甲方核对】
安宝公司,丙烷割嘴 GPN #1 仿包装,8.80,CNY,2025-10-28,,contract,来源文件：ziliao/安宝公司/A. SH  AIR - OXY 里卡多/合同/2025/AB251050 出口产品供需合同-奉化一洲.xls（工作表 Sheet1 第 8 行；合同号 AB25 1050返单AB25393；抬头需方 宁波安宝国际贸易有限公司；日期凭证：抬头签约时间）【tools/ziliao/extract_price_seeds.mjs 自动抽取·历史成交价·待甲方核对】
安宝公司,丙烷割嘴 GPN #2 仿包装,8.80,CNY,2025-10-28,,contract,来源文件：ziliao/安宝公司/A. SH  AIR - OXY 里卡多/合同/2025/AB251050 出口产品供需合同-奉化一洲.xls（工作表 Sheet1 第 9 行；合同号 AB25 1050返单AB25393；抬头需方 宁波安宝国际贸易有限公司；日期凭证：抬头签约时间）【tools/ziliao/extract_price_seeds.mjs 自动抽取·历史成交价·待甲方核对】
安宝公司,丙烷割嘴 GPN #3 仿包装,8.80,CNY,2025-10-28,,contract,来源文件：ziliao/安宝公司/A. SH  AIR - OXY 里卡多/合同/2025/AB251050 出口产品供需合同-奉化一洲.xls（工作表 Sheet1 第 10 行；合同号 AB25 1050返单AB25393；抬头需方 宁波安宝国际贸易有限公司；日期凭证：抬头签约时间）【tools/ziliao/extract_price_seeds.mjs 自动抽取·历史成交价·待甲方核对】
安宝公司,丙烷割嘴 GPN #4 仿包装,8.80,CNY,2025-10-28,,contract,来源文件：ziliao/安宝公司/A. SH  AIR - OXY 里卡多/合同/2025/AB251050 出口产品供需合同-奉化一洲.xls（工作表 Sheet1 第 11 行；合同号 AB25 1050返单AB25393；抬头需方 宁波安宝国际贸易有限公司；日期凭证：抬头签约时间）【tools/ziliao/extract_price_seeds.mjs 自动抽取·历史成交价·待甲方核对】
安宝公司,丙烷割嘴 GPN #5 仿包装,8.80,CNY,2025-10-28,,contract,来源文件：ziliao/安宝公司/A. SH  AIR - OXY 里卡多/合同/2025/AB251050 出口产品供需合同-奉化一洲.xls（工作表 Sheet1 第 12 行；合同号 AB25 1050返单AB25393；抬头需方 宁波安宝国际贸易有限公司；日期凭证：抬头签约时间）【tools/ziliao/extract_price_seeds.mjs 自动抽取·历史成交价·待甲方核对】
安宝公司,丙烷割嘴GPN #1  塑料盖贴：GPN-1,8.60,CNY,2025-10-28,,contract,来源文件：ziliao/安宝公司/A. SH  AIR - OXY 里卡多/合同/2025/AB251050 出口产品供需合同-奉化一洲.xls（工作表 Sheet1 第 24 行；合同号 AB25 1050返单AB25393；抬头需方 宁波安宝国际贸易有限公司；日期凭证：抬头签约时间）【tools/ziliao/extract_price_seeds.mjs 自动抽取·历史成交价·待甲方核对】
安宝公司,丙烷割嘴GPN #3  塑料盖贴：GPN-3,8.60,CNY,2025-10-28,,contract,来源文件：ziliao/安宝公司/A. SH  AIR - OXY 里卡多/合同/2025/AB251050 出口产品供需合同-奉化一洲.xls（工作表 Sheet1 第 25 行；合同号 AB25 1050返单AB25393；抬头需方 宁波安宝国际贸易有限公司；日期凭证：抬头签约时间）【tools/ziliao/extract_price_seeds.mjs 自动抽取·历史成交价·待甲方核对】
安宝公司,丙烷割嘴GPN #8  塑料盖贴：GPN-8,8.60,CNY,2025-10-28,,contract,来源文件：ziliao/安宝公司/A. SH  AIR - OXY 里卡多/合同/2025/AB251050 出口产品供需合同-奉化一洲.xls（工作表 Sheet1 第 26 行；合同号 AB25 1050返单AB25393；抬头需方 宁波安宝国际贸易有限公司；日期凭证：抬头签约时间）【tools/ziliao/extract_price_seeds.mjs 自动抽取·历史成交价·待甲方核对】
安宝公司,"乙炔割嘴 1-101 #0
塑料盖贴：1-101 0",13.80,CNY,2025-10-28,,contract,来源文件：ziliao/安宝公司/A. SH  AIR - OXY 里卡多/合同/2025/AB251050 出口产品供需合同-奉化一洲.xls（工作表 Sheet1 第 21 行；合同号 AB25 1050返单AB25393；抬头需方 宁波安宝国际贸易有限公司；日期凭证：抬头签约时间）【tools/ziliao/extract_price_seeds.mjs 自动抽取·历史成交价·待甲方核对】
安宝公司,乙炔割嘴 1-101 #0 仿包装,14.00,CNY,2025-10-28,,contract,来源文件：ziliao/安宝公司/A. SH  AIR - OXY 里卡多/合同/2025/AB251050 出口产品供需合同-奉化一洲.xls（工作表 Sheet1 第 15 行；合同号 AB25 1050返单AB25393；抬头需方 宁波安宝国际贸易有限公司；日期凭证：抬头签约时间）【tools/ziliao/extract_price_seeds.mjs 自动抽取·历史成交价·待甲方核对】
安宝公司,乙炔割嘴 1-101 #00 仿包装,14.00,CNY,2025-10-28,,contract,来源文件：ziliao/安宝公司/A. SH  AIR - OXY 里卡多/合同/2025/AB251050 出口产品供需合同-奉化一洲.xls（工作表 Sheet1 第 14 行；合同号 AB25 1050返单AB25393；抬头需方 宁波安宝国际贸易有限公司；日期凭证：抬头签约时间）【tools/ziliao/extract_price_seeds.mjs 自动抽取·历史成交价·待甲方核对】
安宝公司,乙炔割嘴 1-101 #1 仿包装,14.00,CNY,2025-10-28,,contract,来源文件：ziliao/安宝公司/A. SH  AIR - OXY 里卡多/合同/2025/AB251050 出口产品供需合同-奉化一洲.xls（工作表 Sheet1 第 16 行；合同号 AB25 1050返单AB25393；抬头需方 宁波安宝国际贸易有限公司；日期凭证：抬头签约时间）【tools/ziliao/extract_price_seeds.mjs 自动抽取·历史成交价·待甲方核对】
安宝公司,"乙炔割嘴 1-101 #2
塑料盖贴：1-101 2",13.80,CNY,2025-10-28,,contract,来源文件：ziliao/安宝公司/A. SH  AIR - OXY 里卡多/合同/2025/AB251050 出口产品供需合同-奉化一洲.xls（工作表 Sheet1 第 22 行；合同号 AB25 1050返单AB25393；抬头需方 宁波安宝国际贸易有限公司；日期凭证：抬头签约时间）【tools/ziliao/extract_price_seeds.mjs 自动抽取·历史成交价·待甲方核对】
安宝公司,乙炔割嘴 1-101 #2 仿包装,14.00,CNY,2025-10-28,,contract,来源文件：ziliao/安宝公司/A. SH  AIR - OXY 里卡多/合同/2025/AB251050 出口产品供需合同-奉化一洲.xls（工作表 Sheet1 第 17 行；合同号 AB25 1050返单AB25393；抬头需方 宁波安宝国际贸易有限公司；日期凭证：抬头签约时间）【tools/ziliao/extract_price_seeds.mjs 自动抽取·历史成交价·待甲方核对】
安宝公司,"乙炔割嘴 1-101 #3
塑料盖贴：1-101 3",13.80,CNY,2025-10-28,,contract,来源文件：ziliao/安宝公司/A. SH  AIR - OXY 里卡多/合同/2025/AB251050 出口产品供需合同-奉化一洲.xls（工作表 Sheet1 第 23 行；合同号 AB25 1050返单AB25393；抬头需方 宁波安宝国际贸易有限公司；日期凭证：抬头签约时间）【tools/ziliao/extract_price_seeds.mjs 自动抽取·历史成交价·待甲方核对】
安宝公司,乙炔割嘴 1-101 #3 仿包装,14.00,CNY,2025-10-28,,contract,来源文件：ziliao/安宝公司/A. SH  AIR - OXY 里卡多/合同/2025/AB251050 出口产品供需合同-奉化一洲.xls（工作表 Sheet1 第 18 行；合同号 AB25 1050返单AB25393；抬头需方 宁波安宝国际贸易有限公司；日期凭证：抬头签约时间）【tools/ziliao/extract_price_seeds.mjs 自动抽取·历史成交价·待甲方核对】
安宝公司,乙炔割嘴 1-101 #5 仿包装,14.00,CNY,2025-10-28,,contract,来源文件：ziliao/安宝公司/A. SH  AIR - OXY 里卡多/合同/2025/AB251050 出口产品供需合同-奉化一洲.xls（工作表 Sheet1 第 19 行；合同号 AB25 1050返单AB25393；抬头需方 宁波安宝国际贸易有限公司；日期凭证：抬头签约时间）【tools/ziliao/extract_price_seeds.mjs 自动抽取·历史成交价·待甲方核对】
安宝公司,乙炔割嘴 1-101 #8 仿包装,14.00,CNY,2025-10-28,,contract,来源文件：ziliao/安宝公司/A. SH  AIR - OXY 里卡多/合同/2025/AB251050 出口产品供需合同-奉化一洲.xls（工作表 Sheet1 第 20 行；合同号 AB25 1050返单AB25393；抬头需方 宁波安宝国际贸易有限公司；日期凭证：抬头签约时间）【tools/ziliao/extract_price_seeds.mjs 自动抽取·历史成交价·待甲方核对】
安宝公司,"乙炔割嘴 164 #0 重86克
塑料盖贴：164-0

返单AB23504合同",13.80,CNY,2025-10-28,,contract,来源文件：ziliao/安宝公司/A. SH  AIR - OXY 里卡多/合同/2025/AB251050 出口产品供需合同-奉化一洲.xls（工作表 Sheet1 第 27 行；合同号 AB25 1050返单AB25393；抬头需方 宁波安宝国际贸易有限公司；日期凭证：抬头签约时间）【tools/ziliao/extract_price_seeds.mjs 自动抽取·历史成交价·待甲方核对】
安宝公司,"PNME割嘴 229 #1 塑料盖贴：229-1
重74克",8.15,CNY,2025-10-28,,contract,"来源文件：ziliao/安宝公司/A. SH  AIR - OXY 里卡多/合同/2025/AB251050 出口产品供需合同-奉化一洲.xls（工作表 Sheet1 第 13 行；合同号 AB25 1050返单AB25393；抬头需方 宁波安宝国际贸易有限公司；日期凭证：抬头签约时间）；包装：PNME嘴外套刻字是229及型号，东西是PNME标贴是229
按返单AB24 224【tools/ziliao/extract_price_seeds.mjs 自动抽取·历史成交价·待甲方核对】"
安宝公司,内嘴 P6 刻字内容规格与型号 如右图,4.00,CNY,2025-10-21,,contract,来源文件：ziliao/安宝公司/旧订单资料/REDIUS俄罗斯/DOKA PNM/DOKA 订单/AB251115 出口产品供需合同-一洲.xls（工作表 订单 第 7 行；合同号 AB25 1115；抬头需方 宁波安宝国际贸易有限公司；日期凭证：抬头签约时间）【tools/ziliao/extract_price_seeds.mjs 自动抽取·历史成交价·待甲方核对】
安宝公司,内嘴 P0 刻字内容规格与型号 如右图,3.40,CNY,2025-10-20,,contract,来源文件：ziliao/安宝公司/旧订单资料/REDIUS俄罗斯/DOKA PNM/DOKA 订单/AB251096.xls（工作表 订单 第 14 行；合同号 AB25 1096；抬头需方 宁波安宝国际贸易有限公司；日期凭证：抬头签约时间）【tools/ziliao/extract_price_seeds.mjs 自动抽取·历史成交价·待甲方核对】
安宝公司,内嘴 P1 刻字内容规格与型号 如右图,3.40,CNY,2025-10-20,,contract,来源文件：ziliao/安宝公司/旧订单资料/REDIUS俄罗斯/DOKA PNM/DOKA 订单/AB251096.xls（工作表 订单 第 15 行；合同号 AB25 1096；抬头需方 宁波安宝国际贸易有限公司；日期凭证：抬头签约时间）【tools/ziliao/extract_price_seeds.mjs 自动抽取·历史成交价·待甲方核对】
安宝公司,内嘴 P2 刻字内容规格与型号 如右图,3.40,CNY,2025-10-20,,contract,来源文件：ziliao/安宝公司/旧订单资料/REDIUS俄罗斯/DOKA PNM/DOKA 订单/AB251096.xls（工作表 订单 第 16 行；合同号 AB25 1096；抬头需方 宁波安宝国际贸易有限公司；日期凭证：抬头签约时间）【tools/ziliao/extract_price_seeds.mjs 自动抽取·历史成交价·待甲方核对】
安宝公司,内嘴 P3 刻字内容规格与型号 如右图,3.40,CNY,2025-10-20,,contract,来源文件：ziliao/安宝公司/旧订单资料/REDIUS俄罗斯/DOKA PNM/DOKA 订单/AB251096.xls（工作表 订单 第 17 行；合同号 AB25 1096；抬头需方 宁波安宝国际贸易有限公司；日期凭证：抬头签约时间）【tools/ziliao/extract_price_seeds.mjs 自动抽取·历史成交价·待甲方核对】
安宝公司,内嘴 P4 刻字内容规格与型号 如右图,3.40,CNY,2025-10-20,,contract,来源文件：ziliao/安宝公司/旧订单资料/REDIUS俄罗斯/DOKA PNM/DOKA 订单/AB251096.xls（工作表 订单 第 18 行；合同号 AB25 1096；抬头需方 宁波安宝国际贸易有限公司；日期凭证：抬头签约时间）【tools/ziliao/extract_price_seeds.mjs 自动抽取·历史成交价·待甲方核对】
安宝公司,内嘴 P5 刻字内容规格与型号 如右图,3.40,CNY,2025-10-20,,contract,来源文件：ziliao/安宝公司/旧订单资料/REDIUS俄罗斯/DOKA PNM/DOKA 订单/AB251096.xls（工作表 订单 第 19 行；合同号 AB25 1096；抬头需方 宁波安宝国际贸易有限公司；日期凭证：抬头签约时间）【tools/ziliao/extract_price_seeds.mjs 自动抽取·历史成交价·待甲方核对】
安宝公司,内嘴 P6 刻字内容规格与型号 如右图,3.40,CNY,2025-10-20,,contract,来源文件：ziliao/安宝公司/旧订单资料/REDIUS俄罗斯/DOKA PNM/DOKA 订单/AB251096.xls（工作表 订单 第 20 行；合同号 AB25 1096；抬头需方 宁波安宝国际贸易有限公司；日期凭证：抬头签约时间）【tools/ziliao/extract_price_seeds.mjs 自动抽取·历史成交价·待甲方核对】
安宝公司,外嘴 PNM 1# 刻字内容规格与型号 如图,3.60,CNY,2025-10-20,,contract,来源文件：ziliao/安宝公司/旧订单资料/REDIUS俄罗斯/DOKA PNM/DOKA 订单/AB251096.xls（工作表 订单 第 21 行；合同号 AB25 1096；抬头需方 宁波安宝国际贸易有限公司；日期凭证：抬头签约时间）【tools/ziliao/extract_price_seeds.mjs 自动抽取·历史成交价·待甲方核对】
安宝公司,外嘴 PNM 2# 刻字内容规格与型号 如图,3.60,CNY,2025-10-20,,contract,来源文件：ziliao/安宝公司/旧订单资料/REDIUS俄罗斯/DOKA PNM/DOKA 订单/AB251096.xls（工作表 订单 第 22 行；合同号 AB25 1096；抬头需方 宁波安宝国际贸易有限公司；日期凭证：抬头签约时间）【tools/ziliao/extract_price_seeds.mjs 自动抽取·历史成交价·待甲方核对】
安宝公司,"乙炔割嘴 ANM 0# 
刻字内容：规格与型号",13.20,CNY,2025-10-20,,contract,来源文件：ziliao/安宝公司/旧订单资料/REDIUS俄罗斯/DOKA PNM/DOKA 订单/AB251096.xls（工作表 订单 第 7 行；合同号 AB25 1096；抬头需方 宁波安宝国际贸易有限公司；日期凭证：抬头签约时间）【tools/ziliao/extract_price_seeds.mjs 自动抽取·历史成交价·待甲方核对】
安宝公司,"乙炔割嘴 ANM 1# 
刻字内容：规格与型号",13.20,CNY,2025-10-20,,contract,来源文件：ziliao/安宝公司/旧订单资料/REDIUS俄罗斯/DOKA PNM/DOKA 订单/AB251096.xls（工作表 订单 第 8 行；合同号 AB25 1096；抬头需方 宁波安宝国际贸易有限公司；日期凭证：抬头签约时间）【tools/ziliao/extract_price_seeds.mjs 自动抽取·历史成交价·待甲方核对】
安宝公司,"乙炔割嘴 ANM 2# 
刻字内容：规格与型号",13.20,CNY,2025-10-20,,contract,来源文件：ziliao/安宝公司/旧订单资料/REDIUS俄罗斯/DOKA PNM/DOKA 订单/AB251096.xls（工作表 订单 第 9 行；合同号 AB25 1096；抬头需方 宁波安宝国际贸易有限公司；日期凭证：抬头签约时间）【tools/ziliao/extract_price_seeds.mjs 自动抽取·历史成交价·待甲方核对】
安宝公司,"乙炔割嘴 ANM 3# 
刻字内容：规格与型号",13.20,CNY,2025-10-20,,contract,来源文件：ziliao/安宝公司/旧订单资料/REDIUS俄罗斯/DOKA PNM/DOKA 订单/AB251096.xls（工作表 订单 第 10 行；合同号 AB25 1096；抬头需方 宁波安宝国际贸易有限公司；日期凭证：抬头签约时间）【tools/ziliao/extract_price_seeds.mjs 自动抽取·历史成交价·待甲方核对】
安宝公司,"乙炔割嘴 ANM 4# 
刻字内容：规格与型号",13.20,CNY,2025-10-20,,contract,来源文件：ziliao/安宝公司/旧订单资料/REDIUS俄罗斯/DOKA PNM/DOKA 订单/AB251096.xls（工作表 订单 第 11 行；合同号 AB25 1096；抬头需方 宁波安宝国际贸易有限公司；日期凭证：抬头签约时间）【tools/ziliao/extract_price_seeds.mjs 自动抽取·历史成交价·待甲方核对】
安宝公司,"乙炔割嘴 ANM 5# 
刻字内容：规格与型号",13.20,CNY,2025-10-20,,contract,来源文件：ziliao/安宝公司/旧订单资料/REDIUS俄罗斯/DOKA PNM/DOKA 订单/AB251096.xls（工作表 订单 第 12 行；合同号 AB25 1096；抬头需方 宁波安宝国际贸易有限公司；日期凭证：抬头签约时间）【tools/ziliao/extract_price_seeds.mjs 自动抽取·历史成交价·待甲方核对】
安宝公司,"乙炔割嘴 ANM 6# 
刻字内容：规格与型号",13.20,CNY,2025-10-20,,contract,来源文件：ziliao/安宝公司/旧订单资料/REDIUS俄罗斯/DOKA PNM/DOKA 订单/AB251096.xls（工作表 订单 第 13 行；合同号 AB25 1096；抬头需方 宁波安宝国际贸易有限公司；日期凭证：抬头签约时间）【tools/ziliao/extract_price_seeds.mjs 自动抽取·历史成交价·待甲方核对】
安宝公司,"澳大利亚款式乙炔 割嘴 41-12
刻字内容：如右图所示41  12",13.80,CNY,2025-10-15,,contract,"来源文件：ziliao/安宝公司/HARRIS 6290-2AC, 41 原装/41合同/ab251038 出口产品供需合同-奉化一洲.xls（工作表 订单 第 7 行；合同号 AB25 1038返单AB25505；抬头需方 宁波安宝国际贸易有限公司；日期凭证：抬头签约时间）；包装：散装：但需确保运输途中不能损坏。【tools/ziliao/extract_price_seeds.mjs 自动抽取·历史成交价·待甲方核对】"
安宝公司,"澳大利亚款式乙炔 割嘴 41-15
刻字内容如图所示41  15",13.80,CNY,2025-10-15,,contract,"来源文件：ziliao/安宝公司/HARRIS 6290-2AC, 41 原装/41合同/ab251038 出口产品供需合同-奉化一洲.xls（工作表 订单 第 8 行；合同号 AB25 1038返单AB25505；抬头需方 宁波安宝国际贸易有限公司；日期凭证：抬头签约时间）【tools/ziliao/extract_price_seeds.mjs 自动抽取·历史成交价·待甲方核对】"
安宝公司,丙烷割嘴 GPN #00 仿包装,8.80,CNY,2025-10-15,,contract,来源文件：ziliao/安宝公司/A. SH  AIR - OXY 里卡多/合同/2025/AB251050 出口产品供需合同-奉化一洲.xls（工作表 订单 第 7 行；合同号 AB25 1050返单AB25393；抬头需方 宁波安宝国际贸易有限公司；日期凭证：抬头签约时间）【tools/ziliao/extract_price_seeds.mjs 自动抽取·历史成交价·待甲方核对】
安宝公司,丙烷割嘴 GPN #1 仿包装,8.80,CNY,2025-10-15,,contract,来源文件：ziliao/安宝公司/A. SH  AIR - OXY 里卡多/合同/2025/AB251050 出口产品供需合同-奉化一洲.xls（工作表 订单 第 8 行；合同号 AB25 1050返单AB25393；抬头需方 宁波安宝国际贸易有限公司；日期凭证：抬头签约时间）【tools/ziliao/extract_price_seeds.mjs 自动抽取·历史成交价·待甲方核对】
安宝公司,丙烷割嘴 GPN #2 仿包装,8.80,CNY,2025-10-15,,contract,来源文件：ziliao/安宝公司/A. SH  AIR - OXY 里卡多/合同/2025/AB251050 出口产品供需合同-奉化一洲.xls（工作表 订单 第 9 行；合同号 AB25 1050返单AB25393；抬头需方 宁波安宝国际贸易有限公司；日期凭证：抬头签约时间）【tools/ziliao/extract_price_seeds.mjs 自动抽取·历史成交价·待甲方核对】
安宝公司,丙烷割嘴 GPN #3 仿包装,8.80,CNY,2025-10-15,,contract,来源文件：ziliao/安宝公司/A. SH  AIR - OXY 里卡多/合同/2025/AB251050 出口产品供需合同-奉化一洲.xls（工作表 订单 第 10 行；合同号 AB25 1050返单AB25393；抬头需方 宁波安宝国际贸易有限公司；日期凭证：抬头签约时间）【tools/ziliao/extract_price_seeds.mjs 自动抽取·历史成交价·待甲方核对】
安宝公司,丙烷割嘴 GPN #4 仿包装,8.80,CNY,2025-10-15,,contract,来源文件：ziliao/安宝公司/A. SH  AIR - OXY 里卡多/合同/2025/AB251050 出口产品供需合同-奉化一洲.xls（工作表 订单 第 11 行；合同号 AB25 1050返单AB25393；抬头需方 宁波安宝国际贸易有限公司；日期凭证：抬头签约时间）【tools/ziliao/extract_price_seeds.mjs 自动抽取·历史成交价·待甲方核对】
安宝公司,丙烷割嘴 GPN #5 仿包装,8.80,CNY,2025-10-15,,contract,来源文件：ziliao/安宝公司/A. SH  AIR - OXY 里卡多/合同/2025/AB251050 出口产品供需合同-奉化一洲.xls（工作表 订单 第 12 行；合同号 AB25 1050返单AB25393；抬头需方 宁波安宝国际贸易有限公司；日期凭证：抬头签约时间）【tools/ziliao/extract_price_seeds.mjs 自动抽取·历史成交价·待甲方核对】
安宝公司,"仿澳大利亚款式丙烷割嘴 44-12

包装：塑料盒+不干胶",9.30,CNY,2025-10-15,,contract,"来源文件：ziliao/安宝公司/HQF 41 6290NX/41, NX, 6290/ab251038.xls（工作表 订单 第 10 行；合同号 AB25 1038返单AB25505；抬头需方 宁波安宝国际贸易有限公司；日期凭证：抬头签约时间）；包装：44-12【tools/ziliao/extract_price_seeds.mjs 自动抽取·历史成交价·待甲方核对】"
安宝公司,"仿澳大利亚款式丙烷割嘴 44-15

包装：塑料盒+不干胶",9.30,CNY,2025-10-15,,contract,"来源文件：ziliao/安宝公司/HQF 41 6290NX/41, NX, 6290/ab251038.xls（工作表 订单 第 11 行；合同号 AB25 1038返单AB25505；抬头需方 宁波安宝国际贸易有限公司；日期凭证：抬头签约时间）；包装：44-15【tools/ziliao/extract_price_seeds.mjs 自动抽取·历史成交价·待甲方核对】"
安宝公司,"仿澳大利亚款式丙烷割嘴 44-20

包装：塑料盒+不干胶",9.30,CNY,2025-10-15,,contract,"来源文件：ziliao/安宝公司/HQF 41 6290NX/41, NX, 6290/ab251038.xls（工作表 订单 第 12 行；合同号 AB25 1038返单AB25505；抬头需方 宁波安宝国际贸易有限公司；日期凭证：抬头签约时间）；包装：44-20【tools/ziliao/extract_price_seeds.mjs 自动抽取·历史成交价·待甲方核对】"
安宝公司,"仿澳大利亚款式丙烷割嘴 44-8

包装：塑料盒+不干胶",9.30,CNY,2025-10-15,,contract,"来源文件：ziliao/安宝公司/HQF 41 6290NX/41, NX, 6290/ab251038.xls（工作表 订单 第 9 行；合同号 AB25 1038返单AB25505；抬头需方 宁波安宝国际贸易有限公司；日期凭证：抬头签约时间）；包装：44-8【tools/ziliao/extract_price_seeds.mjs 自动抽取·历史成交价·待甲方核对】"
安宝公司,"仿澳大利亚款式乙炔 割嘴 41-12

包装：塑料盒+不干胶 返单AB241160",13.80,CNY,2025-10-15,,contract,"来源文件：ziliao/安宝公司/HQF 41 6290NX/41, NX, 6290/ab251038.xls（工作表 订单 第 14 行；合同号 AB25 1038返单AB25505；抬头需方 宁波安宝国际贸易有限公司；日期凭证：抬头签约时间）；包装：41-12【tools/ziliao/extract_price_seeds.mjs 自动抽取·历史成交价·待甲方核对】"
安宝公司,"仿澳大利亚款式乙炔 割嘴 41-15

包装：塑料盒+不干胶 返单AB241160",13.80,CNY,2025-10-15,,contract,"来源文件：ziliao/安宝公司/HQF 41 6290NX/41, NX, 6290/ab251038.xls（工作表 订单 第 15 行；合同号 AB25 1038返单AB25505；抬头需方 宁波安宝国际贸易有限公司；日期凭证：抬头签约时间）；包装：41-15【tools/ziliao/extract_price_seeds.mjs 自动抽取·历史成交价·待甲方核对】"
安宝公司,"仿澳大利亚款式乙炔 割嘴 41-20

包装：塑料盒+不干胶 返单AB241160",13.80,CNY,2025-10-15,,contract,"来源文件：ziliao/安宝公司/HQF 41 6290NX/41, NX, 6290/ab251038.xls（工作表 订单 第 16 行；合同号 AB25 1038返单AB25505；抬头需方 宁波安宝国际贸易有限公司；日期凭证：抬头签约时间）；包装：41-20【tools/ziliao/extract_price_seeds.mjs 自动抽取·历史成交价·待甲方核对】"
安宝公司,"仿澳大利亚款式乙炔 割嘴 41-8

包装：塑料盒+不干胶 返单AB241160",13.80,CNY,2025-10-15,,contract,"来源文件：ziliao/安宝公司/HQF 41 6290NX/41, NX, 6290/ab251038.xls（工作表 订单 第 13 行；合同号 AB25 1038返单AB25505；抬头需方 宁波安宝国际贸易有限公司；日期凭证：抬头签约时间）；包装：41-8【tools/ziliao/extract_price_seeds.mjs 自动抽取·历史成交价·待甲方核对】"
安宝公司,乙炔割嘴 1-101 #0 仿包装,14.00,CNY,2025-10-15,,contract,来源文件：ziliao/安宝公司/A. SH  AIR - OXY 里卡多/合同/2025/AB251050 出口产品供需合同-奉化一洲.xls（工作表 订单 第 14 行；合同号 AB25 1050返单AB25393；抬头需方 宁波安宝国际贸易有限公司；日期凭证：抬头签约时间）【tools/ziliao/extract_price_seeds.mjs 自动抽取·历史成交价·待甲方核对】
安宝公司,乙炔割嘴 1-101 #00 仿包装,14.00,CNY,2025-10-15,,contract,来源文件：ziliao/安宝公司/A. SH  AIR - OXY 里卡多/合同/2025/AB251050 出口产品供需合同-奉化一洲.xls（工作表 订单 第 13 行；合同号 AB25 1050返单AB25393；抬头需方 宁波安宝国际贸易有限公司；日期凭证：抬头签约时间）【tools/ziliao/extract_price_seeds.mjs 自动抽取·历史成交价·待甲方核对】
安宝公司,乙炔割嘴 1-101 #1 仿包装,14.00,CNY,2025-10-15,,contract,来源文件：ziliao/安宝公司/A. SH  AIR - OXY 里卡多/合同/2025/AB251050 出口产品供需合同-奉化一洲.xls（工作表 订单 第 15 行；合同号 AB25 1050返单AB25393；抬头需方 宁波安宝国际贸易有限公司；日期凭证：抬头签约时间）【tools/ziliao/extract_price_seeds.mjs 自动抽取·历史成交价·待甲方核对】
安宝公司,乙炔割嘴 1-101 #2 仿包装,14.00,CNY,2025-10-15,,contract,来源文件：ziliao/安宝公司/A. SH  AIR - OXY 里卡多/合同/2025/AB251050 出口产品供需合同-奉化一洲.xls（工作表 订单 第 16 行；合同号 AB25 1050返单AB25393；抬头需方 宁波安宝国际贸易有限公司；日期凭证：抬头签约时间）【tools/ziliao/extract_price_seeds.mjs 自动抽取·历史成交价·待甲方核对】
安宝公司,乙炔割嘴 1-101 #3 仿包装,14.00,CNY,2025-10-15,,contract,来源文件：ziliao/安宝公司/A. SH  AIR - OXY 里卡多/合同/2025/AB251050 出口产品供需合同-奉化一洲.xls（工作表 订单 第 17 行；合同号 AB25 1050返单AB25393；抬头需方 宁波安宝国际贸易有限公司；日期凭证：抬头签约时间）【tools/ziliao/extract_price_seeds.mjs 自动抽取·历史成交价·待甲方核对】
安宝公司,乙炔割嘴 1-101 #5 仿包装,14.00,CNY,2025-10-15,,contract,来源文件：ziliao/安宝公司/A. SH  AIR - OXY 里卡多/合同/2025/AB251050 出口产品供需合同-奉化一洲.xls（工作表 订单 第 18 行；合同号 AB25 1050返单AB25393；抬头需方 宁波安宝国际贸易有限公司；日期凭证：抬头签约时间）【tools/ziliao/extract_price_seeds.mjs 自动抽取·历史成交价·待甲方核对】
安宝公司,乙炔割嘴 1-101 #8 仿包装,14.00,CNY,2025-10-15,,contract,来源文件：ziliao/安宝公司/A. SH  AIR - OXY 里卡多/合同/2025/AB251050 出口产品供需合同-奉化一洲.xls（工作表 订单 第 19 行；合同号 AB25 1050返单AB25393；抬头需方 宁波安宝国际贸易有限公司；日期凭证：抬头签约时间）【tools/ziliao/extract_price_seeds.mjs 自动抽取·历史成交价·待甲方核对】
安宝公司,"乙炔割嘴 164 #0 重86克
塑料盖贴：164-0

返单AB23504合同",13.80,CNY,2025-10-15,,contract,来源文件：ziliao/安宝公司/A. SH  AIR - OXY 里卡多/合同/2025/AB251050 出口产品供需合同-奉化一洲.xls（工作表 订单 第 20 行；合同号 AB25 1050返单AB25393；抬头需方 宁波安宝国际贸易有限公司；日期凭证：抬头签约时间）【tools/ziliao/extract_price_seeds.mjs 自动抽取·历史成交价·待甲方核对】
安宝公司,割嘴 6290-1# 产品号码6010,9.68,CNY,2025-10-14,,contract,来源文件：ziliao/安宝公司/美国FRONNY/订单/2025/AB251034 出口产品供需合同-一洲.xls（工作表 订单 第 7 行；合同号 AB25 1034；抬头需方 宁波安宝国际贸易有限公司；日期凭证：抬头签约时间）【tools/ziliao/extract_price_seeds.mjs 自动抽取·历史成交价·待甲方核对】
安宝公司,WS62902乙炔割嘴 6290-2,9.40,CNY,2025-10-11,,contract,"来源文件：ziliao/安宝公司/Weldsolutions不干胶/合同/2025/AB251029 出口产品供需合同-奉化一洲.xls（工作表 Sheet2 第 7 行；合同号 AB25 1029返单AB24255；抬头需方 宁波安宝国际贸易有限公司；日期凭证：抬头签约时间）；包装：标贴尺寸：80x16mm
塑料盒盖用 红色【tools/ziliao/extract_price_seeds.mjs 自动抽取·历史成交价·待甲方核对】"
安宝公司,WS6290NX1丙烷割嘴 6290-NX-1,6.10,CNY,2025-10-11,,contract,"来源文件：ziliao/安宝公司/Weldsolutions不干胶/合同/2025/AB251029 出口产品供需合同-奉化一洲.xls（工作表 Sheet2 第 9 行；合同号 AB25 1029返单AB24255；抬头需方 宁波安宝国际贸易有限公司；日期凭证：抬头签约时间）；包装：标贴尺寸：80x16mm
塑料盒盖用 深蓝色【tools/ziliao/extract_price_seeds.mjs 自动抽取·历史成交价·待甲方核对】"
安宝公司,WS6290NX2丙烷割嘴 6290-NX-2,6.10,CNY,2025-10-11,,contract,来源文件：ziliao/安宝公司/Weldsolutions不干胶/合同/2025/AB251029 出口产品供需合同-奉化一洲.xls（工作表 Sheet2 第 10 行；合同号 AB25 1029返单AB24255；抬头需方 宁波安宝国际贸易有限公司；日期凭证：抬头签约时间）【tools/ziliao/extract_price_seeds.mjs 自动抽取·历史成交价·待甲方核对】
安宝公司,WSSC122乙炔割嘴 SC-12-2,15.10,CNY,2025-10-11,,contract,"来源文件：ziliao/安宝公司/Weldsolutions不干胶/合同/2025/AB251029 出口产品供需合同-奉化一洲.xls（工作表 Sheet2 第 8 行；合同号 AB25 1029返单AB24255；抬头需方 宁波安宝国际贸易有限公司；日期凭证：抬头签约时间）；包装：标贴尺寸：80x16mm
塑料盒盖用 红色【tools/ziliao/extract_price_seeds.mjs 自动抽取·历史成交价·待甲方核对】"
安宝公司,WSSC502丙烷割嘴 SC-50-2,13.05,CNY,2025-10-11,,contract,"来源文件：ziliao/安宝公司/Weldsolutions不干胶/合同/2025/AB251029 出口产品供需合同-奉化一洲.xls（工作表 Sheet2 第 11 行；合同号 AB25 1029返单AB24255；抬头需方 宁波安宝国际贸易有限公司；日期凭证：抬头签约时间）；包装：标贴尺寸：80x16mm
塑料盒盖用深蓝色【tools/ziliao/extract_price_seeds.mjs 自动抽取·历史成交价·待甲方核对】"
安宝公司,"丙烷割嘴 GPN-1 71g
货号：4193",8.20,CNY,2025-10-09,,contract,"来源文件：ziliao/安宝公司/INFAR不干胶/INFRA合同/2025/ab251028 出口产品供需合同-奉化一洲.xls（工作表 Sheet1 第 13 行；合同号 AB25 1028返单AB25875；抬头需方 宁波安宝国际贸易有限公司；日期凭证：抬头签约时间）；包装：标贴尺寸：80x16mm
塑料盒盖用黑色【tools/ziliao/extract_price_seeds.mjs 自动抽取·历史成交价·待甲方核对】"
安宝公司,"丙烷割嘴 GPN-2 71g
货号：4194",8.20,CNY,2025-10-09,,contract,来源文件：ziliao/安宝公司/INFAR不干胶/INFRA合同/2025/ab251028 出口产品供需合同-奉化一洲.xls（工作表 Sheet1 第 14 行；合同号 AB25 1028返单AB25875；抬头需方 宁波安宝国际贸易有限公司；日期凭证：抬头签约时间）【tools/ziliao/extract_price_seeds.mjs 自动抽取·历史成交价·待甲方核对】
安宝公司,"HARRIS 丙烷割嘴6290-NX-2 53g
货号：4187",6.10,CNY,2025-10-09,,contract,"来源文件：ziliao/安宝公司/INFAR不干胶/INFRA合同/2025/ab251028 出口产品供需合同-奉化一洲.xls（工作表 Sheet1 第 12 行；合同号 AB25 1028返单AB25875；抬头需方 宁波安宝国际贸易有限公司；日期凭证：抬头签约时间）；包装：标贴尺寸：80x16mm
塑料盒盖用黑色【tools/ziliao/extract_price_seeds.mjs 自动抽取·历史成交价·待甲方核对】"
安宝公司,"HARRIS 乙炔割嘴6290-0 55g
货号：4207",9.40,CNY,2025-10-09,,contract,"来源文件：ziliao/安宝公司/INFAR不干胶/INFRA合同/2025/ab251028 出口产品供需合同-奉化一洲.xls（工作表 Sheet1 第 15 行；合同号 AB25 1028返单AB25875；抬头需方 宁波安宝国际贸易有限公司；日期凭证：抬头签约时间）；包装：标贴尺寸：80x16mm
塑料盒盖用红色【tools/ziliao/extract_price_seeds.mjs 自动抽取·历史成交价·待甲方核对】"
安宝公司,"HARRIS 乙炔割嘴6290-2 55g
货号：4210",9.40,CNY,2025-10-09,,contract,来源文件：ziliao/安宝公司/INFAR不干胶/INFRA合同/2025/ab251028 出口产品供需合同-奉化一洲.xls（工作表 Sheet1 第 16 行；合同号 AB25 1028返单AB25875；抬头需方 宁波安宝国际贸易有限公司；日期凭证：抬头签约时间）【tools/ziliao/extract_price_seeds.mjs 自动抽取·历史成交价·待甲方核对】
安宝公司,"smith 丙烷割嘴 SC-50-A-2 93g
货号：4158",13.05,CNY,2025-10-09,,contract,"来源文件：ziliao/安宝公司/INFAR不干胶/INFRA合同/2025/ab251028 出口产品供需合同-奉化一洲.xls（工作表 Sheet1 第 10 行；合同号 AB25 1028返单AB25875；抬头需方 宁波安宝国际贸易有限公司；日期凭证：抬头签约时间）；包装：标贴尺寸：80x16mm
塑料盒盖用黑色【tools/ziliao/extract_price_seeds.mjs 自动抽取·历史成交价·待甲方核对】"
安宝公司,"smith 丙烷割嘴 SC-50-A-3 93g
货号：4161",13.05,CNY,2025-10-09,,contract,来源文件：ziliao/安宝公司/INFAR不干胶/INFRA合同/2025/ab251028 出口产品供需合同-奉化一洲.xls（工作表 Sheet1 第 11 行；合同号 AB25 1028返单AB25875；抬头需方 宁波安宝国际贸易有限公司；日期凭证：抬头签约时间）【tools/ziliao/extract_price_seeds.mjs 自动抽取·历史成交价·待甲方核对】
安宝公司,"smith 乙炔割嘴 SC-12-0 103g
货号：4133",15.10,CNY,2025-10-09,,contract,"来源文件：ziliao/安宝公司/INFAR不干胶/INFRA合同/2025/ab251028 出口产品供需合同-奉化一洲.xls（工作表 Sheet1 第 7 行；合同号 AB25 1028返单AB25875；抬头需方 宁波安宝国际贸易有限公司；日期凭证：抬头签约时间）；包装：标贴尺寸：80x16mm
塑料盒盖用红色

SC12重量102.7克【tools/ziliao/extract_price_seeds.mjs 自动抽取·历史成交价·待甲方核对】"
安宝公司,"smith 乙炔割嘴 SC-12-2 103g
货号：4136",15.10,CNY,2025-10-09,,contract,来源文件：ziliao/安宝公司/INFAR不干胶/INFRA合同/2025/ab251028 出口产品供需合同-奉化一洲.xls（工作表 Sheet1 第 8 行；合同号 AB25 1028返单AB25875；抬头需方 宁波安宝国际贸易有限公司；日期凭证：抬头签约时间）【tools/ziliao/extract_price_seeds.mjs 自动抽取·历史成交价·待甲方核对】
安宝公司,"smith 乙炔割嘴 SC-12-3 103g
货号：4137",15.10,CNY,2025-10-09,,contract,来源文件：ziliao/安宝公司/INFAR不干胶/INFRA合同/2025/ab251028 出口产品供需合同-奉化一洲.xls（工作表 Sheet1 第 9 行；合同号 AB25 1028返单AB25875；抬头需方 宁波安宝国际贸易有限公司；日期凭证：抬头签约时间）【tools/ziliao/extract_price_seeds.mjs 自动抽取·历史成交价·待甲方核对】
安宝公司,割嘴1-101 00# 产品号码6022,13.20,CNY,2025-09-26,,contract,来源文件：ziliao/安宝公司/美国FRONNY/订单/2025/AB251014 出口产品供需合同-一洲.xls（工作表 订单 第 10 行；合同号 AB25 1014；抬头需方 宁波安宝国际贸易有限公司；日期凭证：抬头签约时间）【tools/ziliao/extract_price_seeds.mjs 自动抽取·历史成交价·待甲方核对】
安宝公司,割嘴1-101 1# 产品号码6024,13.20,CNY,2025-09-26,,contract,来源文件：ziliao/安宝公司/美国FRONNY/订单/2025/AB251014 出口产品供需合同-一洲.xls（工作表 订单 第 11 行；合同号 AB25 1014；抬头需方 宁波安宝国际贸易有限公司；日期凭证：抬头签约时间）【tools/ziliao/extract_price_seeds.mjs 自动抽取·历史成交价·待甲方核对】
安宝公司,割嘴1-101 2# 产品号码6025,13.20,CNY,2025-09-26,,contract,来源文件：ziliao/安宝公司/美国FRONNY/订单/2025/AB251014 出口产品供需合同-一洲.xls（工作表 订单 第 12 行；合同号 AB25 1014；抬头需方 宁波安宝国际贸易有限公司；日期凭证：抬头签约时间）【tools/ziliao/extract_price_seeds.mjs 自动抽取·历史成交价·待甲方核对】
安宝公司,割嘴1-101 3# 产品号码6026,13.20,CNY,2025-09-26,,contract,来源文件：ziliao/安宝公司/美国FRONNY/订单/2025/AB251014 出口产品供需合同-一洲.xls（工作表 订单 第 13 行；合同号 AB25 1014；抬头需方 宁波安宝国际贸易有限公司；日期凭证：抬头签约时间）【tools/ziliao/extract_price_seeds.mjs 自动抽取·历史成交价·待甲方核对】
安宝公司,割嘴3-101 0# 产品号码6018,9.68,CNY,2025-09-26,,contract,来源文件：ziliao/安宝公司/美国FRONNY/订单/2025/AB251014 出口产品供需合同-一洲.xls（工作表 订单 第 7 行；合同号 AB25 1014；抬头需方 宁波安宝国际贸易有限公司；日期凭证：抬头签约时间）【tools/ziliao/extract_price_seeds.mjs 自动抽取·历史成交价·待甲方核对】
安宝公司,割嘴3-101 1# 产品号码6019,9.68,CNY,2025-09-26,,contract,来源文件：ziliao/安宝公司/美国FRONNY/订单/2025/AB251014 出口产品供需合同-一洲.xls（工作表 订单 第 8 行；合同号 AB25 1014；抬头需方 宁波安宝国际贸易有限公司；日期凭证：抬头签约时间）【tools/ziliao/extract_price_seeds.mjs 自动抽取·历史成交价·待甲方核对】
安宝公司,割嘴3-101 2# 产品号码6020,9.68,CNY,2025-09-26,,contract,来源文件：ziliao/安宝公司/美国FRONNY/订单/2025/AB251014 出口产品供需合同-一洲.xls（工作表 订单 第 9 行；合同号 AB25 1014；抬头需方 宁波安宝国际贸易有限公司；日期凭证：抬头签约时间）【tools/ziliao/extract_price_seeds.mjs 自动抽取·历史成交价·待甲方核对】
安宝公司,割嘴3-GPN 2# 产品号码6032,8.03,CNY,2025-09-26,,contract,来源文件：ziliao/安宝公司/美国FRONNY/订单/2025/AB251014 出口产品供需合同-一洲.xls（工作表 订单 第 14 行；合同号 AB25 1014；抬头需方 宁波安宝国际贸易有限公司；日期凭证：抬头签约时间）【tools/ziliao/extract_price_seeds.mjs 自动抽取·历史成交价·待甲方核对】
安宝公司,乙炔割嘴4202 5# 产品号码6038,13.50,CNY,2025-09-26,,contract,来源文件：ziliao/安宝公司/美国FRONNY/订单/2025/AB251014 出口产品供需合同-一洲.xls（工作表 订单 第 15 行；合同号 AB25 1014；抬头需方 宁波安宝国际贸易有限公司；日期凭证：抬头签约时间）；包装：第二次出【tools/ziliao/extract_price_seeds.mjs 自动抽取·历史成交价·待甲方核对】
安宝公司,丙烷割嘴 1-GPN #0,8.40,CNY,2025-09-15,,contract,"来源文件：ziliao/安宝公司/常规1-101,GPN 6290NX,G1-P,NFF/AB25951 出口产品供需合同-一洲(1).xls（工作表 Sheet1 第 18 行；合同号 AB25 951返单AB22161；抬头需方 宁波安宝国际贸易有限公司；日期凭证：抬头签约时间）【tools/ziliao/extract_price_seeds.mjs 自动抽取·历史成交价·待甲方核对】"
安宝公司,丙烷割嘴 1-GPN #1,8.40,CNY,2025-09-15,,contract,"来源文件：ziliao/安宝公司/常规1-101,GPN 6290NX,G1-P,NFF/AB25951 出口产品供需合同-一洲(1).xls（工作表 Sheet1 第 19 行；合同号 AB25 951返单AB22161；抬头需方 宁波安宝国际贸易有限公司；日期凭证：抬头签约时间）【tools/ziliao/extract_price_seeds.mjs 自动抽取·历史成交价·待甲方核对】"
安宝公司,丙烷割嘴 1-GPN #2,8.40,CNY,2025-09-15,,contract,"来源文件：ziliao/安宝公司/常规1-101,GPN 6290NX,G1-P,NFF/AB25951 出口产品供需合同-一洲(1).xls（工作表 Sheet1 第 20 行；合同号 AB25 951返单AB22161；抬头需方 宁波安宝国际贸易有限公司；日期凭证：抬头签约时间）【tools/ziliao/extract_price_seeds.mjs 自动抽取·历史成交价·待甲方核对】"
安宝公司,丙烷割嘴 1-GPN #3,8.40,CNY,2025-09-15,,contract,"来源文件：ziliao/安宝公司/常规1-101,GPN 6290NX,G1-P,NFF/AB25951 出口产品供需合同-一洲(1).xls（工作表 Sheet1 第 21 行；合同号 AB25 951返单AB22161；抬头需方 宁波安宝国际贸易有限公司；日期凭证：抬头签约时间）【tools/ziliao/extract_price_seeds.mjs 自动抽取·历史成交价·待甲方核对】"
安宝公司,丙烷割嘴 1-GPN #4,8.40,CNY,2025-09-15,,contract,"来源文件：ziliao/安宝公司/常规1-101,GPN 6290NX,G1-P,NFF/AB25951 出口产品供需合同-一洲(1).xls（工作表 Sheet1 第 22 行；合同号 AB25 951返单AB22161；抬头需方 宁波安宝国际贸易有限公司；日期凭证：抬头签约时间）【tools/ziliao/extract_price_seeds.mjs 自动抽取·历史成交价·待甲方核对】"
安宝公司,丙烷割嘴 3-GPN 0#,7.90,CNY,2025-09-15,,contract,"来源文件：ziliao/安宝公司/常规1-101,GPN 6290NX,G1-P,NFF/AB25951 出口产品供需合同-一洲(1).xls（工作表 Sheet1 第 34 行；合同号 AB25 951返单AB22161；抬头需方 宁波安宝国际贸易有限公司；日期凭证：抬头签约时间）【tools/ziliao/extract_price_seeds.mjs 自动抽取·历史成交价·待甲方核对】"
安宝公司,丙烷割嘴 3-GPN 1#,7.90,CNY,2025-09-15,,contract,"来源文件：ziliao/安宝公司/常规1-101,GPN 6290NX,G1-P,NFF/AB25951 出口产品供需合同-一洲(1).xls（工作表 Sheet1 第 35 行；合同号 AB25 951返单AB22161；抬头需方 宁波安宝国际贸易有限公司；日期凭证：抬头签约时间）【tools/ziliao/extract_price_seeds.mjs 自动抽取·历史成交价·待甲方核对】"
安宝公司,丙烷割嘴 3-GPN 2#,7.90,CNY,2025-09-15,,contract,"来源文件：ziliao/安宝公司/常规1-101,GPN 6290NX,G1-P,NFF/AB25951 出口产品供需合同-一洲(1).xls（工作表 Sheet1 第 36 行；合同号 AB25 951返单AB22161；抬头需方 宁波安宝国际贸易有限公司；日期凭证：抬头签约时间）【tools/ziliao/extract_price_seeds.mjs 自动抽取·历史成交价·待甲方核对】"
安宝公司,丙烷割嘴 3-GPN 4#,7.90,CNY,2025-09-15,,contract,"来源文件：ziliao/安宝公司/常规1-101,GPN 6290NX,G1-P,NFF/AB25951 出口产品供需合同-一洲(1).xls（工作表 Sheet1 第 37 行；合同号 AB25 951返单AB22161；抬头需方 宁波安宝国际贸易有限公司；日期凭证：抬头签约时间）【tools/ziliao/extract_price_seeds.mjs 自动抽取·历史成交价·待甲方核对】"
安宝公司,乙炔割嘴 1-101 #0 84.5g,13.20,CNY,2025-09-15,,contract,"来源文件：ziliao/安宝公司/常规1-101,GPN 6290NX,G1-P,NFF/AB25951 出口产品供需合同-一洲(1).xls（工作表 Sheet1 第 9 行；合同号 AB25 951返单AB22161；抬头需方 宁波安宝国际贸易有限公司；日期凭证：抬头签约时间）【tools/ziliao/extract_price_seeds.mjs 自动抽取·历史成交价·待甲方核对】"
安宝公司,乙炔割嘴 1-101 #00 84.5g,13.20,CNY,2025-09-15,,contract,"来源文件：ziliao/安宝公司/常规1-101,GPN 6290NX,G1-P,NFF/AB25951 出口产品供需合同-一洲(1).xls（工作表 Sheet1 第 8 行；合同号 AB25 951返单AB22161；抬头需方 宁波安宝国际贸易有限公司；日期凭证：抬头签约时间）【tools/ziliao/extract_price_seeds.mjs 自动抽取·历史成交价·待甲方核对】"
安宝公司,乙炔割嘴 1-101 #000 84.5g,13.20,CNY,2025-09-15,,contract,"来源文件：ziliao/安宝公司/常规1-101,GPN 6290NX,G1-P,NFF/AB25951 出口产品供需合同-一洲(1).xls（工作表 Sheet1 第 7 行；合同号 AB25 951返单AB22161；抬头需方 宁波安宝国际贸易有限公司；日期凭证：抬头签约时间）【tools/ziliao/extract_price_seeds.mjs 自动抽取·历史成交价·待甲方核对】"
安宝公司,乙炔割嘴 1-101 #1 84.5g,13.20,CNY,2025-09-15,,contract,"来源文件：ziliao/安宝公司/常规1-101,GPN 6290NX,G1-P,NFF/AB25951 出口产品供需合同-一洲(1).xls（工作表 Sheet1 第 10 行；合同号 AB25 951返单AB22161；抬头需方 宁波安宝国际贸易有限公司；日期凭证：抬头签约时间）【tools/ziliao/extract_price_seeds.mjs 自动抽取·历史成交价·待甲方核对】"
安宝公司,乙炔割嘴 1-101 #2 84.5g,13.20,CNY,2025-09-15,,contract,"来源文件：ziliao/安宝公司/常规1-101,GPN 6290NX,G1-P,NFF/AB25951 出口产品供需合同-一洲(1).xls（工作表 Sheet1 第 11 行；合同号 AB25 951返单AB22161；抬头需方 宁波安宝国际贸易有限公司；日期凭证：抬头签约时间）【tools/ziliao/extract_price_seeds.mjs 自动抽取·历史成交价·待甲方核对】"
安宝公司,乙炔割嘴 1-101 #3 84.5g,13.20,CNY,2025-09-15,,contract,"来源文件：ziliao/安宝公司/常规1-101,GPN 6290NX,G1-P,NFF/AB25951 出口产品供需合同-一洲(1).xls（工作表 Sheet1 第 12 行；合同号 AB25 951返单AB22161；抬头需方 宁波安宝国际贸易有限公司；日期凭证：抬头签约时间）【tools/ziliao/extract_price_seeds.mjs 自动抽取·历史成交价·待甲方核对】"
安宝公司,乙炔割嘴 1-101 #4 84.5g,13.20,CNY,2025-09-15,,contract,"来源文件：ziliao/安宝公司/常规1-101,GPN 6290NX,G1-P,NFF/AB25951 出口产品供需合同-一洲(1).xls（工作表 Sheet1 第 13 行；合同号 AB25 951返单AB22161；抬头需方 宁波安宝国际贸易有限公司；日期凭证：抬头签约时间）【tools/ziliao/extract_price_seeds.mjs 自动抽取·历史成交价·待甲方核对】"
安宝公司,乙炔割嘴 1-101 #5 84.5g,13.20,CNY,2025-09-15,,contract,"来源文件：ziliao/安宝公司/常规1-101,GPN 6290NX,G1-P,NFF/AB25951 出口产品供需合同-一洲(1).xls（工作表 Sheet1 第 14 行；合同号 AB25 951返单AB22161；抬头需方 宁波安宝国际贸易有限公司；日期凭证：抬头签约时间）【tools/ziliao/extract_price_seeds.mjs 自动抽取·历史成交价·待甲方核对】"
安宝公司,乙炔割嘴 1-101 #6 84.5g,13.20,CNY,2025-09-15,,contract,"来源文件：ziliao/安宝公司/常规1-101,GPN 6290NX,G1-P,NFF/AB25951 出口产品供需合同-一洲(1).xls（工作表 Sheet1 第 15 行；合同号 AB25 951返单AB22161；抬头需方 宁波安宝国际贸易有限公司；日期凭证：抬头签约时间）【tools/ziliao/extract_price_seeds.mjs 自动抽取·历史成交价·待甲方核对】"
安宝公司,乙炔割嘴 1-101 #7 84.5g,13.20,CNY,2025-09-15,,contract,"来源文件：ziliao/安宝公司/常规1-101,GPN 6290NX,G1-P,NFF/AB25951 出口产品供需合同-一洲(1).xls（工作表 Sheet1 第 16 行；合同号 AB25 951返单AB22161；抬头需方 宁波安宝国际贸易有限公司；日期凭证：抬头签约时间）【tools/ziliao/extract_price_seeds.mjs 自动抽取·历史成交价·待甲方核对】"
安宝公司,乙炔割嘴 1-101 #8 84.5g,13.20,CNY,2025-09-15,,contract,"来源文件：ziliao/安宝公司/常规1-101,GPN 6290NX,G1-P,NFF/AB25951 出口产品供需合同-一洲(1).xls（工作表 Sheet1 第 17 行；合同号 AB25 951返单AB22161；抬头需方 宁波安宝国际贸易有限公司；日期凭证：抬头签约时间）【tools/ziliao/extract_price_seeds.mjs 自动抽取·历史成交价·待甲方核对】"
安宝公司,乙炔割嘴 3-101 #0 84.5g,9.70,CNY,2025-09-15,,contract,"来源文件：ziliao/安宝公司/常规1-101,GPN 6290NX,G1-P,NFF/AB25951 出口产品供需合同-一洲(1).xls（工作表 Sheet1 第 29 行；合同号 AB25 951返单AB22161；抬头需方 宁波安宝国际贸易有限公司；日期凭证：抬头签约时间）【tools/ziliao/extract_price_seeds.mjs 自动抽取·历史成交价·待甲方核对】"
安宝公司,乙炔割嘴 3-101 #00 84.5g,9.70,CNY,2025-09-15,,contract,"来源文件：ziliao/安宝公司/常规1-101,GPN 6290NX,G1-P,NFF/AB25951 出口产品供需合同-一洲(1).xls（工作表 Sheet1 第 28 行；合同号 AB25 951返单AB22161；抬头需方 宁波安宝国际贸易有限公司；日期凭证：抬头签约时间）【tools/ziliao/extract_price_seeds.mjs 自动抽取·历史成交价·待甲方核对】"
安宝公司,乙炔割嘴 3-101 #000 84.5g,9.70,CNY,2025-09-15,,contract,"来源文件：ziliao/安宝公司/常规1-101,GPN 6290NX,G1-P,NFF/AB25951 出口产品供需合同-一洲(1).xls（工作表 Sheet1 第 27 行；合同号 AB25 951返单AB22161；抬头需方 宁波安宝国际贸易有限公司；日期凭证：抬头签约时间）【tools/ziliao/extract_price_seeds.mjs 自动抽取·历史成交价·待甲方核对】"
安宝公司,乙炔割嘴 3-101 #1 84.5g,9.70,CNY,2025-09-15,,contract,"来源文件：ziliao/安宝公司/常规1-101,GPN 6290NX,G1-P,NFF/AB25951 出口产品供需合同-一洲(1).xls（工作表 Sheet1 第 30 行；合同号 AB25 951返单AB22161；抬头需方 宁波安宝国际贸易有限公司；日期凭证：抬头签约时间）【tools/ziliao/extract_price_seeds.mjs 自动抽取·历史成交价·待甲方核对】"
安宝公司,乙炔割嘴 3-101 #2 84.5g,9.70,CNY,2025-09-15,,contract,"来源文件：ziliao/安宝公司/常规1-101,GPN 6290NX,G1-P,NFF/AB25951 出口产品供需合同-一洲(1).xls（工作表 Sheet1 第 31 行；合同号 AB25 951返单AB22161；抬头需方 宁波安宝国际贸易有限公司；日期凭证：抬头签约时间）【tools/ziliao/extract_price_seeds.mjs 自动抽取·历史成交价·待甲方核对】"
安宝公司,乙炔割嘴 3-101 #3 84.5g,9.70,CNY,2025-09-15,,contract,"来源文件：ziliao/安宝公司/常规1-101,GPN 6290NX,G1-P,NFF/AB25951 出口产品供需合同-一洲(1).xls（工作表 Sheet1 第 32 行；合同号 AB25 951返单AB22161；抬头需方 宁波安宝国际贸易有限公司；日期凭证：抬头签约时间）【tools/ziliao/extract_price_seeds.mjs 自动抽取·历史成交价·待甲方核对】"
安宝公司,乙炔割嘴 3-101 #4 84.5g,9.70,CNY,2025-09-15,,contract,"来源文件：ziliao/安宝公司/常规1-101,GPN 6290NX,G1-P,NFF/AB25951 出口产品供需合同-一洲(1).xls（工作表 Sheet1 第 33 行；合同号 AB25 951返单AB22161；抬头需方 宁波安宝国际贸易有限公司；日期凭证：抬头签约时间）【tools/ziliao/extract_price_seeds.mjs 自动抽取·历史成交价·待甲方核对】"
安宝公司,Victor Style 300 Series Gouging Tip Size 0 1-118 0#,19.00,CNY,2025-09-15,,contract,"来源文件：ziliao/安宝公司/常规1-101,GPN 6290NX,G1-P,NFF/AB25951 出口产品供需合同-一洲(1).xls（工作表 Sheet1 第 23 行；合同号 AB25 951返单AB22161；抬头需方 宁波安宝国际贸易有限公司；日期凭证：抬头签约时间）【tools/ziliao/extract_price_seeds.mjs 自动抽取·历史成交价·待甲方核对】"
安宝公司,Victor Style 300 Series Gouging Tip-Size 1 1-118 2#,19.00,CNY,2025-09-15,,contract,"来源文件：ziliao/安宝公司/常规1-101,GPN 6290NX,G1-P,NFF/AB25951 出口产品供需合同-一洲(1).xls（工作表 Sheet1 第 24 行；合同号 AB25 951返单AB22161；抬头需方 宁波安宝国际贸易有限公司；日期凭证：抬头签约时间）【tools/ziliao/extract_price_seeds.mjs 自动抽取·历史成交价·待甲方核对】"
安宝公司,Victor Style 300 Series Gouging Tip-Size 2 1-118 4#,19.00,CNY,2025-09-15,,contract,"来源文件：ziliao/安宝公司/常规1-101,GPN 6290NX,G1-P,NFF/AB25951 出口产品供需合同-一洲(1).xls（工作表 Sheet1 第 25 行；合同号 AB25 951返单AB22161；抬头需方 宁波安宝国际贸易有限公司；日期凭证：抬头签约时间）【tools/ziliao/extract_price_seeds.mjs 自动抽取·历史成交价·待甲方核对】"
安宝公司,Victor Style 300 Series Gouging Tip-Size 3 1-118 6#,25.00,CNY,2025-09-15,,contract,"来源文件：ziliao/安宝公司/常规1-101,GPN 6290NX,G1-P,NFF/AB25951 出口产品供需合同-一洲(1).xls（工作表 Sheet1 第 26 行；合同号 AB25 951返单AB22161；抬头需方 宁波安宝国际贸易有限公司；日期凭证：抬头签约时间）【tools/ziliao/extract_price_seeds.mjs 自动抽取·历史成交价·待甲方核对】"
安宝公司,割嘴 6290-2# 产品号码6011,9.68,CNY,2025-09-10,,contract,来源文件：ziliao/安宝公司/美国FRONNY/订单/2025/AB25945 出口产品供需合同-一洲.xls（工作表 订单 第 7 行；合同号 AB25 945；抬头需方 宁波安宝国际贸易有限公司；日期凭证：抬头签约时间）【tools/ziliao/extract_price_seeds.mjs 自动抽取·历史成交价·待甲方核对】
安宝公司,割嘴3-101 000# 号码6016 产品100516,9.68,CNY,2025-09-10,,contract,来源文件：ziliao/安宝公司/美国FRONNY/订单/2025/AB25945 出口产品供需合同-一洲.xls（工作表 订单 第 8 行；合同号 AB25 945；抬头需方 宁波安宝国际贸易有限公司；日期凭证：抬头签约时间）【tools/ziliao/extract_price_seeds.mjs 自动抽取·历史成交价·待甲方核对】
安宝公司,"2W-X11N 丙烷割嘴 G11 2#

包装+刻字：常规中性",13.25,CNY,2025-09-09,,contract,来源文件：ziliao/安宝公司/有焊嘴订单/订单/AB25938 出口产品供需合同-奉化一洲.xls（工作表 Sheet1 第 7 行；合同号 AB25 938返单AB24894；抬头需方 宁波安宝国际贸易有限公司；日期凭证：抬头签约时间）；包装：包装：按返单AB22879生产和包装【tools/ziliao/extract_price_seeds.mjs 自动抽取·历史成交价·待甲方核对】
安宝公司,"丙烷割嘴PNME (1/32”)
客人要12个槽 74克",7.20,CNY,2025-09-08,,contract,来源文件：ziliao/安宝公司/12槽PNME俄罗斯嘴/订单/AB25935 出口产品供需合同-奉化一洲.xls（工作表 订单 第 7 行；合同号 AB25 935返单AB231263；抬头需方 宁波安宝国际贸易有限公司；日期凭证：抬头签约时间）；包装：包装要求：塑料盒装，盒子上贴不干胶，每个货号进行区别【tools/ziliao/extract_price_seeds.mjs 自动抽取·历史成交价·待甲方核对】
安宝公司,"丙烷割嘴PNME (1/8”)
客人要12个槽 74克",7.20,CNY,2025-09-08,,contract,来源文件：ziliao/安宝公司/12槽PNME俄罗斯嘴/订单/AB25935 出口产品供需合同-奉化一洲.xls（工作表 订单 第 9 行；合同号 AB25 935返单AB231263；抬头需方 宁波安宝国际贸易有限公司；日期凭证：抬头签约时间）【tools/ziliao/extract_price_seeds.mjs 自动抽取·历史成交价·待甲方核对】
安宝公司,"丙烷割嘴PNME (3/64”)
客人要12个槽 74克",7.20,CNY,2025-09-08,,contract,来源文件：ziliao/安宝公司/12槽PNME俄罗斯嘴/订单/AB25935 出口产品供需合同-奉化一洲.xls（工作表 订单 第 8 行；合同号 AB25 935返单AB231263；抬头需方 宁波安宝国际贸易有限公司；日期凭证：抬头签约时间）【tools/ziliao/extract_price_seeds.mjs 自动抽取·历史成交价·待甲方核对】
安宝公司,割嘴 6290-2# 产品号码6011,9.68,CNY,2025-09-05,,contract,来源文件：ziliao/安宝公司/美国FRONNY/订单/2025/ab25925 出口产品供需合同-一洲po64911.xls（工作表 订单 第 8 行；合同号 AB25 925；抬头需方 宁波安宝国际贸易有限公司；日期凭证：抬头签约时间）【tools/ziliao/extract_price_seeds.mjs 自动抽取·历史成交价·待甲方核对】
安宝公司,割嘴 SC-12-2# 产品号码6001,15.95,CNY,2025-09-05,,contract,来源文件：ziliao/安宝公司/美国FRONNY/订单/2025/ab25925 出口产品供需合同-一洲po64911.xls（工作表 订单 第 7 行；合同号 AB25 925；抬头需方 宁波安宝国际贸易有限公司；日期凭证：抬头签约时间）【tools/ziliao/extract_price_seeds.mjs 自动抽取·历史成交价·待甲方核对】
安宝公司,割嘴3-GPN 2# 产品号码6032,8.03,CNY,2025-09-05,,contract,来源文件：ziliao/安宝公司/美国FRONNY/订单/2025/ab25925 出口产品供需合同-一洲po64911.xls（工作表 订单 第 10 行；合同号 AB25 925；抬头需方 宁波安宝国际贸易有限公司；日期凭证：抬头签约时间）【tools/ziliao/extract_price_seeds.mjs 自动抽取·历史成交价·待甲方核对】
安宝公司,割嘴GPN 2# 产品号码6028,8.80,CNY,2025-09-05,,contract,来源文件：ziliao/安宝公司/美国FRONNY/订单/2025/ab25925 出口产品供需合同-一洲po64911.xls（工作表 订单 第 9 行；合同号 AB25 925；抬头需方 宁波安宝国际贸易有限公司；日期凭证：抬头签约时间）【tools/ziliao/extract_price_seeds.mjs 自动抽取·历史成交价·待甲方核对】
安宝公司,割嘴 1#-3-101,9.20,CNY,2025-09-01,,contract,"来源文件：ziliao/安宝公司/常规 1-101, 3-101/AB25898 出口产品供需合同-奉化一洲.xls（工作表 订单 第 7 行；合同号 AB25 898；抬头需方 宁波安宝国际贸易有限公司；日期凭证：抬头签约时间）；包装：常规中性，塑料盒包装【tools/ziliao/extract_price_seeds.mjs 自动抽取·历史成交价·待甲方核对】"
安宝公司,割嘴3-101 1# 产品号码6019,9.20,CNY,2025-08-28,,contract,来源文件：ziliao/安宝公司/美国FRONNY/订单/2025/AB25883 出口产品供需合同-一洲PO64874.xls（工作表 订单 第 7 行；合同号 AB25 883；抬头需方 宁波安宝国际贸易有限公司；日期凭证：抬头签约时间）【tools/ziliao/extract_price_seeds.mjs 自动抽取·历史成交价·待甲方核对】
安宝公司,割嘴3-GPN 1# 产品号码6031,8.03,CNY,2025-08-28,,contract,来源文件：ziliao/安宝公司/美国FRONNY/订单/2025/AB25883 出口产品供需合同-一洲PO64874.xls（工作表 订单 第 8 行；合同号 AB25 883；抬头需方 宁波安宝国际贸易有限公司；日期凭证：抬头签约时间）【tools/ziliao/extract_price_seeds.mjs 自动抽取·历史成交价·待甲方核对】
安宝公司,"丙烷割嘴 GPN-1 71g
货号：4193",8.20,CNY,2025-08-27,,contract,"来源文件：ziliao/安宝公司/INFAR不干胶/INFRA合同/2025/AB25875 出口产品供需合同-奉化一洲(1).xls（工作表 Sheet1 第 22 行；合同号 AB25 875返单AB241194；抬头需方 宁波安宝国际贸易有限公司；日期凭证：抬头签约时间）；包装：标贴尺寸：80x16mm
塑料盒盖用黑色【tools/ziliao/extract_price_seeds.mjs 自动抽取·历史成交价·待甲方核对】"
安宝公司,"丙烷割嘴 GPN-2 71g
货号：4194",8.20,CNY,2025-08-27,,contract,来源文件：ziliao/安宝公司/INFAR不干胶/INFRA合同/2025/AB25875 出口产品供需合同-奉化一洲(1).xls（工作表 Sheet1 第 23 行；合同号 AB25 875返单AB241194；抬头需方 宁波安宝国际贸易有限公司；日期凭证：抬头签约时间）【tools/ziliao/extract_price_seeds.mjs 自动抽取·历史成交价·待甲方核对】
安宝公司,"丙烷割嘴 GPN-3 71g
货号：4195",8.20,CNY,2025-08-27,,contract,来源文件：ziliao/安宝公司/INFAR不干胶/INFRA合同/2025/AB25875 出口产品供需合同-奉化一洲(1).xls（工作表 Sheet1 第 24 行；合同号 AB25 875返单AB241194；抬头需方 宁波安宝国际贸易有限公司；日期凭证：抬头签约时间）【tools/ziliao/extract_price_seeds.mjs 自动抽取·历史成交价·待甲方核对】
安宝公司,"乙炔割嘴1-101-2 82g
货号：4191",13.20,CNY,2025-08-27,,contract,"来源文件：ziliao/安宝公司/INFAR不干胶/INFRA合同/2025/AB25875 出口产品供需合同-奉化一洲(1).xls（工作表 Sheet1 第 21 行；合同号 AB25 875返单AB241194；抬头需方 宁波安宝国际贸易有限公司；日期凭证：抬头签约时间）；包装：标贴尺寸：80x16mm
塑料盒盖用红色【tools/ziliao/extract_price_seeds.mjs 自动抽取·历史成交价·待甲方核对】"
安宝公司,"HARRIS 丙烷割嘴6290-NX-1 53g
货号：4186",6.10,CNY,2025-08-27,,contract,"来源文件：ziliao/安宝公司/INFAR不干胶/INFRA合同/2025/AB25875 出口产品供需合同-奉化一洲(1).xls（工作表 Sheet1 第 17 行；合同号 AB25 875返单AB241194；抬头需方 宁波安宝国际贸易有限公司；日期凭证：抬头签约时间）；包装：标贴尺寸：80x16mm
塑料盒盖用黑色【tools/ziliao/extract_price_seeds.mjs 自动抽取·历史成交价·待甲方核对】"
安宝公司,"HARRIS 丙烷割嘴6290-NX-2 53g
货号：4187",6.10,CNY,2025-08-27,,contract,来源文件：ziliao/安宝公司/INFAR不干胶/INFRA合同/2025/AB25875 出口产品供需合同-奉化一洲(1).xls（工作表 Sheet1 第 18 行；合同号 AB25 875返单AB241194；抬头需方 宁波安宝国际贸易有限公司；日期凭证：抬头签约时间）【tools/ziliao/extract_price_seeds.mjs 自动抽取·历史成交价·待甲方核对】
安宝公司,"HARRIS 丙烷割嘴6290-NX-3 53g
货号：4188",6.10,CNY,2025-08-27,,contract,来源文件：ziliao/安宝公司/INFAR不干胶/INFRA合同/2025/AB25875 出口产品供需合同-奉化一洲(1).xls（工作表 Sheet1 第 19 行；合同号 AB25 875返单AB241194；抬头需方 宁波安宝国际贸易有限公司；日期凭证：抬头签约时间）【tools/ziliao/extract_price_seeds.mjs 自动抽取·历史成交价·待甲方核对】
安宝公司,"HARRIS 丙烷割嘴6290-NX-6 53g
货号：4204",6.10,CNY,2025-08-27,,contract,来源文件：ziliao/安宝公司/INFAR不干胶/INFRA合同/2025/AB25875 出口产品供需合同-奉化一洲(1).xls（工作表 Sheet1 第 20 行；合同号 AB25 875返单AB241194；抬头需方 宁波安宝国际贸易有限公司；日期凭证：抬头签约时间）【tools/ziliao/extract_price_seeds.mjs 自动抽取·历史成交价·待甲方核对】
安宝公司,"HARRIS 乙炔割嘴6290-1 55g
货号：4208",9.40,CNY,2025-08-27,,contract,"来源文件：ziliao/安宝公司/INFAR不干胶/INFRA合同/2025/AB25875 出口产品供需合同-奉化一洲(1).xls（工作表 Sheet1 第 25 行；合同号 AB25 875返单AB241194；抬头需方 宁波安宝国际贸易有限公司；日期凭证：抬头签约时间）；包装：标贴尺寸：80x16mm
塑料盒盖用红色【tools/ziliao/extract_price_seeds.mjs 自动抽取·历史成交价·待甲方核对】"
安宝公司,"HARRIS 乙炔割嘴6290-2 55g
货号：4210",9.40,CNY,2025-08-27,,contract,来源文件：ziliao/安宝公司/INFAR不干胶/INFRA合同/2025/AB25875 出口产品供需合同-奉化一洲(1).xls（工作表 Sheet1 第 26 行；合同号 AB25 875返单AB241194；抬头需方 宁波安宝国际贸易有限公司；日期凭证：抬头签约时间）【tools/ziliao/extract_price_seeds.mjs 自动抽取·历史成交价·待甲方核对】
安宝公司,"HARRIS 乙炔割嘴6290-3 55g
货号：4027",9.40,CNY,2025-08-27,,contract,来源文件：ziliao/安宝公司/INFAR不干胶/INFRA合同/2025/AB25875 出口产品供需合同-奉化一洲(1).xls（工作表 Sheet1 第 27 行；合同号 AB25 875返单AB241194；抬头需方 宁波安宝国际贸易有限公司；日期凭证：抬头签约时间）【tools/ziliao/extract_price_seeds.mjs 自动抽取·历史成交价·待甲方核对】
安宝公司,"smith 丙烷割嘴 SC-50-A-1 93g
货号：4157",13.05,CNY,2025-08-27,,contract,"来源文件：ziliao/安宝公司/INFAR不干胶/INFRA合同/2025/AB25875 出口产品供需合同-奉化一洲(1).xls（工作表 Sheet1 第 12 行；合同号 AB25 875返单AB241194；抬头需方 宁波安宝国际贸易有限公司；日期凭证：抬头签约时间）；包装：标贴尺寸：80x16mm
塑料盒盖用黑色【tools/ziliao/extract_price_seeds.mjs 自动抽取·历史成交价·待甲方核对】"
安宝公司,"smith 丙烷割嘴 SC-50-A-2 93g
货号：4158",13.05,CNY,2025-08-27,,contract,来源文件：ziliao/安宝公司/INFAR不干胶/INFRA合同/2025/AB25875 出口产品供需合同-奉化一洲(1).xls（工作表 Sheet1 第 13 行；合同号 AB25 875返单AB241194；抬头需方 宁波安宝国际贸易有限公司；日期凭证：抬头签约时间）【tools/ziliao/extract_price_seeds.mjs 自动抽取·历史成交价·待甲方核对】
安宝公司,"smith 丙烷割嘴 SC-50-A-3 93g
货号：4161",13.05,CNY,2025-08-27,,contract,来源文件：ziliao/安宝公司/INFAR不干胶/INFRA合同/2025/AB25875 出口产品供需合同-奉化一洲(1).xls（工作表 Sheet1 第 14 行；合同号 AB25 875返单AB241194；抬头需方 宁波安宝国际贸易有限公司；日期凭证：抬头签约时间）【tools/ziliao/extract_price_seeds.mjs 自动抽取·历史成交价·待甲方核对】
安宝公司,"smith 丙烷割嘴 SC-50-A-5 93g
货号：4163",13.05,CNY,2025-08-27,,contract,来源文件：ziliao/安宝公司/INFAR不干胶/INFRA合同/2025/AB25875 出口产品供需合同-奉化一洲(1).xls（工作表 Sheet1 第 15 行；合同号 AB25 875返单AB241194；抬头需方 宁波安宝国际贸易有限公司；日期凭证：抬头签约时间）【tools/ziliao/extract_price_seeds.mjs 自动抽取·历史成交价·待甲方核对】
安宝公司,"smith 丙烷割嘴 SC-50-A-7 93g
货号：4164",13.05,CNY,2025-08-27,,contract,来源文件：ziliao/安宝公司/INFAR不干胶/INFRA合同/2025/AB25875 出口产品供需合同-奉化一洲(1).xls（工作表 Sheet1 第 16 行；合同号 AB25 875返单AB241194；抬头需方 宁波安宝国际贸易有限公司；日期凭证：抬头签约时间）【tools/ziliao/extract_price_seeds.mjs 自动抽取·历史成交价·待甲方核对】
安宝公司,"smith 乙炔割嘴 SC-12-0 103g
货号：4133",15.10,CNY,2025-08-27,,contract,"来源文件：ziliao/安宝公司/INFAR不干胶/INFRA合同/2025/AB25875 出口产品供需合同-奉化一洲(1).xls（工作表 Sheet1 第 7 行；合同号 AB25 875返单AB241194；抬头需方 宁波安宝国际贸易有限公司；日期凭证：抬头签约时间）；包装：标贴尺寸：80x16mm
塑料盒盖用红色

SC12重量102.7克【tools/ziliao/extract_price_seeds.mjs 自动抽取·历史成交价·待甲方核对】"
安宝公司,"smith 乙炔割嘴 SC-12-2 103g
货号：4136",15.10,CNY,2025-08-27,,contract,来源文件：ziliao/安宝公司/INFAR不干胶/INFRA合同/2025/AB25875 出口产品供需合同-奉化一洲(1).xls（工作表 Sheet1 第 8 行；合同号 AB25 875返单AB241194；抬头需方 宁波安宝国际贸易有限公司；日期凭证：抬头签约时间）【tools/ziliao/extract_price_seeds.mjs 自动抽取·历史成交价·待甲方核对】
安宝公司,"smith 乙炔割嘴 SC-12-3 103g
货号：4137",15.10,CNY,2025-08-27,,contract,来源文件：ziliao/安宝公司/INFAR不干胶/INFRA合同/2025/AB25875 出口产品供需合同-奉化一洲(1).xls（工作表 Sheet1 第 9 行；合同号 AB25 875返单AB241194；抬头需方 宁波安宝国际贸易有限公司；日期凭证：抬头签约时间）【tools/ziliao/extract_price_seeds.mjs 自动抽取·历史成交价·待甲方核对】
安宝公司,"smith 乙炔割嘴 SC-12-4 103g
货号：4138",15.10,CNY,2025-08-27,,contract,来源文件：ziliao/安宝公司/INFAR不干胶/INFRA合同/2025/AB25875 出口产品供需合同-奉化一洲(1).xls（工作表 Sheet1 第 10 行；合同号 AB25 875返单AB241194；抬头需方 宁波安宝国际贸易有限公司；日期凭证：抬头签约时间）【tools/ziliao/extract_price_seeds.mjs 自动抽取·历史成交价·待甲方核对】
安宝公司,"smith 乙炔割嘴 SC-12-5 103g
货号：4151",15.10,CNY,2025-08-27,,contract,来源文件：ziliao/安宝公司/INFAR不干胶/INFRA合同/2025/AB25875 出口产品供需合同-奉化一洲(1).xls（工作表 Sheet1 第 11 行；合同号 AB25 875返单AB241194；抬头需方 宁波安宝国际贸易有限公司；日期凭证：抬头签约时间）【tools/ziliao/extract_price_seeds.mjs 自动抽取·历史成交价·待甲方核对】
安宝公司,"丙烷割嘴 GPN 0#

包装：塑料盒 不要贴 不干胶",8.60,CNY,2025-08-26,,contract,来源文件：ziliao/安宝公司/WT 6290NX/ab25861 出口产品供需合同-奉化一洲(1).xls（工作表 Sheet1 第 12 行；合同号 AB25 861返单AB24747；抬头需方 宁波安宝国际贸易有限公司；日期凭证：抬头签约时间）【tools/ziliao/extract_price_seeds.mjs 自动抽取·历史成交价·待甲方核对】
安宝公司,"丙烷割嘴 GPN 1#

包装：塑料盒 不要贴 不干胶",8.60,CNY,2025-08-26,,contract,来源文件：ziliao/安宝公司/WT 6290NX/ab25861 出口产品供需合同-奉化一洲(1).xls（工作表 Sheet1 第 13 行；合同号 AB25 861返单AB24747；抬头需方 宁波安宝国际贸易有限公司；日期凭证：抬头签约时间）【tools/ziliao/extract_price_seeds.mjs 自动抽取·历史成交价·待甲方核对】
安宝公司,"丙烷割嘴 GPN 2#

包装：塑料盒 不要贴 不干胶",8.60,CNY,2025-08-26,,contract,来源文件：ziliao/安宝公司/WT 6290NX/ab25861 出口产品供需合同-奉化一洲(1).xls（工作表 Sheet1 第 14 行；合同号 AB25 861返单AB24747；抬头需方 宁波安宝国际贸易有限公司；日期凭证：抬头签约时间）【tools/ziliao/extract_price_seeds.mjs 自动抽取·历史成交价·待甲方核对】
安宝公司,"丙烷割嘴 GPN 3#

包装：塑料盒 不要贴 不干胶",8.60,CNY,2025-08-26,,contract,来源文件：ziliao/安宝公司/WT 6290NX/ab25861 出口产品供需合同-奉化一洲(1).xls（工作表 Sheet1 第 15 行；合同号 AB25 861返单AB24747；抬头需方 宁波安宝国际贸易有限公司；日期凭证：抬头签约时间）【tools/ziliao/extract_price_seeds.mjs 自动抽取·历史成交价·待甲方核对】
安宝公司,"丙烷割嘴6290NX 0# 刻字：中性常规

包装：如右图类似对应型号",6.00,CNY,2025-08-26,,contract,来源文件：ziliao/安宝公司/WT 6290NX/ab25861 出口产品供需合同-奉化一洲(1).xls（工作表 Sheet1 第 19 行；合同号 AB25 861返单AB24747；抬头需方 宁波安宝国际贸易有限公司；日期凭证：抬头签约时间）【tools/ziliao/extract_price_seeds.mjs 自动抽取·历史成交价·待甲方核对】
安宝公司,"丙烷割嘴6290NX 00# 刻字：中性常规

包装：如右图类似对应型号",6.00,CNY,2025-08-26,,contract,来源文件：ziliao/安宝公司/WT 6290NX/ab25861 出口产品供需合同-奉化一洲(1).xls（工作表 Sheet1 第 18 行；合同号 AB25 861返单AB24747；抬头需方 宁波安宝国际贸易有限公司；日期凭证：抬头签约时间）【tools/ziliao/extract_price_seeds.mjs 自动抽取·历史成交价·待甲方核对】
安宝公司,"丙烷割嘴6290NX 1# 刻字：中性常规

包装：如右图类似对应型号",6.00,CNY,2025-08-26,,contract,来源文件：ziliao/安宝公司/WT 6290NX/ab25861 出口产品供需合同-奉化一洲(1).xls（工作表 Sheet1 第 20 行；合同号 AB25 861返单AB24747；抬头需方 宁波安宝国际贸易有限公司；日期凭证：抬头签约时间）【tools/ziliao/extract_price_seeds.mjs 自动抽取·历史成交价·待甲方核对】
安宝公司,"丙烷割嘴6290NX 2# 刻字：中性常规

包装：如右图类似对应型号",6.00,CNY,2025-08-26,,contract,来源文件：ziliao/安宝公司/WT 6290NX/ab25861 出口产品供需合同-奉化一洲(1).xls（工作表 Sheet1 第 21 行；合同号 AB25 861返单AB24747；抬头需方 宁波安宝国际贸易有限公司；日期凭证：抬头签约时间）【tools/ziliao/extract_price_seeds.mjs 自动抽取·历史成交价·待甲方核对】
安宝公司,"丙烷割嘴6290NX 3# 刻字：中性常规

包装：如右图类似对应型号",6.00,CNY,2025-08-26,,contract,来源文件：ziliao/安宝公司/WT 6290NX/ab25861 出口产品供需合同-奉化一洲(1).xls（工作表 Sheet1 第 22 行；合同号 AB25 861返单AB24747；抬头需方 宁波安宝国际贸易有限公司；日期凭证：抬头签约时间）【tools/ziliao/extract_price_seeds.mjs 自动抽取·历史成交价·待甲方核对】
安宝公司,"乙炔割嘴 6290 WT 2#
刻字：中性常规

包装：如右图类似对应型号",9.40,CNY,2025-08-26,,contract,来源文件：ziliao/安宝公司/WT 6290NX/ab25861 出口产品供需合同-奉化一洲(1).xls（工作表 Sheet1 第 16 行；合同号 AB25 861返单AB24747；抬头需方 宁波安宝国际贸易有限公司；日期凭证：抬头签约时间）【tools/ziliao/extract_price_seeds.mjs 自动抽取·历史成交价·待甲方核对】
安宝公司,"乙炔割嘴 6290 WT 3#
刻字：中性常规

包装：如右图类似对应型号",9.40,CNY,2025-08-26,,contract,来源文件：ziliao/安宝公司/WT 6290NX/ab25861 出口产品供需合同-奉化一洲(1).xls（工作表 Sheet1 第 17 行；合同号 AB25 861返单AB24747；抬头需方 宁波安宝国际贸易有限公司；日期凭证：抬头签约时间）【tools/ziliao/extract_price_seeds.mjs 自动抽取·历史成交价·待甲方核对】
安宝公司,"乙炔割嘴1-101 1#

包装：塑料盒 不要贴 不干胶",13.20,CNY,2025-08-26,,contract,来源文件：ziliao/安宝公司/WT 6290NX/ab25861 出口产品供需合同-奉化一洲(1).xls（工作表 Sheet1 第 7 行；合同号 AB25 861返单AB24747；抬头需方 宁波安宝国际贸易有限公司；日期凭证：抬头签约时间）【tools/ziliao/extract_price_seeds.mjs 自动抽取·历史成交价·待甲方核对】
安宝公司,"乙炔割嘴1-101 2#

包装：塑料盒 不要贴 不干胶",13.20,CNY,2025-08-26,,contract,来源文件：ziliao/安宝公司/WT 6290NX/ab25861 出口产品供需合同-奉化一洲(1).xls（工作表 Sheet1 第 8 行；合同号 AB25 861返单AB24747；抬头需方 宁波安宝国际贸易有限公司；日期凭证：抬头签约时间）【tools/ziliao/extract_price_seeds.mjs 自动抽取·历史成交价·待甲方核对】
安宝公司,"乙炔割嘴1-101 3#

包装：塑料盒 不要贴 不干胶",13.20,CNY,2025-08-26,,contract,来源文件：ziliao/安宝公司/WT 6290NX/ab25861 出口产品供需合同-奉化一洲(1).xls（工作表 Sheet1 第 9 行；合同号 AB25 861返单AB24747；抬头需方 宁波安宝国际贸易有限公司；日期凭证：抬头签约时间）【tools/ziliao/extract_price_seeds.mjs 自动抽取·历史成交价·待甲方核对】
安宝公司,"乙炔割嘴1-101 4#

包装：塑料盒 不要贴 不干胶",13.20,CNY,2025-08-26,,contract,来源文件：ziliao/安宝公司/WT 6290NX/ab25861 出口产品供需合同-奉化一洲(1).xls（工作表 Sheet1 第 10 行；合同号 AB25 861返单AB24747；抬头需方 宁波安宝国际贸易有限公司；日期凭证：抬头签约时间）【tools/ziliao/extract_price_seeds.mjs 自动抽取·历史成交价·待甲方核对】
安宝公司,"乙炔割嘴1-101 5#

包装：塑料盒 不要贴 不干胶",13.20,CNY,2025-08-26,,contract,来源文件：ziliao/安宝公司/WT 6290NX/ab25861 出口产品供需合同-奉化一洲(1).xls（工作表 Sheet1 第 11 行；合同号 AB25 861返单AB24747；抬头需方 宁波安宝国际贸易有限公司；日期凭证：抬头签约时间）【tools/ziliao/extract_price_seeds.mjs 自动抽取·历史成交价·待甲方核对】
安宝公司,"丙烷割嘴 G1-P 
单只重78g",9.00,CNY,2025-08-12,,contract,来源文件：ziliao/安宝公司/G1-P/G1-P彩盒/ab25787.xls（工作表 Sheet1 第 7 行；合同号 AB25 787返单AB25041；抬头需方 宁波安宝国际贸易有限公司；日期凭证：抬头签约时间）；包装：包装：蓝白小彩盒+贴made in china不干胶【tools/ziliao/extract_price_seeds.mjs 自动抽取·历史成交价·待甲方核对】
安宝公司,"仿澳式丙烷割嘴 44-12
包装：不干胶+塑料盒",9.00,CNY,2025-07-30,,contract,来源文件：ziliao/安宝公司/JAI ANME/AB25754.xls（工作表 订单 第 12 行；合同号 AB25 754；抬头需方 宁波安宝国际贸易有限公司；日期凭证：抬头签约时间）【tools/ziliao/extract_price_seeds.mjs 自动抽取·历史成交价·待甲方核对】
安宝公司,"仿澳式丙烷割嘴 44-15
包装：不干胶+塑料盒",9.00,CNY,2025-07-30,,contract,来源文件：ziliao/安宝公司/JAI ANME/AB25754.xls（工作表 订单 第 13 行；合同号 AB25 754；抬头需方 宁波安宝国际贸易有限公司；日期凭证：抬头签约时间）【tools/ziliao/extract_price_seeds.mjs 自动抽取·历史成交价·待甲方核对】
安宝公司,"仿澳式丙烷割嘴 44-8
包装：不干胶+塑料盒",9.00,CNY,2025-07-30,,contract,来源文件：ziliao/安宝公司/JAI ANME/AB25754.xls（工作表 订单 第 11 行；合同号 AB25 754；抬头需方 宁波安宝国际贸易有限公司；日期凭证：抬头签约时间）【tools/ziliao/extract_price_seeds.mjs 自动抽取·历史成交价·待甲方核对】
安宝公司,"仿澳式乙炔割嘴 41-12
包装：塑料挂钩盒+不干胶",12.85,CNY,2025-07-30,,contract,来源文件：ziliao/安宝公司/JAI ANME/AB25754.xls（工作表 订单 第 14 行；合同号 AB25 754；抬头需方 宁波安宝国际贸易有限公司；日期凭证：抬头签约时间）【tools/ziliao/extract_price_seeds.mjs 自动抽取·历史成交价·待甲方核对】
安宝公司,割嘴1-101 0# 产品号码6023,13.20,CNY,2025-07-30,,contract,来源文件：ziliao/安宝公司/美国FRONNY/订单/2025/AB25758 出口产品供需合同-一洲PO64713.xls（工作表 订单 第 10 行；合同号 AB25 758；抬头需方 宁波安宝国际贸易有限公司；日期凭证：抬头签约时间）【tools/ziliao/extract_price_seeds.mjs 自动抽取·历史成交价·待甲方核对】
安宝公司,割嘴1-101 1# 产品号码6024,13.20,CNY,2025-07-30,,contract,来源文件：ziliao/安宝公司/美国FRONNY/订单/2025/AB25758 出口产品供需合同-一洲PO64713.xls（工作表 订单 第 11 行；合同号 AB25 758；抬头需方 宁波安宝国际贸易有限公司；日期凭证：抬头签约时间）【tools/ziliao/extract_price_seeds.mjs 自动抽取·历史成交价·待甲方核对】
安宝公司,割嘴1-101 2# 产品号码6025,13.20,CNY,2025-07-30,,contract,来源文件：ziliao/安宝公司/美国FRONNY/订单/2025/AB25758 出口产品供需合同-一洲PO64713.xls（工作表 订单 第 12 行；合同号 AB25 758；抬头需方 宁波安宝国际贸易有限公司；日期凭证：抬头签约时间）【tools/ziliao/extract_price_seeds.mjs 自动抽取·历史成交价·待甲方核对】
安宝公司,割嘴3-101 00# 产品号码6017,9.68,CNY,2025-07-30,,contract,来源文件：ziliao/安宝公司/美国FRONNY/订单/2025/AB25758 出口产品供需合同-一洲PO64713.xls（工作表 订单 第 7 行；合同号 AB25 758；抬头需方 宁波安宝国际贸易有限公司；日期凭证：抬头签约时间）【tools/ziliao/extract_price_seeds.mjs 自动抽取·历史成交价·待甲方核对】
安宝公司,割嘴3-101 2# 产品号码6020,9.68,CNY,2025-07-30,,contract,来源文件：ziliao/安宝公司/美国FRONNY/订单/2025/AB25758 出口产品供需合同-一洲PO64713.xls（工作表 订单 第 8 行；合同号 AB25 758；抬头需方 宁波安宝国际贸易有限公司；日期凭证：抬头签约时间）【tools/ziliao/extract_price_seeds.mjs 自动抽取·历史成交价·待甲方核对】
安宝公司,割嘴3-101 3# 产品号码6021,9.68,CNY,2025-07-30,,contract,来源文件：ziliao/安宝公司/美国FRONNY/订单/2025/AB25758 出口产品供需合同-一洲PO64713.xls（工作表 订单 第 9 行；合同号 AB25 758；抬头需方 宁波安宝国际贸易有限公司；日期凭证：抬头签约时间）【tools/ziliao/extract_price_seeds.mjs 自动抽取·历史成交价·待甲方核对】
安宝公司,割嘴3-GPN 1# 产品号码6031,8.03,CNY,2025-07-30,,contract,来源文件：ziliao/安宝公司/美国FRONNY/订单/2025/AB25758 出口产品供需合同-一洲PO64713.xls（工作表 订单 第 13 行；合同号 AB25 758；抬头需方 宁波安宝国际贸易有限公司；日期凭证：抬头签约时间）【tools/ziliao/extract_price_seeds.mjs 自动抽取·历史成交价·待甲方核对】
安宝公司,割嘴3-GPN 2# 产品号码6032,8.03,CNY,2025-07-30,,contract,来源文件：ziliao/安宝公司/美国FRONNY/订单/2025/AB25758 出口产品供需合同-一洲PO64713.xls（工作表 订单 第 14 行；合同号 AB25 758；抬头需方 宁波安宝国际贸易有限公司；日期凭证：抬头签约时间）【tools/ziliao/extract_price_seeds.mjs 自动抽取·历史成交价·待甲方核对】
安宝公司,"乙炔割嘴ANME 1/16  重量：85g
包装：塑料盒+中性不干胶",13.20,CNY,2025-07-30,,contract,来源文件：ziliao/安宝公司/JAI ANME/AB25754.xls（工作表 订单 第 7 行；合同号 AB25 754；抬头需方 宁波安宝国际贸易有限公司；日期凭证：抬头签约时间）【tools/ziliao/extract_price_seeds.mjs 自动抽取·历史成交价·待甲方核对】
安宝公司,"乙炔割嘴ANME 1/32  重量：85g
包装：塑料盒+中性不干胶",13.20,CNY,2025-07-30,,contract,来源文件：ziliao/安宝公司/JAI ANME/AB25754.xls（工作表 订单 第 10 行；合同号 AB25 754；抬头需方 宁波安宝国际贸易有限公司；日期凭证：抬头签约时间）【tools/ziliao/extract_price_seeds.mjs 自动抽取·历史成交价·待甲方核对】
安宝公司,"乙炔割嘴ANME 1/8  重量：85g
包装：塑料盒+中性不干胶",13.20,CNY,2025-07-30,,contract,来源文件：ziliao/安宝公司/JAI ANME/AB25754.xls（工作表 订单 第 9 行；合同号 AB25 754；抬头需方 宁波安宝国际贸易有限公司；日期凭证：抬头签约时间）【tools/ziliao/extract_price_seeds.mjs 自动抽取·历史成交价·待甲方核对】
安宝公司,"乙炔割嘴ANME 3/64  重量：85g
包装：塑料盒+中性不干胶",13.20,CNY,2025-07-30,,contract,来源文件：ziliao/安宝公司/JAI ANME/AB25754.xls（工作表 订单 第 8 行；合同号 AB25 754；抬头需方 宁波安宝国际贸易有限公司；日期凭证：抬头签约时间）【tools/ziliao/extract_price_seeds.mjs 自动抽取·历史成交价·待甲方核对】
安宝公司,Victor 乙炔割嘴 1-1-101,13.20,CNY,2025-07-25,,contract,"来源文件：ziliao/安宝公司/VICTOR-GPN, 1-101,6290AC/AB25737 出口产品供需合同-一洲(1).xls（工作表 Sheet1 第 9 行；合同号 AB25 737；抬头需方 宁波安宝国际贸易有限公司；日期凭证：抬头签约时间）【tools/ziliao/extract_price_seeds.mjs 自动抽取·历史成交价·待甲方核对】"
安宝公司,Victor 乙炔割嘴 2-1-101,13.20,CNY,2025-07-25,,contract,"来源文件：ziliao/安宝公司/VICTOR-GPN, 1-101,6290AC/AB25737 出口产品供需合同-一洲(1).xls（工作表 Sheet1 第 7 行；合同号 AB25 737；抬头需方 宁波安宝国际贸易有限公司；日期凭证：抬头签约时间）；包装：包装要求：
仿Victor包装+刻字

1#+2#合并装1件
3#+4#合并装1件【tools/ziliao/extract_price_seeds.mjs 自动抽取·历史成交价·待甲方核对】"
安宝公司,Victor 乙炔割嘴 3-1-101,13.20,CNY,2025-07-25,,contract,"来源文件：ziliao/安宝公司/VICTOR-GPN, 1-101,6290AC/AB25737 出口产品供需合同-一洲(1).xls（工作表 Sheet1 第 8 行；合同号 AB25 737；抬头需方 宁波安宝国际贸易有限公司；日期凭证：抬头签约时间）【tools/ziliao/extract_price_seeds.mjs 自动抽取·历史成交价·待甲方核对】"
安宝公司,Victor 乙炔割嘴 4-1-101,13.20,CNY,2025-07-25,,contract,"来源文件：ziliao/安宝公司/VICTOR-GPN, 1-101,6290AC/AB25737 出口产品供需合同-一洲(1).xls（工作表 Sheet1 第 10 行；合同号 AB25 737；抬头需方 宁波安宝国际贸易有限公司；日期凭证：抬头签约时间）【tools/ziliao/extract_price_seeds.mjs 自动抽取·历史成交价·待甲方核对】"
安宝公司,"WS202308乙炔割嘴 102HC-3
全铜 重86.5g",14.50,CNY,2025-07-18,,contract,"来源文件：ziliao/安宝公司/Weldsolutions不干胶/合同/2025/AB25723.xls（工作表 Sheet2 第 7 行；合同号 AB25 723返单AB25317；抬头需方 宁波安宝国际贸易有限公司；日期凭证：抬头签约时间）；包装：标贴尺寸：80x16mm
塑料盒盖用 红色
同返单一样包装【tools/ziliao/extract_price_seeds.mjs 自动抽取·历史成交价·待甲方核对】"
安宝公司,"仿澳式乙炔割嘴 41-12
包装：塑料挂钩盒+不干胶",12.85,CNY,2025-07-15,,contract,"来源文件：ziliao/安宝公司/HQF 41 6290NX/41, NX, 6290/AB25704 出口产品供需合同-奉化一洲.xls（工作表 订单 第 8 行；合同号 AB25 704返单AB25453；抬头需方 宁波安宝国际贸易有限公司；日期凭证：抬头签约时间）；包装：41-12【tools/ziliao/extract_price_seeds.mjs 自动抽取·历史成交价·待甲方核对】"
安宝公司,"仿澳式乙炔割嘴 41-15
包装：塑料挂钩盒+不干胶",12.85,CNY,2025-07-15,,contract,"来源文件：ziliao/安宝公司/HQF 41 6290NX/41, NX, 6290/AB25704 出口产品供需合同-奉化一洲.xls（工作表 订单 第 9 行；合同号 AB25 704返单AB25453；抬头需方 宁波安宝国际贸易有限公司；日期凭证：抬头签约时间）；包装：41-15【tools/ziliao/extract_price_seeds.mjs 自动抽取·历史成交价·待甲方核对】"
安宝公司,"仿澳式乙炔割嘴 41-20
包装：塑料挂钩盒+不干胶",12.85,CNY,2025-07-15,,contract,"来源文件：ziliao/安宝公司/HQF 41 6290NX/41, NX, 6290/AB25704 出口产品供需合同-奉化一洲.xls（工作表 订单 第 10 行；合同号 AB25 704返单AB25453；抬头需方 宁波安宝国际贸易有限公司；日期凭证：抬头签约时间）；包装：41-20【tools/ziliao/extract_price_seeds.mjs 自动抽取·历史成交价·待甲方核对】"
安宝公司,"仿澳式乙炔割嘴 41-8
包装：塑料挂钩盒+不干胶",12.85,CNY,2025-07-15,,contract,"来源文件：ziliao/安宝公司/HQF 41 6290NX/41, NX, 6290/AB25704 出口产品供需合同-奉化一洲.xls（工作表 订单 第 7 行；合同号 AB25 704返单AB25453；抬头需方 宁波安宝国际贸易有限公司；日期凭证：抬头签约时间）；包装：41-8【tools/ziliao/extract_price_seeds.mjs 自动抽取·历史成交价·待甲方核对】"
安宝公司,割嘴1-101 1# 产品号码6024,12.60,CNY,2025-06-26,,contract,来源文件：ziliao/安宝公司/美国FRONNY/订单/2025/AB25640 出口产品供需合同-一洲PO64484.xls（工作表 订单 第 10 行；合同号 AB25 640；抬头需方 宁波安宝国际贸易有限公司；日期凭证：抬头签约时间）【tools/ziliao/extract_price_seeds.mjs 自动抽取·历史成交价·待甲方核对】
安宝公司,割嘴1-101 2# 产品号码6025,12.60,CNY,2025-06-26,,contract,来源文件：ziliao/安宝公司/美国FRONNY/订单/2025/AB25640 出口产品供需合同-一洲PO64484.xls（工作表 订单 第 11 行；合同号 AB25 640；抬头需方 宁波安宝国际贸易有限公司；日期凭证：抬头签约时间）【tools/ziliao/extract_price_seeds.mjs 自动抽取·历史成交价·待甲方核对】
安宝公司,割嘴3-101 0# 产品号码6018,9.20,CNY,2025-06-26,,contract,来源文件：ziliao/安宝公司/美国FRONNY/订单/2025/AB25640 出口产品供需合同-一洲PO64484.xls（工作表 订单 第 7 行；合同号 AB25 640；抬头需方 宁波安宝国际贸易有限公司；日期凭证：抬头签约时间）【tools/ziliao/extract_price_seeds.mjs 自动抽取·历史成交价·待甲方核对】
安宝公司,割嘴3-101 1# 产品号码6019,9.20,CNY,2025-06-26,,contract,来源文件：ziliao/安宝公司/美国FRONNY/订单/2025/AB25640 出口产品供需合同-一洲PO64484.xls（工作表 订单 第 8 行；合同号 AB25 640；抬头需方 宁波安宝国际贸易有限公司；日期凭证：抬头签约时间）【tools/ziliao/extract_price_seeds.mjs 自动抽取·历史成交价·待甲方核对】
安宝公司,割嘴3-101 2# 产品号码6020,9.20,CNY,2025-06-26,,contract,来源文件：ziliao/安宝公司/美国FRONNY/订单/2025/AB25640 出口产品供需合同-一洲PO64484.xls（工作表 订单 第 9 行；合同号 AB25 640；抬头需方 宁波安宝国际贸易有限公司；日期凭证：抬头签约时间）【tools/ziliao/extract_price_seeds.mjs 自动抽取·历史成交价·待甲方核对】
安宝公司,割嘴GPN 1# 产品号码6027,8.80,CNY,2025-06-26,,contract,来源文件：ziliao/安宝公司/美国FRONNY/订单/2025/AB25640 出口产品供需合同-一洲PO64484.xls（工作表 订单 第 12 行；合同号 AB25 640；抬头需方 宁波安宝国际贸易有限公司；日期凭证：抬头签约时间）【tools/ziliao/extract_price_seeds.mjs 自动抽取·历史成交价·待甲方核对】
安宝公司,"乙炔割嘴
1-101",12.90,CNY,2025-06-23,,contract,"来源文件：ziliao/安宝公司/常规 1-101, 3-101/AB25631 出口产品供需合同-一洲.xls（工作表 订单 第 10 行；合同号 AB25 631返单AB25293；抬头需方 宁波安宝国际贸易有限公司；日期凭证：抬头签约时间）【tools/ziliao/extract_price_seeds.mjs 自动抽取·历史成交价·待甲方核对】"
安宝公司,丙烷割嘴 3-GPN #1,7.50,CNY,2025-06-17,,contract,"来源文件：ziliao/安宝公司/A. SH  AIR - OXY 里卡多/合同/2025/AB25565 出口产品供需合同-奉化一洲.xls（工作表 订单 第 25 行；合同号 AB25 565返单AB25393；抬头需方 宁波安宝国际贸易有限公司；日期凭证：抬头签约时间）；包装：中性塑料盒包装
盖字上中性型号不干胶
塑料盒上贴带         
不干胶如下图【tools/ziliao/extract_price_seeds.mjs 自动抽取·历史成交价·待甲方核对】"
安宝公司,丙烷割嘴 3-GPN #2,7.50,CNY,2025-06-17,,contract,来源文件：ziliao/安宝公司/A. SH  AIR - OXY 里卡多/合同/2025/AB25565 出口产品供需合同-奉化一洲.xls（工作表 订单 第 26 行；合同号 AB25 565返单AB25393；抬头需方 宁波安宝国际贸易有限公司；日期凭证：抬头签约时间）【tools/ziliao/extract_price_seeds.mjs 自动抽取·历史成交价·待甲方核对】
安宝公司,丙烷割嘴 GPN #0 仿包装,8.20,CNY,2025-06-17,,contract,来源文件：ziliao/安宝公司/A. SH  AIR - OXY 里卡多/合同/2025/AB25565 出口产品供需合同-奉化一洲.xls（工作表 订单 第 17 行；合同号 AB25 565返单AB25393；抬头需方 宁波安宝国际贸易有限公司；日期凭证：抬头签约时间）【tools/ziliao/extract_price_seeds.mjs 自动抽取·历史成交价·待甲方核对】
安宝公司,丙烷割嘴 GPN #1 仿包装,8.20,CNY,2025-06-17,,contract,来源文件：ziliao/安宝公司/A. SH  AIR - OXY 里卡多/合同/2025/AB25565 出口产品供需合同-奉化一洲.xls（工作表 订单 第 18 行；合同号 AB25 565返单AB25393；抬头需方 宁波安宝国际贸易有限公司；日期凭证：抬头签约时间）【tools/ziliao/extract_price_seeds.mjs 自动抽取·历史成交价·待甲方核对】
安宝公司,丙烷割嘴 GPN #2 仿包装,8.20,CNY,2025-06-17,,contract,来源文件：ziliao/安宝公司/A. SH  AIR - OXY 里卡多/合同/2025/AB25565 出口产品供需合同-奉化一洲.xls（工作表 订单 第 19 行；合同号 AB25 565返单AB25393；抬头需方 宁波安宝国际贸易有限公司；日期凭证：抬头签约时间）【tools/ziliao/extract_price_seeds.mjs 自动抽取·历史成交价·待甲方核对】
安宝公司,丙烷割嘴 GPN #3 仿包装,8.20,CNY,2025-06-17,,contract,来源文件：ziliao/安宝公司/A. SH  AIR - OXY 里卡多/合同/2025/AB25565 出口产品供需合同-奉化一洲.xls（工作表 订单 第 20 行；合同号 AB25 565返单AB25393；抬头需方 宁波安宝国际贸易有限公司；日期凭证：抬头签约时间）【tools/ziliao/extract_price_seeds.mjs 自动抽取·历史成交价·待甲方核对】
安宝公司,丙烷割嘴 GPN #4 仿包装,8.20,CNY,2025-06-17,,contract,来源文件：ziliao/安宝公司/A. SH  AIR - OXY 里卡多/合同/2025/AB25565 出口产品供需合同-奉化一洲.xls（工作表 订单 第 21 行；合同号 AB25 565返单AB25393；抬头需方 宁波安宝国际贸易有限公司；日期凭证：抬头签约时间）【tools/ziliao/extract_price_seeds.mjs 自动抽取·历史成交价·待甲方核对】
安宝公司,丙烷割嘴 GPN #5 仿包装,8.20,CNY,2025-06-17,,contract,来源文件：ziliao/安宝公司/A. SH  AIR - OXY 里卡多/合同/2025/AB25565 出口产品供需合同-奉化一洲.xls（工作表 订单 第 22 行；合同号 AB25 565返单AB25393；抬头需方 宁波安宝国际贸易有限公司；日期凭证：抬头签约时间）【tools/ziliao/extract_price_seeds.mjs 自动抽取·历史成交价·待甲方核对】
安宝公司,丙烷割嘴 GPN #7 仿包装,8.20,CNY,2025-06-17,,contract,来源文件：ziliao/安宝公司/A. SH  AIR - OXY 里卡多/合同/2025/AB25565 出口产品供需合同-奉化一洲.xls（工作表 订单 第 23 行；合同号 AB25 565返单AB25393；抬头需方 宁波安宝国际贸易有限公司；日期凭证：抬头签约时间）【tools/ziliao/extract_price_seeds.mjs 自动抽取·历史成交价·待甲方核对】
安宝公司,丙烷割嘴 GPN #8 仿包装,8.20,CNY,2025-06-17,,contract,来源文件：ziliao/安宝公司/A. SH  AIR - OXY 里卡多/合同/2025/AB25565 出口产品供需合同-奉化一洲.xls（工作表 订单 第 24 行；合同号 AB25 565返单AB25393；抬头需方 宁波安宝国际贸易有限公司；日期凭证：抬头签约时间）【tools/ziliao/extract_price_seeds.mjs 自动抽取·历史成交价·待甲方核对】
安宝公司,丙烷割嘴GPN #1  塑料盖贴：GPN-1,8.00,CNY,2025-06-17,,contract,来源文件：ziliao/安宝公司/A. SH  AIR - OXY 里卡多/合同/2025/AB25565 出口产品供需合同-奉化一洲.xls（工作表 订单 第 27 行；合同号 AB25 565返单AB25393；抬头需方 宁波安宝国际贸易有限公司；日期凭证：抬头签约时间）【tools/ziliao/extract_price_seeds.mjs 自动抽取·历史成交价·待甲方核对】
安宝公司,丙烷割嘴GPN #2  塑料盖贴：GPN-2,8.00,CNY,2025-06-17,,contract,来源文件：ziliao/安宝公司/A. SH  AIR - OXY 里卡多/合同/2025/AB25565 出口产品供需合同-奉化一洲.xls（工作表 订单 第 28 行；合同号 AB25 565返单AB25393；抬头需方 宁波安宝国际贸易有限公司；日期凭证：抬头签约时间）【tools/ziliao/extract_price_seeds.mjs 自动抽取·历史成交价·待甲方核对】
安宝公司,丙烷割嘴GPN #3  塑料盖贴：GPN-3,8.00,CNY,2025-06-17,,contract,来源文件：ziliao/安宝公司/A. SH  AIR - OXY 里卡多/合同/2025/AB25565 出口产品供需合同-奉化一洲.xls（工作表 订单 第 29 行；合同号 AB25 565返单AB25393；抬头需方 宁波安宝国际贸易有限公司；日期凭证：抬头签约时间）【tools/ziliao/extract_price_seeds.mjs 自动抽取·历史成交价·待甲方核对】
安宝公司,丙烷割嘴GPN #4  塑料盖贴：GPN-4,8.00,CNY,2025-06-17,,contract,来源文件：ziliao/安宝公司/A. SH  AIR - OXY 里卡多/合同/2025/AB25565 出口产品供需合同-奉化一洲.xls（工作表 订单 第 30 行；合同号 AB25 565返单AB25393；抬头需方 宁波安宝国际贸易有限公司；日期凭证：抬头签约时间）【tools/ziliao/extract_price_seeds.mjs 自动抽取·历史成交价·待甲方核对】
安宝公司,丙烷割嘴GPN #5  塑料盖贴：GPN-5,8.00,CNY,2025-06-17,,contract,来源文件：ziliao/安宝公司/A. SH  AIR - OXY 里卡多/合同/2025/AB25565 出口产品供需合同-奉化一洲.xls（工作表 订单 第 31 行；合同号 AB25 565返单AB25393；抬头需方 宁波安宝国际贸易有限公司；日期凭证：抬头签约时间）【tools/ziliao/extract_price_seeds.mjs 自动抽取·历史成交价·待甲方核对】
安宝公司,"乙炔割嘴 1-101 #0
塑料盖贴：1-101 0",13.20,CNY,2025-06-17,,contract,来源文件：ziliao/安宝公司/A. SH  AIR - OXY 里卡多/合同/2025/AB25565 出口产品供需合同-奉化一洲.xls（工作表 订单 第 15 行；合同号 AB25 565返单AB25393；抬头需方 宁波安宝国际贸易有限公司；日期凭证：抬头签约时间）【tools/ziliao/extract_price_seeds.mjs 自动抽取·历史成交价·待甲方核对】
安宝公司,乙炔割嘴 1-101 #0 仿包装,13.20,CNY,2025-06-17,,contract,来源文件：ziliao/安宝公司/A. SH  AIR - OXY 里卡多/合同/2025/AB25565 出口产品供需合同-奉化一洲.xls（工作表 订单 第 7 行；合同号 AB25 565返单AB25393；抬头需方 宁波安宝国际贸易有限公司；日期凭证：抬头签约时间）【tools/ziliao/extract_price_seeds.mjs 自动抽取·历史成交价·待甲方核对】
安宝公司,"乙炔割嘴 1-101 #00
塑料盖贴：1-101 00",13.20,CNY,2025-06-17,,contract,来源文件：ziliao/安宝公司/A. SH  AIR - OXY 里卡多/合同/2025/AB25565 出口产品供需合同-奉化一洲.xls（工作表 订单 第 14 行；合同号 AB25 565返单AB25393；抬头需方 宁波安宝国际贸易有限公司；日期凭证：抬头签约时间）【tools/ziliao/extract_price_seeds.mjs 自动抽取·历史成交价·待甲方核对】
安宝公司,乙炔割嘴 1-101 #1 仿包装,13.20,CNY,2025-06-17,,contract,来源文件：ziliao/安宝公司/A. SH  AIR - OXY 里卡多/合同/2025/AB25565 出口产品供需合同-奉化一洲.xls（工作表 订单 第 8 行；合同号 AB25 565返单AB25393；抬头需方 宁波安宝国际贸易有限公司；日期凭证：抬头签约时间）【tools/ziliao/extract_price_seeds.mjs 自动抽取·历史成交价·待甲方核对】
安宝公司,乙炔割嘴 1-101 #2 仿包装,13.20,CNY,2025-06-17,,contract,来源文件：ziliao/安宝公司/A. SH  AIR - OXY 里卡多/合同/2025/AB25565 出口产品供需合同-奉化一洲.xls（工作表 订单 第 9 行；合同号 AB25 565返单AB25393；抬头需方 宁波安宝国际贸易有限公司；日期凭证：抬头签约时间）【tools/ziliao/extract_price_seeds.mjs 自动抽取·历史成交价·待甲方核对】
安宝公司,乙炔割嘴 1-101 #3 仿包装,13.20,CNY,2025-06-17,,contract,来源文件：ziliao/安宝公司/A. SH  AIR - OXY 里卡多/合同/2025/AB25565 出口产品供需合同-奉化一洲.xls（工作表 订单 第 10 行；合同号 AB25 565返单AB25393；抬头需方 宁波安宝国际贸易有限公司；日期凭证：抬头签约时间）【tools/ziliao/extract_price_seeds.mjs 自动抽取·历史成交价·待甲方核对】
安宝公司,"乙炔割嘴 1-101 #4
塑料盖贴：1-101 4",13.20,CNY,2025-06-17,,contract,来源文件：ziliao/安宝公司/A. SH  AIR - OXY 里卡多/合同/2025/AB25565 出口产品供需合同-奉化一洲.xls（工作表 订单 第 16 行；合同号 AB25 565返单AB25393；抬头需方 宁波安宝国际贸易有限公司；日期凭证：抬头签约时间）【tools/ziliao/extract_price_seeds.mjs 自动抽取·历史成交价·待甲方核对】
安宝公司,乙炔割嘴 1-101 #4 仿包装,13.20,CNY,2025-06-17,,contract,来源文件：ziliao/安宝公司/A. SH  AIR - OXY 里卡多/合同/2025/AB25565 出口产品供需合同-奉化一洲.xls（工作表 订单 第 11 行；合同号 AB25 565返单AB25393；抬头需方 宁波安宝国际贸易有限公司；日期凭证：抬头签约时间）【tools/ziliao/extract_price_seeds.mjs 自动抽取·历史成交价·待甲方核对】
安宝公司,乙炔割嘴 1-101 #5 仿包装,13.20,CNY,2025-06-17,,contract,来源文件：ziliao/安宝公司/A. SH  AIR - OXY 里卡多/合同/2025/AB25565 出口产品供需合同-奉化一洲.xls（工作表 订单 第 12 行；合同号 AB25 565返单AB25393；抬头需方 宁波安宝国际贸易有限公司；日期凭证：抬头签约时间）【tools/ziliao/extract_price_seeds.mjs 自动抽取·历史成交价·待甲方核对】
安宝公司,乙炔割嘴 1-101 #8 仿包装,13.20,CNY,2025-06-17,,contract,来源文件：ziliao/安宝公司/A. SH  AIR - OXY 里卡多/合同/2025/AB25565 出口产品供需合同-奉化一洲.xls（工作表 订单 第 13 行；合同号 AB25 565返单AB25393；抬头需方 宁波安宝国际贸易有限公司；日期凭证：抬头签约时间）【tools/ziliao/extract_price_seeds.mjs 自动抽取·历史成交价·待甲方核对】
安宝公司,割嘴 6290-1# 产品号码6010,9.68,CNY,2025-06-05,,contract,来源文件：ziliao/安宝公司/美国FRONNY/订单/2025/ab25522 出口产品供需合同-一洲po64361.xls（工作表 订单 第 20 行；合同号 AB25 522；抬头需方 宁波安宝国际贸易有限公司；日期凭证：抬头签约时间）【tools/ziliao/extract_price_seeds.mjs 自动抽取·历史成交价·待甲方核对】
安宝公司,割嘴 6290-2# 产品号码6011,9.68,CNY,2025-06-05,,contract,来源文件：ziliao/安宝公司/美国FRONNY/订单/2025/ab25522 出口产品供需合同-一洲po64361.xls（工作表 订单 第 21 行；合同号 AB25 522；抬头需方 宁波安宝国际贸易有限公司；日期凭证：抬头签约时间）【tools/ziliao/extract_price_seeds.mjs 自动抽取·历史成交价·待甲方核对】
安宝公司,割嘴 MC-12-1# 产品号码6003,15.40,CNY,2025-06-05,,contract,来源文件：ziliao/安宝公司/美国FRONNY/订单/2025/ab25522 出口产品供需合同-一洲po64361.xls（工作表 订单 第 19 行；合同号 AB25 522；抬头需方 宁波安宝国际贸易有限公司；日期凭证：抬头签约时间）【tools/ziliao/extract_price_seeds.mjs 自动抽取·历史成交价·待甲方核对】
安宝公司,割嘴 SC-12-1# 产品号码6000,15.95,CNY,2025-06-05,,contract,来源文件：ziliao/安宝公司/美国FRONNY/订单/2025/ab25522 出口产品供需合同-一洲po64361.xls（工作表 订单 第 17 行；合同号 AB25 522；抬头需方 宁波安宝国际贸易有限公司；日期凭证：抬头签约时间）【tools/ziliao/extract_price_seeds.mjs 自动抽取·历史成交价·待甲方核对】
安宝公司,割嘴 SC-12-2# 产品号码6001,15.95,CNY,2025-06-05,,contract,来源文件：ziliao/安宝公司/美国FRONNY/订单/2025/ab25522 出口产品供需合同-一洲po64361.xls（工作表 订单 第 18 行；合同号 AB25 522；抬头需方 宁波安宝国际贸易有限公司；日期凭证：抬头签约时间）【tools/ziliao/extract_price_seeds.mjs 自动抽取·历史成交价·待甲方核对】
安宝公司,割嘴1-101 0# 产品号码6023,13.20,CNY,2025-06-05,,contract,来源文件：ziliao/安宝公司/美国FRONNY/订单/2025/ab25522 出口产品供需合同-一洲po64361.xls（工作表 订单 第 12 行；合同号 AB25 522；抬头需方 宁波安宝国际贸易有限公司；日期凭证：抬头签约时间）【tools/ziliao/extract_price_seeds.mjs 自动抽取·历史成交价·待甲方核对】
安宝公司,割嘴1-101 00# 产品号码6022,13.20,CNY,2025-06-05,,contract,来源文件：ziliao/安宝公司/美国FRONNY/订单/2025/ab25522 出口产品供需合同-一洲po64361.xls（工作表 订单 第 11 行；合同号 AB25 522；抬头需方 宁波安宝国际贸易有限公司；日期凭证：抬头签约时间）【tools/ziliao/extract_price_seeds.mjs 自动抽取·历史成交价·待甲方核对】
安宝公司,割嘴1-101 1# 产品号码6024,13.20,CNY,2025-06-05,,contract,来源文件：ziliao/安宝公司/美国FRONNY/订单/2025/ab25522 出口产品供需合同-一洲po64361.xls（工作表 订单 第 13 行；合同号 AB25 522；抬头需方 宁波安宝国际贸易有限公司；日期凭证：抬头签约时间）【tools/ziliao/extract_price_seeds.mjs 自动抽取·历史成交价·待甲方核对】
安宝公司,割嘴1-101 2# 产品号码6025,13.20,CNY,2025-06-05,,contract,来源文件：ziliao/安宝公司/美国FRONNY/订单/2025/ab25522 出口产品供需合同-一洲po64361.xls（工作表 订单 第 14 行；合同号 AB25 522；抬头需方 宁波安宝国际贸易有限公司；日期凭证：抬头签约时间）【tools/ziliao/extract_price_seeds.mjs 自动抽取·历史成交价·待甲方核对】
安宝公司,割嘴1-101 3# 产品号码6026,13.20,CNY,2025-06-05,,contract,来源文件：ziliao/安宝公司/美国FRONNY/订单/2025/ab25522 出口产品供需合同-一洲po64361.xls（工作表 订单 第 15 行；合同号 AB25 522；抬头需方 宁波安宝国际贸易有限公司；日期凭证：抬头签约时间）【tools/ziliao/extract_price_seeds.mjs 自动抽取·历史成交价·待甲方核对】
安宝公司,割嘴3-101 0# 产品号码6018,9.68,CNY,2025-06-05,,contract,来源文件：ziliao/安宝公司/美国FRONNY/订单/2025/ab25522 出口产品供需合同-一洲po64361.xls（工作表 订单 第 9 行；合同号 AB25 522；抬头需方 宁波安宝国际贸易有限公司；日期凭证：抬头签约时间）【tools/ziliao/extract_price_seeds.mjs 自动抽取·历史成交价·待甲方核对】
安宝公司,割嘴3-101 00# 产品号码6017,9.68,CNY,2025-06-05,,contract,来源文件：ziliao/安宝公司/美国FRONNY/订单/2025/ab25522 出口产品供需合同-一洲po64361.xls（工作表 订单 第 8 行；合同号 AB25 522；抬头需方 宁波安宝国际贸易有限公司；日期凭证：抬头签约时间）【tools/ziliao/extract_price_seeds.mjs 自动抽取·历史成交价·待甲方核对】
安宝公司,割嘴3-101 000# 产品号码6016,9.68,CNY,2025-06-05,,contract,来源文件：ziliao/安宝公司/美国FRONNY/订单/2025/ab25522 出口产品供需合同-一洲po64361.xls（工作表 订单 第 7 行；合同号 AB25 522；抬头需方 宁波安宝国际贸易有限公司；日期凭证：抬头签约时间）【tools/ziliao/extract_price_seeds.mjs 自动抽取·历史成交价·待甲方核对】
安宝公司,割嘴3-101 1# 产品号码6019,9.68,CNY,2025-06-05,,contract,来源文件：ziliao/安宝公司/美国FRONNY/订单/2025/ab25522 出口产品供需合同-一洲po64361.xls（工作表 订单 第 10 行；合同号 AB25 522；抬头需方 宁波安宝国际贸易有限公司；日期凭证：抬头签约时间）【tools/ziliao/extract_price_seeds.mjs 自动抽取·历史成交价·待甲方核对】
安宝公司,割嘴GPN 2# 产品号码6028,8.80,CNY,2025-06-05,,contract,来源文件：ziliao/安宝公司/美国FRONNY/订单/2025/ab25522 出口产品供需合同-一洲po64361.xls（工作表 订单 第 16 行；合同号 AB25 522；抬头需方 宁波安宝国际贸易有限公司；日期凭证：抬头签约时间）【tools/ziliao/extract_price_seeds.mjs 自动抽取·历史成交价·待甲方核对】
安宝公司,"澳大利亚款式乙炔 割嘴 41-8
刻字内容：如右图所示41  12",13.20,CNY,2025-06-03,,contract,"来源文件：ziliao/安宝公司/HARRIS 6290-2AC, 41 原装/41合同/ab25505 出口产品供需合同-奉化一洲.xls（工作表 订单 第 7 行；合同号 AB25 505返单AB24582；抬头需方 宁波安宝国际贸易有限公司；日期凭证：抬头签约时间）；包装：散装：但需确保运输途中不能损坏。【tools/ziliao/extract_price_seeds.mjs 自动抽取·历史成交价·待甲方核对】"
安宝公司,"澳大利亚款式乙炔 割嘴 41-8
刻字内容如图所示41  15",13.20,CNY,2025-06-03,,contract,"来源文件：ziliao/安宝公司/HARRIS 6290-2AC, 41 原装/41合同/ab25505 出口产品供需合同-奉化一洲.xls（工作表 订单 第 8 行；合同号 AB25 505返单AB24582；抬头需方 宁波安宝国际贸易有限公司；日期凭证：抬头签约时间）【tools/ziliao/extract_price_seeds.mjs 自动抽取·历史成交价·待甲方核对】"
安宝公司,"丙烷割嘴 6290NX-1# 重41克
刻字：规格型号 包装：塑料盒+贴纸",6.20,CNY,2025-05-28,,contract,"来源文件：ziliao/安宝公司/Ansorg/AB25457 出口产品供需合同-奉化一洲.xls（工作表 订单 第 16 行；合同号 AB25 457；抬头需方 宁波安宝国际贸易有限公司；日期凭证：抬头签约时间）；包装：黑色
塑料盖

刻字：
Ansorg
6290NX-2/型号【tools/ziliao/extract_price_seeds.mjs 自动抽取·历史成交价·待甲方核对】"
安宝公司,"丙烷割嘴 6290NX-2# 重41克
刻字：规格型号 包装：塑料盒+贴纸",6.20,CNY,2025-05-28,,contract,来源文件：ziliao/安宝公司/Ansorg/AB25457 出口产品供需合同-奉化一洲.xls（工作表 订单 第 17 行；合同号 AB25 457；抬头需方 宁波安宝国际贸易有限公司；日期凭证：抬头签约时间）【tools/ziliao/extract_price_seeds.mjs 自动抽取·历史成交价·待甲方核对】
安宝公司,"丙烷割嘴 6290NX-3# 重41克
刻字：规格型号 包装：塑料盒+贴纸",6.20,CNY,2025-05-28,,contract,来源文件：ziliao/安宝公司/Ansorg/AB25457 出口产品供需合同-奉化一洲.xls（工作表 订单 第 18 行；合同号 AB25 457；抬头需方 宁波安宝国际贸易有限公司；日期凭证：抬头签约时间）【tools/ziliao/extract_price_seeds.mjs 自动抽取·历史成交价·待甲方核对】
安宝公司,"丙烷割嘴 GPN 2# 重79.7克
刻字：规格型号 包装：塑料盒+贴纸",8.60,CNY,2025-05-28,,contract,"来源文件：ziliao/安宝公司/Ansorg/AB25457 出口产品供需合同-奉化一洲.xls（工作表 订单 第 19 行；合同号 AB25 457；抬头需方 宁波安宝国际贸易有限公司；日期凭证：抬头签约时间）；包装：黑色塑料盖
刻字：Ansorg
2-GPN【tools/ziliao/extract_price_seeds.mjs 自动抽取·历史成交价·待甲方核对】"
安宝公司,"丙烷割嘴 SC-50-1# 重93克
刻字：规格型号 包装：塑料盒+贴纸",12.80,CNY,2025-05-28,,contract,"来源文件：ziliao/安宝公司/Ansorg/AB25457 出口产品供需合同-奉化一洲.xls（工作表 订单 第 7 行；合同号 AB25 457；抬头需方 宁波安宝国际贸易有限公司；日期凭证：抬头签约时间）；包装：黑色
塑料盖

刻字：
Ansorg
SC-50
  1(型号)【tools/ziliao/extract_price_seeds.mjs 自动抽取·历史成交价·待甲方核对】"
安宝公司,"丙烷割嘴 SC-50-2# 重93克
刻字：规格型号 包装：塑料盒+贴纸",12.80,CNY,2025-05-28,,contract,来源文件：ziliao/安宝公司/Ansorg/AB25457 出口产品供需合同-奉化一洲.xls（工作表 订单 第 8 行；合同号 AB25 457；抬头需方 宁波安宝国际贸易有限公司；日期凭证：抬头签约时间）【tools/ziliao/extract_price_seeds.mjs 自动抽取·历史成交价·待甲方核对】
安宝公司,"丙烷割嘴 SC-50-3# 重93克
刻字：规格型号 包装：塑料盒+贴纸",12.80,CNY,2025-05-28,,contract,来源文件：ziliao/安宝公司/Ansorg/AB25457 出口产品供需合同-奉化一洲.xls（工作表 订单 第 9 行；合同号 AB25 457；抬头需方 宁波安宝国际贸易有限公司；日期凭证：抬头签约时间）【tools/ziliao/extract_price_seeds.mjs 自动抽取·历史成交价·待甲方核对】
安宝公司,"乙炔割嘴 6290-1# 重59.3克
刻字：规格型号 包装：塑料盒+贴纸",8.60,CNY,2025-05-28,,contract,"来源文件：ziliao/安宝公司/Ansorg/AB25457 出口产品供需合同-奉化一洲.xls（工作表 订单 第 12 行；合同号 AB25 457；抬头需方 宁波安宝国际贸易有限公司；日期凭证：抬头签约时间）；包装：红色
塑料盖

刻字：
Ansorg
6290-2/型号【tools/ziliao/extract_price_seeds.mjs 自动抽取·历史成交价·待甲方核对】"
安宝公司,"乙炔割嘴 6290-2# 重59.3克
刻字：规格型号 包装：塑料盒+贴纸",8.60,CNY,2025-05-28,,contract,来源文件：ziliao/安宝公司/Ansorg/AB25457 出口产品供需合同-奉化一洲.xls（工作表 订单 第 13 行；合同号 AB25 457；抬头需方 宁波安宝国际贸易有限公司；日期凭证：抬头签约时间）【tools/ziliao/extract_price_seeds.mjs 自动抽取·历史成交价·待甲方核对】
安宝公司,"乙炔割嘴 6290-4# 重59.3克
刻字：规格型号 包装：塑料盒+贴纸",8.60,CNY,2025-05-28,,contract,来源文件：ziliao/安宝公司/Ansorg/AB25457 出口产品供需合同-奉化一洲.xls（工作表 订单 第 14 行；合同号 AB25 457；抬头需方 宁波安宝国际贸易有限公司；日期凭证：抬头签约时间）【tools/ziliao/extract_price_seeds.mjs 自动抽取·历史成交价·待甲方核对】
安宝公司,"乙炔割嘴 6290-5# 重59.3克
刻字：规格型号 包装：塑料盒+贴纸",8.60,CNY,2025-05-28,,contract,来源文件：ziliao/安宝公司/Ansorg/AB25457 出口产品供需合同-奉化一洲.xls（工作表 订单 第 15 行；合同号 AB25 457；抬头需方 宁波安宝国际贸易有限公司；日期凭证：抬头签约时间）【tools/ziliao/extract_price_seeds.mjs 自动抽取·历史成交价·待甲方核对】
安宝公司,"乙炔割嘴 SC-12-1# 重99.8克
刻字：规格型号 包装：塑料盒+贴纸",15.20,CNY,2025-05-28,,contract,"来源文件：ziliao/安宝公司/Ansorg/AB25457 出口产品供需合同-奉化一洲.xls（工作表 订单 第 10 行；合同号 AB25 457；抬头需方 宁波安宝国际贸易有限公司；日期凭证：抬头签约时间）；包装：红色
塑料盖
刻字：
Ansorg
SC-12
  1(型号)【tools/ziliao/extract_price_seeds.mjs 自动抽取·历史成交价·待甲方核对】"
安宝公司,"乙炔割嘴 SC-12-2# 重99.8克
刻字：规格型号 包装：塑料盒+贴纸",15.20,CNY,2025-05-28,,contract,来源文件：ziliao/安宝公司/Ansorg/AB25457 出口产品供需合同-奉化一洲.xls（工作表 订单 第 11 行；合同号 AB25 457；抬头需方 宁波安宝国际贸易有限公司；日期凭证：抬头签约时间）【tools/ziliao/extract_price_seeds.mjs 自动抽取·历史成交价·待甲方核对】
安宝公司,"丙烷割嘴 106HC 1#  
包装：彩卡+泡壳+说明书",6.60,CNY,2025-05-26,,contract,"来源文件：ziliao/安宝公司/HQF 41 6290NX/41, NX, 6290/AB25453 出口产品供需合同-一洲(1).xls（工作表 订单 第 7 行；合同号 AB25 453；抬头需方 宁波安宝国际贸易有限公司；日期凭证：抬头签约时间）【tools/ziliao/extract_price_seeds.mjs 自动抽取·历史成交价·待甲方核对】"
安宝公司,"丙烷割嘴 106HC 2#  塑料盒包装
包装：彩卡+泡壳+说明书",6.60,CNY,2025-05-26,,contract,"来源文件：ziliao/安宝公司/HQF 41 6290NX/41, NX, 6290/AB25453 出口产品供需合同-一洲(1).xls（工作表 订单 第 8 行；合同号 AB25 453；抬头需方 宁波安宝国际贸易有限公司；日期凭证：抬头签约时间）【tools/ziliao/extract_price_seeds.mjs 自动抽取·历史成交价·待甲方核对】"
安宝公司,"丙烷割嘴 106HC 4#  塑料盒包装
包装：彩卡+泡壳+说明书",6.60,CNY,2025-05-26,,contract,"来源文件：ziliao/安宝公司/HQF 41 6290NX/41, NX, 6290/AB25453 出口产品供需合同-一洲(1).xls（工作表 订单 第 9 行；合同号 AB25 453；抬头需方 宁波安宝国际贸易有限公司；日期凭证：抬头签约时间）【tools/ziliao/extract_price_seeds.mjs 自动抽取·历史成交价·待甲方核对】"
安宝公司,"仿澳式丙烷割嘴 44-12
包装：不干胶+塑料盒",9.00,CNY,2025-05-26,,contract,"来源文件：ziliao/安宝公司/HQF 41 6290NX/41, NX, 6290/AB25453 出口产品供需合同-一洲(1).xls（工作表 订单 第 17 行；合同号 AB25 453；抬头需方 宁波安宝国际贸易有限公司；日期凭证：抬头签约时间）【tools/ziliao/extract_price_seeds.mjs 自动抽取·历史成交价·待甲方核对】"
安宝公司,"仿澳式丙烷割嘴 44-15
包装：不干胶+塑料盒",9.00,CNY,2025-05-26,,contract,"来源文件：ziliao/安宝公司/HQF 41 6290NX/41, NX, 6290/AB25453 出口产品供需合同-一洲(1).xls（工作表 订单 第 18 行；合同号 AB25 453；抬头需方 宁波安宝国际贸易有限公司；日期凭证：抬头签约时间）【tools/ziliao/extract_price_seeds.mjs 自动抽取·历史成交价·待甲方核对】"
安宝公司,"仿澳式丙烷割嘴 44-20
包装：不干胶+塑料盒",9.00,CNY,2025-05-26,,contract,"来源文件：ziliao/安宝公司/HQF 41 6290NX/41, NX, 6290/AB25453 出口产品供需合同-一洲(1).xls（工作表 订单 第 19 行；合同号 AB25 453；抬头需方 宁波安宝国际贸易有限公司；日期凭证：抬头签约时间）【tools/ziliao/extract_price_seeds.mjs 自动抽取·历史成交价·待甲方核对】"
安宝公司,"仿澳式丙烷割嘴 44-8
包装：不干胶+塑料盒",9.00,CNY,2025-05-26,,contract,"来源文件：ziliao/安宝公司/HQF 41 6290NX/41, NX, 6290/AB25453 出口产品供需合同-一洲(1).xls（工作表 订单 第 16 行；合同号 AB25 453；抬头需方 宁波安宝国际贸易有限公司；日期凭证：抬头签约时间）【tools/ziliao/extract_price_seeds.mjs 自动抽取·历史成交价·待甲方核对】"
安宝公司,"仿澳式乙炔割嘴 41-12
包装：塑料挂钩盒+不干胶",12.85,CNY,2025-05-26,,contract,"来源文件：ziliao/安宝公司/HQF 41 6290NX/41, NX, 6290/AB25453 出口产品供需合同-一洲(1).xls（工作表 订单 第 21 行；合同号 AB25 453；抬头需方 宁波安宝国际贸易有限公司；日期凭证：抬头签约时间）【tools/ziliao/extract_price_seeds.mjs 自动抽取·历史成交价·待甲方核对】"
安宝公司,"仿澳式乙炔割嘴 41-15
包装：塑料挂钩盒+不干胶",12.85,CNY,2025-05-26,,contract,"来源文件：ziliao/安宝公司/HQF 41 6290NX/41, NX, 6290/AB25453 出口产品供需合同-一洲(1).xls（工作表 订单 第 22 行；合同号 AB25 453；抬头需方 宁波安宝国际贸易有限公司；日期凭证：抬头签约时间）【tools/ziliao/extract_price_seeds.mjs 自动抽取·历史成交价·待甲方核对】"
安宝公司,"仿澳式乙炔割嘴 41-20
包装：塑料挂钩盒+不干胶",12.85,CNY,2025-05-26,,contract,"来源文件：ziliao/安宝公司/HQF 41 6290NX/41, NX, 6290/AB25453 出口产品供需合同-一洲(1).xls（工作表 订单 第 23 行；合同号 AB25 453；抬头需方 宁波安宝国际贸易有限公司；日期凭证：抬头签约时间）【tools/ziliao/extract_price_seeds.mjs 自动抽取·历史成交价·待甲方核对】"
安宝公司,"仿澳式乙炔割嘴 41-8
包装：塑料挂钩盒+不干胶",12.85,CNY,2025-05-26,,contract,"来源文件：ziliao/安宝公司/HQF 41 6290NX/41, NX, 6290/AB25453 出口产品供需合同-一洲(1).xls（工作表 订单 第 20 行；合同号 AB25 453；抬头需方 宁波安宝国际贸易有限公司；日期凭证：抬头签约时间）【tools/ziliao/extract_price_seeds.mjs 自动抽取·历史成交价·待甲方核对】"
安宝公司,"仿丙烷割嘴 6290-NX-1# 重：44克
包装：仿HARRIS",6.00,CNY,2025-05-26,,contract,"来源文件：ziliao/安宝公司/HQF 41 6290NX/41, NX, 6290/AB25453 出口产品供需合同-一洲(1).xls（工作表 订单 第 13 行；合同号 AB25 453；抬头需方 宁波安宝国际贸易有限公司；日期凭证：抬头签约时间）【tools/ziliao/extract_price_seeds.mjs 自动抽取·历史成交价·待甲方核对】"
安宝公司,"仿丙烷割嘴 6290-NX-2# 重：44克
包装：仿HARRIS",6.00,CNY,2025-05-26,,contract,"来源文件：ziliao/安宝公司/HQF 41 6290NX/41, NX, 6290/AB25453 出口产品供需合同-一洲(1).xls（工作表 订单 第 14 行；合同号 AB25 453；抬头需方 宁波安宝国际贸易有限公司；日期凭证：抬头签约时间）【tools/ziliao/extract_price_seeds.mjs 自动抽取·历史成交价·待甲方核对】"
安宝公司,"仿丙烷割嘴 6290-NX-3# 重：44克
包装：仿HARRIS",6.00,CNY,2025-05-26,,contract,"来源文件：ziliao/安宝公司/HQF 41 6290NX/41, NX, 6290/AB25453 出口产品供需合同-一洲(1).xls（工作表 订单 第 15 行；合同号 AB25 453；抬头需方 宁波安宝国际贸易有限公司；日期凭证：抬头签约时间）【tools/ziliao/extract_price_seeds.mjs 自动抽取·历史成交价·待甲方核对】"
安宝公司,"仿乙炔割嘴 6290-1#
包装：仿HARRIS",9.20,CNY,2025-05-26,,contract,"来源文件：ziliao/安宝公司/HQF 41 6290NX/41, NX, 6290/AB25453 出口产品供需合同-一洲(1).xls（工作表 订单 第 10 行；合同号 AB25 453；抬头需方 宁波安宝国际贸易有限公司；日期凭证：抬头签约时间）【tools/ziliao/extract_price_seeds.mjs 自动抽取·历史成交价·待甲方核对】"
安宝公司,"仿乙炔割嘴 6290-2#
包装：仿HARRIS",9.20,CNY,2025-05-26,,contract,"来源文件：ziliao/安宝公司/HQF 41 6290NX/41, NX, 6290/AB25453 出口产品供需合同-一洲(1).xls（工作表 订单 第 11 行；合同号 AB25 453；抬头需方 宁波安宝国际贸易有限公司；日期凭证：抬头签约时间）【tools/ziliao/extract_price_seeds.mjs 自动抽取·历史成交价·待甲方核对】"
安宝公司,"仿乙炔割嘴 6290-3#
包装：仿HARRIS",9.20,CNY,2025-05-26,,contract,"来源文件：ziliao/安宝公司/HQF 41 6290NX/41, NX, 6290/AB25453 出口产品供需合同-一洲(1).xls（工作表 订单 第 12 行；合同号 AB25 453；抬头需方 宁波安宝国际贸易有限公司；日期凭证：抬头签约时间）【tools/ziliao/extract_price_seeds.mjs 自动抽取·历史成交价·待甲方核对】"
安宝公司,"乙炔割嘴 1-101 #2
塑料盖贴：1-101 2",13.20,CNY,2025-05-13,,contract,来源文件：ziliao/安宝公司/A. SH  AIR - OXY 里卡多/合同/2025/ab25412 出口产品供需合同-奉化一洲.xls（工作表 订单 第 7 行；合同号 AB25 412返单AB25193；抬头需方 宁波安宝国际贸易有限公司；日期凭证：抬头签约时间）【tools/ziliao/extract_price_seeds.mjs 自动抽取·历史成交价·待甲方核对】
安宝公司,"乙炔割嘴 1-101 #3
塑料盖贴：1-101 3",13.20,CNY,2025-05-13,,contract,来源文件：ziliao/安宝公司/A. SH  AIR - OXY 里卡多/合同/2025/ab25412 出口产品供需合同-奉化一洲.xls（工作表 订单 第 8 行；合同号 AB25 412返单AB25193；抬头需方 宁波安宝国际贸易有限公司；日期凭证：抬头签约时间）【tools/ziliao/extract_price_seeds.mjs 自动抽取·历史成交价·待甲方核对】
安宝公司,丙烷割嘴 6290-NX-2,6.30,CNY,2025-05-06,,contract,"来源文件：ziliao/安宝公司/B.S.A. 6290NX,6290,1-101,GPN/AB25361 出口产品供需合同-一洲.xls（工作表 Sheet1 第 7 行；合同号 AB25 361返单AB25172；抬头需方 宁波安宝国际贸易有限公司；日期凭证：抬头签约时间）【tools/ziliao/extract_price_seeds.mjs 自动抽取·历史成交价·待甲方核对】"
安宝公司,丙烷割嘴 6290-NX-3,6.30,CNY,2025-05-06,,contract,"来源文件：ziliao/安宝公司/B.S.A. 6290NX,6290,1-101,GPN/AB25361 出口产品供需合同-一洲.xls（工作表 Sheet1 第 8 行；合同号 AB25 361返单AB25172；抬头需方 宁波安宝国际贸易有限公司；日期凭证：抬头签约时间）【tools/ziliao/extract_price_seeds.mjs 自动抽取·历史成交价·待甲方核对】"
安宝公司,"乙炔割嘴 6290-1# 
刻字中性
包装：塑料盒",9.70,CNY,2025-04-17,,contract,"来源文件：ziliao/安宝公司/常规1-101,GPN 6290NX,G1-P,NFF/AB25330.xls（工作表 订单 第 7 行；合同号 AB25 330；抬头需方 宁波安宝国际贸易有限公司；日期凭证：抬头签约时间）【tools/ziliao/extract_price_seeds.mjs 自动抽取·历史成交价·待甲方核对】"
安宝公司,丙烷割嘴 GPN-1,8.60,CNY,2025-04-11,,contract,"来源文件：ziliao/安宝公司/Weldsolutions不干胶/合同/2025/ab25317.xls（工作表 Sheet2 第 13 行；合同号 AB25 317返单AB24620；抬头需方 宁波安宝国际贸易有限公司；日期凭证：抬头签约时间）；包装：这款中性包装
刻字中性，塑料盒+中性不干胶
货好后带回办公室-配套装FARGAS【tools/ziliao/extract_price_seeds.mjs 自动抽取·历史成交价·待甲方核对】"
安宝公司,WS10113乙炔割嘴 101-1-3,12.60,CNY,2025-04-11,,contract,"来源文件：ziliao/安宝公司/Weldsolutions不干胶/合同/2025/ab25317.xls（工作表 Sheet2 第 9 行；合同号 AB25 317返单AB24620；抬头需方 宁波安宝国际贸易有限公司；日期凭证：抬头签约时间）；包装：标贴尺寸：80x16mm
塑料盒盖用红色【tools/ziliao/extract_price_seeds.mjs 自动抽取·历史成交价·待甲方核对】"
安宝公司,"WS202308乙炔割嘴 102HC-3
全铜 重86.5g",14.50,CNY,2025-04-11,,contract,"来源文件：ziliao/安宝公司/Weldsolutions不干胶/合同/2025/ab25317.xls（工作表 Sheet2 第 14 行；合同号 AB25 317返单AB24620；抬头需方 宁波安宝国际贸易有限公司；日期凭证：抬头签约时间）；包装：标贴尺寸：80x16mm
塑料盒盖用 红色
同返单一样包装【tools/ziliao/extract_price_seeds.mjs 自动抽取·历史成交价·待甲方核对】"
安宝公司,WSGPN4丙烷割嘴 GPN-4,8.60,CNY,2025-04-11,,contract,"来源文件：ziliao/安宝公司/Weldsolutions不干胶/合同/2025/ab25317.xls（工作表 Sheet2 第 11 行；合同号 AB25 317返单AB24620；抬头需方 宁波安宝国际贸易有限公司；日期凭证：抬头签约时间）；包装：标贴尺寸：80x16mm
塑料盒盖用深蓝色【tools/ziliao/extract_price_seeds.mjs 自动抽取·历史成交价·待甲方核对】"
安宝公司,WSGPN5丙烷割嘴 GPN-5,8.60,CNY,2025-04-11,,contract,来源文件：ziliao/安宝公司/Weldsolutions不干胶/合同/2025/ab25317.xls（工作表 Sheet2 第 12 行；合同号 AB25 317返单AB24620；抬头需方 宁波安宝国际贸易有限公司；日期凭证：抬头签约时间）【tools/ziliao/extract_price_seeds.mjs 自动抽取·历史成交价·待甲方核对】
安宝公司,WSSC124乙炔割嘴 SC-12-4,15.20,CNY,2025-04-11,,contract,"来源文件：ziliao/安宝公司/Weldsolutions不干胶/合同/2025/ab25317.xls（工作表 Sheet2 第 7 行；合同号 AB25 317返单AB24620；抬头需方 宁波安宝国际贸易有限公司；日期凭证：抬头签约时间）；包装：标贴尺寸：80x16mm
塑料盒盖用红色【tools/ziliao/extract_price_seeds.mjs 自动抽取·历史成交价·待甲方核对】"
安宝公司,WSSC125乙炔割嘴 SC-12-5,15.20,CNY,2025-04-11,,contract,来源文件：ziliao/安宝公司/Weldsolutions不干胶/合同/2025/ab25317.xls（工作表 Sheet2 第 8 行；合同号 AB25 317返单AB24620；抬头需方 宁波安宝国际贸易有限公司；日期凭证：抬头签约时间）【tools/ziliao/extract_price_seeds.mjs 自动抽取·历史成交价·待甲方核对】
安宝公司,WSSC504丙烷割嘴 SC-50-4,12.80,CNY,2025-04-11,,contract,"来源文件：ziliao/安宝公司/Weldsolutions不干胶/合同/2025/ab25317.xls（工作表 Sheet2 第 10 行；合同号 AB25 317返单AB24620；抬头需方 宁波安宝国际贸易有限公司；日期凭证：抬头签约时间）；包装：标贴尺寸：80x16mm
塑料盒盖用深蓝色【tools/ziliao/extract_price_seeds.mjs 自动抽取·历史成交价·待甲方核对】"
安宝公司,割嘴1-101 2# 产品号码6025,12.60,CNY,2025-04-07,,contract,来源文件：ziliao/安宝公司/美国FRONNY/订单/2025/AB25302 出口产品供需合同-一洲PO63983.xls（工作表 订单 第 8 行；合同号 AB25 302返单AB24994；抬头需方 宁波安宝国际贸易有限公司；日期凭证：抬头签约时间）【tools/ziliao/extract_price_seeds.mjs 自动抽取·历史成交价·待甲方核对】
安宝公司,割嘴3-101 0# 产品号码6018,9.20,CNY,2025-04-07,,contract,来源文件：ziliao/安宝公司/美国FRONNY/订单/2025/AB25302 出口产品供需合同-一洲PO63983.xls（工作表 订单 第 7 行；合同号 AB25 302返单AB24994；抬头需方 宁波安宝国际贸易有限公司；日期凭证：抬头签约时间）【tools/ziliao/extract_price_seeds.mjs 自动抽取·历史成交价·待甲方核对】
安宝公司,"乙炔割嘴
1-101",12.60,CNY,2025-04-07,,contract,来源文件：ziliao/安宝公司/1-101常规250409/AB25293 出口产品供需合同-一洲.xls（工作表 订单 第 10 行；合同号 AB25 293；抬头需方 宁波安宝国际贸易有限公司；日期凭证：抬头签约时间）【tools/ziliao/extract_price_seeds.mjs 自动抽取·历史成交价·待甲方核对】
安宝公司,乙炔割嘴6290-2# 产品号码6011,9.68,CNY,2025-04-02,,contract,来源文件：ziliao/安宝公司/美国FRONNY/订单/2025/AB25282 出口产品供需合同-一洲PO63964.xls（工作表 订单 第 7 行；合同号 AB25 282返单AB25149；抬头需方 宁波安宝国际贸易有限公司；日期凭证：抬头签约时间）【tools/ziliao/extract_price_seeds.mjs 自动抽取·历史成交价·待甲方核对】
安宝公司,"丙烷割嘴 GPN-2 71g
货号：4194",9.05,CNY,2025-03-26,,contract,"来源文件：ziliao/安宝公司/INFAR不干胶/INFRA合同/2025/AB25271 出口产品供需合同-奉化一洲.xls（工作表 Sheet1 第 15 行；合同号 AB25 271返单AB241194；抬头需方 宁波安宝国际贸易有限公司；日期凭证：抬头签约时间）；包装：标贴尺寸：80x16mm
塑料盒盖用黑色【tools/ziliao/extract_price_seeds.mjs 自动抽取·历史成交价·待甲方核对】"
安宝公司,"乙炔割嘴1-101-2 82g
货号：4191",13.45,CNY,2025-03-26,,contract,"来源文件：ziliao/安宝公司/INFAR不干胶/INFRA合同/2025/AB25271 出口产品供需合同-奉化一洲.xls（工作表 Sheet1 第 13 行；合同号 AB25 271返单AB241194；抬头需方 宁波安宝国际贸易有限公司；日期凭证：抬头签约时间）；包装：标贴尺寸：80x16mm
塑料盒盖用红色【tools/ziliao/extract_price_seeds.mjs 自动抽取·历史成交价·待甲方核对】"
安宝公司,"乙炔割嘴1-101-3 82g
货号：4192",13.45,CNY,2025-03-26,,contract,来源文件：ziliao/安宝公司/INFAR不干胶/INFRA合同/2025/AB25271 出口产品供需合同-奉化一洲.xls（工作表 Sheet1 第 14 行；合同号 AB25 271返单AB241194；抬头需方 宁波安宝国际贸易有限公司；日期凭证：抬头签约时间）【tools/ziliao/extract_price_seeds.mjs 自动抽取·历史成交价·待甲方核对】
安宝公司,"HARRIS 丙烷割嘴6290-NX-1 53g
货号：4186",6.35,CNY,2025-03-26,,contract,"来源文件：ziliao/安宝公司/INFAR不干胶/INFRA合同/2025/AB25271 出口产品供需合同-奉化一洲.xls（工作表 Sheet1 第 12 行；合同号 AB25 271返单AB241194；抬头需方 宁波安宝国际贸易有限公司；日期凭证：抬头签约时间）；包装：标贴尺寸：80x16mm
塑料盒盖用黑色【tools/ziliao/extract_price_seeds.mjs 自动抽取·历史成交价·待甲方核对】"
安宝公司,"smith 丙烷割嘴 SC-50-A-2 93g
货号：4158",13.30,CNY,2025-03-26,,contract,"来源文件：ziliao/安宝公司/INFAR不干胶/INFRA合同/2025/AB25271 出口产品供需合同-奉化一洲.xls（工作表 Sheet1 第 11 行；合同号 AB25 271返单AB241194；抬头需方 宁波安宝国际贸易有限公司；日期凭证：抬头签约时间）；包装：标贴尺寸：80x16mm
塑料盒盖用黑色【tools/ziliao/extract_price_seeds.mjs 自动抽取·历史成交价·待甲方核对】"
安宝公司,"smith 乙炔割嘴 SC-12-0 103g
货号：4133",15.35,CNY,2025-03-26,,contract,"来源文件：ziliao/安宝公司/INFAR不干胶/INFRA合同/2025/AB25271 出口产品供需合同-奉化一洲.xls（工作表 Sheet1 第 7 行；合同号 AB25 271返单AB241194；抬头需方 宁波安宝国际贸易有限公司；日期凭证：抬头签约时间）；包装：标贴尺寸：80x16mm
塑料盒盖用红色

SC12重量102.7克【tools/ziliao/extract_price_seeds.mjs 自动抽取·历史成交价·待甲方核对】"
安宝公司,"smith 乙炔割嘴 SC-12-2 103g
货号：4136",15.35,CNY,2025-03-26,,contract,来源文件：ziliao/安宝公司/INFAR不干胶/INFRA合同/2025/AB25271 出口产品供需合同-奉化一洲.xls（工作表 Sheet1 第 8 行；合同号 AB25 271返单AB241194；抬头需方 宁波安宝国际贸易有限公司；日期凭证：抬头签约时间）【tools/ziliao/extract_price_seeds.mjs 自动抽取·历史成交价·待甲方核对】
安宝公司,"smith 乙炔割嘴 SC-12-3 103g
货号：4137",15.35,CNY,2025-03-26,,contract,来源文件：ziliao/安宝公司/INFAR不干胶/INFRA合同/2025/AB25271 出口产品供需合同-奉化一洲.xls（工作表 Sheet1 第 9 行；合同号 AB25 271返单AB241194；抬头需方 宁波安宝国际贸易有限公司；日期凭证：抬头签约时间）【tools/ziliao/extract_price_seeds.mjs 自动抽取·历史成交价·待甲方核对】
安宝公司,"smith 乙炔割嘴 SC-12-5 103g
货号：4151",15.35,CNY,2025-03-26,,contract,来源文件：ziliao/安宝公司/INFAR不干胶/INFRA合同/2025/AB25271 出口产品供需合同-奉化一洲.xls（工作表 Sheet1 第 10 行；合同号 AB25 271返单AB241194；抬头需方 宁波安宝国际贸易有限公司；日期凭证：抬头签约时间）【tools/ziliao/extract_price_seeds.mjs 自动抽取·历史成交价·待甲方核对】
安宝公司,丙烷割嘴 GPN #0  塑料盖贴：GPN-0,8.80,CNY,2025-03-13,,contract,来源文件：ziliao/安宝公司/A. SH  AIR - OXY 里卡多/合同/2025/AB25193 出口产品供需合同-奉化一洲.xls（工作表 订单 第 19 行；合同号 AB25 193返单AB24563；抬头需方 宁波安宝国际贸易有限公司；日期凭证：抬头签约时间）【tools/ziliao/extract_price_seeds.mjs 自动抽取·历史成交价·待甲方核对】
安宝公司,丙烷割嘴 GPN #1  塑料盖贴：GPN-1,8.80,CNY,2025-03-13,,contract,来源文件：ziliao/安宝公司/A. SH  AIR - OXY 里卡多/合同/2025/AB25193 出口产品供需合同-奉化一洲.xls（工作表 订单 第 20 行；合同号 AB25 193返单AB24563；抬头需方 宁波安宝国际贸易有限公司；日期凭证：抬头签约时间）【tools/ziliao/extract_price_seeds.mjs 自动抽取·历史成交价·待甲方核对】
安宝公司,丙烷割嘴 GPN #2  塑料盖贴：GPN-2,8.80,CNY,2025-03-13,,contract,来源文件：ziliao/安宝公司/A. SH  AIR - OXY 里卡多/合同/2025/AB25193 出口产品供需合同-奉化一洲.xls（工作表 订单 第 21 行；合同号 AB25 193返单AB24563；抬头需方 宁波安宝国际贸易有限公司；日期凭证：抬头签约时间）【tools/ziliao/extract_price_seeds.mjs 自动抽取·历史成交价·待甲方核对】
安宝公司,丙烷割嘴 GPN #3  塑料盖贴：GPN-3,8.80,CNY,2025-03-13,,contract,来源文件：ziliao/安宝公司/A. SH  AIR - OXY 里卡多/合同/2025/AB25193 出口产品供需合同-奉化一洲.xls（工作表 订单 第 22 行；合同号 AB25 193返单AB24563；抬头需方 宁波安宝国际贸易有限公司；日期凭证：抬头签约时间）【tools/ziliao/extract_price_seeds.mjs 自动抽取·历史成交价·待甲方核对】
安宝公司,丙烷割嘴 GPN #5  塑料盖贴：GPN-5,8.80,CNY,2025-03-13,,contract,来源文件：ziliao/安宝公司/A. SH  AIR - OXY 里卡多/合同/2025/AB25193 出口产品供需合同-奉化一洲.xls（工作表 订单 第 23 行；合同号 AB25 193返单AB24563；抬头需方 宁波安宝国际贸易有限公司；日期凭证：抬头签约时间）【tools/ziliao/extract_price_seeds.mjs 自动抽取·历史成交价·待甲方核对】
安宝公司,丙烷割嘴 GPN #6  塑料盖贴：GPN-6,8.80,CNY,2025-03-13,,contract,来源文件：ziliao/安宝公司/A. SH  AIR - OXY 里卡多/合同/2025/AB25193 出口产品供需合同-奉化一洲.xls（工作表 订单 第 24 行；合同号 AB25 193返单AB24563；抬头需方 宁波安宝国际贸易有限公司；日期凭证：抬头签约时间）【tools/ziliao/extract_price_seeds.mjs 自动抽取·历史成交价·待甲方核对】
安宝公司,丙烷割嘴 GPN #8  塑料盖贴：GPN-8,8.80,CNY,2025-03-13,,contract,来源文件：ziliao/安宝公司/A. SH  AIR - OXY 里卡多/合同/2025/AB25193 出口产品供需合同-奉化一洲.xls（工作表 订单 第 25 行；合同号 AB25 193返单AB24563；抬头需方 宁波安宝国际贸易有限公司；日期凭证：抬头签约时间）【tools/ziliao/extract_price_seeds.mjs 自动抽取·历史成交价·待甲方核对】
安宝公司,割嘴 GPN #0 仿包装,9.24,CNY,2025-03-13,,contract,来源文件：ziliao/安宝公司/A. SH  AIR - OXY 里卡多/合同/2025/AB25193 出口产品供需合同-奉化一洲.xls（工作表 订单 第 11 行；合同号 AB25 193返单AB24563；抬头需方 宁波安宝国际贸易有限公司；日期凭证：抬头签约时间）【tools/ziliao/extract_price_seeds.mjs 自动抽取·历史成交价·待甲方核对】
安宝公司,割嘴 GPN #1 仿包装,9.24,CNY,2025-03-13,,contract,来源文件：ziliao/安宝公司/A. SH  AIR - OXY 里卡多/合同/2025/AB25193 出口产品供需合同-奉化一洲.xls（工作表 订单 第 12 行；合同号 AB25 193返单AB24563；抬头需方 宁波安宝国际贸易有限公司；日期凭证：抬头签约时间）【tools/ziliao/extract_price_seeds.mjs 自动抽取·历史成交价·待甲方核对】
安宝公司,割嘴 GPN #2 仿包装,9.24,CNY,2025-03-13,,contract,来源文件：ziliao/安宝公司/A. SH  AIR - OXY 里卡多/合同/2025/AB25193 出口产品供需合同-奉化一洲.xls（工作表 订单 第 13 行；合同号 AB25 193返单AB24563；抬头需方 宁波安宝国际贸易有限公司；日期凭证：抬头签约时间）【tools/ziliao/extract_price_seeds.mjs 自动抽取·历史成交价·待甲方核对】
安宝公司,乙炔割嘴 1-101 #0 塑料盖贴：1-101 0,12.60,CNY,2025-03-13,,contract,来源文件：ziliao/安宝公司/A. SH  AIR - OXY 里卡多/合同/2025/AB25193 出口产品供需合同-奉化一洲.xls（工作表 订单 第 14 行；合同号 AB25 193返单AB24563；抬头需方 宁波安宝国际贸易有限公司；日期凭证：抬头签约时间）【tools/ziliao/extract_price_seeds.mjs 自动抽取·历史成交价·待甲方核对】
安宝公司,乙炔割嘴 1-101 #1 仿包装,13.20,CNY,2025-03-13,,contract,来源文件：ziliao/安宝公司/A. SH  AIR - OXY 里卡多/合同/2025/AB25193 出口产品供需合同-奉化一洲.xls（工作表 订单 第 7 行；合同号 AB25 193返单AB24563；抬头需方 宁波安宝国际贸易有限公司；日期凭证：抬头签约时间）【tools/ziliao/extract_price_seeds.mjs 自动抽取·历史成交价·待甲方核对】
安宝公司,乙炔割嘴 1-101 #1 塑料盖贴：1-101 1,12.60,CNY,2025-03-13,,contract,来源文件：ziliao/安宝公司/A. SH  AIR - OXY 里卡多/合同/2025/AB25193 出口产品供需合同-奉化一洲.xls（工作表 订单 第 15 行；合同号 AB25 193返单AB24563；抬头需方 宁波安宝国际贸易有限公司；日期凭证：抬头签约时间）【tools/ziliao/extract_price_seeds.mjs 自动抽取·历史成交价·待甲方核对】
安宝公司,乙炔割嘴 1-101 #2 仿包装,13.20,CNY,2025-03-13,,contract,来源文件：ziliao/安宝公司/A. SH  AIR - OXY 里卡多/合同/2025/AB25193 出口产品供需合同-奉化一洲.xls（工作表 订单 第 8 行；合同号 AB25 193返单AB24563；抬头需方 宁波安宝国际贸易有限公司；日期凭证：抬头签约时间）【tools/ziliao/extract_price_seeds.mjs 自动抽取·历史成交价·待甲方核对】
安宝公司,乙炔割嘴 1-101 #2 塑料盖贴：1-101 2,12.60,CNY,2025-03-13,,contract,来源文件：ziliao/安宝公司/A. SH  AIR - OXY 里卡多/合同/2025/AB25193 出口产品供需合同-奉化一洲.xls（工作表 订单 第 16 行；合同号 AB25 193返单AB24563；抬头需方 宁波安宝国际贸易有限公司；日期凭证：抬头签约时间）【tools/ziliao/extract_price_seeds.mjs 自动抽取·历史成交价·待甲方核对】
安宝公司,乙炔割嘴 1-101 #3 仿包装,13.20,CNY,2025-03-13,,contract,来源文件：ziliao/安宝公司/A. SH  AIR - OXY 里卡多/合同/2025/AB25193 出口产品供需合同-奉化一洲.xls（工作表 订单 第 9 行；合同号 AB25 193返单AB24563；抬头需方 宁波安宝国际贸易有限公司；日期凭证：抬头签约时间）【tools/ziliao/extract_price_seeds.mjs 自动抽取·历史成交价·待甲方核对】
安宝公司,乙炔割嘴 1-101 #3 塑料盖贴：1-101 3,12.60,CNY,2025-03-13,,contract,来源文件：ziliao/安宝公司/A. SH  AIR - OXY 里卡多/合同/2025/AB25193 出口产品供需合同-奉化一洲.xls（工作表 订单 第 17 行；合同号 AB25 193返单AB24563；抬头需方 宁波安宝国际贸易有限公司；日期凭证：抬头签约时间）【tools/ziliao/extract_price_seeds.mjs 自动抽取·历史成交价·待甲方核对】
安宝公司,乙炔割嘴 1-101 #4 仿包装,13.20,CNY,2025-03-13,,contract,来源文件：ziliao/安宝公司/A. SH  AIR - OXY 里卡多/合同/2025/AB25193 出口产品供需合同-奉化一洲.xls（工作表 订单 第 10 行；合同号 AB25 193返单AB24563；抬头需方 宁波安宝国际贸易有限公司；日期凭证：抬头签约时间）【tools/ziliao/extract_price_seeds.mjs 自动抽取·历史成交价·待甲方核对】
安宝公司,乙炔割嘴 1-101 #5 塑料盖贴：1-101 5,12.60,CNY,2025-03-13,,contract,来源文件：ziliao/安宝公司/A. SH  AIR - OXY 里卡多/合同/2025/AB25193 出口产品供需合同-奉化一洲.xls（工作表 订单 第 18 行；合同号 AB25 193返单AB24563；抬头需方 宁波安宝国际贸易有限公司；日期凭证：抬头签约时间）【tools/ziliao/extract_price_seeds.mjs 自动抽取·历史成交价·待甲方核对】
安宝公司,丙烷割嘴 2-GPN,8.80,CNY,2025-03-11,,contract,"来源文件：ziliao/安宝公司/常规1-101,GPN 6290NX,G1-P,NFF/AB25172 出口产品供需合同-一洲.xls（工作表 Sheet1 第 7 行；合同号 AB25 172返单AB24818；抬头需方 宁波安宝国际贸易有限公司；日期凭证：抬头签约时间）【tools/ziliao/extract_price_seeds.mjs 自动抽取·历史成交价·待甲方核对】"
安宝公司,丙烷割嘴 6290-NX-1,6.30,CNY,2025-03-11,,contract,"来源文件：ziliao/安宝公司/常规1-101,GPN 6290NX,G1-P,NFF/AB25172 出口产品供需合同-一洲.xls（工作表 Sheet1 第 8 行；合同号 AB25 172返单AB24818；抬头需方 宁波安宝国际贸易有限公司；日期凭证：抬头签约时间）【tools/ziliao/extract_price_seeds.mjs 自动抽取·历史成交价·待甲方核对】"
安宝公司,乙炔割嘴6290-2# 产品号码6011,9.68,CNY,2025-02-28,,contract,来源文件：ziliao/安宝公司/美国FRONNY/订单/2025/AB25149 出口产品供需合同-一洲PO63783.xls（工作表 订单 第 7 行；合同号 AB25 149返单AB24903；抬头需方 宁波安宝国际贸易有限公司；日期凭证：抬头签约时间）【tools/ziliao/extract_price_seeds.mjs 自动抽取·历史成交价·待甲方核对】
安宝公司,割嘴 MC-12-1# 产品号码6003,15.40,CNY,2025-02-19,,contract,来源文件：ziliao/安宝公司/美国FRONNY/订单/2025/ab25121 出口产品供需合同-一洲po63723.xls（工作表 订单 第 9 行；合同号 AB25 121；抬头需方 宁波安宝国际贸易有限公司；日期凭证：抬头签约时间）【tools/ziliao/extract_price_seeds.mjs 自动抽取·历史成交价·待甲方核对】
安宝公司,割嘴 MC-12-2# 产品号码6004,15.40,CNY,2025-02-19,,contract,来源文件：ziliao/安宝公司/美国FRONNY/订单/2025/ab25121 出口产品供需合同-一洲po63723.xls（工作表 订单 第 10 行；合同号 AB25 121；抬头需方 宁波安宝国际贸易有限公司；日期凭证：抬头签约时间）【tools/ziliao/extract_price_seeds.mjs 自动抽取·历史成交价·待甲方核对】
安宝公司,割嘴 SC-12-1# 产品号码6000,15.95,CNY,2025-02-19,,contract,来源文件：ziliao/安宝公司/美国FRONNY/订单/2025/ab25121 出口产品供需合同-一洲po63723.xls（工作表 订单 第 7 行；合同号 AB25 121；抬头需方 宁波安宝国际贸易有限公司；日期凭证：抬头签约时间）【tools/ziliao/extract_price_seeds.mjs 自动抽取·历史成交价·待甲方核对】
安宝公司,割嘴 SC-12-2# 产品号码6001,15.95,CNY,2025-02-19,,contract,来源文件：ziliao/安宝公司/美国FRONNY/订单/2025/ab25121 出口产品供需合同-一洲po63723.xls（工作表 订单 第 8 行；合同号 AB25 121；抬头需方 宁波安宝国际贸易有限公司；日期凭证：抬头签约时间）【tools/ziliao/extract_price_seeds.mjs 自动抽取·历史成交价·待甲方核对】
安宝公司,乙炔割嘴1-101 00# 号码6022 产品100511,13.20,CNY,2025-02-19,,contract,来源文件：ziliao/安宝公司/美国FRONNY/订单/2025/ab25121 出口产品供需合同-一洲po63723.xls（工作表 订单 第 15 行；合同号 AB25 121；抬头需方 宁波安宝国际贸易有限公司；日期凭证：抬头签约时间）【tools/ziliao/extract_price_seeds.mjs 自动抽取·历史成交价·待甲方核对】
安宝公司,乙炔割嘴3-101 00# 号码6017 产品100517,9.68,CNY,2025-02-19,,contract,来源文件：ziliao/安宝公司/美国FRONNY/订单/2025/ab25121 出口产品供需合同-一洲po63723.xls（工作表 订单 第 13 行；合同号 AB25 121；抬头需方 宁波安宝国际贸易有限公司；日期凭证：抬头签约时间）【tools/ziliao/extract_price_seeds.mjs 自动抽取·历史成交价·待甲方核对】
安宝公司,乙炔割嘴3-101 3# 号码6021 产品100521,9.68,CNY,2025-02-19,,contract,来源文件：ziliao/安宝公司/美国FRONNY/订单/2025/ab25121 出口产品供需合同-一洲po63723.xls（工作表 订单 第 14 行；合同号 AB25 121；抬头需方 宁波安宝国际贸易有限公司；日期凭证：抬头签约时间）【tools/ziliao/extract_price_seeds.mjs 自动抽取·历史成交价·待甲方核对】
安宝公司,乙炔割嘴6290-1# 产品号码6010,9.68,CNY,2025-02-19,,contract,来源文件：ziliao/安宝公司/美国FRONNY/订单/2025/ab25121 出口产品供需合同-一洲po63723.xls（工作表 订单 第 11 行；合同号 AB25 121；抬头需方 宁波安宝国际贸易有限公司；日期凭证：抬头签约时间）【tools/ziliao/extract_price_seeds.mjs 自动抽取·历史成交价·待甲方核对】
安宝公司,乙炔割嘴6290-3# 产品号码6012,9.68,CNY,2025-02-19,,contract,来源文件：ziliao/安宝公司/美国FRONNY/订单/2025/ab25121 出口产品供需合同-一洲po63723.xls（工作表 订单 第 12 行；合同号 AB25 121；抬头需方 宁波安宝国际贸易有限公司；日期凭证：抬头签约时间）【tools/ziliao/extract_price_seeds.mjs 自动抽取·历史成交价·待甲方核对】
安宝公司,"仿丙烷割嘴 GPN-1

包装：仿VICTOR",9.20,CNY,2025-02-18,,contract,"来源文件：ziliao/安宝公司/VICTOR-GPN, 1-101,6290AC/IHRAAQ COLOMBO VICTOR GPN/ab25117 出口产品供需合同-一洲.xls（工作表 订单 第 7 行；合同号 AB25 117；抬头需方 宁波安宝国际贸易有限公司；日期凭证：抬头签约时间）【tools/ziliao/extract_price_seeds.mjs 自动抽取·历史成交价·待甲方核对】"
安宝公司,"仿丙烷割嘴 GPN-2

包装：仿VICTOR",9.20,CNY,2025-02-18,,contract,"来源文件：ziliao/安宝公司/VICTOR-GPN, 1-101,6290AC/IHRAAQ COLOMBO VICTOR GPN/ab25117 出口产品供需合同-一洲.xls（工作表 订单 第 8 行；合同号 AB25 117；抬头需方 宁波安宝国际贸易有限公司；日期凭证：抬头签约时间）【tools/ziliao/extract_price_seeds.mjs 自动抽取·历史成交价·待甲方核对】"
安宝公司,割嘴 1-101 #5 仿包装,13.20,CNY,2025-02-07,,contract,来源文件：ziliao/安宝公司/A. SH  AIR - OXY 里卡多/A.SH/ab25071  出口产品供需合同-奉化一洲.xls（工作表 订单 第 7 行；合同号 AB25071 返单AB24563 24945；抬头需方 宁波安宝国际贸易有限公司；日期凭证：抬头签约时间）【tools/ziliao/extract_price_seeds.mjs 自动抽取·历史成交价·待甲方核对】
安宝公司,割嘴 GPN #2 仿包装,9.24,CNY,2025-02-07,,contract,来源文件：ziliao/安宝公司/A. SH  AIR - OXY 里卡多/A.SH/ab25071  出口产品供需合同-奉化一洲.xls（工作表 订单 第 8 行；合同号 AB25071 返单AB24563 24945；抬头需方 宁波安宝国际贸易有限公司；日期凭证：抬头签约时间）【tools/ziliao/extract_price_seeds.mjs 自动抽取·历史成交价·待甲方核对】
安宝公司,"丙烷割嘴 G1-P 10/12"" 重78g",9.00,CNY,2025-01-16,,contract,来源文件：ziliao/安宝公司/G1-P/G1-P彩盒/ab25041 出口产品供需合同-奉化一洲.xls（工作表 Sheet1 第 7 行；合同号 AB25 041返单AB24773；抬头需方 宁波安宝国际贸易有限公司；日期凭证：抬头签约时间）【tools/ziliao/extract_price_seeds.mjs 自动抽取·历史成交价·待甲方核对】
安宝公司,割嘴1-101 0# 产品号码6023,13.20,CNY,2025-01-16,,contract,来源文件：ziliao/安宝公司/美国FRONNY/订单/2025/AB25031 出口产品供需合同-一洲PO63547.xls（工作表 订单 第 9 行；合同号 AB25 031；抬头需方 宁波安宝国际贸易有限公司；日期凭证：抬头签约时间）【tools/ziliao/extract_price_seeds.mjs 自动抽取·历史成交价·待甲方核对】
安宝公司,割嘴3-101 000# 产品号码6016,9.70,CNY,2025-01-16,,contract,来源文件：ziliao/安宝公司/美国FRONNY/订单/2025/AB25031 出口产品供需合同-一洲PO63547.xls（工作表 订单 第 7 行；合同号 AB25 031；抬头需方 宁波安宝国际贸易有限公司；日期凭证：抬头签约时间）【tools/ziliao/extract_price_seeds.mjs 自动抽取·历史成交价·待甲方核对】
安宝公司,割嘴3-101 1# 产品号码6019,9.70,CNY,2025-01-16,,contract,来源文件：ziliao/安宝公司/美国FRONNY/订单/2025/AB25031 出口产品供需合同-一洲PO63547.xls（工作表 订单 第 8 行；合同号 AB25 031；抬头需方 宁波安宝国际贸易有限公司；日期凭证：抬头签约时间）【tools/ziliao/extract_price_seeds.mjs 自动抽取·历史成交价·待甲方核对】
安宝公司,割嘴 #0-1-101 仿包装,12.80,CNY,2024-12-30,,contract,来源文件：ziliao/安宝公司/SAAD VICTOR 1-101 USA/ab241227 出口产品供需合同-奉化一洲.xls（工作表 订单 第 8 行；合同号 AB24 1227；抬头需方 宁波安宝国际贸易有限公司；日期凭证：抬头签约时间）【tools/ziliao/extract_price_seeds.mjs 自动抽取·历史成交价·待甲方核对】
安宝公司,割嘴 #00-1-101 仿包装,12.80,CNY,2024-12-30,,contract,"来源文件：ziliao/安宝公司/SAAD VICTOR 1-101 USA/ab241227 出口产品供需合同-奉化一洲.xls（工作表 订单 第 7 行；合同号 AB24 1227；抬头需方 宁波安宝国际贸易有限公司；日期凭证：抬头签约时间）；包装：VICTOR刻字
VICTOR贴纸
VICTOR塑料盒【tools/ziliao/extract_price_seeds.mjs 自动抽取·历史成交价·待甲方核对】"
安宝公司,割嘴 #1-1-101 仿包装,12.80,CNY,2024-12-30,,contract,来源文件：ziliao/安宝公司/SAAD VICTOR 1-101 USA/ab241227 出口产品供需合同-奉化一洲.xls（工作表 订单 第 9 行；合同号 AB24 1227；抬头需方 宁波安宝国际贸易有限公司；日期凭证：抬头签约时间）【tools/ziliao/extract_price_seeds.mjs 自动抽取·历史成交价·待甲方核对】
安宝公司,割嘴 #2-1-101 仿包装,12.80,CNY,2024-12-30,,contract,来源文件：ziliao/安宝公司/SAAD VICTOR 1-101 USA/ab241227 出口产品供需合同-奉化一洲.xls（工作表 订单 第 10 行；合同号 AB24 1227；抬头需方 宁波安宝国际贸易有限公司；日期凭证：抬头签约时间）【tools/ziliao/extract_price_seeds.mjs 自动抽取·历史成交价·待甲方核对】
安宝公司,割嘴 #3-1-101 仿包装,12.80,CNY,2024-12-30,,contract,来源文件：ziliao/安宝公司/SAAD VICTOR 1-101 USA/ab241227 出口产品供需合同-奉化一洲.xls（工作表 订单 第 11 行；合同号 AB24 1227；抬头需方 宁波安宝国际贸易有限公司；日期凭证：抬头签约时间）【tools/ziliao/extract_price_seeds.mjs 自动抽取·历史成交价·待甲方核对】
安宝公司,割嘴 #4-1-101 仿包装,12.80,CNY,2024-12-30,,contract,来源文件：ziliao/安宝公司/SAAD VICTOR 1-101 USA/ab241227 出口产品供需合同-奉化一洲.xls（工作表 订单 第 12 行；合同号 AB24 1227；抬头需方 宁波安宝国际贸易有限公司；日期凭证：抬头签约时间）【tools/ziliao/extract_price_seeds.mjs 自动抽取·历史成交价·待甲方核对】
安宝公司,"Nozzle №1 (3/64”)
客人要12个槽 74克",7.20,CNY,2024-12-28,,contract,来源文件：ziliao/安宝公司/12槽PNME俄罗斯嘴/订单/AB241225 出口产品供需合同-奉化一洲(1).xls（工作表 订单 第 7 行；合同号 AB24 1225返单AB231263；抬头需方 宁波安宝国际贸易有限公司；日期凭证：抬头签约时间）；包装：包装要求：塑料盒装，盒子上贴不干胶，每个货号进行区别【tools/ziliao/extract_price_seeds.mjs 自动抽取·历史成交价·待甲方核对】
安宝公司,"Nozzle №3 (5/64”) 
客人要12个槽 74克",7.20,CNY,2024-12-28,,contract,来源文件：ziliao/安宝公司/12槽PNME俄罗斯嘴/订单/AB241225 出口产品供需合同-奉化一洲(1).xls（工作表 订单 第 8 行；合同号 AB24 1225返单AB231263；抬头需方 宁波安宝国际贸易有限公司；日期凭证：抬头签约时间）【tools/ziliao/extract_price_seeds.mjs 自动抽取·历史成交价·待甲方核对】
安宝公司,"Nozzle №4 (3/32”) 
客人要12个槽 74克",7.20,CNY,2024-12-28,,contract,来源文件：ziliao/安宝公司/12槽PNME俄罗斯嘴/订单/AB241225 出口产品供需合同-奉化一洲(1).xls（工作表 订单 第 9 行；合同号 AB24 1225返单AB231263；抬头需方 宁波安宝国际贸易有限公司；日期凭证：抬头签约时间）【tools/ziliao/extract_price_seeds.mjs 自动抽取·历史成交价·待甲方核对】
安宝公司,"丙烷割嘴 GPN-2 71g
货号：4194",8.85,CNY,2024-12-26,,contract,"来源文件：ziliao/安宝公司/INFAR不干胶/INFRA合同/2024/ab241194 出口产品供需合同-奉化一洲(2).xls（工作表 Sheet1 第 22 行；合同号 AB24 1194返单AB24989；抬头需方 宁波安宝国际贸易有限公司；日期凭证：抬头签约时间）；包装：标贴尺寸：80x16mm
塑料盒盖用黑色【tools/ziliao/extract_price_seeds.mjs 自动抽取·历史成交价·待甲方核对】"
安宝公司,"丙烷割嘴 GPN-3 71g
货号：4195",8.85,CNY,2024-12-26,,contract,来源文件：ziliao/安宝公司/INFAR不干胶/INFRA合同/2024/ab241194 出口产品供需合同-奉化一洲(2).xls（工作表 Sheet1 第 23 行；合同号 AB24 1194返单AB24989；抬头需方 宁波安宝国际贸易有限公司；日期凭证：抬头签约时间）【tools/ziliao/extract_price_seeds.mjs 自动抽取·历史成交价·待甲方核对】
安宝公司,"乙炔割嘴1-101-2 82g
货号：4191",12.85,CNY,2024-12-26,,contract,"来源文件：ziliao/安宝公司/INFAR不干胶/INFRA合同/2024/ab241194 出口产品供需合同-奉化一洲(2).xls（工作表 Sheet1 第 20 行；合同号 AB24 1194返单AB24989；抬头需方 宁波安宝国际贸易有限公司；日期凭证：抬头签约时间）；包装：标贴尺寸：80x16mm
塑料盒盖用红色【tools/ziliao/extract_price_seeds.mjs 自动抽取·历史成交价·待甲方核对】"
安宝公司,"乙炔割嘴1-101-3 82g
货号：4192",12.85,CNY,2024-12-26,,contract,来源文件：ziliao/安宝公司/INFAR不干胶/INFRA合同/2024/ab241194 出口产品供需合同-奉化一洲(2).xls（工作表 Sheet1 第 21 行；合同号 AB24 1194返单AB24989；抬头需方 宁波安宝国际贸易有限公司；日期凭证：抬头签约时间）【tools/ziliao/extract_price_seeds.mjs 自动抽取·历史成交价·待甲方核对】
安宝公司,"HARRIS 丙烷割嘴6290-NX-0 53g
货号：4184",6.35,CNY,2024-12-26,,contract,"来源文件：ziliao/安宝公司/INFAR不干胶/INFRA合同/2024/ab241194 出口产品供需合同-奉化一洲(2).xls（工作表 Sheet1 第 16 行；合同号 AB24 1194返单AB24989；抬头需方 宁波安宝国际贸易有限公司；日期凭证：抬头签约时间）；包装：标贴尺寸：80x16mm
塑料盒盖用黑色【tools/ziliao/extract_price_seeds.mjs 自动抽取·历史成交价·待甲方核对】"
安宝公司,"HARRIS 丙烷割嘴6290-NX-1 53g
货号：4186",6.35,CNY,2024-12-26,,contract,来源文件：ziliao/安宝公司/INFAR不干胶/INFRA合同/2024/ab241194 出口产品供需合同-奉化一洲(2).xls（工作表 Sheet1 第 17 行；合同号 AB24 1194返单AB24989；抬头需方 宁波安宝国际贸易有限公司；日期凭证：抬头签约时间）【tools/ziliao/extract_price_seeds.mjs 自动抽取·历史成交价·待甲方核对】
安宝公司,"HARRIS 丙烷割嘴6290-NX-2 53g
货号：4187",6.35,CNY,2024-12-26,,contract,来源文件：ziliao/安宝公司/INFAR不干胶/INFRA合同/2024/ab241194 出口产品供需合同-奉化一洲(2).xls（工作表 Sheet1 第 18 行；合同号 AB24 1194返单AB24989；抬头需方 宁波安宝国际贸易有限公司；日期凭证：抬头签约时间）【tools/ziliao/extract_price_seeds.mjs 自动抽取·历史成交价·待甲方核对】
安宝公司,"HARRIS 丙烷割嘴6290-NX-3 53g
货号：4188",6.35,CNY,2024-12-26,,contract,来源文件：ziliao/安宝公司/INFAR不干胶/INFRA合同/2024/ab241194 出口产品供需合同-奉化一洲(2).xls（工作表 Sheet1 第 19 行；合同号 AB24 1194返单AB24989；抬头需方 宁波安宝国际贸易有限公司；日期凭证：抬头签约时间）【tools/ziliao/extract_price_seeds.mjs 自动抽取·历史成交价·待甲方核对】
安宝公司,"HARRIS 乙炔割嘴6290-2 55g
货号：4210",9.45,CNY,2024-12-26,,contract,"来源文件：ziliao/安宝公司/INFAR不干胶/INFRA合同/2024/ab241194 出口产品供需合同-奉化一洲(2).xls（工作表 Sheet1 第 24 行；合同号 AB24 1194返单AB24989；抬头需方 宁波安宝国际贸易有限公司；日期凭证：抬头签约时间）；包装：标贴尺寸：80x16mm
塑料盒盖用红色【tools/ziliao/extract_price_seeds.mjs 自动抽取·历史成交价·待甲方核对】"
安宝公司,"smith 丙烷割嘴 SC-50-A-0 93g
货号：4154",13.05,CNY,2024-12-26,,contract,"来源文件：ziliao/安宝公司/INFAR不干胶/INFRA合同/2024/ab241194 出口产品供需合同-奉化一洲(2).xls（工作表 Sheet1 第 11 行；合同号 AB24 1194返单AB24989；抬头需方 宁波安宝国际贸易有限公司；日期凭证：抬头签约时间）；包装：标贴尺寸：80x16mm
塑料盒盖用黑色【tools/ziliao/extract_price_seeds.mjs 自动抽取·历史成交价·待甲方核对】"
安宝公司,"smith 丙烷割嘴 SC-50-A-1 93g
货号：4157",13.05,CNY,2024-12-26,,contract,来源文件：ziliao/安宝公司/INFAR不干胶/INFRA合同/2024/ab241194 出口产品供需合同-奉化一洲(2).xls（工作表 Sheet1 第 12 行；合同号 AB24 1194返单AB24989；抬头需方 宁波安宝国际贸易有限公司；日期凭证：抬头签约时间）【tools/ziliao/extract_price_seeds.mjs 自动抽取·历史成交价·待甲方核对】
安宝公司,"smith 丙烷割嘴 SC-50-A-2 93g
货号：4158",13.05,CNY,2024-12-26,,contract,来源文件：ziliao/安宝公司/INFAR不干胶/INFRA合同/2024/ab241194 出口产品供需合同-奉化一洲(2).xls（工作表 Sheet1 第 13 行；合同号 AB24 1194返单AB24989；抬头需方 宁波安宝国际贸易有限公司；日期凭证：抬头签约时间）【tools/ziliao/extract_price_seeds.mjs 自动抽取·历史成交价·待甲方核对】
安宝公司,"smith 丙烷割嘴 SC-50-A-3 93g
货号：4161",13.05,CNY,2024-12-26,,contract,来源文件：ziliao/安宝公司/INFAR不干胶/INFRA合同/2024/ab241194 出口产品供需合同-奉化一洲(2).xls（工作表 Sheet1 第 14 行；合同号 AB24 1194返单AB24989；抬头需方 宁波安宝国际贸易有限公司；日期凭证：抬头签约时间）【tools/ziliao/extract_price_seeds.mjs 自动抽取·历史成交价·待甲方核对】
安宝公司,"smith 丙烷割嘴 SC-50-A-4 93g
货号：4162",13.05,CNY,2024-12-26,,contract,来源文件：ziliao/安宝公司/INFAR不干胶/INFRA合同/2024/ab241194 出口产品供需合同-奉化一洲(2).xls（工作表 Sheet1 第 15 行；合同号 AB24 1194返单AB24989；抬头需方 宁波安宝国际贸易有限公司；日期凭证：抬头签约时间）【tools/ziliao/extract_price_seeds.mjs 自动抽取·历史成交价·待甲方核对】
安宝公司,"smith 乙炔割嘴 SC-12-1 103g
货号：4134",15.05,CNY,2024-12-26,,contract,"来源文件：ziliao/安宝公司/INFAR不干胶/INFRA合同/2024/ab241194 出口产品供需合同-奉化一洲(2).xls（工作表 Sheet1 第 7 行；合同号 AB24 1194返单AB24989；抬头需方 宁波安宝国际贸易有限公司；日期凭证：抬头签约时间）；包装：标贴尺寸：80x16mm
塑料盒盖用红色

SC12重量102.7克【tools/ziliao/extract_price_seeds.mjs 自动抽取·历史成交价·待甲方核对】"
安宝公司,"smith 乙炔割嘴 SC-12-2 103g
货号：4136",15.05,CNY,2024-12-26,,contract,来源文件：ziliao/安宝公司/INFAR不干胶/INFRA合同/2024/ab241194 出口产品供需合同-奉化一洲(2).xls（工作表 Sheet1 第 8 行；合同号 AB24 1194返单AB24989；抬头需方 宁波安宝国际贸易有限公司；日期凭证：抬头签约时间）【tools/ziliao/extract_price_seeds.mjs 自动抽取·历史成交价·待甲方核对】
安宝公司,"smith 乙炔割嘴 SC-12-3 103g
货号：4137",15.05,CNY,2024-12-26,,contract,来源文件：ziliao/安宝公司/INFAR不干胶/INFRA合同/2024/ab241194 出口产品供需合同-奉化一洲(2).xls（工作表 Sheet1 第 9 行；合同号 AB24 1194返单AB24989；抬头需方 宁波安宝国际贸易有限公司；日期凭证：抬头签约时间）【tools/ziliao/extract_price_seeds.mjs 自动抽取·历史成交价·待甲方核对】
安宝公司,"smith 乙炔割嘴 SC-12-5 103g
货号：4151",15.05,CNY,2024-12-26,,contract,来源文件：ziliao/安宝公司/INFAR不干胶/INFRA合同/2024/ab241194 出口产品供需合同-奉化一洲(2).xls（工作表 Sheet1 第 10 行；合同号 AB24 1194返单AB24989；抬头需方 宁波安宝国际贸易有限公司；日期凭证：抬头签约时间）【tools/ziliao/extract_price_seeds.mjs 自动抽取·历史成交价·待甲方核对】
安宝公司,割嘴 1-101 #2 仿包装,12.80,CNY,2024-12-24,,contract,来源文件：ziliao/安宝公司/A. SH  AIR - OXY 里卡多/合同/2024/AB241169 出口产品供需合同-奉化一洲.xls（工作表 订单 第 7 行；合同号 AB24 1169返单AB24945；抬头需方 宁波安宝国际贸易有限公司；日期凭证：抬头签约时间）【tools/ziliao/extract_price_seeds.mjs 自动抽取·历史成交价·待甲方核对】
安宝公司,割嘴 1-101 #3 仿包装,12.80,CNY,2024-12-24,,contract,来源文件：ziliao/安宝公司/A. SH  AIR - OXY 里卡多/合同/2024/AB241169 出口产品供需合同-奉化一洲.xls（工作表 订单 第 8 行；合同号 AB24 1169返单AB24945；抬头需方 宁波安宝国际贸易有限公司；日期凭证：抬头签约时间）【tools/ziliao/extract_price_seeds.mjs 自动抽取·历史成交价·待甲方核对】
安宝公司,割嘴 1-101 #8 仿包装,12.80,CNY,2024-12-24,,contract,来源文件：ziliao/安宝公司/A. SH  AIR - OXY 里卡多/合同/2024/AB241169 出口产品供需合同-奉化一洲.xls（工作表 订单 第 9 行；合同号 AB24 1169返单AB24945；抬头需方 宁波安宝国际贸易有限公司；日期凭证：抬头签约时间）【tools/ziliao/extract_price_seeds.mjs 自动抽取·历史成交价·待甲方核对】
安宝公司,"乙炔割嘴 1-101 #1
塑料盖贴：1-101 1",12.60,CNY,2024-12-24,,contract,"来源文件：ziliao/安宝公司/A. SH  AIR - OXY 里卡多/合同/2024/AB241169 出口产品供需合同-奉化一洲.xls（工作表 订单 第 10 行；合同号 AB24 1169返单AB24945；抬头需方 宁波安宝国际贸易有限公司；日期凭证：抬头签约时间）；包装：品牌：Oxyweld
返单AB24563包装和生产【tools/ziliao/extract_price_seeds.mjs 自动抽取·历史成交价·待甲方核对】"
安宝公司,"乙炔割嘴 1-101 #2
塑料盖贴：1-101 2",12.60,CNY,2024-12-24,,contract,来源文件：ziliao/安宝公司/A. SH  AIR - OXY 里卡多/合同/2024/AB241169 出口产品供需合同-奉化一洲.xls（工作表 订单 第 11 行；合同号 AB24 1169返单AB24945；抬头需方 宁波安宝国际贸易有限公司；日期凭证：抬头签约时间）【tools/ziliao/extract_price_seeds.mjs 自动抽取·历史成交价·待甲方核对】
安宝公司,"乙炔割嘴 1-101 #3
塑料盖贴：1-101 3",12.60,CNY,2024-12-24,,contract,来源文件：ziliao/安宝公司/A. SH  AIR - OXY 里卡多/合同/2024/AB241169 出口产品供需合同-奉化一洲.xls（工作表 订单 第 12 行；合同号 AB24 1169返单AB24945；抬头需方 宁波安宝国际贸易有限公司；日期凭证：抬头签约时间）【tools/ziliao/extract_price_seeds.mjs 自动抽取·历史成交价·待甲方核对】
安宝公司,"仿澳大利亚款式丙烷割嘴 44-12

包装：不干胶+塑料盒",9.00,CNY,2024-12-18,,contract,"来源文件：ziliao/安宝公司/HQF 41 6290NX/41, NX, 6290/ab241160 出口产品供需合同-一洲.xls（工作表 订单 第 9 行；合同号 AB24 1160返单AB241049；抬头需方 宁波安宝国际贸易有限公司；日期凭证：抬头签约时间）【tools/ziliao/extract_price_seeds.mjs 自动抽取·历史成交价·待甲方核对】"
安宝公司,"仿澳大利亚款式丙烷割嘴 44-15

包装：不干胶+塑料盒",9.00,CNY,2024-12-18,,contract,"来源文件：ziliao/安宝公司/HQF 41 6290NX/41, NX, 6290/ab241160 出口产品供需合同-一洲.xls（工作表 订单 第 8 行；合同号 AB24 1160返单AB241049；抬头需方 宁波安宝国际贸易有限公司；日期凭证：抬头签约时间）【tools/ziliao/extract_price_seeds.mjs 自动抽取·历史成交价·待甲方核对】"
安宝公司,"仿澳大利亚款式丙烷割嘴 44-8

包装：不干胶+塑料盒",9.00,CNY,2024-12-18,,contract,"来源文件：ziliao/安宝公司/HQF 41 6290NX/41, NX, 6290/ab241160 出口产品供需合同-一洲.xls（工作表 订单 第 7 行；合同号 AB24 1160返单AB241049；抬头需方 宁波安宝国际贸易有限公司；日期凭证：抬头签约时间）【tools/ziliao/extract_price_seeds.mjs 自动抽取·历史成交价·待甲方核对】"
安宝公司,"仿澳大利亚款式乙炔割嘴 41-15

包装：塑料挂钩盒+不干胶",12.85,CNY,2024-12-18,,contract,"来源文件：ziliao/安宝公司/HQF 41 6290NX/41, NX, 6290/ab241160 出口产品供需合同-一洲.xls（工作表 订单 第 11 行；合同号 AB24 1160返单AB241049；抬头需方 宁波安宝国际贸易有限公司；日期凭证：抬头签约时间）【tools/ziliao/extract_price_seeds.mjs 自动抽取·历史成交价·待甲方核对】"
安宝公司,"仿澳大利亚款式乙炔割嘴 41-20

包装：塑料挂钩盒+不干胶",12.85,CNY,2024-12-18,,contract,"来源文件：ziliao/安宝公司/HQF 41 6290NX/41, NX, 6290/ab241160 出口产品供需合同-一洲.xls（工作表 订单 第 12 行；合同号 AB24 1160返单AB241049；抬头需方 宁波安宝国际贸易有限公司；日期凭证：抬头签约时间）【tools/ziliao/extract_price_seeds.mjs 自动抽取·历史成交价·待甲方核对】"
安宝公司,"仿澳大利亚款式乙炔割嘴 41-8

包装：塑料挂钩盒+不干胶",12.85,CNY,2024-12-18,,contract,"来源文件：ziliao/安宝公司/HQF 41 6290NX/41, NX, 6290/ab241160 出口产品供需合同-一洲.xls（工作表 订单 第 10 行；合同号 AB24 1160返单AB241049；抬头需方 宁波安宝国际贸易有限公司；日期凭证：抬头签约时间）【tools/ziliao/extract_price_seeds.mjs 自动抽取·历史成交价·待甲方核对】"
安宝公司,"仿丙烷割嘴 6290-NX-1# 重：44克

包装：仿HARRIS",6.00,CNY,2024-12-18,,contract,"来源文件：ziliao/安宝公司/HQF 41 6290NX/41, NX, 6290/ab241160 出口产品供需合同-一洲.xls（工作表 订单 第 13 行；合同号 AB24 1160返单AB241049；抬头需方 宁波安宝国际贸易有限公司；日期凭证：抬头签约时间）【tools/ziliao/extract_price_seeds.mjs 自动抽取·历史成交价·待甲方核对】"
安宝公司,"仿丙烷割嘴 6290-NX-3# 重：44克

包装：仿HARRIS",6.00,CNY,2024-12-18,,contract,"来源文件：ziliao/安宝公司/HQF 41 6290NX/41, NX, 6290/ab241160 出口产品供需合同-一洲.xls（工作表 订单 第 14 行；合同号 AB24 1160返单AB241049；抬头需方 宁波安宝国际贸易有限公司；日期凭证：抬头签约时间）【tools/ziliao/extract_price_seeds.mjs 自动抽取·历史成交价·待甲方核对】"
安宝公司,"仿乙炔割嘴 6290-1#

包装：仿HARRIS",9.20,CNY,2024-12-18,,contract,"来源文件：ziliao/安宝公司/HQF 41 6290NX/41, NX, 6290/ab241160 出口产品供需合同-一洲.xls（工作表 订单 第 15 行；合同号 AB24 1160返单AB241049；抬头需方 宁波安宝国际贸易有限公司；日期凭证：抬头签约时间）【tools/ziliao/extract_price_seeds.mjs 自动抽取·历史成交价·待甲方核对】"
安宝公司,"仿乙炔割嘴 6290-2#

包装：仿HARRIS",9.20,CNY,2024-12-18,,contract,"来源文件：ziliao/安宝公司/HQF 41 6290NX/41, NX, 6290/ab241160 出口产品供需合同-一洲.xls（工作表 订单 第 16 行；合同号 AB24 1160返单AB241049；抬头需方 宁波安宝国际贸易有限公司；日期凭证：抬头签约时间）【tools/ziliao/extract_price_seeds.mjs 自动抽取·历史成交价·待甲方核对】"
安宝公司,"仿乙炔割嘴 6290-3#

包装：仿HARRIS",9.20,CNY,2024-12-18,,contract,"来源文件：ziliao/安宝公司/HQF 41 6290NX/41, NX, 6290/ab241160 出口产品供需合同-一洲.xls（工作表 订单 第 17 行；合同号 AB24 1160返单AB241049；抬头需方 宁波安宝国际贸易有限公司；日期凭证：抬头签约时间）【tools/ziliao/extract_price_seeds.mjs 自动抽取·历史成交价·待甲方核对】"
安宝公司,乙炔割嘴 102HC-2#,14.50,CNY,2024-12-18,,contract,"来源文件：ziliao/安宝公司/HQF 41 6290NX/41, NX, 6290/ab241160 出口产品供需合同-一洲.xls（工作表 订单 第 18 行；合同号 AB24 1160返单AB241049；抬头需方 宁波安宝国际贸易有限公司；日期凭证：抬头签约时间）【tools/ziliao/extract_price_seeds.mjs 自动抽取·历史成交价·待甲方核对】"
安宝公司,割嘴1-101 1# 产品号码6024,12.60,CNY,2024-11-20,,contract,来源文件：ziliao/安宝公司/美国FRONNY/订单/2024/AB241060 出口产品供需合同-一洲PO63329.xls（工作表 订单 第 8 行；合同号 AB24 1060；抬头需方 宁波安宝国际贸易有限公司；日期凭证：抬头签约时间）【tools/ziliao/extract_price_seeds.mjs 自动抽取·历史成交价·待甲方核对】
安宝公司,割嘴3-101 2# 产品号码6020,9.20,CNY,2024-11-20,,contract,来源文件：ziliao/安宝公司/美国FRONNY/订单/2024/AB241060 出口产品供需合同-一洲PO63329.xls（工作表 订单 第 7 行；合同号 AB24 1060；抬头需方 宁波安宝国际贸易有限公司；日期凭证：抬头签约时间）【tools/ziliao/extract_price_seeds.mjs 自动抽取·历史成交价·待甲方核对】
安宝公司,"KOIKE 106HC割嘴 3# 
分体式如右图一样

包装：KOIKE+泡壳+说明书
彩卡上带 made in japan字样",7.00,CNY,2024-11-18,,contract,来源文件：ziliao/安宝公司/M Haseeb  A.SH  106hc直通  80克/A.SH/AB241054 出口产品供需合同-一洲.xls（工作表 订单 第 7 行；合同号 AB24 1054；抬头需方 宁波安宝国际贸易有限公司；日期凭证：抬头签约时间）【tools/ziliao/extract_price_seeds.mjs 自动抽取·历史成交价·待甲方核对】
安宝公司,"KOIKE 106HC割嘴 6# 
分体式如右图一样

包装：KOIKE+泡壳+说明书
彩卡上带 made in japan字样",10.50,CNY,2024-11-18,,contract,来源文件：ziliao/安宝公司/M Haseeb  A.SH  106hc直通  80克/A.SH/AB241054 出口产品供需合同-一洲.xls（工作表 订单 第 8 行；合同号 AB24 1054；抬头需方 宁波安宝国际贸易有限公司；日期凭证：抬头签约时间）【tools/ziliao/extract_price_seeds.mjs 自动抽取·历史成交价·待甲方核对】
安宝公司,"KOIKE 106HC割嘴 7# 
分体式如右图一样

包装：KOIKE+泡壳+说明书
彩卡上带 made in japan字样",10.50,CNY,2024-11-18,,contract,来源文件：ziliao/安宝公司/M Haseeb  A.SH  106hc直通  80克/A.SH/AB241054 出口产品供需合同-一洲.xls（工作表 订单 第 9 行；合同号 AB24 1054；抬头需方 宁波安宝国际贸易有限公司；日期凭证：抬头签约时间）【tools/ziliao/extract_price_seeds.mjs 自动抽取·历史成交价·待甲方核对】
安宝公司,"KOIKE 106HC割嘴 8# 
分体式如右图一样

包装：KOIKE+泡壳+说明书
彩卡上带 made in japan字样",10.50,CNY,2024-11-18,,contract,来源文件：ziliao/安宝公司/M Haseeb  A.SH  106hc直通  80克/A.SH/AB241054 出口产品供需合同-一洲.xls（工作表 订单 第 10 行；合同号 AB24 1054；抬头需方 宁波安宝国际贸易有限公司；日期凭证：抬头签约时间）【tools/ziliao/extract_price_seeds.mjs 自动抽取·历史成交价·待甲方核对】
安宝公司,"仿澳大利亚款式乙炔割嘴 41-12

包装：塑料挂钩盒+不干胶",12.85,CNY,2024-11-14,,contract,"来源文件：ziliao/安宝公司/HQF 41 6290NX/41, NX, 6290/AB241049 出口产品供需合同-奉化一洲.xls（工作表 订单 第 8 行；合同号 AB24 1049返单AB24072；抬头需方 宁波安宝国际贸易有限公司；日期凭证：抬头签约时间）【tools/ziliao/extract_price_seeds.mjs 自动抽取·历史成交价·待甲方核对】"
安宝公司,"仿澳大利亚款式乙炔割嘴 41-15

包装：塑料挂钩盒+不干胶",12.85,CNY,2024-11-14,,contract,"来源文件：ziliao/安宝公司/HQF 41 6290NX/41, NX, 6290/AB241049 出口产品供需合同-奉化一洲.xls（工作表 订单 第 9 行；合同号 AB24 1049返单AB24072；抬头需方 宁波安宝国际贸易有限公司；日期凭证：抬头签约时间）【tools/ziliao/extract_price_seeds.mjs 自动抽取·历史成交价·待甲方核对】"
安宝公司,"仿澳大利亚款式乙炔割嘴 41-20

包装：塑料挂钩盒+不干胶",12.85,CNY,2024-11-14,,contract,"来源文件：ziliao/安宝公司/HQF 41 6290NX/41, NX, 6290/AB241049 出口产品供需合同-奉化一洲.xls（工作表 订单 第 10 行；合同号 AB24 1049返单AB24072；抬头需方 宁波安宝国际贸易有限公司；日期凭证：抬头签约时间）【tools/ziliao/extract_price_seeds.mjs 自动抽取·历史成交价·待甲方核对】"
安宝公司,"仿澳大利亚款式乙炔割嘴 41-8

包装：塑料挂钩盒+不干胶",12.85,CNY,2024-11-14,,contract,"来源文件：ziliao/安宝公司/HQF 41 6290NX/41, NX, 6290/AB241049 出口产品供需合同-奉化一洲.xls（工作表 订单 第 7 行；合同号 AB24 1049返单AB24072；抬头需方 宁波安宝国际贸易有限公司；日期凭证：抬头签约时间）【tools/ziliao/extract_price_seeds.mjs 自动抽取·历史成交价·待甲方核对】"
安宝公司,"割嘴 0#-1-101
产品号码6023",12.60,CNY,2024-11-04,,contract,来源文件：ziliao/安宝公司/美国FRONNY/订单/2024/AB241121 出口产品供需合同-一洲PO63376.xls（工作表 订单 第 10 行；合同号 AB24 1121；抬头需方 宁波安宝国际贸易有限公司；日期凭证：抬头签约时间）【tools/ziliao/extract_price_seeds.mjs 自动抽取·历史成交价·待甲方核对】
安宝公司,割嘴 00#-3-101 产品号码6017,9.24,CNY,2024-11-04,,contract,来源文件：ziliao/安宝公司/美国FRONNY/订单/2024/AB241121 出口产品供需合同-一洲PO63376.xls（工作表 订单 第 8 行；合同号 AB24 1121；抬头需方 宁波安宝国际贸易有限公司；日期凭证：抬头签约时间）【tools/ziliao/extract_price_seeds.mjs 自动抽取·历史成交价·待甲方核对】
安宝公司,"割嘴 1-GPN 1#
产品号码6027",9.00,CNY,2024-11-04,,contract,来源文件：ziliao/安宝公司/美国FRONNY/订单/2024/AB241121 出口产品供需合同-一洲PO63376.xls（工作表 订单 第 11 行；合同号 AB24 1121；抬头需方 宁波安宝国际贸易有限公司；日期凭证：抬头签约时间）【tools/ziliao/extract_price_seeds.mjs 自动抽取·历史成交价·待甲方核对】
安宝公司,割嘴 1#-3-101 产品号码6019,9.24,CNY,2024-11-04,,contract,来源文件：ziliao/安宝公司/美国FRONNY/订单/2024/AB241121 出口产品供需合同-一洲PO63376.xls（工作表 订单 第 9 行；合同号 AB24 1121；抬头需方 宁波安宝国际贸易有限公司；日期凭证：抬头签约时间）【tools/ziliao/extract_price_seeds.mjs 自动抽取·历史成交价·待甲方核对】
安宝公司,割嘴 SC-12-2# 产品号码6001,15.20,CNY,2024-11-04,,contract,来源文件：ziliao/安宝公司/美国FRONNY/订单/2024/AB241121 出口产品供需合同-一洲PO63376.xls（工作表 订单 第 7 行；合同号 AB24 1121；抬头需方 宁波安宝国际贸易有限公司；日期凭证：抬头签约时间）【tools/ziliao/extract_price_seeds.mjs 自动抽取·历史成交价·待甲方核对】
安宝公司,割嘴 MC12-3# 产品号码6005,15.40,CNY,2024-10-30,,contract,来源文件：ziliao/安宝公司/美国FRONNY/订单/2024/AB24994 出口产品供需合同-一洲PO63243.xls（工作表 订单 第 7 行；合同号 AB24 994；抬头需方 宁波安宝国际贸易有限公司；日期凭证：抬头签约时间）【tools/ziliao/extract_price_seeds.mjs 自动抽取·历史成交价·待甲方核对】
安宝公司,割嘴1-101 00# 产品号码6022,13.20,CNY,2024-10-30,,contract,来源文件：ziliao/安宝公司/美国FRONNY/订单/2024/AB24994 出口产品供需合同-一洲PO63243.xls（工作表 订单 第 12 行；合同号 AB24 994；抬头需方 宁波安宝国际贸易有限公司；日期凭证：抬头签约时间）【tools/ziliao/extract_price_seeds.mjs 自动抽取·历史成交价·待甲方核对】
安宝公司,割嘴1-101 1# 产品号码6024,13.20,CNY,2024-10-30,,contract,来源文件：ziliao/安宝公司/美国FRONNY/订单/2024/AB24994 出口产品供需合同-一洲PO63243.xls（工作表 订单 第 13 行；合同号 AB24 994；抬头需方 宁波安宝国际贸易有限公司；日期凭证：抬头签约时间）【tools/ziliao/extract_price_seeds.mjs 自动抽取·历史成交价·待甲方核对】
安宝公司,割嘴1-101 2# 产品号码6025,13.20,CNY,2024-10-30,,contract,来源文件：ziliao/安宝公司/美国FRONNY/订单/2024/AB24994 出口产品供需合同-一洲PO63243.xls（工作表 订单 第 14 行；合同号 AB24 994；抬头需方 宁波安宝国际贸易有限公司；日期凭证：抬头签约时间）【tools/ziliao/extract_price_seeds.mjs 自动抽取·历史成交价·待甲方核对】
安宝公司,割嘴1-GPN 3# 产品号码6029,9.24,CNY,2024-10-30,,contract,来源文件：ziliao/安宝公司/美国FRONNY/订单/2024/AB24994 出口产品供需合同-一洲PO63243.xls（工作表 订单 第 15 行；合同号 AB24 994；抬头需方 宁波安宝国际贸易有限公司；日期凭证：抬头签约时间）【tools/ziliao/extract_price_seeds.mjs 自动抽取·历史成交价·待甲方核对】
安宝公司,割嘴3-101 0# 产品号码6018,9.68,CNY,2024-10-30,,contract,来源文件：ziliao/安宝公司/美国FRONNY/订单/2024/AB24994 出口产品供需合同-一洲PO63243.xls（工作表 订单 第 9 行；合同号 AB24 994；抬头需方 宁波安宝国际贸易有限公司；日期凭证：抬头签约时间）【tools/ziliao/extract_price_seeds.mjs 自动抽取·历史成交价·待甲方核对】
安宝公司,割嘴3-101 00# 产品号码6017,9.68,CNY,2024-10-30,,contract,来源文件：ziliao/安宝公司/美国FRONNY/订单/2024/AB24994 出口产品供需合同-一洲PO63243.xls（工作表 订单 第 8 行；合同号 AB24 994；抬头需方 宁波安宝国际贸易有限公司；日期凭证：抬头签约时间）【tools/ziliao/extract_price_seeds.mjs 自动抽取·历史成交价·待甲方核对】
安宝公司,割嘴3-101 2# 产品号码6020,9.68,CNY,2024-10-30,,contract,来源文件：ziliao/安宝公司/美国FRONNY/订单/2024/AB24994 出口产品供需合同-一洲PO63243.xls（工作表 订单 第 10 行；合同号 AB24 994；抬头需方 宁波安宝国际贸易有限公司；日期凭证：抬头签约时间）【tools/ziliao/extract_price_seeds.mjs 自动抽取·历史成交价·待甲方核对】
安宝公司,割嘴3-101 3# 产品号码6021,9.68,CNY,2024-10-30,,contract,来源文件：ziliao/安宝公司/美国FRONNY/订单/2024/AB24994 出口产品供需合同-一洲PO63243.xls（工作表 订单 第 11 行；合同号 AB24 994；抬头需方 宁波安宝国际贸易有限公司；日期凭证：抬头签约时间）【tools/ziliao/extract_price_seeds.mjs 自动抽取·历史成交价·待甲方核对】
安宝公司,割嘴3-GPN 1# 产品号码6031,8.24,CNY,2024-10-30,,contract,来源文件：ziliao/安宝公司/美国FRONNY/订单/2024/AB24994 出口产品供需合同-一洲PO63243.xls（工作表 订单 第 16 行；合同号 AB24 994；抬头需方 宁波安宝国际贸易有限公司；日期凭证：抬头签约时间）【tools/ziliao/extract_price_seeds.mjs 自动抽取·历史成交价·待甲方核对】
安宝公司,"丙烷割嘴 GPN-1 71g
货号：4193",9.20,CNY,2024-10-25,,contract,"来源文件：ziliao/安宝公司/INFAR不干胶/INFRA合同/2024/AB24989 出口产品供需合同-奉化一洲(3).xls（工作表 Sheet1 第 17 行；合同号 AB24 989返单AB24257；抬头需方 宁波安宝国际贸易有限公司；日期凭证：抬头签约时间）；包装：标贴尺寸：80x16mm
塑料盒盖用黑色【tools/ziliao/extract_price_seeds.mjs 自动抽取·历史成交价·待甲方核对】"
安宝公司,"丙烷割嘴 GPN-2 71g
货号：4194",9.20,CNY,2024-10-25,,contract,来源文件：ziliao/安宝公司/INFAR不干胶/INFRA合同/2024/AB24989 出口产品供需合同-奉化一洲(3).xls（工作表 Sheet1 第 18 行；合同号 AB24 989返单AB24257；抬头需方 宁波安宝国际贸易有限公司；日期凭证：抬头签约时间）【tools/ziliao/extract_price_seeds.mjs 自动抽取·历史成交价·待甲方核对】
安宝公司,"丙烷割嘴 GPN-3 71g
货号：4195",9.20,CNY,2024-10-25,,contract,来源文件：ziliao/安宝公司/INFAR不干胶/INFRA合同/2024/AB24989 出口产品供需合同-奉化一洲(3).xls（工作表 Sheet1 第 19 行；合同号 AB24 989返单AB24257；抬头需方 宁波安宝国际贸易有限公司；日期凭证：抬头签约时间）【tools/ziliao/extract_price_seeds.mjs 自动抽取·历史成交价·待甲方核对】
安宝公司,"乙炔割嘴1-101-2 82g
货号：4191",13.50,CNY,2024-10-25,,contract,"来源文件：ziliao/安宝公司/INFAR不干胶/INFRA合同/2024/AB24989 出口产品供需合同-奉化一洲(3).xls（工作表 Sheet1 第 15 行；合同号 AB24 989返单AB24257；抬头需方 宁波安宝国际贸易有限公司；日期凭证：抬头签约时间）；包装：标贴尺寸：80x16mm
塑料盒盖用红色【tools/ziliao/extract_price_seeds.mjs 自动抽取·历史成交价·待甲方核对】"
安宝公司,"乙炔割嘴1-101-3 82g
货号：4192",13.50,CNY,2024-10-25,,contract,来源文件：ziliao/安宝公司/INFAR不干胶/INFRA合同/2024/AB24989 出口产品供需合同-奉化一洲(3).xls（工作表 Sheet1 第 16 行；合同号 AB24 989返单AB24257；抬头需方 宁波安宝国际贸易有限公司；日期凭证：抬头签约时间）【tools/ziliao/extract_price_seeds.mjs 自动抽取·历史成交价·待甲方核对】
安宝公司,"HARRIS 丙烷割嘴6290-NX-1 53g
货号：4186",6.50,CNY,2024-10-25,,contract,"来源文件：ziliao/安宝公司/INFAR不干胶/INFRA合同/2024/AB24989 出口产品供需合同-奉化一洲(3).xls（工作表 Sheet1 第 12 行；合同号 AB24 989返单AB24257；抬头需方 宁波安宝国际贸易有限公司；日期凭证：抬头签约时间）；包装：标贴尺寸：80x16mm
塑料盒盖用黑色【tools/ziliao/extract_price_seeds.mjs 自动抽取·历史成交价·待甲方核对】"
安宝公司,"HARRIS 丙烷割嘴6290-NX-2 53g
货号：4187",6.50,CNY,2024-10-25,,contract,来源文件：ziliao/安宝公司/INFAR不干胶/INFRA合同/2024/AB24989 出口产品供需合同-奉化一洲(3).xls（工作表 Sheet1 第 13 行；合同号 AB24 989返单AB24257；抬头需方 宁波安宝国际贸易有限公司；日期凭证：抬头签约时间）【tools/ziliao/extract_price_seeds.mjs 自动抽取·历史成交价·待甲方核对】
安宝公司,"HARRIS 丙烷割嘴6290-NX-3 53g
货号：4188",6.50,CNY,2024-10-25,,contract,来源文件：ziliao/安宝公司/INFAR不干胶/INFRA合同/2024/AB24989 出口产品供需合同-奉化一洲(3).xls（工作表 Sheet1 第 14 行；合同号 AB24 989返单AB24257；抬头需方 宁波安宝国际贸易有限公司；日期凭证：抬头签约时间）【tools/ziliao/extract_price_seeds.mjs 自动抽取·历史成交价·待甲方核对】
安宝公司,"HARRIS 乙炔割嘴6290-2 55g
货号：4210",9.65,CNY,2024-10-25,,contract,"来源文件：ziliao/安宝公司/INFAR不干胶/INFRA合同/2024/AB24989 出口产品供需合同-奉化一洲(3).xls（工作表 Sheet1 第 20 行；合同号 AB24 989返单AB24257；抬头需方 宁波安宝国际贸易有限公司；日期凭证：抬头签约时间）；包装：标贴尺寸：80x16mm
塑料盒盖用红色【tools/ziliao/extract_price_seeds.mjs 自动抽取·历史成交价·待甲方核对】"
安宝公司,"HARRIS 乙炔割嘴6290-3 55g
货号：4027",9.65,CNY,2024-10-25,,contract,来源文件：ziliao/安宝公司/INFAR不干胶/INFRA合同/2024/AB24989 出口产品供需合同-奉化一洲(3).xls（工作表 Sheet1 第 21 行；合同号 AB24 989返单AB24257；抬头需方 宁波安宝国际贸易有限公司；日期凭证：抬头签约时间）【tools/ziliao/extract_price_seeds.mjs 自动抽取·历史成交价·待甲方核对】
安宝公司,"smith 丙烷割嘴 SC-50-A-0 93g
货号：4154",13.05,CNY,2024-10-25,,contract,"来源文件：ziliao/安宝公司/INFAR不干胶/INFRA合同/2024/AB24989 出口产品供需合同-奉化一洲(3).xls（工作表 Sheet1 第 7 行；合同号 AB24 989返单AB24257；抬头需方 宁波安宝国际贸易有限公司；日期凭证：抬头签约时间）；包装：标贴尺寸：80x16mm
塑料盒盖用黑色【tools/ziliao/extract_price_seeds.mjs 自动抽取·历史成交价·待甲方核对】"
安宝公司,"smith 丙烷割嘴 SC-50-A-1 93g
货号：4157",13.05,CNY,2024-10-25,,contract,来源文件：ziliao/安宝公司/INFAR不干胶/INFRA合同/2024/AB24989 出口产品供需合同-奉化一洲(3).xls（工作表 Sheet1 第 8 行；合同号 AB24 989返单AB24257；抬头需方 宁波安宝国际贸易有限公司；日期凭证：抬头签约时间）【tools/ziliao/extract_price_seeds.mjs 自动抽取·历史成交价·待甲方核对】
安宝公司,"smith 丙烷割嘴 SC-50-A-2 93g
货号：4158",13.05,CNY,2024-10-25,,contract,来源文件：ziliao/安宝公司/INFAR不干胶/INFRA合同/2024/AB24989 出口产品供需合同-奉化一洲(3).xls（工作表 Sheet1 第 9 行；合同号 AB24 989返单AB24257；抬头需方 宁波安宝国际贸易有限公司；日期凭证：抬头签约时间）【tools/ziliao/extract_price_seeds.mjs 自动抽取·历史成交价·待甲方核对】
安宝公司,"smith 丙烷割嘴 SC-50-A-3 93g
货号：4161",13.05,CNY,2024-10-25,,contract,来源文件：ziliao/安宝公司/INFAR不干胶/INFRA合同/2024/AB24989 出口产品供需合同-奉化一洲(3).xls（工作表 Sheet1 第 10 行；合同号 AB24 989返单AB24257；抬头需方 宁波安宝国际贸易有限公司；日期凭证：抬头签约时间）【tools/ziliao/extract_price_seeds.mjs 自动抽取·历史成交价·待甲方核对】
安宝公司,"smith 丙烷割嘴 SC-50-A-4 93g
货号：4162",13.05,CNY,2024-10-25,,contract,来源文件：ziliao/安宝公司/INFAR不干胶/INFRA合同/2024/AB24989 出口产品供需合同-奉化一洲(3).xls（工作表 Sheet1 第 11 行；合同号 AB24 989返单AB24257；抬头需方 宁波安宝国际贸易有限公司；日期凭证：抬头签约时间）【tools/ziliao/extract_price_seeds.mjs 自动抽取·历史成交价·待甲方核对】
安宝公司,割嘴 MC12-3# 产品号码6005,15.40,CNY,2024-10-22,,contract,来源文件：ziliao/安宝公司/美国FRONNY/订单/2024/AB24971 出口产品供需合同-一洲PO63216.xls（工作表 订单 第 7 行；合同号 AB24 971返单AB24139；抬头需方 宁波安宝国际贸易有限公司；日期凭证：抬头签约时间）【tools/ziliao/extract_price_seeds.mjs 自动抽取·历史成交价·待甲方核对】
安宝公司,割嘴1-101 00# 产品号码6022,13.20,CNY,2024-10-22,,contract,来源文件：ziliao/安宝公司/美国FRONNY/订单/2024/AB24971 出口产品供需合同-一洲PO63216.xls（工作表 订单 第 10 行；合同号 AB24 971返单AB24139；抬头需方 宁波安宝国际贸易有限公司；日期凭证：抬头签约时间）【tools/ziliao/extract_price_seeds.mjs 自动抽取·历史成交价·待甲方核对】
安宝公司,割嘴1-101 1# 产品号码6024,13.20,CNY,2024-10-22,,contract,来源文件：ziliao/安宝公司/美国FRONNY/订单/2024/AB24971 出口产品供需合同-一洲PO63216.xls（工作表 订单 第 11 行；合同号 AB24 971返单AB24139；抬头需方 宁波安宝国际贸易有限公司；日期凭证：抬头签约时间）【tools/ziliao/extract_price_seeds.mjs 自动抽取·历史成交价·待甲方核对】
安宝公司,割嘴1-101 2# 产品号码6025,13.20,CNY,2024-10-22,,contract,来源文件：ziliao/安宝公司/美国FRONNY/订单/2024/AB24971 出口产品供需合同-一洲PO63216.xls（工作表 订单 第 13 行；合同号 AB24 971返单AB24139；抬头需方 宁波安宝国际贸易有限公司；日期凭证：抬头签约时间）【tools/ziliao/extract_price_seeds.mjs 自动抽取·历史成交价·待甲方核对】
安宝公司,割嘴1-GPN 3# 产品号码6029,9.24,CNY,2024-10-22,,contract,来源文件：ziliao/安宝公司/美国FRONNY/订单/2024/AB24971 出口产品供需合同-一洲PO63216.xls（工作表 订单 第 12 行；合同号 AB24 971返单AB24139；抬头需方 宁波安宝国际贸易有限公司；日期凭证：抬头签约时间）【tools/ziliao/extract_price_seeds.mjs 自动抽取·历史成交价·待甲方核对】
安宝公司,割嘴3-101 0# 产品号码6018,9.68,CNY,2024-10-22,,contract,来源文件：ziliao/安宝公司/美国FRONNY/订单/2024/AB24971 出口产品供需合同-一洲PO63216.xls（工作表 订单 第 8 行；合同号 AB24 971返单AB24139；抬头需方 宁波安宝国际贸易有限公司；日期凭证：抬头签约时间）【tools/ziliao/extract_price_seeds.mjs 自动抽取·历史成交价·待甲方核对】
安宝公司,割嘴3-101 3# 产品号码6021,9.68,CNY,2024-10-22,,contract,来源文件：ziliao/安宝公司/美国FRONNY/订单/2024/AB24971 出口产品供需合同-一洲PO63216.xls（工作表 订单 第 9 行；合同号 AB24 971返单AB24139；抬头需方 宁波安宝国际贸易有限公司；日期凭证：抬头签约时间）【tools/ziliao/extract_price_seeds.mjs 自动抽取·历史成交价·待甲方核对】
安宝公司,"乙炔割嘴 6290-1# 
刻字中性
包装：塑料盒",9.68,CNY,2024-10-15,,contract,来源文件：ziliao/安宝公司/美国FRONNY/订单/2024/AB24958 出口产品供需合同-奉化一洲.xls（工作表 订单 第 7 行；合同号 AB24 958返单AB24400；抬头需方 宁波安宝国际贸易有限公司；日期凭证：抬头签约时间）【tools/ziliao/extract_price_seeds.mjs 自动抽取·历史成交价·待甲方核对】
安宝公司,割嘴 1-101 #1 仿包装,13.20,CNY,2024-10-12,,contract,来源文件：ziliao/安宝公司/A. SH  AIR - OXY 里卡多/合同/2024/ab24945 出口产品供需合同-奉化一洲(1).xls（工作表 订单 第 7 行；合同号 AB24 945返单AB24563；抬头需方 宁波安宝国际贸易有限公司；日期凭证：抬头签约时间）【tools/ziliao/extract_price_seeds.mjs 自动抽取·历史成交价·待甲方核对】
安宝公司,割嘴 1-101 #3 仿包装,13.20,CNY,2024-10-12,,contract,来源文件：ziliao/安宝公司/A. SH  AIR - OXY 里卡多/合同/2024/ab24945 出口产品供需合同-奉化一洲(1).xls（工作表 订单 第 8 行；合同号 AB24 945返单AB24563；抬头需方 宁波安宝国际贸易有限公司；日期凭证：抬头签约时间）【tools/ziliao/extract_price_seeds.mjs 自动抽取·历史成交价·待甲方核对】
安宝公司,割嘴 GPN #2 仿包装,9.24,CNY,2024-10-12,,contract,来源文件：ziliao/安宝公司/A. SH  AIR - OXY 里卡多/合同/2024/ab24945 出口产品供需合同-奉化一洲(1).xls（工作表 订单 第 9 行；合同号 AB24 945返单AB24563；抬头需方 宁波安宝国际贸易有限公司；日期凭证：抬头签约时间）【tools/ziliao/extract_price_seeds.mjs 自动抽取·历史成交价·待甲方核对】
安宝公司,割嘴1-101 0# 产品号码6023,13.20,CNY,2024-10-08,,contract,来源文件：ziliao/安宝公司/美国FRONNY/订单/2024/AB24921 出口产品供需合同-一洲PO63137.xls（工作表 订单 第 12 行；合同号 AB24 921返单AB24903；抬头需方 宁波安宝国际贸易有限公司；日期凭证：抬头签约时间）【tools/ziliao/extract_price_seeds.mjs 自动抽取·历史成交价·待甲方核对】
安宝公司,割嘴1-101 00# 产品号码6022,13.20,CNY,2024-10-08,,contract,来源文件：ziliao/安宝公司/美国FRONNY/订单/2024/AB24921 出口产品供需合同-一洲PO63137.xls（工作表 订单 第 11 行；合同号 AB24 921返单AB24903；抬头需方 宁波安宝国际贸易有限公司；日期凭证：抬头签约时间）【tools/ziliao/extract_price_seeds.mjs 自动抽取·历史成交价·待甲方核对】
安宝公司,割嘴1-101 1# 产品号码6024,13.20,CNY,2024-10-08,,contract,来源文件：ziliao/安宝公司/美国FRONNY/订单/2024/AB24921 出口产品供需合同-一洲PO63137.xls（工作表 订单 第 13 行；合同号 AB24 921返单AB24903；抬头需方 宁波安宝国际贸易有限公司；日期凭证：抬头签约时间）【tools/ziliao/extract_price_seeds.mjs 自动抽取·历史成交价·待甲方核对】
安宝公司,割嘴1-101 2# 产品号码6025,13.20,CNY,2024-10-08,,contract,来源文件：ziliao/安宝公司/美国FRONNY/订单/2024/AB24921 出口产品供需合同-一洲PO63137.xls（工作表 订单 第 14 行；合同号 AB24 921返单AB24903；抬头需方 宁波安宝国际贸易有限公司；日期凭证：抬头签约时间）【tools/ziliao/extract_price_seeds.mjs 自动抽取·历史成交价·待甲方核对】
安宝公司,割嘴3-101 0# 产品号码6018,9.68,CNY,2024-10-08,,contract,来源文件：ziliao/安宝公司/美国FRONNY/订单/2024/AB24921 出口产品供需合同-一洲PO63137.xls（工作表 订单 第 8 行；合同号 AB24 921返单AB24903；抬头需方 宁波安宝国际贸易有限公司；日期凭证：抬头签约时间）【tools/ziliao/extract_price_seeds.mjs 自动抽取·历史成交价·待甲方核对】
安宝公司,割嘴3-101 00# 产品号码6017,9.68,CNY,2024-10-08,,contract,来源文件：ziliao/安宝公司/美国FRONNY/订单/2024/AB24921 出口产品供需合同-一洲PO63137.xls（工作表 订单 第 7 行；合同号 AB24 921返单AB24903；抬头需方 宁波安宝国际贸易有限公司；日期凭证：抬头签约时间）【tools/ziliao/extract_price_seeds.mjs 自动抽取·历史成交价·待甲方核对】
安宝公司,割嘴3-101 1# 产品号码6019,9.68,CNY,2024-10-08,,contract,来源文件：ziliao/安宝公司/美国FRONNY/订单/2024/AB24921 出口产品供需合同-一洲PO63137.xls（工作表 订单 第 9 行；合同号 AB24 921返单AB24903；抬头需方 宁波安宝国际贸易有限公司；日期凭证：抬头签约时间）【tools/ziliao/extract_price_seeds.mjs 自动抽取·历史成交价·待甲方核对】
安宝公司,割嘴3-101 2# 产品号码6020,9.68,CNY,2024-10-08,,contract,来源文件：ziliao/安宝公司/美国FRONNY/订单/2024/AB24921 出口产品供需合同-一洲PO63137.xls（工作表 订单 第 10 行；合同号 AB24 921返单AB24903；抬头需方 宁波安宝国际贸易有限公司；日期凭证：抬头签约时间）【tools/ziliao/extract_price_seeds.mjs 自动抽取·历史成交价·待甲方核对】
安宝公司,割嘴 6290-1# 产品号码6010,9.68,CNY,2024-09-27,,contract,来源文件：ziliao/安宝公司/美国FRONNY/订单/2024/AB24903 出口产品供需合同-一洲PO63123.xls（工作表 订单 第 19 行；合同号 AB24 903返单AB24139；抬头需方 宁波安宝国际贸易有限公司；日期凭证：抬头签约时间）【tools/ziliao/extract_price_seeds.mjs 自动抽取·历史成交价·待甲方核对】
安宝公司,"割嘴 SC-12-1#
产品号码6000",15.95,CNY,2024-09-27,,contract,来源文件：ziliao/安宝公司/美国FRONNY/订单/2024/AB24903 出口产品供需合同-一洲PO63123.xls（工作表 订单 第 7 行；合同号 AB24 903返单AB24139；抬头需方 宁波安宝国际贸易有限公司；日期凭证：抬头签约时间）【tools/ziliao/extract_price_seeds.mjs 自动抽取·历史成交价·待甲方核对】
安宝公司,割嘴1-101 0# 产品号码6023,13.20,CNY,2024-09-27,,contract,来源文件：ziliao/安宝公司/美国FRONNY/订单/2024/AB24903 出口产品供需合同-一洲PO63123.xls（工作表 订单 第 14 行；合同号 AB24 903返单AB24139；抬头需方 宁波安宝国际贸易有限公司；日期凭证：抬头签约时间）【tools/ziliao/extract_price_seeds.mjs 自动抽取·历史成交价·待甲方核对】
安宝公司,割嘴1-101 00# 产品号码6022,13.20,CNY,2024-09-27,,contract,来源文件：ziliao/安宝公司/美国FRONNY/订单/2024/AB24903 出口产品供需合同-一洲PO63123.xls（工作表 订单 第 13 行；合同号 AB24 903返单AB24139；抬头需方 宁波安宝国际贸易有限公司；日期凭证：抬头签约时间）【tools/ziliao/extract_price_seeds.mjs 自动抽取·历史成交价·待甲方核对】
安宝公司,割嘴1-101 1# 产品号码6024,13.20,CNY,2024-09-27,,contract,来源文件：ziliao/安宝公司/美国FRONNY/订单/2024/AB24903 出口产品供需合同-一洲PO63123.xls（工作表 订单 第 15 行；合同号 AB24 903返单AB24139；抬头需方 宁波安宝国际贸易有限公司；日期凭证：抬头签约时间）【tools/ziliao/extract_price_seeds.mjs 自动抽取·历史成交价·待甲方核对】
安宝公司,割嘴1-101 2# 产品号码6025,13.20,CNY,2024-09-27,,contract,来源文件：ziliao/安宝公司/美国FRONNY/订单/2024/AB24903 出口产品供需合同-一洲PO63123.xls（工作表 订单 第 16 行；合同号 AB24 903返单AB24139；抬头需方 宁波安宝国际贸易有限公司；日期凭证：抬头签约时间）【tools/ziliao/extract_price_seeds.mjs 自动抽取·历史成交价·待甲方核对】
安宝公司,割嘴3-101 0# 产品号码6018,9.68,CNY,2024-09-27,,contract,来源文件：ziliao/安宝公司/美国FRONNY/订单/2024/AB24903 出口产品供需合同-一洲PO63123.xls（工作表 订单 第 9 行；合同号 AB24 903返单AB24139；抬头需方 宁波安宝国际贸易有限公司；日期凭证：抬头签约时间）【tools/ziliao/extract_price_seeds.mjs 自动抽取·历史成交价·待甲方核对】
安宝公司,割嘴3-101 00# 产品号码6017,9.68,CNY,2024-09-27,,contract,来源文件：ziliao/安宝公司/美国FRONNY/订单/2024/AB24903 出口产品供需合同-一洲PO63123.xls（工作表 订单 第 8 行；合同号 AB24 903返单AB24139；抬头需方 宁波安宝国际贸易有限公司；日期凭证：抬头签约时间）【tools/ziliao/extract_price_seeds.mjs 自动抽取·历史成交价·待甲方核对】
安宝公司,割嘴3-101 1# 产品号码6019,9.68,CNY,2024-09-27,,contract,来源文件：ziliao/安宝公司/美国FRONNY/订单/2024/AB24903 出口产品供需合同-一洲PO63123.xls（工作表 订单 第 10 行；合同号 AB24 903返单AB24139；抬头需方 宁波安宝国际贸易有限公司；日期凭证：抬头签约时间）【tools/ziliao/extract_price_seeds.mjs 自动抽取·历史成交价·待甲方核对】
安宝公司,割嘴3-101 2# 产品号码6020,9.68,CNY,2024-09-27,,contract,来源文件：ziliao/安宝公司/美国FRONNY/订单/2024/AB24903 出口产品供需合同-一洲PO63123.xls（工作表 订单 第 11 行；合同号 AB24 903返单AB24139；抬头需方 宁波安宝国际贸易有限公司；日期凭证：抬头签约时间）【tools/ziliao/extract_price_seeds.mjs 自动抽取·历史成交价·待甲方核对】
安宝公司,割嘴3-101 3# 产品号码6021,9.68,CNY,2024-09-27,,contract,来源文件：ziliao/安宝公司/美国FRONNY/订单/2024/AB24903 出口产品供需合同-一洲PO63123.xls（工作表 订单 第 12 行；合同号 AB24 903返单AB24139；抬头需方 宁波安宝国际贸易有限公司；日期凭证：抬头签约时间）【tools/ziliao/extract_price_seeds.mjs 自动抽取·历史成交价·待甲方核对】
安宝公司,割嘴MC-12-1# 产品号码6003,15.40,CNY,2024-09-27,,contract,来源文件：ziliao/安宝公司/美国FRONNY/订单/2024/AB24903 出口产品供需合同-一洲PO63123.xls（工作表 订单 第 17 行；合同号 AB24 903返单AB24139；抬头需方 宁波安宝国际贸易有限公司；日期凭证：抬头签约时间）【tools/ziliao/extract_price_seeds.mjs 自动抽取·历史成交价·待甲方核对】
安宝公司,割嘴MC-12-2# 产品号码6004,15.40,CNY,2024-09-27,,contract,来源文件：ziliao/安宝公司/美国FRONNY/订单/2024/AB24903 出口产品供需合同-一洲PO63123.xls（工作表 订单 第 18 行；合同号 AB24 903返单AB24139；抬头需方 宁波安宝国际贸易有限公司；日期凭证：抬头签约时间）【tools/ziliao/extract_price_seeds.mjs 自动抽取·历史成交价·待甲方核对】
安宝公司,"2W-X11N 丙烷割嘴 G11 2#

包装+刻字：常规中性",13.25,CNY,2024-09-24,,contract,来源文件：ziliao/安宝公司/有焊嘴订单/订单/AB24894 出口产品供需合同-奉化一洲.xls（工作表 Sheet1 第 7 行；合同号 AB24 894返单AB22879；抬头需方 宁波安宝国际贸易有限公司；日期凭证：抬头签约时间）；包装：包装：按返单AB22879生产和包装【tools/ziliao/extract_price_seeds.mjs 自动抽取·历史成交价·待甲方核对】
安宝公司,"丙烷割嘴 PNME 1/16 一体式
不要螺纹拧 重量要75克

包装+刻字：常规中性",8.40,CNY,2024-09-24,,contract,来源文件：ziliao/安宝公司/有焊嘴订单/订单/AB24894 出口产品供需合同-奉化一洲.xls（工作表 Sheet1 第 8 行；合同号 AB24 894返单AB22879；抬头需方 宁波安宝国际贸易有限公司；日期凭证：抬头签约时间）【tools/ziliao/extract_price_seeds.mjs 自动抽取·历史成交价·待甲方核对】
安宝公司,割嘴1-101 00# 产品号码6022,13.00,CNY,2024-09-20,,contract,来源文件：ziliao/安宝公司/美国FRONNY/订单/2024/AB24879 出口产品供需合同-一洲PO62138.xls（工作表 订单 第 10 行；合同号 AB24 879返单AB24139；抬头需方 宁波安宝国际贸易有限公司；日期凭证：抬头签约时间）【tools/ziliao/extract_price_seeds.mjs 自动抽取·历史成交价·待甲方核对】
安宝公司,割嘴1-101 1# 产品号码6024,13.00,CNY,2024-09-20,,contract,来源文件：ziliao/安宝公司/美国FRONNY/订单/2024/AB24879 出口产品供需合同-一洲PO62138.xls（工作表 订单 第 11 行；合同号 AB24 879返单AB24139；抬头需方 宁波安宝国际贸易有限公司；日期凭证：抬头签约时间）【tools/ziliao/extract_price_seeds.mjs 自动抽取·历史成交价·待甲方核对】
安宝公司,割嘴1-GPN 2# 产品号码6028,9.24,CNY,2024-09-20,,contract,来源文件：ziliao/安宝公司/美国FRONNY/订单/2024/AB24879 出口产品供需合同-一洲PO62138.xls（工作表 订单 第 12 行；合同号 AB24 879返单AB24139；抬头需方 宁波安宝国际贸易有限公司；日期凭证：抬头签约时间）【tools/ziliao/extract_price_seeds.mjs 自动抽取·历史成交价·待甲方核对】
安宝公司,割嘴3-101 0# 产品号码6018,9.68,CNY,2024-09-20,,contract,来源文件：ziliao/安宝公司/美国FRONNY/订单/2024/AB24879 出口产品供需合同-一洲PO62138.xls（工作表 订单 第 7 行；合同号 AB24 879返单AB24139；抬头需方 宁波安宝国际贸易有限公司；日期凭证：抬头签约时间）【tools/ziliao/extract_price_seeds.mjs 自动抽取·历史成交价·待甲方核对】
安宝公司,割嘴3-101 2# 产品号码6020,9.68,CNY,2024-09-20,,contract,来源文件：ziliao/安宝公司/美国FRONNY/订单/2024/AB24879 出口产品供需合同-一洲PO62138.xls（工作表 订单 第 8 行；合同号 AB24 879返单AB24139；抬头需方 宁波安宝国际贸易有限公司；日期凭证：抬头签约时间）【tools/ziliao/extract_price_seeds.mjs 自动抽取·历史成交价·待甲方核对】
安宝公司,割嘴3-101 3# 产品号码6021,9.68,CNY,2024-09-20,,contract,来源文件：ziliao/安宝公司/美国FRONNY/订单/2024/AB24879 出口产品供需合同-一洲PO62138.xls（工作表 订单 第 9 行；合同号 AB24 879返单AB24139；抬头需方 宁波安宝国际贸易有限公司；日期凭证：抬头签约时间）【tools/ziliao/extract_price_seeds.mjs 自动抽取·历史成交价·待甲方核对】
安宝公司,WS6290NX1丙烷割嘴 6290-NX-1,6.25,CNY,2024-09-11,,contract,"来源文件：ziliao/安宝公司/Weldsolutions不干胶/合同/2024/AB24858 出口产品供需合同-奉化一洲.xls（工作表 Sheet2 第 7 行；合同号 AB24 858返单AB24620；抬头需方 宁波安宝国际贸易有限公司；日期凭证：抬头签约时间）；包装：标贴尺寸：80x16mm
塑料盒盖用 深蓝色【tools/ziliao/extract_price_seeds.mjs 自动抽取·历史成交价·待甲方核对】"
安宝公司,WS6290NX2丙烷割嘴 6290-NX-2,6.25,CNY,2024-09-11,,contract,来源文件：ziliao/安宝公司/Weldsolutions不干胶/合同/2024/AB24858 出口产品供需合同-奉化一洲.xls（工作表 Sheet2 第 8 行；合同号 AB24 858返单AB24620；抬头需方 宁波安宝国际贸易有限公司；日期凭证：抬头签约时间）【tools/ziliao/extract_price_seeds.mjs 自动抽取·历史成交价·待甲方核对】
安宝公司,WSGPN1丙烷割嘴 GPN-1,8.95,CNY,2024-09-11,,contract,"来源文件：ziliao/安宝公司/Weldsolutions不干胶/合同/2024/AB24858 出口产品供需合同-奉化一洲.xls（工作表 Sheet2 第 11 行；合同号 AB24 858返单AB24620；抬头需方 宁波安宝国际贸易有限公司；日期凭证：抬头签约时间）；包装：标贴尺寸：80x16mm
塑料盒盖用深蓝色【tools/ziliao/extract_price_seeds.mjs 自动抽取·历史成交价·待甲方核对】"
安宝公司,WSGPN2丙烷割嘴 GPN-2,8.95,CNY,2024-09-11,,contract,来源文件：ziliao/安宝公司/Weldsolutions不干胶/合同/2024/AB24858 出口产品供需合同-奉化一洲.xls（工作表 Sheet2 第 12 行；合同号 AB24 858返单AB24620；抬头需方 宁波安宝国际贸易有限公司；日期凭证：抬头签约时间）【tools/ziliao/extract_price_seeds.mjs 自动抽取·历史成交价·待甲方核对】
安宝公司,WSSC501丙烷割嘴 SC-50-1,12.80,CNY,2024-09-11,,contract,"来源文件：ziliao/安宝公司/Weldsolutions不干胶/合同/2024/AB24858 出口产品供需合同-奉化一洲.xls（工作表 Sheet2 第 9 行；合同号 AB24 858返单AB24620；抬头需方 宁波安宝国际贸易有限公司；日期凭证：抬头签约时间）；包装：标贴尺寸：80x16mm
塑料盒盖用深蓝色【tools/ziliao/extract_price_seeds.mjs 自动抽取·历史成交价·待甲方核对】"
安宝公司,WSSC502丙烷割嘴 SC-50-2,12.80,CNY,2024-09-11,,contract,来源文件：ziliao/安宝公司/Weldsolutions不干胶/合同/2024/AB24858 出口产品供需合同-奉化一洲.xls（工作表 Sheet2 第 10 行；合同号 AB24 858返单AB24620；抬头需方 宁波安宝国际贸易有限公司；日期凭证：抬头签约时间）【tools/ziliao/extract_price_seeds.mjs 自动抽取·历史成交价·待甲方核对】
安宝公司,6290-NX-1割嘴,6.50,CNY,2024-09-03,,contract,"来源文件：ziliao/安宝公司/B.S.A. 6290NX,6290,1-101,GPN/AB24818 出口产品供需合同-一洲(1).xls（工作表 Sheet1 第 8 行；合同号 AB24 818返单AB24310；抬头需方 宁波安宝国际贸易有限公司；日期凭证：抬头签约时间）【tools/ziliao/extract_price_seeds.mjs 自动抽取·历史成交价·待甲方核对】"
安宝公司,割嘴1-101-3,13.50,CNY,2024-09-03,,contract,"来源文件：ziliao/安宝公司/B.S.A. 6290NX,6290,1-101,GPN/AB24818 出口产品供需合同-一洲(1).xls（工作表 Sheet1 第 7 行；合同号 AB24 818返单AB24310；抬头需方 宁波安宝国际贸易有限公司；日期凭证：抬头签约时间）【tools/ziliao/extract_price_seeds.mjs 自动抽取·历史成交价·待甲方核对】"
安宝公司,乙炔割嘴 1-101 1#,13.50,CNY,2024-09-03,,contract,"来源文件：ziliao/安宝公司/B.S.A. 6290NX,6290,1-101,GPN/AB24818 出口产品供需合同-一洲(1).xls（工作表 Sheet1 第 10 行；合同号 AB24 818返单AB24310；抬头需方 宁波安宝国际贸易有限公司；日期凭证：抬头签约时间）【tools/ziliao/extract_price_seeds.mjs 自动抽取·历史成交价·待甲方核对】"
安宝公司,乙炔割嘴 3-101 1#,9.25,CNY,2024-09-03,,contract,"来源文件：ziliao/安宝公司/B.S.A. 6290NX,6290,1-101,GPN/AB24818 出口产品供需合同-一洲(1).xls（工作表 Sheet1 第 9 行；合同号 AB24 818返单AB24310；抬头需方 宁波安宝国际贸易有限公司；日期凭证：抬头签约时间）【tools/ziliao/extract_price_seeds.mjs 自动抽取·历史成交价·待甲方核对】"
安宝公司,"丙烷割嘴 GPN-1 71g
货号：4193",9.20,CNY,2024-08-19,,contract,"来源文件：ziliao/安宝公司/INFAR不干胶/INFRA合同/2024/AB24793 出口产品供需合同-奉化一洲(1).xls（工作表 Sheet1 第 16 行；合同号 AB24 793返单AB24499；抬头需方 宁波安宝国际贸易有限公司；日期凭证：抬头签约时间）；包装：标贴尺寸：80x16mm
塑料盒盖用黑色【tools/ziliao/extract_price_seeds.mjs 自动抽取·历史成交价·待甲方核对】"
安宝公司,"丙烷割嘴 GPN-2 71g
货号：4194",9.20,CNY,2024-08-19,,contract,来源文件：ziliao/安宝公司/INFAR不干胶/INFRA合同/2024/AB24793 出口产品供需合同-奉化一洲(1).xls（工作表 Sheet1 第 17 行；合同号 AB24 793返单AB24499；抬头需方 宁波安宝国际贸易有限公司；日期凭证：抬头签约时间）【tools/ziliao/extract_price_seeds.mjs 自动抽取·历史成交价·待甲方核对】
安宝公司,"丙烷割嘴 GPN-3 71g
货号：4195",9.20,CNY,2024-08-19,,contract,来源文件：ziliao/安宝公司/INFAR不干胶/INFRA合同/2024/AB24793 出口产品供需合同-奉化一洲(1).xls（工作表 Sheet1 第 18 行；合同号 AB24 793返单AB24499；抬头需方 宁波安宝国际贸易有限公司；日期凭证：抬头签约时间）【tools/ziliao/extract_price_seeds.mjs 自动抽取·历史成交价·待甲方核对】
安宝公司,"乙炔割嘴1-101-2 82g
货号：4191",13.50,CNY,2024-08-19,,contract,"来源文件：ziliao/安宝公司/INFAR不干胶/INFRA合同/2024/AB24793 出口产品供需合同-奉化一洲(1).xls（工作表 Sheet1 第 15 行；合同号 AB24 793返单AB24499；抬头需方 宁波安宝国际贸易有限公司；日期凭证：抬头签约时间）；包装：标贴尺寸：80x16mm
塑料盒盖用红色【tools/ziliao/extract_price_seeds.mjs 自动抽取·历史成交价·待甲方核对】"
安宝公司,"HARRIS 丙烷割嘴6290-NX-1 53g
货号：4186",6.50,CNY,2024-08-19,,contract,"来源文件：ziliao/安宝公司/INFAR不干胶/INFRA合同/2024/AB24793 出口产品供需合同-奉化一洲(1).xls（工作表 Sheet1 第 12 行；合同号 AB24 793返单AB24499；抬头需方 宁波安宝国际贸易有限公司；日期凭证：抬头签约时间）；包装：标贴尺寸：80x16mm
塑料盒盖用黑色【tools/ziliao/extract_price_seeds.mjs 自动抽取·历史成交价·待甲方核对】"
安宝公司,"HARRIS 丙烷割嘴6290-NX-2 53g
货号：4187",6.50,CNY,2024-08-19,,contract,来源文件：ziliao/安宝公司/INFAR不干胶/INFRA合同/2024/AB24793 出口产品供需合同-奉化一洲(1).xls（工作表 Sheet1 第 13 行；合同号 AB24 793返单AB24499；抬头需方 宁波安宝国际贸易有限公司；日期凭证：抬头签约时间）【tools/ziliao/extract_price_seeds.mjs 自动抽取·历史成交价·待甲方核对】
安宝公司,"HARRIS 丙烷割嘴6290-NX-3 53g
货号：4188",6.50,CNY,2024-08-19,,contract,来源文件：ziliao/安宝公司/INFAR不干胶/INFRA合同/2024/AB24793 出口产品供需合同-奉化一洲(1).xls（工作表 Sheet1 第 14 行；合同号 AB24 793返单AB24499；抬头需方 宁波安宝国际贸易有限公司；日期凭证：抬头签约时间）【tools/ziliao/extract_price_seeds.mjs 自动抽取·历史成交价·待甲方核对】
安宝公司,"HARRIS 乙炔割嘴6290-2 55g
货号：4210",9.65,CNY,2024-08-19,,contract,"来源文件：ziliao/安宝公司/INFAR不干胶/INFRA合同/2024/AB24793 出口产品供需合同-奉化一洲(1).xls（工作表 Sheet1 第 19 行；合同号 AB24 793返单AB24499；抬头需方 宁波安宝国际贸易有限公司；日期凭证：抬头签约时间）；包装：标贴尺寸：80x16mm
塑料盒盖用红色【tools/ziliao/extract_price_seeds.mjs 自动抽取·历史成交价·待甲方核对】"
安宝公司,"HARRIS 乙炔割嘴6290-3 55g
货号：4027",9.65,CNY,2024-08-19,,contract,来源文件：ziliao/安宝公司/INFAR不干胶/INFRA合同/2024/AB24793 出口产品供需合同-奉化一洲(1).xls（工作表 Sheet1 第 20 行；合同号 AB24 793返单AB24499；抬头需方 宁波安宝国际贸易有限公司；日期凭证：抬头签约时间）【tools/ziliao/extract_price_seeds.mjs 自动抽取·历史成交价·待甲方核对】
安宝公司,"smith 丙烷割嘴 SC-50-A-0 93g
货号：4154",13.05,CNY,2024-08-19,,contract,"来源文件：ziliao/安宝公司/INFAR不干胶/INFRA合同/2024/AB24793 出口产品供需合同-奉化一洲(1).xls（工作表 Sheet1 第 7 行；合同号 AB24 793返单AB24499；抬头需方 宁波安宝国际贸易有限公司；日期凭证：抬头签约时间）；包装：标贴尺寸：80x16mm
塑料盒盖用黑色【tools/ziliao/extract_price_seeds.mjs 自动抽取·历史成交价·待甲方核对】"
安宝公司,"smith 丙烷割嘴 SC-50-A-1 93g
货号：4157",13.05,CNY,2024-08-19,,contract,来源文件：ziliao/安宝公司/INFAR不干胶/INFRA合同/2024/AB24793 出口产品供需合同-奉化一洲(1).xls（工作表 Sheet1 第 8 行；合同号 AB24 793返单AB24499；抬头需方 宁波安宝国际贸易有限公司；日期凭证：抬头签约时间）【tools/ziliao/extract_price_seeds.mjs 自动抽取·历史成交价·待甲方核对】
安宝公司,"smith 丙烷割嘴 SC-50-A-2 93g
货号：4158",13.05,CNY,2024-08-19,,contract,来源文件：ziliao/安宝公司/INFAR不干胶/INFRA合同/2024/AB24793 出口产品供需合同-奉化一洲(1).xls（工作表 Sheet1 第 9 行；合同号 AB24 793返单AB24499；抬头需方 宁波安宝国际贸易有限公司；日期凭证：抬头签约时间）【tools/ziliao/extract_price_seeds.mjs 自动抽取·历史成交价·待甲方核对】
安宝公司,"smith 丙烷割嘴 SC-50-A-3 93g
货号：4161",13.05,CNY,2024-08-19,,contract,来源文件：ziliao/安宝公司/INFAR不干胶/INFRA合同/2024/AB24793 出口产品供需合同-奉化一洲(1).xls（工作表 Sheet1 第 10 行；合同号 AB24 793返单AB24499；抬头需方 宁波安宝国际贸易有限公司；日期凭证：抬头签约时间）【tools/ziliao/extract_price_seeds.mjs 自动抽取·历史成交价·待甲方核对】
安宝公司,"smith 丙烷割嘴 SC-50-A-4 93g
货号：4162",13.05,CNY,2024-08-19,,contract,来源文件：ziliao/安宝公司/INFAR不干胶/INFRA合同/2024/AB24793 出口产品供需合同-奉化一洲(1).xls（工作表 Sheet1 第 11 行；合同号 AB24 793返单AB24499；抬头需方 宁波安宝国际贸易有限公司；日期凭证：抬头签约时间）【tools/ziliao/extract_price_seeds.mjs 自动抽取·历史成交价·待甲方核对】
安宝公司,丙烷割嘴 6290-NX-2# 产品号码6015,6.39,CNY,2024-08-16,,contract,来源文件：ziliao/安宝公司/美国FRONNY/订单/2024/AB24757 出口产品供需合同-一洲PO62924(1).xls（工作表 订单 第 12 行；合同号 AB24 757返单AB24139；抬头需方 宁波安宝国际贸易有限公司；日期凭证：抬头签约时间）【tools/ziliao/extract_price_seeds.mjs 自动抽取·历史成交价·待甲方核对】
安宝公司,割嘴1-101 00# 产品号码6022,12.40,CNY,2024-08-16,,contract,来源文件：ziliao/安宝公司/美国FRONNY/订单/2024/AB24757 出口产品供需合同-一洲PO62924(1).xls（工作表 订单 第 13 行；合同号 AB24 757返单AB24139；抬头需方 宁波安宝国际贸易有限公司；日期凭证：抬头签约时间）【tools/ziliao/extract_price_seeds.mjs 自动抽取·历史成交价·待甲方核对】
安宝公司,割嘴3-101 00# 产品号码6017,9.24,CNY,2024-08-16,,contract,来源文件：ziliao/安宝公司/美国FRONNY/订单/2024/AB24757 出口产品供需合同-一洲PO62924(1).xls（工作表 订单 第 8 行；合同号 AB24 757返单AB24139；抬头需方 宁波安宝国际贸易有限公司；日期凭证：抬头签约时间）【tools/ziliao/extract_price_seeds.mjs 自动抽取·历史成交价·待甲方核对】
安宝公司,割嘴3-101 000# 产品号码6016,9.24,CNY,2024-08-16,,contract,来源文件：ziliao/安宝公司/美国FRONNY/订单/2024/AB24757 出口产品供需合同-一洲PO62924(1).xls（工作表 订单 第 7 行；合同号 AB24 757返单AB24139；抬头需方 宁波安宝国际贸易有限公司；日期凭证：抬头签约时间）【tools/ziliao/extract_price_seeds.mjs 自动抽取·历史成交价·待甲方核对】
安宝公司,割嘴3-101 2# 产品号码6020,9.24,CNY,2024-08-16,,contract,来源文件：ziliao/安宝公司/美国FRONNY/订单/2024/AB24757 出口产品供需合同-一洲PO62924(1).xls（工作表 订单 第 9 行；合同号 AB24 757返单AB24139；抬头需方 宁波安宝国际贸易有限公司；日期凭证：抬头签约时间）【tools/ziliao/extract_price_seeds.mjs 自动抽取·历史成交价·待甲方核对】
安宝公司,割嘴3-101 3# 产品号码6021,9.24,CNY,2024-08-16,,contract,来源文件：ziliao/安宝公司/美国FRONNY/订单/2024/AB24757 出口产品供需合同-一洲PO62924(1).xls（工作表 订单 第 10 行；合同号 AB24 757返单AB24139；抬头需方 宁波安宝国际贸易有限公司；日期凭证：抬头签约时间）【tools/ziliao/extract_price_seeds.mjs 自动抽取·历史成交价·待甲方核对】
安宝公司,割嘴3-GPN 1# 产品号码6031,8.03,CNY,2024-08-16,,contract,来源文件：ziliao/安宝公司/美国FRONNY/订单/2024/AB24757 出口产品供需合同-一洲PO62924(1).xls（工作表 订单 第 11 行；合同号 AB24 757返单AB24139；抬头需方 宁波安宝国际贸易有限公司；日期凭证：抬头签约时间）【tools/ziliao/extract_price_seeds.mjs 自动抽取·历史成交价·待甲方核对】
安宝公司,"丙烷割嘴 G1-P 10/07"" 重78g",9.00,CNY,2024-08-15,,contract,来源文件：ziliao/安宝公司/G1-P/G1-P彩盒/ab24773 出口产品供需合同-奉化一洲.xls（工作表 Sheet1 第 7 行；合同号 AB24 773返单AB231095；抬头需方 宁波安宝国际贸易有限公司；日期凭证：抬头签约时间）【tools/ziliao/extract_price_seeds.mjs 自动抽取·历史成交价·待甲方核对】
安宝公司,"丙烷割嘴 G1-P 10/16"" 重78g",9.00,CNY,2024-08-15,,contract,来源文件：ziliao/安宝公司/G1-P/G1-P彩盒/ab24773 出口产品供需合同-奉化一洲.xls（工作表 Sheet1 第 8 行；合同号 AB24 773返单AB231095；抬头需方 宁波安宝国际贸易有限公司；日期凭证：抬头签约时间）【tools/ziliao/extract_price_seeds.mjs 自动抽取·历史成交价·待甲方核对】
安宝公司,"丙烷割嘴 G1-P 10/30"" 重78g",9.00,CNY,2024-08-15,,contract,来源文件：ziliao/安宝公司/G1-P/G1-P彩盒/ab24773 出口产品供需合同-奉化一洲.xls（工作表 Sheet1 第 9 行；合同号 AB24 773返单AB231095；抬头需方 宁波安宝国际贸易有限公司；日期凭证：抬头签约时间）【tools/ziliao/extract_price_seeds.mjs 自动抽取·历史成交价·待甲方核对】
安宝公司,"丙烷割嘴 GPN 0#

包装：塑料盒 不要贴 不干胶",9.45,CNY,2024-08-08,,contract,来源文件：ziliao/安宝公司/WT 6290NX/AB24747 出口产品供需合同-奉化一洲.xls（工作表 Sheet1 第 12 行；合同号 AB24 747返单AB23534；抬头需方 宁波安宝国际贸易有限公司；日期凭证：抬头签约时间）【tools/ziliao/extract_price_seeds.mjs 自动抽取·历史成交价·待甲方核对】
安宝公司,"丙烷割嘴 GPN 1#

包装：塑料盒 不要贴 不干胶",9.45,CNY,2024-08-08,,contract,来源文件：ziliao/安宝公司/WT 6290NX/AB24747 出口产品供需合同-奉化一洲.xls（工作表 Sheet1 第 13 行；合同号 AB24 747返单AB23534；抬头需方 宁波安宝国际贸易有限公司；日期凭证：抬头签约时间）【tools/ziliao/extract_price_seeds.mjs 自动抽取·历史成交价·待甲方核对】
安宝公司,"丙烷割嘴 GPN 2#

包装：塑料盒 不要贴 不干胶",9.45,CNY,2024-08-08,,contract,来源文件：ziliao/安宝公司/WT 6290NX/AB24747 出口产品供需合同-奉化一洲.xls（工作表 Sheet1 第 14 行；合同号 AB24 747返单AB23534；抬头需方 宁波安宝国际贸易有限公司；日期凭证：抬头签约时间）【tools/ziliao/extract_price_seeds.mjs 自动抽取·历史成交价·待甲方核对】
安宝公司,"丙烷割嘴 GPN 3#

包装：塑料盒 不要贴 不干胶",9.45,CNY,2024-08-08,,contract,来源文件：ziliao/安宝公司/WT 6290NX/AB24747 出口产品供需合同-奉化一洲.xls（工作表 Sheet1 第 15 行；合同号 AB24 747返单AB23534；抬头需方 宁波安宝国际贸易有限公司；日期凭证：抬头签约时间）【tools/ziliao/extract_price_seeds.mjs 自动抽取·历史成交价·待甲方核对】
安宝公司,"乙炔割嘴 6290 WT 1#
刻字：中性常规

包装：如右图类似对应型号",10.15,CNY,2024-08-08,,contract,来源文件：ziliao/安宝公司/WT 6290NX/AB24747 出口产品供需合同-奉化一洲.xls（工作表 Sheet1 第 16 行；合同号 AB24 747返单AB23534；抬头需方 宁波安宝国际贸易有限公司；日期凭证：抬头签约时间）【tools/ziliao/extract_price_seeds.mjs 自动抽取·历史成交价·待甲方核对】
安宝公司,"乙炔割嘴 6290 WT 2#
刻字：中性常规

包装：如右图类似对应型号",10.15,CNY,2024-08-08,,contract,来源文件：ziliao/安宝公司/WT 6290NX/AB24747 出口产品供需合同-奉化一洲.xls（工作表 Sheet1 第 17 行；合同号 AB24 747返单AB23534；抬头需方 宁波安宝国际贸易有限公司；日期凭证：抬头签约时间）【tools/ziliao/extract_price_seeds.mjs 自动抽取·历史成交价·待甲方核对】
安宝公司,"乙炔割嘴 6290 WT 3#
刻字：中性常规

包装：如右图类似对应型号",10.15,CNY,2024-08-08,,contract,来源文件：ziliao/安宝公司/WT 6290NX/AB24747 出口产品供需合同-奉化一洲.xls（工作表 Sheet1 第 18 行；合同号 AB24 747返单AB23534；抬头需方 宁波安宝国际贸易有限公司；日期凭证：抬头签约时间）【tools/ziliao/extract_price_seeds.mjs 自动抽取·历史成交价·待甲方核对】
安宝公司,"乙炔割嘴1-101 1#

包装：塑料盒 不要贴 不干胶",13.75,CNY,2024-08-08,,contract,来源文件：ziliao/安宝公司/WT 6290NX/AB24747 出口产品供需合同-奉化一洲.xls（工作表 Sheet1 第 7 行；合同号 AB24 747返单AB23534；抬头需方 宁波安宝国际贸易有限公司；日期凭证：抬头签约时间）【tools/ziliao/extract_price_seeds.mjs 自动抽取·历史成交价·待甲方核对】
安宝公司,"乙炔割嘴1-101 2#

包装：塑料盒 不要贴 不干胶",13.75,CNY,2024-08-08,,contract,来源文件：ziliao/安宝公司/WT 6290NX/AB24747 出口产品供需合同-奉化一洲.xls（工作表 Sheet1 第 8 行；合同号 AB24 747返单AB23534；抬头需方 宁波安宝国际贸易有限公司；日期凭证：抬头签约时间）【tools/ziliao/extract_price_seeds.mjs 自动抽取·历史成交价·待甲方核对】
安宝公司,"乙炔割嘴1-101 3#

包装：塑料盒 不要贴 不干胶",13.75,CNY,2024-08-08,,contract,来源文件：ziliao/安宝公司/WT 6290NX/AB24747 出口产品供需合同-奉化一洲.xls（工作表 Sheet1 第 9 行；合同号 AB24 747返单AB23534；抬头需方 宁波安宝国际贸易有限公司；日期凭证：抬头签约时间）【tools/ziliao/extract_price_seeds.mjs 自动抽取·历史成交价·待甲方核对】
安宝公司,"乙炔割嘴1-101 4#

包装：塑料盒 不要贴 不干胶",13.75,CNY,2024-08-08,,contract,来源文件：ziliao/安宝公司/WT 6290NX/AB24747 出口产品供需合同-奉化一洲.xls（工作表 Sheet1 第 10 行；合同号 AB24 747返单AB23534；抬头需方 宁波安宝国际贸易有限公司；日期凭证：抬头签约时间）【tools/ziliao/extract_price_seeds.mjs 自动抽取·历史成交价·待甲方核对】
安宝公司,"乙炔割嘴1-101 5#

包装：塑料盒 不要贴 不干胶",13.75,CNY,2024-08-08,,contract,来源文件：ziliao/安宝公司/WT 6290NX/AB24747 出口产品供需合同-奉化一洲.xls（工作表 Sheet1 第 11 行；合同号 AB24 747返单AB23534；抬头需方 宁波安宝国际贸易有限公司；日期凭证：抬头签约时间）【tools/ziliao/extract_price_seeds.mjs 自动抽取·历史成交价·待甲方核对】
安宝公司,割嘴3-101 0# 产品号码6018,9.68,CNY,2024-08-02,,contract,来源文件：ziliao/安宝公司/美国FRONNY/订单/2024/AB24707 出口产品供需合同-一洲PO62833.xls（工作表 订单 第 8 行；合同号 AB24 707返单AB24 357；抬头需方 宁波安宝国际贸易有限公司；日期凭证：抬头签约时间）【tools/ziliao/extract_price_seeds.mjs 自动抽取·历史成交价·待甲方核对】
安宝公司,割嘴3-101 00# 产品号码6017,9.68,CNY,2024-08-02,,contract,来源文件：ziliao/安宝公司/美国FRONNY/订单/2024/AB24707 出口产品供需合同-一洲PO62833.xls（工作表 订单 第 7 行；合同号 AB24 707返单AB24 357；抬头需方 宁波安宝国际贸易有限公司；日期凭证：抬头签约时间）【tools/ziliao/extract_price_seeds.mjs 自动抽取·历史成交价·待甲方核对】
安宝公司,割嘴 GPN #1 仿包装,9.20,CNY,2024-07-15,,contract,来源文件：ziliao/安宝公司/AR88  GPN/AB24638 出口产品供需合同-奉化一洲.xls（工作表 订单 第 7 行；合同号 AB24 638返单AB24563；抬头需方 宁波安宝国际贸易有限公司；日期凭证：抬头签约时间）【tools/ziliao/extract_price_seeds.mjs 自动抽取·历史成交价·待甲方核对】
安宝公司,割嘴 GPN #2 仿包装,9.20,CNY,2024-07-15,,contract,来源文件：ziliao/安宝公司/AR88  GPN/AB24638 出口产品供需合同-奉化一洲.xls（工作表 订单 第 8 行；合同号 AB24 638返单AB24563；抬头需方 宁波安宝国际贸易有限公司；日期凭证：抬头签约时间）【tools/ziliao/extract_price_seeds.mjs 自动抽取·历史成交价·待甲方核对】
安宝公司,割嘴 GPN #3 仿包装,9.20,CNY,2024-07-15,,contract,来源文件：ziliao/安宝公司/AR88  GPN/AB24638 出口产品供需合同-奉化一洲.xls（工作表 订单 第 9 行；合同号 AB24 638返单AB24563；抬头需方 宁波安宝国际贸易有限公司；日期凭证：抬头签约时间）【tools/ziliao/extract_price_seeds.mjs 自动抽取·历史成交价·待甲方核对】
安宝公司,割嘴 GPN #4 仿包装,9.20,CNY,2024-07-15,,contract,来源文件：ziliao/安宝公司/AR88  GPN/AB24638 出口产品供需合同-奉化一洲.xls（工作表 订单 第 10 行；合同号 AB24 638返单AB24563；抬头需方 宁波安宝国际贸易有限公司；日期凭证：抬头签约时间）【tools/ziliao/extract_price_seeds.mjs 自动抽取·历史成交价·待甲方核对】
安宝公司,"丙烷割嘴 GPN-2 71g
货号：4194",9.20,CNY,2024-07-10,,contract,"来源文件：ziliao/安宝公司/INFAR不干胶/INFRA合同/2024/ab24633 出口产品供需合同-奉化一洲.xls（工作表 Sheet1 第 10 行；合同号 AB24 633返单AB24257；抬头需方 宁波安宝国际贸易有限公司；日期凭证：抬头签约时间）；包装：标贴尺寸：80x16mm
塑料盒盖用黑色【tools/ziliao/extract_price_seeds.mjs 自动抽取·历史成交价·待甲方核对】"
安宝公司,"HARRIS 丙烷割嘴6290-NX-2 53g
货号：4187",6.50,CNY,2024-07-10,,contract,"来源文件：ziliao/安宝公司/INFAR不干胶/INFRA合同/2024/ab24633 出口产品供需合同-奉化一洲.xls（工作表 Sheet1 第 9 行；合同号 AB24 633返单AB24257；抬头需方 宁波安宝国际贸易有限公司；日期凭证：抬头签约时间）；包装：标贴尺寸：80x16mm
塑料盒盖用黑色【tools/ziliao/extract_price_seeds.mjs 自动抽取·历史成交价·待甲方核对】"
安宝公司,"smith 丙烷割嘴 SC-50-A-2 93g
货号：4158",13.05,CNY,2024-07-10,,contract,"来源文件：ziliao/安宝公司/INFAR不干胶/INFRA合同/2024/ab24633 出口产品供需合同-奉化一洲.xls（工作表 Sheet1 第 7 行；合同号 AB24 633返单AB24257；抬头需方 宁波安宝国际贸易有限公司；日期凭证：抬头签约时间）；包装：标贴尺寸：80x16mm
塑料盒盖用黑色【tools/ziliao/extract_price_seeds.mjs 自动抽取·历史成交价·待甲方核对】"
安宝公司,"smith 丙烷割嘴 SC-50-A-3 93g
货号：4161",13.05,CNY,2024-07-10,,contract,来源文件：ziliao/安宝公司/INFAR不干胶/INFRA合同/2024/ab24633 出口产品供需合同-奉化一洲.xls（工作表 Sheet1 第 8 行；合同号 AB24 633返单AB24257；抬头需方 宁波安宝国际贸易有限公司；日期凭证：抬头签约时间）【tools/ziliao/extract_price_seeds.mjs 自动抽取·历史成交价·待甲方核对】
安宝公司,WS10110乙炔割嘴 101-1-0,12.80,CNY,2024-07-03,,contract,"来源文件：ziliao/安宝公司/Weldsolutions不干胶/合同/2024/AB24620 出口产品供需合同-奉化一洲.xls（工作表 Sheet2 第 11 行；合同号 AB24 620返单AB24255；抬头需方 宁波安宝国际贸易有限公司；日期凭证：抬头签约时间）；包装：标贴尺寸：80x16mm
塑料盒盖用 红色【tools/ziliao/extract_price_seeds.mjs 自动抽取·历史成交价·待甲方核对】"
安宝公司,WS10111乙炔割嘴 101-1-1,12.80,CNY,2024-07-03,,contract,来源文件：ziliao/安宝公司/Weldsolutions不干胶/合同/2024/AB24620 出口产品供需合同-奉化一洲.xls（工作表 Sheet2 第 12 行；合同号 AB24 620返单AB24255；抬头需方 宁波安宝国际贸易有限公司；日期凭证：抬头签约时间）【tools/ziliao/extract_price_seeds.mjs 自动抽取·历史成交价·待甲方核对】
安宝公司,WS10112乙炔割嘴 101-1-2,12.80,CNY,2024-07-03,,contract,来源文件：ziliao/安宝公司/Weldsolutions不干胶/合同/2024/AB24620 出口产品供需合同-奉化一洲.xls（工作表 Sheet2 第 13 行；合同号 AB24 620返单AB24255；抬头需方 宁波安宝国际贸易有限公司；日期凭证：抬头签约时间）【tools/ziliao/extract_price_seeds.mjs 自动抽取·历史成交价·待甲方核对】
安宝公司,WS10113乙炔割嘴 101-1-3,12.80,CNY,2024-07-03,,contract,来源文件：ziliao/安宝公司/Weldsolutions不干胶/合同/2024/AB24620 出口产品供需合同-奉化一洲.xls（工作表 Sheet2 第 14 行；合同号 AB24 620返单AB24255；抬头需方 宁波安宝国际贸易有限公司；日期凭证：抬头签约时间）【tools/ziliao/extract_price_seeds.mjs 自动抽取·历史成交价·待甲方核对】
安宝公司,WS10114乙炔割嘴 101-1-4,12.80,CNY,2024-07-03,,contract,来源文件：ziliao/安宝公司/Weldsolutions不干胶/合同/2024/AB24620 出口产品供需合同-奉化一洲.xls（工作表 Sheet2 第 15 行；合同号 AB24 620返单AB24255；抬头需方 宁波安宝国际贸易有限公司；日期凭证：抬头签约时间）【tools/ziliao/extract_price_seeds.mjs 自动抽取·历史成交价·待甲方核对】
安宝公司,"WS202305乙炔割嘴 102HC-0
全铜 重86.5g",15.00,CNY,2024-07-03,,contract,"来源文件：ziliao/安宝公司/Weldsolutions不干胶/合同/2024/AB24620 出口产品供需合同-奉化一洲.xls（工作表 Sheet2 第 29 行；合同号 AB24 620返单AB24255；抬头需方 宁波安宝国际贸易有限公司；日期凭证：抬头签约时间）；包装：标贴尺寸：80x16mm
塑料盒盖用 红色
常规塑料盒包装+贴纸【tools/ziliao/extract_price_seeds.mjs 自动抽取·历史成交价·待甲方核对】"
安宝公司,"WS202306乙炔割嘴 102HC-1
全铜 重86.5g",15.00,CNY,2024-07-03,,contract,来源文件：ziliao/安宝公司/Weldsolutions不干胶/合同/2024/AB24620 出口产品供需合同-奉化一洲.xls（工作表 Sheet2 第 30 行；合同号 AB24 620返单AB24255；抬头需方 宁波安宝国际贸易有限公司；日期凭证：抬头签约时间）【tools/ziliao/extract_price_seeds.mjs 自动抽取·历史成交价·待甲方核对】
安宝公司,"WS202307乙炔割嘴 102HC-2
全铜 重86.5g",15.00,CNY,2024-07-03,,contract,来源文件：ziliao/安宝公司/Weldsolutions不干胶/合同/2024/AB24620 出口产品供需合同-奉化一洲.xls（工作表 Sheet2 第 31 行；合同号 AB24 620返单AB24255；抬头需方 宁波安宝国际贸易有限公司；日期凭证：抬头签约时间）【tools/ziliao/extract_price_seeds.mjs 自动抽取·历史成交价·待甲方核对】
安宝公司,WS202310丙烷割嘴 106HC-1重74g,7.40,CNY,2024-07-03,,contract,"来源文件：ziliao/安宝公司/Weldsolutions不干胶/合同/2024/AB24620 出口产品供需合同-奉化一洲.xls（工作表 Sheet2 第 32 行；合同号 AB24 620返单AB24255；抬头需方 宁波安宝国际贸易有限公司；日期凭证：抬头签约时间）；包装：标贴尺寸：80x16mm
塑料盒盖用 蓝色
常规塑料盒包装+贴纸【tools/ziliao/extract_price_seeds.mjs 自动抽取·历史成交价·待甲方核对】"
安宝公司,WS202311丙烷割嘴 106HC-2重74g,7.40,CNY,2024-07-03,,contract,来源文件：ziliao/安宝公司/Weldsolutions不干胶/合同/2024/AB24620 出口产品供需合同-奉化一洲.xls（工作表 Sheet2 第 33 行；合同号 AB24 620返单AB24255；抬头需方 宁波安宝国际贸易有限公司；日期凭证：抬头签约时间）【tools/ziliao/extract_price_seeds.mjs 自动抽取·历史成交价·待甲方核对】
安宝公司,WS202312丙烷割嘴 106HC-3重74g,7.40,CNY,2024-07-03,,contract,来源文件：ziliao/安宝公司/Weldsolutions不干胶/合同/2024/AB24620 出口产品供需合同-奉化一洲.xls（工作表 Sheet2 第 34 行；合同号 AB24 620返单AB24255；抬头需方 宁波安宝国际贸易有限公司；日期凭证：抬头签约时间）【tools/ziliao/extract_price_seeds.mjs 自动抽取·历史成交价·待甲方核对】
安宝公司,WS62900乙炔割嘴 6290-0,9.40,CNY,2024-07-03,,contract,"来源文件：ziliao/安宝公司/Weldsolutions不干胶/合同/2024/AB24620 出口产品供需合同-奉化一洲.xls（工作表 Sheet2 第 7 行；合同号 AB24 620返单AB24255；抬头需方 宁波安宝国际贸易有限公司；日期凭证：抬头签约时间）；包装：标贴尺寸：80x16mm
塑料盒盖用 红色【tools/ziliao/extract_price_seeds.mjs 自动抽取·历史成交价·待甲方核对】"
安宝公司,WS62901乙炔割嘴 6290-1,9.40,CNY,2024-07-03,,contract,来源文件：ziliao/安宝公司/Weldsolutions不干胶/合同/2024/AB24620 出口产品供需合同-奉化一洲.xls（工作表 Sheet2 第 8 行；合同号 AB24 620返单AB24255；抬头需方 宁波安宝国际贸易有限公司；日期凭证：抬头签约时间）【tools/ziliao/extract_price_seeds.mjs 自动抽取·历史成交价·待甲方核对】
安宝公司,WS62902乙炔割嘴 6290-2,9.40,CNY,2024-07-03,,contract,来源文件：ziliao/安宝公司/Weldsolutions不干胶/合同/2024/AB24620 出口产品供需合同-奉化一洲.xls（工作表 Sheet2 第 9 行；合同号 AB24 620返单AB24255；抬头需方 宁波安宝国际贸易有限公司；日期凭证：抬头签约时间）【tools/ziliao/extract_price_seeds.mjs 自动抽取·历史成交价·待甲方核对】
安宝公司,WS62903乙炔割嘴 6290-3,9.40,CNY,2024-07-03,,contract,来源文件：ziliao/安宝公司/Weldsolutions不干胶/合同/2024/AB24620 出口产品供需合同-奉化一洲.xls（工作表 Sheet2 第 10 行；合同号 AB24 620返单AB24255；抬头需方 宁波安宝国际贸易有限公司；日期凭证：抬头签约时间）【tools/ziliao/extract_price_seeds.mjs 自动抽取·历史成交价·待甲方核对】
安宝公司,WS6290NX0丙烷割嘴 6290-NX-0,6.25,CNY,2024-07-03,,contract,"来源文件：ziliao/安宝公司/Weldsolutions不干胶/合同/2024/AB24620 出口产品供需合同-奉化一洲.xls（工作表 Sheet2 第 16 行；合同号 AB24 620返单AB24255；抬头需方 宁波安宝国际贸易有限公司；日期凭证：抬头签约时间）；包装：标贴尺寸：80x16mm
塑料盒盖用 深蓝色【tools/ziliao/extract_price_seeds.mjs 自动抽取·历史成交价·待甲方核对】"
安宝公司,WS6290NX1丙烷割嘴 6290-NX-1,6.25,CNY,2024-07-03,,contract,来源文件：ziliao/安宝公司/Weldsolutions不干胶/合同/2024/AB24620 出口产品供需合同-奉化一洲.xls（工作表 Sheet2 第 17 行；合同号 AB24 620返单AB24255；抬头需方 宁波安宝国际贸易有限公司；日期凭证：抬头签约时间）【tools/ziliao/extract_price_seeds.mjs 自动抽取·历史成交价·待甲方核对】
安宝公司,WS6290NX2丙烷割嘴 6290-NX-2,6.25,CNY,2024-07-03,,contract,来源文件：ziliao/安宝公司/Weldsolutions不干胶/合同/2024/AB24620 出口产品供需合同-奉化一洲.xls（工作表 Sheet2 第 18 行；合同号 AB24 620返单AB24255；抬头需方 宁波安宝国际贸易有限公司；日期凭证：抬头签约时间）【tools/ziliao/extract_price_seeds.mjs 自动抽取·历史成交价·待甲方核对】
安宝公司,WS6290NX3丙烷割嘴 6290-NX-3,6.25,CNY,2024-07-03,,contract,来源文件：ziliao/安宝公司/Weldsolutions不干胶/合同/2024/AB24620 出口产品供需合同-奉化一洲.xls（工作表 Sheet2 第 19 行；合同号 AB24 620返单AB24255；抬头需方 宁波安宝国际贸易有限公司；日期凭证：抬头签约时间）【tools/ziliao/extract_price_seeds.mjs 自动抽取·历史成交价·待甲方核对】
安宝公司,WS6290NX4丙烷割嘴 6290-NX-4,6.25,CNY,2024-07-03,,contract,来源文件：ziliao/安宝公司/Weldsolutions不干胶/合同/2024/AB24620 出口产品供需合同-奉化一洲.xls（工作表 Sheet2 第 20 行；合同号 AB24 620返单AB24255；抬头需方 宁波安宝国际贸易有限公司；日期凭证：抬头签约时间）【tools/ziliao/extract_price_seeds.mjs 自动抽取·历史成交价·待甲方核对】
安宝公司,WSGPN0丙烷割嘴 GPN-0,8.95,CNY,2024-07-03,,contract,"来源文件：ziliao/安宝公司/Weldsolutions不干胶/合同/2024/AB24620 出口产品供需合同-奉化一洲.xls（工作表 Sheet2 第 25 行；合同号 AB24 620返单AB24255；抬头需方 宁波安宝国际贸易有限公司；日期凭证：抬头签约时间）；包装：标贴尺寸：80x16mm
塑料盒盖用深蓝色【tools/ziliao/extract_price_seeds.mjs 自动抽取·历史成交价·待甲方核对】"
安宝公司,WSGPN1丙烷割嘴 GPN-1,8.95,CNY,2024-07-03,,contract,来源文件：ziliao/安宝公司/Weldsolutions不干胶/合同/2024/AB24620 出口产品供需合同-奉化一洲.xls（工作表 Sheet2 第 26 行；合同号 AB24 620返单AB24255；抬头需方 宁波安宝国际贸易有限公司；日期凭证：抬头签约时间）【tools/ziliao/extract_price_seeds.mjs 自动抽取·历史成交价·待甲方核对】
安宝公司,WSGPN2丙烷割嘴 GPN-2,8.95,CNY,2024-07-03,,contract,来源文件：ziliao/安宝公司/Weldsolutions不干胶/合同/2024/AB24620 出口产品供需合同-奉化一洲.xls（工作表 Sheet2 第 27 行；合同号 AB24 620返单AB24255；抬头需方 宁波安宝国际贸易有限公司；日期凭证：抬头签约时间）【tools/ziliao/extract_price_seeds.mjs 自动抽取·历史成交价·待甲方核对】
安宝公司,WSGPN3丙烷割嘴 GPN-3,8.95,CNY,2024-07-03,,contract,来源文件：ziliao/安宝公司/Weldsolutions不干胶/合同/2024/AB24620 出口产品供需合同-奉化一洲.xls（工作表 Sheet2 第 28 行；合同号 AB24 620返单AB24255；抬头需方 宁波安宝国际贸易有限公司；日期凭证：抬头签约时间）【tools/ziliao/extract_price_seeds.mjs 自动抽取·历史成交价·待甲方核对】
安宝公司,WSSC500丙烷割嘴 SC-50-0,12.80,CNY,2024-07-03,,contract,"来源文件：ziliao/安宝公司/Weldsolutions不干胶/合同/2024/AB24620 出口产品供需合同-奉化一洲.xls（工作表 Sheet2 第 21 行；合同号 AB24 620返单AB24255；抬头需方 宁波安宝国际贸易有限公司；日期凭证：抬头签约时间）；包装：标贴尺寸：80x16mm
塑料盒盖用深蓝色【tools/ziliao/extract_price_seeds.mjs 自动抽取·历史成交价·待甲方核对】"
安宝公司,WSSC501丙烷割嘴 SC-50-1,12.80,CNY,2024-07-03,,contract,来源文件：ziliao/安宝公司/Weldsolutions不干胶/合同/2024/AB24620 出口产品供需合同-奉化一洲.xls（工作表 Sheet2 第 22 行；合同号 AB24 620返单AB24255；抬头需方 宁波安宝国际贸易有限公司；日期凭证：抬头签约时间）【tools/ziliao/extract_price_seeds.mjs 自动抽取·历史成交价·待甲方核对】
安宝公司,WSSC502丙烷割嘴 SC-50-2,12.80,CNY,2024-07-03,,contract,来源文件：ziliao/安宝公司/Weldsolutions不干胶/合同/2024/AB24620 出口产品供需合同-奉化一洲.xls（工作表 Sheet2 第 23 行；合同号 AB24 620返单AB24255；抬头需方 宁波安宝国际贸易有限公司；日期凭证：抬头签约时间）【tools/ziliao/extract_price_seeds.mjs 自动抽取·历史成交价·待甲方核对】
安宝公司,WSSC503丙烷割嘴 SC-50-3,12.80,CNY,2024-07-03,,contract,来源文件：ziliao/安宝公司/Weldsolutions不干胶/合同/2024/AB24620 出口产品供需合同-奉化一洲.xls（工作表 Sheet2 第 24 行；合同号 AB24 620返单AB24255；抬头需方 宁波安宝国际贸易有限公司；日期凭证：抬头签约时间）【tools/ziliao/extract_price_seeds.mjs 自动抽取·历史成交价·待甲方核对】
安宝公司,"澳大利亚款式乙炔 割嘴 41-8
刻字内容：如右图所示41  12",13.20,CNY,2024-06-26,,contract,"来源文件：ziliao/安宝公司/HARRIS 6290-2AC, 41 原装/41合同/AB24582 出口产品供需合同-奉化一洲.xls（工作表 订单 第 7 行；合同号 AB24 582返单AB231136；抬头需方 宁波安宝国际贸易有限公司；日期凭证：抬头签约时间）；包装：散装：但需确保运输途中不能损坏。【tools/ziliao/extract_price_seeds.mjs 自动抽取·历史成交价·待甲方核对】"
安宝公司,"澳大利亚款式乙炔 割嘴 41-8
刻字内容如图所示41  15",13.20,CNY,2024-06-26,,contract,"来源文件：ziliao/安宝公司/HARRIS 6290-2AC, 41 原装/41合同/AB24582 出口产品供需合同-奉化一洲.xls（工作表 订单 第 8 行；合同号 AB24 582返单AB231136；抬头需方 宁波安宝国际贸易有限公司；日期凭证：抬头签约时间）【tools/ziliao/extract_price_seeds.mjs 自动抽取·历史成交价·待甲方核对】"
安宝公司,割嘴 1-101 #1 仿包装,13.86,CNY,2024-06-22,,contract,来源文件：ziliao/安宝公司/A. SH  AIR - OXY 里卡多/合同/2024/AB24563 出口产品供需合同-奉化一洲.xls（工作表 订单 第 7 行；合同号 AB24 563返单AB24224；抬头需方 宁波安宝国际贸易有限公司；日期凭证：抬头签约时间）【tools/ziliao/extract_price_seeds.mjs 自动抽取·历史成交价·待甲方核对】
安宝公司,割嘴 1-101 #2 仿包装,13.86,CNY,2024-06-22,,contract,来源文件：ziliao/安宝公司/A. SH  AIR - OXY 里卡多/合同/2024/AB24563 出口产品供需合同-奉化一洲.xls（工作表 订单 第 8 行；合同号 AB24 563返单AB24224；抬头需方 宁波安宝国际贸易有限公司；日期凭证：抬头签约时间）【tools/ziliao/extract_price_seeds.mjs 自动抽取·历史成交价·待甲方核对】
安宝公司,割嘴 1-101 #4 仿包装,13.86,CNY,2024-06-22,,contract,来源文件：ziliao/安宝公司/A. SH  AIR - OXY 里卡多/合同/2024/AB24563 出口产品供需合同-奉化一洲.xls（工作表 订单 第 9 行；合同号 AB24 563返单AB24224；抬头需方 宁波安宝国际贸易有限公司；日期凭证：抬头签约时间）【tools/ziliao/extract_price_seeds.mjs 自动抽取·历史成交价·待甲方核对】
安宝公司,割嘴 1-101 #5 仿包装,13.86,CNY,2024-06-22,,contract,来源文件：ziliao/安宝公司/A. SH  AIR - OXY 里卡多/合同/2024/AB24563 出口产品供需合同-奉化一洲.xls（工作表 订单 第 10 行；合同号 AB24 563返单AB24224；抬头需方 宁波安宝国际贸易有限公司；日期凭证：抬头签约时间）【tools/ziliao/extract_price_seeds.mjs 自动抽取·历史成交价·待甲方核对】
安宝公司,割嘴 GPN #0  塑料盖贴：GPN-0,9.24,CNY,2024-06-22,,contract,来源文件：ziliao/安宝公司/A. SH  AIR - OXY 里卡多/合同/2024/AB24563 出口产品供需合同-奉化一洲.xls（工作表 订单 第 21 行；合同号 AB24 563返单AB24224；抬头需方 宁波安宝国际贸易有限公司；日期凭证：抬头签约时间）【tools/ziliao/extract_price_seeds.mjs 自动抽取·历史成交价·待甲方核对】
安宝公司,割嘴 GPN #0 仿包装,9.45,CNY,2024-06-22,,contract,来源文件：ziliao/安宝公司/A. SH  AIR - OXY 里卡多/合同/2024/AB24563 出口产品供需合同-奉化一洲.xls（工作表 订单 第 12 行；合同号 AB24 563返单AB24224；抬头需方 宁波安宝国际贸易有限公司；日期凭证：抬头签约时间）【tools/ziliao/extract_price_seeds.mjs 自动抽取·历史成交价·待甲方核对】
安宝公司,割嘴 GPN #00 仿包装,9.45,CNY,2024-06-22,,contract,来源文件：ziliao/安宝公司/A. SH  AIR - OXY 里卡多/合同/2024/AB24563 出口产品供需合同-奉化一洲.xls（工作表 订单 第 11 行；合同号 AB24 563返单AB24224；抬头需方 宁波安宝国际贸易有限公司；日期凭证：抬头签约时间）【tools/ziliao/extract_price_seeds.mjs 自动抽取·历史成交价·待甲方核对】
安宝公司,割嘴 GPN #1  塑料盖贴：GPN-1,9.24,CNY,2024-06-22,,contract,来源文件：ziliao/安宝公司/A. SH  AIR - OXY 里卡多/合同/2024/AB24563 出口产品供需合同-奉化一洲.xls（工作表 订单 第 22 行；合同号 AB24 563返单AB24224；抬头需方 宁波安宝国际贸易有限公司；日期凭证：抬头签约时间）【tools/ziliao/extract_price_seeds.mjs 自动抽取·历史成交价·待甲方核对】
安宝公司,割嘴 GPN #1 仿包装,9.45,CNY,2024-06-22,,contract,来源文件：ziliao/安宝公司/A. SH  AIR - OXY 里卡多/合同/2024/AB24563 出口产品供需合同-奉化一洲.xls（工作表 订单 第 13 行；合同号 AB24 563返单AB24224；抬头需方 宁波安宝国际贸易有限公司；日期凭证：抬头签约时间）【tools/ziliao/extract_price_seeds.mjs 自动抽取·历史成交价·待甲方核对】
安宝公司,割嘴 GPN #2  塑料盖贴：GPN-2,9.24,CNY,2024-06-22,,contract,来源文件：ziliao/安宝公司/A. SH  AIR - OXY 里卡多/合同/2024/AB24563 出口产品供需合同-奉化一洲.xls（工作表 订单 第 23 行；合同号 AB24 563返单AB24224；抬头需方 宁波安宝国际贸易有限公司；日期凭证：抬头签约时间）【tools/ziliao/extract_price_seeds.mjs 自动抽取·历史成交价·待甲方核对】
安宝公司,割嘴 GPN #2 仿包装,9.45,CNY,2024-06-22,,contract,来源文件：ziliao/安宝公司/A. SH  AIR - OXY 里卡多/合同/2024/AB24563 出口产品供需合同-奉化一洲.xls（工作表 订单 第 14 行；合同号 AB24 563返单AB24224；抬头需方 宁波安宝国际贸易有限公司；日期凭证：抬头签约时间）【tools/ziliao/extract_price_seeds.mjs 自动抽取·历史成交价·待甲方核对】
安宝公司,割嘴 GPN #3  塑料盖贴：GPN-3,9.24,CNY,2024-06-22,,contract,来源文件：ziliao/安宝公司/A. SH  AIR - OXY 里卡多/合同/2024/AB24563 出口产品供需合同-奉化一洲.xls（工作表 订单 第 24 行；合同号 AB24 563返单AB24224；抬头需方 宁波安宝国际贸易有限公司；日期凭证：抬头签约时间）【tools/ziliao/extract_price_seeds.mjs 自动抽取·历史成交价·待甲方核对】
安宝公司,割嘴 GPN #4  塑料盖贴：GPN-4,9.24,CNY,2024-06-22,,contract,来源文件：ziliao/安宝公司/A. SH  AIR - OXY 里卡多/合同/2024/AB24563 出口产品供需合同-奉化一洲.xls（工作表 订单 第 25 行；合同号 AB24 563返单AB24224；抬头需方 宁波安宝国际贸易有限公司；日期凭证：抬头签约时间）【tools/ziliao/extract_price_seeds.mjs 自动抽取·历史成交价·待甲方核对】
安宝公司,割嘴 GPN #4 仿包装,9.45,CNY,2024-06-22,,contract,来源文件：ziliao/安宝公司/A. SH  AIR - OXY 里卡多/合同/2024/AB24563 出口产品供需合同-奉化一洲.xls（工作表 订单 第 15 行；合同号 AB24 563返单AB24224；抬头需方 宁波安宝国际贸易有限公司；日期凭证：抬头签约时间）【tools/ziliao/extract_price_seeds.mjs 自动抽取·历史成交价·待甲方核对】
安宝公司,割嘴 GPN #5  塑料盖贴：GPN-5,9.24,CNY,2024-06-22,,contract,来源文件：ziliao/安宝公司/A. SH  AIR - OXY 里卡多/合同/2024/AB24563 出口产品供需合同-奉化一洲.xls（工作表 订单 第 26 行；合同号 AB24 563返单AB24224；抬头需方 宁波安宝国际贸易有限公司；日期凭证：抬头签约时间）【tools/ziliao/extract_price_seeds.mjs 自动抽取·历史成交价·待甲方核对】
安宝公司,割嘴 GPN #6  塑料盖贴：GPN-6,9.24,CNY,2024-06-22,,contract,来源文件：ziliao/安宝公司/A. SH  AIR - OXY 里卡多/合同/2024/AB24563 出口产品供需合同-奉化一洲.xls（工作表 订单 第 27 行；合同号 AB24 563返单AB24224；抬头需方 宁波安宝国际贸易有限公司；日期凭证：抬头签约时间）【tools/ziliao/extract_price_seeds.mjs 自动抽取·历史成交价·待甲方核对】
安宝公司,"乙炔割嘴 1-101 #1
塑料盖贴：1-101 1",13.64,CNY,2024-06-22,,contract,来源文件：ziliao/安宝公司/A. SH  AIR - OXY 里卡多/合同/2024/AB24563 出口产品供需合同-奉化一洲.xls（工作表 订单 第 16 行；合同号 AB24 563返单AB24224；抬头需方 宁波安宝国际贸易有限公司；日期凭证：抬头签约时间）【tools/ziliao/extract_price_seeds.mjs 自动抽取·历史成交价·待甲方核对】
安宝公司,"乙炔割嘴 1-101 #2
塑料盖贴：1-101 2",13.64,CNY,2024-06-22,,contract,来源文件：ziliao/安宝公司/A. SH  AIR - OXY 里卡多/合同/2024/AB24563 出口产品供需合同-奉化一洲.xls（工作表 订单 第 17 行；合同号 AB24 563返单AB24224；抬头需方 宁波安宝国际贸易有限公司；日期凭证：抬头签约时间）【tools/ziliao/extract_price_seeds.mjs 自动抽取·历史成交价·待甲方核对】
安宝公司,"乙炔割嘴 1-101 #3
塑料盖贴：1-101 3",13.64,CNY,2024-06-22,,contract,来源文件：ziliao/安宝公司/A. SH  AIR - OXY 里卡多/合同/2024/AB24563 出口产品供需合同-奉化一洲.xls（工作表 订单 第 18 行；合同号 AB24 563返单AB24224；抬头需方 宁波安宝国际贸易有限公司；日期凭证：抬头签约时间）【tools/ziliao/extract_price_seeds.mjs 自动抽取·历史成交价·待甲方核对】
安宝公司,"乙炔割嘴 1-101 #5
塑料盖贴：1-101 5",13.64,CNY,2024-06-22,,contract,来源文件：ziliao/安宝公司/A. SH  AIR - OXY 里卡多/合同/2024/AB24563 出口产品供需合同-奉化一洲.xls（工作表 订单 第 19 行；合同号 AB24 563返单AB24224；抬头需方 宁波安宝国际贸易有限公司；日期凭证：抬头签约时间）【tools/ziliao/extract_price_seeds.mjs 自动抽取·历史成交价·待甲方核对】
安宝公司,"乙炔割嘴 1-101 #6
塑料盖贴：1-101 6",13.64,CNY,2024-06-22,,contract,来源文件：ziliao/安宝公司/A. SH  AIR - OXY 里卡多/合同/2024/AB24563 出口产品供需合同-奉化一洲.xls（工作表 订单 第 20 行；合同号 AB24 563返单AB24224；抬头需方 宁波安宝国际贸易有限公司；日期凭证：抬头签约时间）【tools/ziliao/extract_price_seeds.mjs 自动抽取·历史成交价·待甲方核对】
安宝公司,PNME割嘴 229 #0 塑料盖贴：229-0,8.61,CNY,2024-06-22,,contract,"来源文件：ziliao/安宝公司/A. SH  AIR - OXY 里卡多/合同/2024/AB24563 出口产品供需合同-奉化一洲.xls（工作表 订单 第 28 行；合同号 AB24 563返单AB24224；抬头需方 宁波安宝国际贸易有限公司；日期凭证：抬头签约时间）；包装：PNME嘴外套刻字是229及型号，东西是PNME标贴是229
按返单AB23 1210【tools/ziliao/extract_price_seeds.mjs 自动抽取·历史成交价·待甲方核对】"
安宝公司,PNME割嘴 229 #1 塑料盖贴：229-1,8.61,CNY,2024-06-22,,contract,来源文件：ziliao/安宝公司/A. SH  AIR - OXY 里卡多/合同/2024/AB24563 出口产品供需合同-奉化一洲.xls（工作表 订单 第 29 行；合同号 AB24 563返单AB24224；抬头需方 宁波安宝国际贸易有限公司；日期凭证：抬头签约时间）【tools/ziliao/extract_price_seeds.mjs 自动抽取·历史成交价·待甲方核对】
安宝公司,PNME割嘴 229 #2 塑料盖贴：229-2,8.61,CNY,2024-06-22,,contract,来源文件：ziliao/安宝公司/A. SH  AIR - OXY 里卡多/合同/2024/AB24563 出口产品供需合同-奉化一洲.xls（工作表 订单 第 30 行；合同号 AB24 563返单AB24224；抬头需方 宁波安宝国际贸易有限公司；日期凭证：抬头签约时间）【tools/ziliao/extract_price_seeds.mjs 自动抽取·历史成交价·待甲方核对】
安宝公司,PNME割嘴 229 #3 塑料盖贴：229-3,8.61,CNY,2024-06-22,,contract,来源文件：ziliao/安宝公司/A. SH  AIR - OXY 里卡多/合同/2024/AB24563 出口产品供需合同-奉化一洲.xls（工作表 订单 第 31 行；合同号 AB24 563返单AB24224；抬头需方 宁波安宝国际贸易有限公司；日期凭证：抬头签约时间）【tools/ziliao/extract_price_seeds.mjs 自动抽取·历史成交价·待甲方核对】
安宝公司,PNME割嘴 229 #4 塑料盖贴：229-4,8.61,CNY,2024-06-22,,contract,来源文件：ziliao/安宝公司/A. SH  AIR - OXY 里卡多/合同/2024/AB24563 出口产品供需合同-奉化一洲.xls（工作表 订单 第 32 行；合同号 AB24 563返单AB24224；抬头需方 宁波安宝国际贸易有限公司；日期凭证：抬头签约时间）【tools/ziliao/extract_price_seeds.mjs 自动抽取·历史成交价·待甲方核对】
安宝公司,PNME割嘴 229 #6 塑料盖贴：229-6,8.61,CNY,2024-06-22,,contract,来源文件：ziliao/安宝公司/A. SH  AIR - OXY 里卡多/合同/2024/AB24563 出口产品供需合同-奉化一洲.xls（工作表 订单 第 33 行；合同号 AB24 563返单AB24224；抬头需方 宁波安宝国际贸易有限公司；日期凭证：抬头签约时间）【tools/ziliao/extract_price_seeds.mjs 自动抽取·历史成交价·待甲方核对】
安宝公司,KOIKE割嘴 106HC-1#  70克  分体式,7.56,CNY,2024-06-20,,contract,"来源文件：ziliao/安宝公司/HQF 41 6290NX/41, NX, 6290/106HC, NX/AB24557 出口产品供需合同-奉化一洲.xls（工作表 订单 第 7 行；合同号 AB24 557返单AB24076；抬头需方 宁波安宝国际贸易有限公司；日期凭证：抬头签约时间）；包装：彩卡要印MADE IN JAPAN+说明书

刻字内容：中性常规

包装：KOIKE+泡壳+说明书【tools/ziliao/extract_price_seeds.mjs 自动抽取·历史成交价·待甲方核对】"
安宝公司,KOIKE割嘴 106HC-3#  70克  分体式,7.56,CNY,2024-06-20,,contract,"来源文件：ziliao/安宝公司/HQF 41 6290NX/41, NX, 6290/106HC, NX/AB24557 出口产品供需合同-奉化一洲.xls（工作表 订单 第 8 行；合同号 AB24 557返单AB24076；抬头需方 宁波安宝国际贸易有限公司；日期凭证：抬头签约时间）【tools/ziliao/extract_price_seeds.mjs 自动抽取·历史成交价·待甲方核对】"
安宝公司,割嘴MC-12-2# 产品号码6004,15.40,CNY,2024-06-18,,contract,来源文件：ziliao/安宝公司/美国FRONNY/订单/2024/AB24530 出口产品供需合同-一洲PO62653.xls（工作表 订单 第 7 行；合同号 AB24 530返单AB24139；抬头需方 宁波安宝国际贸易有限公司；日期凭证：抬头签约时间）【tools/ziliao/extract_price_seeds.mjs 自动抽取·历史成交价·待甲方核对】
安宝公司,"丙烷割嘴 GPN-1 71g
货号：4193",9.45,CNY,2024-06-06,,contract,"来源文件：ziliao/安宝公司/INFAR不干胶/INFRA合同/2024/ab24499 出口产品供需合同-奉化一洲(1).xls（工作表 Sheet1 第 15 行；合同号 AB24 499返单AB24257；抬头需方 宁波安宝国际贸易有限公司；日期凭证：抬头签约时间）；包装：标贴尺寸：80x16mm
塑料盒盖用黑色【tools/ziliao/extract_price_seeds.mjs 自动抽取·历史成交价·待甲方核对】"
安宝公司,"丙烷割嘴 GPN-2 71g
货号：4194",9.45,CNY,2024-06-06,,contract,来源文件：ziliao/安宝公司/INFAR不干胶/INFRA合同/2024/ab24499 出口产品供需合同-奉化一洲(1).xls（工作表 Sheet1 第 16 行；合同号 AB24 499返单AB24257；抬头需方 宁波安宝国际贸易有限公司；日期凭证：抬头签约时间）【tools/ziliao/extract_price_seeds.mjs 自动抽取·历史成交价·待甲方核对】
安宝公司,"丙烷割嘴 GPN-3 71g
货号：4195",9.45,CNY,2024-06-06,,contract,来源文件：ziliao/安宝公司/INFAR不干胶/INFRA合同/2024/ab24499 出口产品供需合同-奉化一洲(1).xls（工作表 Sheet1 第 17 行；合同号 AB24 499返单AB24257；抬头需方 宁波安宝国际贸易有限公司；日期凭证：抬头签约时间）【tools/ziliao/extract_price_seeds.mjs 自动抽取·历史成交价·待甲方核对】
安宝公司,"乙炔割嘴1-101-2 82g
货号：4191",13.75,CNY,2024-06-06,,contract,"来源文件：ziliao/安宝公司/INFAR不干胶/INFRA合同/2024/ab24499 出口产品供需合同-奉化一洲(1).xls（工作表 Sheet1 第 14 行；合同号 AB24 499返单AB24257；抬头需方 宁波安宝国际贸易有限公司；日期凭证：抬头签约时间）；包装：标贴尺寸：80x16mm
塑料盒盖用红色【tools/ziliao/extract_price_seeds.mjs 自动抽取·历史成交价·待甲方核对】"
安宝公司,"HARRIS 丙烷割嘴6290-NX-1 53g
货号：4186",6.65,CNY,2024-06-06,,contract,"来源文件：ziliao/安宝公司/INFAR不干胶/INFRA合同/2024/ab24499 出口产品供需合同-奉化一洲(1).xls（工作表 Sheet1 第 11 行；合同号 AB24 499返单AB24257；抬头需方 宁波安宝国际贸易有限公司；日期凭证：抬头签约时间）；包装：标贴尺寸：80x16mm
塑料盒盖用黑色【tools/ziliao/extract_price_seeds.mjs 自动抽取·历史成交价·待甲方核对】"
安宝公司,"HARRIS 丙烷割嘴6290-NX-2 53g
货号：4187",6.65,CNY,2024-06-06,,contract,来源文件：ziliao/安宝公司/INFAR不干胶/INFRA合同/2024/ab24499 出口产品供需合同-奉化一洲(1).xls（工作表 Sheet1 第 12 行；合同号 AB24 499返单AB24257；抬头需方 宁波安宝国际贸易有限公司；日期凭证：抬头签约时间）【tools/ziliao/extract_price_seeds.mjs 自动抽取·历史成交价·待甲方核对】
安宝公司,"HARRIS 丙烷割嘴6290-NX-3 53g
货号：4188",6.65,CNY,2024-06-06,,contract,来源文件：ziliao/安宝公司/INFAR不干胶/INFRA合同/2024/ab24499 出口产品供需合同-奉化一洲(1).xls（工作表 Sheet1 第 13 行；合同号 AB24 499返单AB24257；抬头需方 宁波安宝国际贸易有限公司；日期凭证：抬头签约时间）【tools/ziliao/extract_price_seeds.mjs 自动抽取·历史成交价·待甲方核对】
安宝公司,"HARRIS 乙炔割嘴6290-2 55g
货号：4210",9.45,CNY,2024-06-06,,contract,"来源文件：ziliao/安宝公司/INFAR不干胶/INFRA合同/2024/ab24499 出口产品供需合同-奉化一洲(1).xls（工作表 Sheet1 第 18 行；合同号 AB24 499返单AB24257；抬头需方 宁波安宝国际贸易有限公司；日期凭证：抬头签约时间）；包装：标贴尺寸：80x16mm
塑料盒盖用红色【tools/ziliao/extract_price_seeds.mjs 自动抽取·历史成交价·待甲方核对】"
安宝公司,"HARRIS 乙炔割嘴6290-3 55g
货号：4027",10.15,CNY,2024-06-06,,contract,来源文件：ziliao/安宝公司/INFAR不干胶/INFRA合同/2024/ab24499 出口产品供需合同-奉化一洲(1).xls（工作表 Sheet1 第 19 行；合同号 AB24 499返单AB24257；抬头需方 宁波安宝国际贸易有限公司；日期凭证：抬头签约时间）【tools/ziliao/extract_price_seeds.mjs 自动抽取·历史成交价·待甲方核对】
安宝公司,"smith 丙烷割嘴 SC-50-A-0 93g
货号：4154",13.45,CNY,2024-06-06,,contract,"来源文件：ziliao/安宝公司/INFAR不干胶/INFRA合同/2024/ab24499 出口产品供需合同-奉化一洲(1).xls（工作表 Sheet1 第 7 行；合同号 AB24 499返单AB24257；抬头需方 宁波安宝国际贸易有限公司；日期凭证：抬头签约时间）；包装：标贴尺寸：80x16mm
塑料盒盖用黑色【tools/ziliao/extract_price_seeds.mjs 自动抽取·历史成交价·待甲方核对】"
安宝公司,"smith 丙烷割嘴 SC-50-A-1 93g
货号：4157",13.45,CNY,2024-06-06,,contract,来源文件：ziliao/安宝公司/INFAR不干胶/INFRA合同/2024/ab24499 出口产品供需合同-奉化一洲(1).xls（工作表 Sheet1 第 8 行；合同号 AB24 499返单AB24257；抬头需方 宁波安宝国际贸易有限公司；日期凭证：抬头签约时间）【tools/ziliao/extract_price_seeds.mjs 自动抽取·历史成交价·待甲方核对】
安宝公司,"smith 丙烷割嘴 SC-50-A-2 93g
货号：4158",13.45,CNY,2024-06-06,,contract,来源文件：ziliao/安宝公司/INFAR不干胶/INFRA合同/2024/ab24499 出口产品供需合同-奉化一洲(1).xls（工作表 Sheet1 第 9 行；合同号 AB24 499返单AB24257；抬头需方 宁波安宝国际贸易有限公司；日期凭证：抬头签约时间）【tools/ziliao/extract_price_seeds.mjs 自动抽取·历史成交价·待甲方核对】
安宝公司,"smith 丙烷割嘴 SC-50-A-3 93g
货号：4161",13.45,CNY,2024-06-06,,contract,来源文件：ziliao/安宝公司/INFAR不干胶/INFRA合同/2024/ab24499 出口产品供需合同-奉化一洲(1).xls（工作表 Sheet1 第 10 行；合同号 AB24 499返单AB24257；抬头需方 宁波安宝国际贸易有限公司；日期凭证：抬头签约时间）【tools/ziliao/extract_price_seeds.mjs 自动抽取·历史成交价·待甲方核对】
安宝公司,割嘴1-101 0# 产品号码6023,13.50,CNY,2024-06-05,,contract,来源文件：ziliao/安宝公司/美国FRONNY/订单/2024/AB24491 出口产品供需合同-一洲PO62589.xls（工作表 订单 第 7 行；合同号 AB24 491；抬头需方 宁波安宝国际贸易有限公司；日期凭证：抬头签约时间）【tools/ziliao/extract_price_seeds.mjs 自动抽取·历史成交价·待甲方核对】
安宝公司,割嘴1-101 1# 产品号码6024,12.98,CNY,2024-04-30,,contract,来源文件：ziliao/安宝公司/美国FRONNY/订单/2024/AB24378  出口产品供需合同-一洲PO62435.xls（工作表 订单 第 7 行；合同号 AB24 378；抬头需方 宁波安宝国际贸易有限公司；日期凭证：抬头签约时间）【tools/ziliao/extract_price_seeds.mjs 自动抽取·历史成交价·待甲方核对】
安宝公司,割嘴1-101 2# 产品号码6025,12.98,CNY,2024-04-30,,contract,来源文件：ziliao/安宝公司/美国FRONNY/订单/2024/AB24378  出口产品供需合同-一洲PO62435.xls（工作表 订单 第 8 行；合同号 AB24 378；抬头需方 宁波安宝国际贸易有限公司；日期凭证：抬头签约时间）【tools/ziliao/extract_price_seeds.mjs 自动抽取·历史成交价·待甲方核对】
安宝公司,割嘴1-101 3# 产品号码6026,12.98,CNY,2024-04-24,,contract,来源文件：ziliao/安宝公司/美国FRONNY/订单/2024/AB24357 出口产品供需合同-一洲PO62395.xls（工作表 订单 第 10 行；合同号 AB24 357；抬头需方 宁波安宝国际贸易有限公司；日期凭证：抬头签约时间）【tools/ziliao/extract_price_seeds.mjs 自动抽取·历史成交价·待甲方核对】
安宝公司,割嘴3-101 0# 产品号码6018,9.68,CNY,2024-04-24,,contract,来源文件：ziliao/安宝公司/美国FRONNY/订单/2024/AB24357 出口产品供需合同-一洲PO62395.xls（工作表 订单 第 8 行；合同号 AB24 357；抬头需方 宁波安宝国际贸易有限公司；日期凭证：抬头签约时间）【tools/ziliao/extract_price_seeds.mjs 自动抽取·历史成交价·待甲方核对】
安宝公司,割嘴3-101 00# 产品号码6017,9.68,CNY,2024-04-24,,contract,来源文件：ziliao/安宝公司/美国FRONNY/订单/2024/AB24357 出口产品供需合同-一洲PO62395.xls（工作表 订单 第 7 行；合同号 AB24 357；抬头需方 宁波安宝国际贸易有限公司；日期凭证：抬头签约时间）【tools/ziliao/extract_price_seeds.mjs 自动抽取·历史成交价·待甲方核对】
安宝公司,割嘴3-101 1# 产品号码6019,9.68,CNY,2024-04-24,,contract,来源文件：ziliao/安宝公司/美国FRONNY/订单/2024/AB24357 出口产品供需合同-一洲PO62395.xls（工作表 订单 第 9 行；合同号 AB24 357；抬头需方 宁波安宝国际贸易有限公司；日期凭证：抬头签约时间）【tools/ziliao/extract_price_seeds.mjs 自动抽取·历史成交价·待甲方核对】
安宝公司,"丙烷割嘴GPN  #8
80克左右 仿VICTOR

包装：塑料盒+VICTOR不干胶",9.20,CNY,2024-04-12,,contract,来源文件：ziliao/安宝公司/旧订单资料/SANTIAGO CASTANO  VICTOR GPN-8/ab24326 出口产品供需合同-一洲.xls（工作表 Sheet1 第 7 行；合同号 AB24 326返单AB22094；抬头需方 宁波安宝国际贸易有限公司；日期凭证：抬头签约时间）【tools/ziliao/extract_price_seeds.mjs 自动抽取·历史成交价·待甲方核对】
安宝公司,2-GPN,8.80,CNY,2024-04-09,,contract,"来源文件：ziliao/安宝公司/B.S.A. 6290NX,6290,1-101,GPN/AB24310 出口产品供需合同-一洲.xls（工作表 Sheet1 第 10 行；合同号 AB24 310返单AB23568；抬头需方 宁波安宝国际贸易有限公司；日期凭证：抬头签约时间）【tools/ziliao/extract_price_seeds.mjs 自动抽取·历史成交价·待甲方核对】"
安宝公司,6290-NX-1割嘴,6.20,CNY,2024-04-09,,contract,"来源文件：ziliao/安宝公司/B.S.A. 6290NX,6290,1-101,GPN/AB24310 出口产品供需合同-一洲.xls（工作表 Sheet1 第 7 行；合同号 AB24 310返单AB23568；抬头需方 宁波安宝国际贸易有限公司；日期凭证：抬头签约时间）【tools/ziliao/extract_price_seeds.mjs 自动抽取·历史成交价·待甲方核对】"
安宝公司,6290-NX-2割嘴,6.20,CNY,2024-04-09,,contract,"来源文件：ziliao/安宝公司/B.S.A. 6290NX,6290,1-101,GPN/AB24310 出口产品供需合同-一洲.xls（工作表 Sheet1 第 8 行；合同号 AB24 310返单AB23568；抬头需方 宁波安宝国际贸易有限公司；日期凭证：抬头签约时间）【tools/ziliao/extract_price_seeds.mjs 自动抽取·历史成交价·待甲方核对】"
安宝公司,6290-NX-3割嘴,6.20,CNY,2024-04-09,,contract,"来源文件：ziliao/安宝公司/B.S.A. 6290NX,6290,1-101,GPN/AB24310 出口产品供需合同-一洲.xls（工作表 Sheet1 第 9 行；合同号 AB24 310返单AB23568；抬头需方 宁波安宝国际贸易有限公司；日期凭证：抬头签约时间）【tools/ziliao/extract_price_seeds.mjs 自动抽取·历史成交价·待甲方核对】"
安宝公司,割嘴1-101-2,12.40,CNY,2024-04-09,,contract,"来源文件：ziliao/安宝公司/B.S.A. 6290NX,6290,1-101,GPN/AB24310 出口产品供需合同-一洲.xls（工作表 Sheet1 第 11 行；合同号 AB24 310返单AB23568；抬头需方 宁波安宝国际贸易有限公司；日期凭证：抬头签约时间）【tools/ziliao/extract_price_seeds.mjs 自动抽取·历史成交价·待甲方核对】"
安宝公司,割嘴3-3-GPN,7.80,CNY,2024-04-09,,contract,"来源文件：ziliao/安宝公司/B.S.A. 6290NX,6290,1-101,GPN/AB24310 出口产品供需合同-一洲.xls（工作表 Sheet1 第 13 行；合同号 AB24 310返单AB23568；抬头需方 宁波安宝国际贸易有限公司；日期凭证：抬头签约时间）【tools/ziliao/extract_price_seeds.mjs 自动抽取·历史成交价·待甲方核对】"
安宝公司,割嘴6290-2,8.80,CNY,2024-04-09,,contract,"来源文件：ziliao/安宝公司/B.S.A. 6290NX,6290,1-101,GPN/AB24310 出口产品供需合同-一洲.xls（工作表 Sheet1 第 12 行；合同号 AB24 310返单AB23568；抬头需方 宁波安宝国际贸易有限公司；日期凭证：抬头签约时间）【tools/ziliao/extract_price_seeds.mjs 自动抽取·历史成交价·待甲方核对】"
安宝公司,乙炔割嘴 1-101 1#,12.40,CNY,2024-04-09,,contract,"来源文件：ziliao/安宝公司/B.S.A. 6290NX,6290,1-101,GPN/AB24310 出口产品供需合同-一洲.xls（工作表 Sheet1 第 14 行；合同号 AB24 310返单AB23568；抬头需方 宁波安宝国际贸易有限公司；日期凭证：抬头签约时间）【tools/ziliao/extract_price_seeds.mjs 自动抽取·历史成交价·待甲方核对】"
安宝公司,割嘴 6290-NFF Nº1,6.20,CNY,2024-04-08,,contract,"来源文件：ziliao/安宝公司/常规1-101,GPN 6290NX,G1-P,NFF/AB24301 出口产品供需合同-奉化一洲.xls（工作表 订单 第 9 行；合同号 AB24 301返单AB22104；抬头需方 宁波安宝国际贸易有限公司；日期凭证：抬头签约时间）【tools/ziliao/extract_price_seeds.mjs 自动抽取·历史成交价·待甲方核对】"
安宝公司,割嘴 6290-NFF Nº2,6.20,CNY,2024-04-08,,contract,"来源文件：ziliao/安宝公司/常规1-101,GPN 6290NX,G1-P,NFF/AB24301 出口产品供需合同-奉化一洲.xls（工作表 订单 第 10 行；合同号 AB24 301返单AB22104；抬头需方 宁波安宝国际贸易有限公司；日期凭证：抬头签约时间）【tools/ziliao/extract_price_seeds.mjs 自动抽取·历史成交价·待甲方核对】"
安宝公司,"割嘴 G1-P 12/10""",9.00,CNY,2024-04-08,,contract,"来源文件：ziliao/安宝公司/常规1-101,GPN 6290NX,G1-P,NFF/AB24301 出口产品供需合同-奉化一洲.xls（工作表 订单 第 7 行；合同号 AB24 301返单AB22104；抬头需方 宁波安宝国际贸易有限公司；日期凭证：抬头签约时间）【tools/ziliao/extract_price_seeds.mjs 自动抽取·历史成交价·待甲方核对】"
安宝公司,"割嘴 G1-P 16/10""",9.00,CNY,2024-04-08,,contract,"来源文件：ziliao/安宝公司/常规1-101,GPN 6290NX,G1-P,NFF/AB24301 出口产品供需合同-奉化一洲.xls（工作表 订单 第 8 行；合同号 AB24 301返单AB22104；抬头需方 宁波安宝国际贸易有限公司；日期凭证：抬头签约时间）【tools/ziliao/extract_price_seeds.mjs 自动抽取·历史成交价·待甲方核对】"
安宝公司,"丙烷割嘴 GPN-1 71g
货号：4193",9.05,CNY,2024-03-29,,contract,"来源文件：ziliao/安宝公司/INFAR不干胶/INFRA合同/2024/ab24257 出口产品供需合同-奉化一洲(1).xls（工作表 Sheet1 第 18 行；合同号 AB24 257返单AB231086；抬头需方 宁波安宝国际贸易有限公司；日期凭证：抬头签约时间）；包装：标贴尺寸：80x16mm
塑料盒盖用黑色【tools/ziliao/extract_price_seeds.mjs 自动抽取·历史成交价·待甲方核对】"
安宝公司,"丙烷割嘴 GPN-2 71g
货号：4194",9.05,CNY,2024-03-29,,contract,来源文件：ziliao/安宝公司/INFAR不干胶/INFRA合同/2024/ab24257 出口产品供需合同-奉化一洲(1).xls（工作表 Sheet1 第 19 行；合同号 AB24 257返单AB231086；抬头需方 宁波安宝国际贸易有限公司；日期凭证：抬头签约时间）【tools/ziliao/extract_price_seeds.mjs 自动抽取·历史成交价·待甲方核对】
安宝公司,"乙炔割嘴1-101-2 82g
货号：4191",12.55,CNY,2024-03-29,,contract,"来源文件：ziliao/安宝公司/INFAR不干胶/INFRA合同/2024/ab24257 出口产品供需合同-奉化一洲(1).xls（工作表 Sheet1 第 16 行；合同号 AB24 257返单AB231086；抬头需方 宁波安宝国际贸易有限公司；日期凭证：抬头签约时间）；包装：标贴尺寸：80x16mm
塑料盒盖用红色【tools/ziliao/extract_price_seeds.mjs 自动抽取·历史成交价·待甲方核对】"
安宝公司,"乙炔割嘴1-101-3 82g
货号：4192",12.55,CNY,2024-03-29,,contract,来源文件：ziliao/安宝公司/INFAR不干胶/INFRA合同/2024/ab24257 出口产品供需合同-奉化一洲(1).xls（工作表 Sheet1 第 17 行；合同号 AB24 257返单AB231086；抬头需方 宁波安宝国际贸易有限公司；日期凭证：抬头签约时间）【tools/ziliao/extract_price_seeds.mjs 自动抽取·历史成交价·待甲方核对】
安宝公司,"HARRIS 丙烷割嘴6290-NX-0 53g
货号：4184",6.35,CNY,2024-03-29,,contract,"来源文件：ziliao/安宝公司/INFAR不干胶/INFRA合同/2024/ab24257 出口产品供需合同-奉化一洲(1).xls（工作表 Sheet1 第 12 行；合同号 AB24 257返单AB231086；抬头需方 宁波安宝国际贸易有限公司；日期凭证：抬头签约时间）；包装：标贴尺寸：80x16mm
塑料盒盖用黑色【tools/ziliao/extract_price_seeds.mjs 自动抽取·历史成交价·待甲方核对】"
安宝公司,"HARRIS 丙烷割嘴6290-NX-1 53g
货号：4186",6.35,CNY,2024-03-29,,contract,来源文件：ziliao/安宝公司/INFAR不干胶/INFRA合同/2024/ab24257 出口产品供需合同-奉化一洲(1).xls（工作表 Sheet1 第 13 行；合同号 AB24 257返单AB231086；抬头需方 宁波安宝国际贸易有限公司；日期凭证：抬头签约时间）【tools/ziliao/extract_price_seeds.mjs 自动抽取·历史成交价·待甲方核对】
安宝公司,"HARRIS 丙烷割嘴6290-NX-2 53g
货号：4187",6.35,CNY,2024-03-29,,contract,来源文件：ziliao/安宝公司/INFAR不干胶/INFRA合同/2024/ab24257 出口产品供需合同-奉化一洲(1).xls（工作表 Sheet1 第 14 行；合同号 AB24 257返单AB231086；抬头需方 宁波安宝国际贸易有限公司；日期凭证：抬头签约时间）【tools/ziliao/extract_price_seeds.mjs 自动抽取·历史成交价·待甲方核对】
安宝公司,"HARRIS 丙烷割嘴6290-NX-3 53g
货号：4188",6.35,CNY,2024-03-29,,contract,来源文件：ziliao/安宝公司/INFAR不干胶/INFRA合同/2024/ab24257 出口产品供需合同-奉化一洲(1).xls（工作表 Sheet1 第 15 行；合同号 AB24 257返单AB231086；抬头需方 宁波安宝国际贸易有限公司；日期凭证：抬头签约时间）【tools/ziliao/extract_price_seeds.mjs 自动抽取·历史成交价·待甲方核对】
安宝公司,"HARRIS 乙炔割嘴6290-1 55g
货号：4208",9.25,CNY,2024-03-29,,contract,"来源文件：ziliao/安宝公司/INFAR不干胶/INFRA合同/2024/ab24257 出口产品供需合同-奉化一洲(1).xls（工作表 Sheet1 第 20 行；合同号 AB24 257返单AB231086；抬头需方 宁波安宝国际贸易有限公司；日期凭证：抬头签约时间）；包装：标贴尺寸：80x16mm
塑料盒盖用红色【tools/ziliao/extract_price_seeds.mjs 自动抽取·历史成交价·待甲方核对】"
安宝公司,"HARRIS 乙炔割嘴6290-2 55g
货号：4210",9.25,CNY,2024-03-29,,contract,来源文件：ziliao/安宝公司/INFAR不干胶/INFRA合同/2024/ab24257 出口产品供需合同-奉化一洲(1).xls（工作表 Sheet1 第 21 行；合同号 AB24 257返单AB231086；抬头需方 宁波安宝国际贸易有限公司；日期凭证：抬头签约时间）【tools/ziliao/extract_price_seeds.mjs 自动抽取·历史成交价·待甲方核对】
安宝公司,"HARRIS 乙炔割嘴6290-3 55g
货号：4027",9.25,CNY,2024-03-29,,contract,来源文件：ziliao/安宝公司/INFAR不干胶/INFRA合同/2024/ab24257 出口产品供需合同-奉化一洲(1).xls（工作表 Sheet1 第 22 行；合同号 AB24 257返单AB231086；抬头需方 宁波安宝国际贸易有限公司；日期凭证：抬头签约时间）【tools/ziliao/extract_price_seeds.mjs 自动抽取·历史成交价·待甲方核对】
安宝公司,"smith 丙烷割嘴 SC-50-A-0 93g
货号：4154",12.85,CNY,2024-03-29,,contract,"来源文件：ziliao/安宝公司/INFAR不干胶/INFRA合同/2024/ab24257 出口产品供需合同-奉化一洲(1).xls（工作表 Sheet1 第 7 行；合同号 AB24 257返单AB231086；抬头需方 宁波安宝国际贸易有限公司；日期凭证：抬头签约时间）；包装：标贴尺寸：80x16mm
塑料盒盖用黑色【tools/ziliao/extract_price_seeds.mjs 自动抽取·历史成交价·待甲方核对】"
安宝公司,"smith 丙烷割嘴 SC-50-A-1 93g
货号：4157",12.85,CNY,2024-03-29,,contract,来源文件：ziliao/安宝公司/INFAR不干胶/INFRA合同/2024/ab24257 出口产品供需合同-奉化一洲(1).xls（工作表 Sheet1 第 8 行；合同号 AB24 257返单AB231086；抬头需方 宁波安宝国际贸易有限公司；日期凭证：抬头签约时间）【tools/ziliao/extract_price_seeds.mjs 自动抽取·历史成交价·待甲方核对】
安宝公司,"smith 丙烷割嘴 SC-50-A-2 93g
货号：4158",12.85,CNY,2024-03-29,,contract,来源文件：ziliao/安宝公司/INFAR不干胶/INFRA合同/2024/ab24257 出口产品供需合同-奉化一洲(1).xls（工作表 Sheet1 第 9 行；合同号 AB24 257返单AB231086；抬头需方 宁波安宝国际贸易有限公司；日期凭证：抬头签约时间）【tools/ziliao/extract_price_seeds.mjs 自动抽取·历史成交价·待甲方核对】
安宝公司,"smith 丙烷割嘴 SC-50-A-3 93g
货号：4161",12.85,CNY,2024-03-29,,contract,来源文件：ziliao/安宝公司/INFAR不干胶/INFRA合同/2024/ab24257 出口产品供需合同-奉化一洲(1).xls（工作表 Sheet1 第 10 行；合同号 AB24 257返单AB231086；抬头需方 宁波安宝国际贸易有限公司；日期凭证：抬头签约时间）【tools/ziliao/extract_price_seeds.mjs 自动抽取·历史成交价·待甲方核对】
安宝公司,"smith 丙烷割嘴 SC-50-A-4 93g
货号：4162",12.85,CNY,2024-03-29,,contract,来源文件：ziliao/安宝公司/INFAR不干胶/INFRA合同/2024/ab24257 出口产品供需合同-奉化一洲(1).xls（工作表 Sheet1 第 11 行；合同号 AB24 257返单AB231086；抬头需方 宁波安宝国际贸易有限公司；日期凭证：抬头签约时间）【tools/ziliao/extract_price_seeds.mjs 自动抽取·历史成交价·待甲方核对】
安宝公司,WS10110乙炔割嘴 101-1-0,12.30,CNY,2024-03-28,,contract,"来源文件：ziliao/安宝公司/Weldsolutions不干胶/合同/2024/AB24253 出口产品供需合同-奉化一洲.xls（工作表 Sheet2 第 12 行；合同号 AB24 253返单AB231061；抬头需方 宁波安宝国际贸易有限公司；日期凭证：抬头签约时间）；包装：标贴尺寸：80x16mm
塑料盒盖用 红色【tools/ziliao/extract_price_seeds.mjs 自动抽取·历史成交价·待甲方核对】"
安宝公司,WS10111乙炔割嘴 101-1-1,12.30,CNY,2024-03-28,,contract,来源文件：ziliao/安宝公司/Weldsolutions不干胶/合同/2024/AB24253 出口产品供需合同-奉化一洲.xls（工作表 Sheet2 第 13 行；合同号 AB24 253返单AB231061；抬头需方 宁波安宝国际贸易有限公司；日期凭证：抬头签约时间）【tools/ziliao/extract_price_seeds.mjs 自动抽取·历史成交价·待甲方核对】
安宝公司,WS10112乙炔割嘴 101-1-2,12.30,CNY,2024-03-28,,contract,来源文件：ziliao/安宝公司/Weldsolutions不干胶/合同/2024/AB24253 出口产品供需合同-奉化一洲.xls（工作表 Sheet2 第 14 行；合同号 AB24 253返单AB231061；抬头需方 宁波安宝国际贸易有限公司；日期凭证：抬头签约时间）【tools/ziliao/extract_price_seeds.mjs 自动抽取·历史成交价·待甲方核对】
安宝公司,WS62900乙炔割嘴 6290-0,9.00,CNY,2024-03-28,,contract,"来源文件：ziliao/安宝公司/Weldsolutions不干胶/合同/2024/AB24253 出口产品供需合同-奉化一洲.xls（工作表 Sheet2 第 7 行；合同号 AB24 253返单AB231061；抬头需方 宁波安宝国际贸易有限公司；日期凭证：抬头签约时间）；包装：标贴尺寸：80x16mm
塑料盒盖用 红色【tools/ziliao/extract_price_seeds.mjs 自动抽取·历史成交价·待甲方核对】"
安宝公司,WS62901乙炔割嘴 6290-1,9.00,CNY,2024-03-28,,contract,来源文件：ziliao/安宝公司/Weldsolutions不干胶/合同/2024/AB24253 出口产品供需合同-奉化一洲.xls（工作表 Sheet2 第 8 行；合同号 AB24 253返单AB231061；抬头需方 宁波安宝国际贸易有限公司；日期凭证：抬头签约时间）【tools/ziliao/extract_price_seeds.mjs 自动抽取·历史成交价·待甲方核对】
安宝公司,WS62902乙炔割嘴 6290-2,9.00,CNY,2024-03-28,,contract,来源文件：ziliao/安宝公司/Weldsolutions不干胶/合同/2024/AB24253 出口产品供需合同-奉化一洲.xls（工作表 Sheet2 第 9 行；合同号 AB24 253返单AB231061；抬头需方 宁波安宝国际贸易有限公司；日期凭证：抬头签约时间）【tools/ziliao/extract_price_seeds.mjs 自动抽取·历史成交价·待甲方核对】
安宝公司,WS62903乙炔割嘴 6290-3,9.00,CNY,2024-03-28,,contract,来源文件：ziliao/安宝公司/Weldsolutions不干胶/合同/2024/AB24253 出口产品供需合同-奉化一洲.xls（工作表 Sheet2 第 10 行；合同号 AB24 253返单AB231061；抬头需方 宁波安宝国际贸易有限公司；日期凭证：抬头签约时间）【tools/ziliao/extract_price_seeds.mjs 自动抽取·历史成交价·待甲方核对】
安宝公司,WS62904乙炔割嘴 6290-4,9.00,CNY,2024-03-28,,contract,来源文件：ziliao/安宝公司/Weldsolutions不干胶/合同/2024/AB24253 出口产品供需合同-奉化一洲.xls（工作表 Sheet2 第 11 行；合同号 AB24 253返单AB231061；抬头需方 宁波安宝国际贸易有限公司；日期凭证：抬头签约时间）【tools/ziliao/extract_price_seeds.mjs 自动抽取·历史成交价·待甲方核对】
安宝公司,WS6290NX0丙烷割嘴 6290-NX-0,6.10,CNY,2024-03-28,,contract,"来源文件：ziliao/安宝公司/Weldsolutions不干胶/合同/2024/AB24253 出口产品供需合同-奉化一洲.xls（工作表 Sheet2 第 15 行；合同号 AB24 253返单AB231061；抬头需方 宁波安宝国际贸易有限公司；日期凭证：抬头签约时间）；包装：标贴尺寸：80x16mm
塑料盒盖用 深蓝色【tools/ziliao/extract_price_seeds.mjs 自动抽取·历史成交价·待甲方核对】"
安宝公司,WS6290NX1丙烷割嘴 6290-NX-1,6.10,CNY,2024-03-28,,contract,来源文件：ziliao/安宝公司/Weldsolutions不干胶/合同/2024/AB24253 出口产品供需合同-奉化一洲.xls（工作表 Sheet2 第 16 行；合同号 AB24 253返单AB231061；抬头需方 宁波安宝国际贸易有限公司；日期凭证：抬头签约时间）【tools/ziliao/extract_price_seeds.mjs 自动抽取·历史成交价·待甲方核对】
安宝公司,WS6290NX2丙烷割嘴 6290-NX-2,6.10,CNY,2024-03-28,,contract,来源文件：ziliao/安宝公司/Weldsolutions不干胶/合同/2024/AB24253 出口产品供需合同-奉化一洲.xls（工作表 Sheet2 第 17 行；合同号 AB24 253返单AB231061；抬头需方 宁波安宝国际贸易有限公司；日期凭证：抬头签约时间）【tools/ziliao/extract_price_seeds.mjs 自动抽取·历史成交价·待甲方核对】
安宝公司,WS6290NX3丙烷割嘴 6290-NX-3,6.10,CNY,2024-03-28,,contract,来源文件：ziliao/安宝公司/Weldsolutions不干胶/合同/2024/AB24253 出口产品供需合同-奉化一洲.xls（工作表 Sheet2 第 18 行；合同号 AB24 253返单AB231061；抬头需方 宁波安宝国际贸易有限公司；日期凭证：抬头签约时间）【tools/ziliao/extract_price_seeds.mjs 自动抽取·历史成交价·待甲方核对】
安宝公司,WS6290NX4丙烷割嘴 6290-NX-4,6.10,CNY,2024-03-28,,contract,来源文件：ziliao/安宝公司/Weldsolutions不干胶/合同/2024/AB24253 出口产品供需合同-奉化一洲.xls（工作表 Sheet2 第 19 行；合同号 AB24 253返单AB231061；抬头需方 宁波安宝国际贸易有限公司；日期凭证：抬头签约时间）【tools/ziliao/extract_price_seeds.mjs 自动抽取·历史成交价·待甲方核对】
安宝公司,WSGPN0丙烷割嘴 GPN-0,8.80,CNY,2024-03-28,,contract,"来源文件：ziliao/安宝公司/Weldsolutions不干胶/合同/2024/AB24253 出口产品供需合同-奉化一洲.xls（工作表 Sheet2 第 24 行；合同号 AB24 253返单AB231061；抬头需方 宁波安宝国际贸易有限公司；日期凭证：抬头签约时间）；包装：标贴尺寸：80x16mm
塑料盒盖用深蓝色【tools/ziliao/extract_price_seeds.mjs 自动抽取·历史成交价·待甲方核对】"
安宝公司,WSGPN1丙烷割嘴 GPN-1,8.80,CNY,2024-03-28,,contract,来源文件：ziliao/安宝公司/Weldsolutions不干胶/合同/2024/AB24253 出口产品供需合同-奉化一洲.xls（工作表 Sheet2 第 25 行；合同号 AB24 253返单AB231061；抬头需方 宁波安宝国际贸易有限公司；日期凭证：抬头签约时间）【tools/ziliao/extract_price_seeds.mjs 自动抽取·历史成交价·待甲方核对】
安宝公司,WSGPN2丙烷割嘴 GPN-2,8.80,CNY,2024-03-28,,contract,来源文件：ziliao/安宝公司/Weldsolutions不干胶/合同/2024/AB24253 出口产品供需合同-奉化一洲.xls（工作表 Sheet2 第 26 行；合同号 AB24 253返单AB231061；抬头需方 宁波安宝国际贸易有限公司；日期凭证：抬头签约时间）【tools/ziliao/extract_price_seeds.mjs 自动抽取·历史成交价·待甲方核对】
安宝公司,WSGPN3丙烷割嘴 GPN-3,8.80,CNY,2024-03-28,,contract,来源文件：ziliao/安宝公司/Weldsolutions不干胶/合同/2024/AB24253 出口产品供需合同-奉化一洲.xls（工作表 Sheet2 第 27 行；合同号 AB24 253返单AB231061；抬头需方 宁波安宝国际贸易有限公司；日期凭证：抬头签约时间）【tools/ziliao/extract_price_seeds.mjs 自动抽取·历史成交价·待甲方核对】
安宝公司,WSSC500丙烷割嘴 SC-50-0,12.60,CNY,2024-03-28,,contract,"来源文件：ziliao/安宝公司/Weldsolutions不干胶/合同/2024/AB24253 出口产品供需合同-奉化一洲.xls（工作表 Sheet2 第 20 行；合同号 AB24 253返单AB231061；抬头需方 宁波安宝国际贸易有限公司；日期凭证：抬头签约时间）；包装：标贴尺寸：80x16mm
塑料盒盖用深蓝色【tools/ziliao/extract_price_seeds.mjs 自动抽取·历史成交价·待甲方核对】"
安宝公司,WSSC501丙烷割嘴 SC-50-1,12.60,CNY,2024-03-28,,contract,来源文件：ziliao/安宝公司/Weldsolutions不干胶/合同/2024/AB24253 出口产品供需合同-奉化一洲.xls（工作表 Sheet2 第 21 行；合同号 AB24 253返单AB231061；抬头需方 宁波安宝国际贸易有限公司；日期凭证：抬头签约时间）【tools/ziliao/extract_price_seeds.mjs 自动抽取·历史成交价·待甲方核对】
安宝公司,WSSC502丙烷割嘴 SC-50-2,12.60,CNY,2024-03-28,,contract,来源文件：ziliao/安宝公司/Weldsolutions不干胶/合同/2024/AB24253 出口产品供需合同-奉化一洲.xls（工作表 Sheet2 第 22 行；合同号 AB24 253返单AB231061；抬头需方 宁波安宝国际贸易有限公司；日期凭证：抬头签约时间）【tools/ziliao/extract_price_seeds.mjs 自动抽取·历史成交价·待甲方核对】
安宝公司,WSSC503丙烷割嘴 SC-50-3,12.60,CNY,2024-03-28,,contract,来源文件：ziliao/安宝公司/Weldsolutions不干胶/合同/2024/AB24253 出口产品供需合同-奉化一洲.xls（工作表 Sheet2 第 23 行；合同号 AB24 253返单AB231061；抬头需方 宁波安宝国际贸易有限公司；日期凭证：抬头签约时间）【tools/ziliao/extract_price_seeds.mjs 自动抽取·历史成交价·待甲方核对】
安宝公司,KOIKE割嘴 106HC-1#  70克  分体式,7.20,CNY,2024-03-13,,contract,"来源文件：ziliao/安宝公司/HQF 41 6290NX/41, NX, 6290/106HC, NX/ab24166 出口产品供需合同-奉化一洲.xls（工作表 订单 第 7 行；合同号 AB24 166返单AB24076；抬头需方 宁波安宝国际贸易有限公司；日期凭证：抬头签约时间）【tools/ziliao/extract_price_seeds.mjs 自动抽取·历史成交价·待甲方核对】"
安宝公司,KOIKE割嘴 106HC-3#  70克  分体式,7.20,CNY,2024-03-13,,contract,"来源文件：ziliao/安宝公司/HQF 41 6290NX/41, NX, 6290/106HC, NX/ab24166 出口产品供需合同-奉化一洲.xls（工作表 订单 第 8 行；合同号 AB24 166返单AB24076；抬头需方 宁波安宝国际贸易有限公司；日期凭证：抬头签约时间）【tools/ziliao/extract_price_seeds.mjs 自动抽取·历史成交价·待甲方核对】"
安宝公司,"victor 丙烷割嘴 GPN－00#
刻字：内嘴上00-GPN
外嘴上VICTOR 00-GPN

包装：VICTOR塑料盒+不干胶",8.50,CNY,2024-03-13,,contract,"来源文件：ziliao/安宝公司/VICTOR+BAYO/订单/ab24169 出口产品供需合同-奉化一洲.xls（工作表 Sheet1 第 7 行；合同号 AB24 169返单AB22 466；抬头需方 宁波安宝国际贸易有限公司；日期凭证：抬头签约时间）；包装：1、包装要求：victor塑料盒+不干胶如下图所示




2、刻字要求：
一定要对应型号！！如下图【tools/ziliao/extract_price_seeds.mjs 自动抽取·历史成交价·待甲方核对】"
安宝公司,"victor 丙烷割嘴 GPN－7#
刻字：内嘴上7-GPN
外嘴上VICTOR 7-GPN

包装：VICTOR塑料盒+不干胶",8.50,CNY,2024-03-13,,contract,来源文件：ziliao/安宝公司/VICTOR+BAYO/订单/ab24169 出口产品供需合同-奉化一洲.xls（工作表 Sheet1 第 8 行；合同号 AB24 169返单AB22 466；抬头需方 宁波安宝国际贸易有限公司；日期凭证：抬头签约时间）【tools/ziliao/extract_price_seeds.mjs 自动抽取·历史成交价·待甲方核对】
安宝公司,"victor 丙烷割嘴 GPN－8#
刻字：内嘴上8-GPN
外嘴上VICTOR 8-GPN

包装：VICTOR塑料盒+不干胶",8.50,CNY,2024-03-13,,contract,来源文件：ziliao/安宝公司/VICTOR+BAYO/订单/ab24169 出口产品供需合同-奉化一洲.xls（工作表 Sheet1 第 9 行；合同号 AB24 169返单AB22 466；抬头需方 宁波安宝国际贸易有限公司；日期凭证：抬头签约时间）【tools/ziliao/extract_price_seeds.mjs 自动抽取·历史成交价·待甲方核对】
安宝公司,"victor 乙炔割嘴 101-8#
刻字：VICTOR 8-1-101

包装：VICTOR塑料盒+不干胶",11.80,CNY,2024-03-13,,contract,"来源文件：ziliao/安宝公司/VICTOR+BAYO/订单/ab24169 出口产品供需合同-奉化一洲.xls（工作表 Sheet1 第 10 行；合同号 AB24 169返单AB22 466；抬头需方 宁波安宝国际贸易有限公司；日期凭证：抬头签约时间）；包装：1、包装要求：victor塑料盒+不干胶
2、刻字要求：一定要对应型号！！【tools/ziliao/extract_price_seeds.mjs 自动抽取·历史成交价·待甲方核对】"
安宝公司,"1502乙炔割嘴 #10
包装：塑料盒贴型号",12.80,CNY,2024-03-12,,contract,"来源文件：ziliao/安宝公司/Technical Welding 1502,1503/订单/ab24159 出口产品供需合同-奉化一洲.xls（工作表 订单 第 10 行；合同号 AB24 159返单AB231108；抬头需方 宁波安宝国际贸易有限公司；日期凭证：抬头签约时间）【tools/ziliao/extract_price_seeds.mjs 自动抽取·历史成交价·待甲方核对】"
安宝公司,"1502乙炔割嘴 #12
包装：塑料盒贴型号",12.80,CNY,2024-03-12,,contract,"来源文件：ziliao/安宝公司/Technical Welding 1502,1503/订单/ab24159 出口产品供需合同-奉化一洲.xls（工作表 订单 第 11 行；合同号 AB24 159返单AB231108；抬头需方 宁波安宝国际贸易有限公司；日期凭证：抬头签约时间）【tools/ziliao/extract_price_seeds.mjs 自动抽取·历史成交价·待甲方核对】"
安宝公司,"1502乙炔割嘴 #4
包装：塑料盒贴型号",12.80,CNY,2024-03-12,,contract,"来源文件：ziliao/安宝公司/Technical Welding 1502,1503/订单/ab24159 出口产品供需合同-奉化一洲.xls（工作表 订单 第 7 行；合同号 AB24 159返单AB231108；抬头需方 宁波安宝国际贸易有限公司；日期凭证：抬头签约时间）【tools/ziliao/extract_price_seeds.mjs 自动抽取·历史成交价·待甲方核对】"
安宝公司,"1502乙炔割嘴 #6
包装：塑料盒贴型号",12.80,CNY,2024-03-12,,contract,"来源文件：ziliao/安宝公司/Technical Welding 1502,1503/订单/ab24159 出口产品供需合同-奉化一洲.xls（工作表 订单 第 8 行；合同号 AB24 159返单AB231108；抬头需方 宁波安宝国际贸易有限公司；日期凭证：抬头签约时间）【tools/ziliao/extract_price_seeds.mjs 自动抽取·历史成交价·待甲方核对】"
安宝公司,"1502乙炔割嘴 #8
包装：塑料盒贴型号",12.80,CNY,2024-03-12,,contract,"来源文件：ziliao/安宝公司/Technical Welding 1502,1503/订单/ab24159 出口产品供需合同-奉化一洲.xls（工作表 订单 第 9 行；合同号 AB24 159返单AB231108；抬头需方 宁波安宝国际贸易有限公司；日期凭证：抬头签约时间）【tools/ziliao/extract_price_seeds.mjs 自动抽取·历史成交价·待甲方核对】"
安宝公司,"1503丙烷割嘴 #10
包装：塑料盒贴型号",8.70,CNY,2024-03-12,,contract,"来源文件：ziliao/安宝公司/Technical Welding 1502,1503/订单/ab24159 出口产品供需合同-奉化一洲.xls（工作表 订单 第 14 行；合同号 AB24 159返单AB231108；抬头需方 宁波安宝国际贸易有限公司；日期凭证：抬头签约时间）【tools/ziliao/extract_price_seeds.mjs 自动抽取·历史成交价·待甲方核对】"
安宝公司,"1503丙烷割嘴 #12
包装：塑料盒贴型号",8.70,CNY,2024-03-12,,contract,"来源文件：ziliao/安宝公司/Technical Welding 1502,1503/订单/ab24159 出口产品供需合同-奉化一洲.xls（工作表 订单 第 15 行；合同号 AB24 159返单AB231108；抬头需方 宁波安宝国际贸易有限公司；日期凭证：抬头签约时间）【tools/ziliao/extract_price_seeds.mjs 自动抽取·历史成交价·待甲方核对】"
安宝公司,"1503丙烷割嘴 #6
包装：塑料盒贴型号",8.70,CNY,2024-03-12,,contract,"来源文件：ziliao/安宝公司/Technical Welding 1502,1503/订单/ab24159 出口产品供需合同-奉化一洲.xls（工作表 订单 第 12 行；合同号 AB24 159返单AB231108；抬头需方 宁波安宝国际贸易有限公司；日期凭证：抬头签约时间）【tools/ziliao/extract_price_seeds.mjs 自动抽取·历史成交价·待甲方核对】"
安宝公司,"1503丙烷割嘴 #8
包装：塑料盒贴型号",8.70,CNY,2024-03-12,,contract,"来源文件：ziliao/安宝公司/Technical Welding 1502,1503/订单/ab24159 出口产品供需合同-奉化一洲.xls（工作表 订单 第 13 行；合同号 AB24 159返单AB231108；抬头需方 宁波安宝国际贸易有限公司；日期凭证：抬头签约时间）【tools/ziliao/extract_price_seeds.mjs 自动抽取·历史成交价·待甲方核对】"
安宝公司,KOIKE丙烷割嘴 106HC  #0,7.20,CNY,2024-03-04,,contract,"来源文件：ziliao/安宝公司/AB24145 102HC,106HC/订单/ab24145 出口产品供需合同-奉化一洲.xls（工作表 Sheet3 第 13 行；合同号 AB24 145返单AB23807；抬头需方 宁波安宝国际贸易有限公司；日期凭证：抬头签约时间）；包装：刻字内容：中性常规
包装：KOIKE彩卡+泡壳 10只1盒
绿色Koike彩盒如下图所示【tools/ziliao/extract_price_seeds.mjs 自动抽取·历史成交价·待甲方核对】"
安宝公司,KOIKE丙烷割嘴 106HC  #1,7.20,CNY,2024-03-04,,contract,"来源文件：ziliao/安宝公司/AB24145 102HC,106HC/订单/ab24145 出口产品供需合同-奉化一洲.xls（工作表 Sheet3 第 14 行；合同号 AB24 145返单AB23807；抬头需方 宁波安宝国际贸易有限公司；日期凭证：抬头签约时间）【tools/ziliao/extract_price_seeds.mjs 自动抽取·历史成交价·待甲方核对】"
安宝公司,KOIKE丙烷割嘴 106HC  #2,7.20,CNY,2024-03-04,,contract,"来源文件：ziliao/安宝公司/AB24145 102HC,106HC/订单/ab24145 出口产品供需合同-奉化一洲.xls（工作表 Sheet3 第 15 行；合同号 AB24 145返单AB23807；抬头需方 宁波安宝国际贸易有限公司；日期凭证：抬头签约时间）【tools/ziliao/extract_price_seeds.mjs 自动抽取·历史成交价·待甲方核对】"
安宝公司,KOIKE丙烷割嘴 106HC  #3,7.20,CNY,2024-03-04,,contract,"来源文件：ziliao/安宝公司/AB24145 102HC,106HC/订单/ab24145 出口产品供需合同-奉化一洲.xls（工作表 Sheet3 第 16 行；合同号 AB24 145返单AB23807；抬头需方 宁波安宝国际贸易有限公司；日期凭证：抬头签约时间）【tools/ziliao/extract_price_seeds.mjs 自动抽取·历史成交价·待甲方核对】"
安宝公司,KOIKE丙烷割嘴 106HC  #4,7.20,CNY,2024-03-04,,contract,"来源文件：ziliao/安宝公司/AB24145 102HC,106HC/订单/ab24145 出口产品供需合同-奉化一洲.xls（工作表 Sheet3 第 17 行；合同号 AB24 145返单AB23807；抬头需方 宁波安宝国际贸易有限公司；日期凭证：抬头签约时间）【tools/ziliao/extract_price_seeds.mjs 自动抽取·历史成交价·待甲方核对】"
安宝公司,KOIKE丙烷割嘴 106HC  #5,7.20,CNY,2024-03-04,,contract,"来源文件：ziliao/安宝公司/AB24145 102HC,106HC/订单/ab24145 出口产品供需合同-奉化一洲.xls（工作表 Sheet3 第 18 行；合同号 AB24 145返单AB23807；抬头需方 宁波安宝国际贸易有限公司；日期凭证：抬头签约时间）【tools/ziliao/extract_price_seeds.mjs 自动抽取·历史成交价·待甲方核对】"
安宝公司,KOIKE乙炔割嘴 102HC  #0,13.80,CNY,2024-03-04,,contract,"来源文件：ziliao/安宝公司/AB24145 102HC,106HC/订单/ab24145 出口产品供需合同-奉化一洲.xls（工作表 Sheet3 第 7 行；合同号 AB24 145返单AB23807；抬头需方 宁波安宝国际贸易有限公司；日期凭证：抬头签约时间）；包装：刻字内容：中性常规
包装要求：泡壳+彩卡 10只1盒
绿色Koike彩盒如下图所示【tools/ziliao/extract_price_seeds.mjs 自动抽取·历史成交价·待甲方核对】"
安宝公司,KOIKE乙炔割嘴 102HC  #1,13.80,CNY,2024-03-04,,contract,"来源文件：ziliao/安宝公司/AB24145 102HC,106HC/订单/ab24145 出口产品供需合同-奉化一洲.xls（工作表 Sheet3 第 8 行；合同号 AB24 145返单AB23807；抬头需方 宁波安宝国际贸易有限公司；日期凭证：抬头签约时间）【tools/ziliao/extract_price_seeds.mjs 自动抽取·历史成交价·待甲方核对】"
安宝公司,KOIKE乙炔割嘴 102HC  #2,13.80,CNY,2024-03-04,,contract,"来源文件：ziliao/安宝公司/AB24145 102HC,106HC/订单/ab24145 出口产品供需合同-奉化一洲.xls（工作表 Sheet3 第 9 行；合同号 AB24 145返单AB23807；抬头需方 宁波安宝国际贸易有限公司；日期凭证：抬头签约时间）【tools/ziliao/extract_price_seeds.mjs 自动抽取·历史成交价·待甲方核对】"
安宝公司,KOIKE乙炔割嘴 102HC  #3,13.80,CNY,2024-03-04,,contract,"来源文件：ziliao/安宝公司/AB24145 102HC,106HC/订单/ab24145 出口产品供需合同-奉化一洲.xls（工作表 Sheet3 第 10 行；合同号 AB24 145返单AB23807；抬头需方 宁波安宝国际贸易有限公司；日期凭证：抬头签约时间）【tools/ziliao/extract_price_seeds.mjs 自动抽取·历史成交价·待甲方核对】"
安宝公司,KOIKE乙炔割嘴 102HC  #4,13.80,CNY,2024-03-04,,contract,"来源文件：ziliao/安宝公司/AB24145 102HC,106HC/订单/ab24145 出口产品供需合同-奉化一洲.xls（工作表 Sheet3 第 11 行；合同号 AB24 145返单AB23807；抬头需方 宁波安宝国际贸易有限公司；日期凭证：抬头签约时间）【tools/ziliao/extract_price_seeds.mjs 自动抽取·历史成交价·待甲方核对】"
安宝公司,KOIKE乙炔割嘴 102HC  #5,13.80,CNY,2024-03-04,,contract,"来源文件：ziliao/安宝公司/AB24145 102HC,106HC/订单/ab24145 出口产品供需合同-奉化一洲.xls（工作表 Sheet3 第 12 行；合同号 AB24 145返单AB23807；抬头需方 宁波安宝国际贸易有限公司；日期凭证：抬头签约时间）【tools/ziliao/extract_price_seeds.mjs 自动抽取·历史成交价·待甲方核对】"
安宝公司,丙烷割嘴 6290-NX-2# 产品号码6015,6.20,CNY,2024-02-29,,contract,来源文件：ziliao/安宝公司/美国FRONNY/订单/2024/AB24139 出口产品供需合同-一洲PO62138(1).xls（工作表 订单 第 8 行；合同号 AB24 139；抬头需方 宁波安宝国际贸易有限公司；日期凭证：抬头签约时间）【tools/ziliao/extract_price_seeds.mjs 自动抽取·历史成交价·待甲方核对】
安宝公司,丙烷割嘴3-GPN 0# 产品号码6030,7.80,CNY,2024-02-29,,contract,来源文件：ziliao/安宝公司/美国FRONNY/订单/2024/AB24139 出口产品供需合同-一洲PO62138(1).xls（工作表 订单 第 13 行；合同号 AB24 139；抬头需方 宁波安宝国际贸易有限公司；日期凭证：抬头签约时间）【tools/ziliao/extract_price_seeds.mjs 自动抽取·历史成交价·待甲方核对】
安宝公司,割嘴 6290-1# 产品号码6010,8.80,CNY,2024-02-29,,contract,来源文件：ziliao/安宝公司/美国FRONNY/订单/2024/AB24139 出口产品供需合同-一洲PO62138(1).xls（工作表 订单 第 7 行；合同号 AB24 139；抬头需方 宁波安宝国际贸易有限公司；日期凭证：抬头签约时间）【tools/ziliao/extract_price_seeds.mjs 自动抽取·历史成交价·待甲方核对】
安宝公司,割嘴1-101 0# 产品号码6023,11.80,CNY,2024-02-29,,contract,来源文件：ziliao/安宝公司/美国FRONNY/订单/2024/AB24139 出口产品供需合同-一洲PO62138(1).xls（工作表 订单 第 24 行；合同号 AB24 139；抬头需方 宁波安宝国际贸易有限公司；日期凭证：抬头签约时间）【tools/ziliao/extract_price_seeds.mjs 自动抽取·历史成交价·待甲方核对】
安宝公司,割嘴1-101 00# 产品号码6022,11.80,CNY,2024-02-29,,contract,来源文件：ziliao/安宝公司/美国FRONNY/订单/2024/AB24139 出口产品供需合同-一洲PO62138(1).xls（工作表 订单 第 23 行；合同号 AB24 139；抬头需方 宁波安宝国际贸易有限公司；日期凭证：抬头签约时间）【tools/ziliao/extract_price_seeds.mjs 自动抽取·历史成交价·待甲方核对】
安宝公司,割嘴1-101 1# 产品号码6024,11.80,CNY,2024-02-29,,contract,来源文件：ziliao/安宝公司/美国FRONNY/订单/2024/AB24139 出口产品供需合同-一洲PO62138(1).xls（工作表 订单 第 25 行；合同号 AB24 139；抬头需方 宁波安宝国际贸易有限公司；日期凭证：抬头签约时间）【tools/ziliao/extract_price_seeds.mjs 自动抽取·历史成交价·待甲方核对】
安宝公司,割嘴1-101 2# 产品号码6025,11.80,CNY,2024-02-29,,contract,来源文件：ziliao/安宝公司/美国FRONNY/订单/2024/AB24139 出口产品供需合同-一洲PO62138(1).xls（工作表 订单 第 10 行；合同号 AB24 139；抬头需方 宁波安宝国际贸易有限公司；日期凭证：抬头签约时间）【tools/ziliao/extract_price_seeds.mjs 自动抽取·历史成交价·待甲方核对】
安宝公司,割嘴1-101 3# 产品号码6026,11.80,CNY,2024-02-29,,contract,来源文件：ziliao/安宝公司/美国FRONNY/订单/2024/AB24139 出口产品供需合同-一洲PO62138(1).xls（工作表 订单 第 26 行；合同号 AB24 139；抬头需方 宁波安宝国际贸易有限公司；日期凭证：抬头签约时间）【tools/ziliao/extract_price_seeds.mjs 自动抽取·历史成交价·待甲方核对】
安宝公司,割嘴1-GPN 2# 产品号码6028,8.80,CNY,2024-02-29,,contract,来源文件：ziliao/安宝公司/美国FRONNY/订单/2024/AB24139 出口产品供需合同-一洲PO62138(1).xls（工作表 订单 第 11 行；合同号 AB24 139；抬头需方 宁波安宝国际贸易有限公司；日期凭证：抬头签约时间）【tools/ziliao/extract_price_seeds.mjs 自动抽取·历史成交价·待甲方核对】
安宝公司,割嘴1-GPN 3# 产品号码6029,8.80,CNY,2024-02-29,,contract,来源文件：ziliao/安宝公司/美国FRONNY/订单/2024/AB24139 出口产品供需合同-一洲PO62138(1).xls（工作表 订单 第 12 行；合同号 AB24 139；抬头需方 宁波安宝国际贸易有限公司；日期凭证：抬头签约时间）【tools/ziliao/extract_price_seeds.mjs 自动抽取·历史成交价·待甲方核对】
安宝公司,割嘴3-101 0# 产品号码6018,8.80,CNY,2024-02-29,,contract,来源文件：ziliao/安宝公司/美国FRONNY/订单/2024/AB24139 出口产品供需合同-一洲PO62138(1).xls（工作表 订单 第 20 行；合同号 AB24 139；抬头需方 宁波安宝国际贸易有限公司；日期凭证：抬头签约时间）【tools/ziliao/extract_price_seeds.mjs 自动抽取·历史成交价·待甲方核对】
安宝公司,割嘴3-101 00# 产品号码6017,8.80,CNY,2024-02-29,,contract,来源文件：ziliao/安宝公司/美国FRONNY/订单/2024/AB24139 出口产品供需合同-一洲PO62138(1).xls（工作表 订单 第 19 行；合同号 AB24 139；抬头需方 宁波安宝国际贸易有限公司；日期凭证：抬头签约时间）【tools/ziliao/extract_price_seeds.mjs 自动抽取·历史成交价·待甲方核对】
安宝公司,割嘴3-101 000# 产品号码6016,8.80,CNY,2024-02-29,,contract,来源文件：ziliao/安宝公司/美国FRONNY/订单/2024/AB24139 出口产品供需合同-一洲PO62138(1).xls（工作表 订单 第 18 行；合同号 AB24 139；抬头需方 宁波安宝国际贸易有限公司；日期凭证：抬头签约时间）【tools/ziliao/extract_price_seeds.mjs 自动抽取·历史成交价·待甲方核对】
安宝公司,割嘴3-101 1# 产品号码6019,8.80,CNY,2024-02-29,,contract,来源文件：ziliao/安宝公司/美国FRONNY/订单/2024/AB24139 出口产品供需合同-一洲PO62138(1).xls（工作表 订单 第 21 行；合同号 AB24 139；抬头需方 宁波安宝国际贸易有限公司；日期凭证：抬头签约时间）【tools/ziliao/extract_price_seeds.mjs 自动抽取·历史成交价·待甲方核对】
安宝公司,割嘴3-101 2# 产品号码6020,8.80,CNY,2024-02-29,,contract,来源文件：ziliao/安宝公司/美国FRONNY/订单/2024/AB24139 出口产品供需合同-一洲PO62138(1).xls（工作表 订单 第 22 行；合同号 AB24 139；抬头需方 宁波安宝国际贸易有限公司；日期凭证：抬头签约时间）【tools/ziliao/extract_price_seeds.mjs 自动抽取·历史成交价·待甲方核对】
安宝公司,割嘴3-101 3# 产品号码6021,8.80,CNY,2024-02-29,,contract,来源文件：ziliao/安宝公司/美国FRONNY/订单/2024/AB24139 出口产品供需合同-一洲PO62138(1).xls（工作表 订单 第 9 行；合同号 AB24 139；抬头需方 宁波安宝国际贸易有限公司；日期凭证：抬头签约时间）【tools/ziliao/extract_price_seeds.mjs 自动抽取·历史成交价·待甲方核对】
安宝公司,割嘴3-GPN 1# 产品号码6031,7.80,CNY,2024-02-29,,contract,来源文件：ziliao/安宝公司/美国FRONNY/订单/2024/AB24139 出口产品供需合同-一洲PO62138(1).xls（工作表 订单 第 14 行；合同号 AB24 139；抬头需方 宁波安宝国际贸易有限公司；日期凭证：抬头签约时间）【tools/ziliao/extract_price_seeds.mjs 自动抽取·历史成交价·待甲方核对】
安宝公司,割嘴3-GPN 2# 产品号码6032,7.80,CNY,2024-02-29,,contract,来源文件：ziliao/安宝公司/美国FRONNY/订单/2024/AB24139 出口产品供需合同-一洲PO62138(1).xls（工作表 订单 第 15 行；合同号 AB24 139；抬头需方 宁波安宝国际贸易有限公司；日期凭证：抬头签约时间）【tools/ziliao/extract_price_seeds.mjs 自动抽取·历史成交价·待甲方核对】
安宝公司,割嘴MC-12-1# 产品号码6003,14.00,CNY,2024-02-29,,contract,来源文件：ziliao/安宝公司/美国FRONNY/订单/2024/AB24139 出口产品供需合同-一洲PO62138(1).xls（工作表 订单 第 16 行；合同号 AB24 139；抬头需方 宁波安宝国际贸易有限公司；日期凭证：抬头签约时间）【tools/ziliao/extract_price_seeds.mjs 自动抽取·历史成交价·待甲方核对】
安宝公司,割嘴MC-12-2# 产品号码6004,14.00,CNY,2024-02-29,,contract,来源文件：ziliao/安宝公司/美国FRONNY/订单/2024/AB24139 出口产品供需合同-一洲PO62138(1).xls（工作表 订单 第 17 行；合同号 AB24 139；抬头需方 宁波安宝国际贸易有限公司；日期凭证：抬头签约时间）【tools/ziliao/extract_price_seeds.mjs 自动抽取·历史成交价·待甲方核对】
安宝公司,乙炔割嘴4202 5# 产品号码6038,11.80,CNY,2024-02-29,,contract,来源文件：ziliao/安宝公司/美国FRONNY/订单/2024/AB24139 出口产品供需合同-一洲PO62138(1).xls（工作表 订单 第 27 行；合同号 AB24 139；抬头需方 宁波安宝国际贸易有限公司；日期凭证：抬头签约时间）；包装：未做过【tools/ziliao/extract_price_seeds.mjs 自动抽取·历史成交价·待甲方核对】
安宝公司,"丙烷割嘴 GPN-2 71g
代码：4194",8.80,CNY,2024-02-24,,contract,"来源文件：ziliao/安宝公司/INFAR不干胶/INFRA合同/2024/AB24112 出口产品供需合同-奉化一洲.xls（工作表 Sheet1 第 13 行；合同号 AB24 112返单AB231086；抬头需方 宁波安宝国际贸易有限公司；日期凭证：抬头签约时间）；包装：标贴尺寸：80x16mm
塑料盒盖用黑色【tools/ziliao/extract_price_seeds.mjs 自动抽取·历史成交价·待甲方核对】"
安宝公司,"丙烷割嘴 GPN-3 71g
代码：4195",8.80,CNY,2024-02-24,,contract,来源文件：ziliao/安宝公司/INFAR不干胶/INFRA合同/2024/AB24112 出口产品供需合同-奉化一洲.xls（工作表 Sheet1 第 14 行；合同号 AB24 112返单AB231086；抬头需方 宁波安宝国际贸易有限公司；日期凭证：抬头签约时间）【tools/ziliao/extract_price_seeds.mjs 自动抽取·历史成交价·待甲方核对】
安宝公司,"乙炔割嘴1-101-2 82g
代码：4191",11.80,CNY,2024-02-24,,contract,"来源文件：ziliao/安宝公司/INFAR不干胶/INFRA合同/2024/AB24112 出口产品供需合同-奉化一洲.xls（工作表 Sheet1 第 12 行；合同号 AB24 112返单AB231086；抬头需方 宁波安宝国际贸易有限公司；日期凭证：抬头签约时间）；包装：标贴尺寸：80x16mm
塑料盒盖用红色【tools/ziliao/extract_price_seeds.mjs 自动抽取·历史成交价·待甲方核对】"
安宝公司,"HARRIS 丙烷割嘴6290-NX-1 53g
代码：4186",6.10,CNY,2024-02-24,,contract,"来源文件：ziliao/安宝公司/INFAR不干胶/INFRA合同/2024/AB24112 出口产品供需合同-奉化一洲.xls（工作表 Sheet1 第 10 行；合同号 AB24 112返单AB231086；抬头需方 宁波安宝国际贸易有限公司；日期凭证：抬头签约时间）；包装：标贴尺寸：80x16mm
塑料盒盖用黑色【tools/ziliao/extract_price_seeds.mjs 自动抽取·历史成交价·待甲方核对】"
安宝公司,"HARRIS 丙烷割嘴6290-NX-2 53g
代码：4187",6.10,CNY,2024-02-24,,contract,来源文件：ziliao/安宝公司/INFAR不干胶/INFRA合同/2024/AB24112 出口产品供需合同-奉化一洲.xls（工作表 Sheet1 第 11 行；合同号 AB24 112返单AB231086；抬头需方 宁波安宝国际贸易有限公司；日期凭证：抬头签约时间）【tools/ziliao/extract_price_seeds.mjs 自动抽取·历史成交价·待甲方核对】
安宝公司,"smith 丙烷割嘴 SC-50-A-1 93g
代码：4157",12.30,CNY,2024-02-24,,contract,"来源文件：ziliao/安宝公司/INFAR不干胶/INFRA合同/2024/AB24112 出口产品供需合同-奉化一洲.xls（工作表 Sheet1 第 7 行；合同号 AB24 112返单AB231086；抬头需方 宁波安宝国际贸易有限公司；日期凭证：抬头签约时间）；包装：标贴尺寸：80x16mm
塑料盒盖用黑色【tools/ziliao/extract_price_seeds.mjs 自动抽取·历史成交价·待甲方核对】"
安宝公司,"smith 丙烷割嘴 SC-50-A-2 93g
代码：4158",12.30,CNY,2024-02-24,,contract,来源文件：ziliao/安宝公司/INFAR不干胶/INFRA合同/2024/AB24112 出口产品供需合同-奉化一洲.xls（工作表 Sheet1 第 8 行；合同号 AB24 112返单AB231086；抬头需方 宁波安宝国际贸易有限公司；日期凭证：抬头签约时间）【tools/ziliao/extract_price_seeds.mjs 自动抽取·历史成交价·待甲方核对】
安宝公司,"smith 丙烷割嘴 SC-50-A-4 93g
代码：4162",12.30,CNY,2024-02-24,,contract,来源文件：ziliao/安宝公司/INFAR不干胶/INFRA合同/2024/AB24112 出口产品供需合同-奉化一洲.xls（工作表 Sheet1 第 9 行；合同号 AB24 112返单AB231086；抬头需方 宁波安宝国际贸易有限公司；日期凭证：抬头签约时间）【tools/ziliao/extract_price_seeds.mjs 自动抽取·历史成交价·待甲方核对】
安宝公司,"割嘴 0#-3-101
产品号码6018",8.80,CNY,2024-02-23,,contract,来源文件：ziliao/安宝公司/美国FRONNY/订单/2024/ab24109 出口产品供需合同-一洲po62059.xls（工作表 订单 第 7 行；合同号 AB24 109返单AB23824；抬头需方 宁波安宝国际贸易有限公司；日期凭证：抬头签约时间）【tools/ziliao/extract_price_seeds.mjs 自动抽取·历史成交价·待甲方核对】
安宝公司,丙烷割嘴 6290-NFF-2#,6.20,CNY,2024-01-31,,contract,"来源文件：ziliao/安宝公司/MAXES 仿NX,106HC,GPN/订单/AB24092 出口产品供需合同-奉化一洲.xls（工作表 订单 第 7 行；合同号 AB24 092返单AB22997；抬头需方 宁波安宝国际贸易有限公司；日期凭证：抬头签约时间）【tools/ziliao/extract_price_seeds.mjs 自动抽取·历史成交价·待甲方核对】"
安宝公司,丙烷割嘴 6290-NFF-3#,6.20,CNY,2024-01-31,,contract,"来源文件：ziliao/安宝公司/MAXES 仿NX,106HC,GPN/订单/AB24092 出口产品供需合同-奉化一洲.xls（工作表 订单 第 8 行；合同号 AB24 092返单AB22997；抬头需方 宁波安宝国际贸易有限公司；日期凭证：抬头签约时间）【tools/ziliao/extract_price_seeds.mjs 自动抽取·历史成交价·待甲方核对】"
安宝公司,丙烷割嘴 6290-NFF-4#,6.20,CNY,2024-01-31,,contract,"来源文件：ziliao/安宝公司/MAXES 仿NX,106HC,GPN/订单/AB24092 出口产品供需合同-奉化一洲.xls（工作表 订单 第 9 行；合同号 AB24 092返单AB22997；抬头需方 宁波安宝国际贸易有限公司；日期凭证：抬头签约时间）【tools/ziliao/extract_price_seeds.mjs 自动抽取·历史成交价·待甲方核对】"
安宝公司,丙烷割嘴 6290-NFF-5#,6.20,CNY,2024-01-31,,contract,"来源文件：ziliao/安宝公司/MAXES 仿NX,106HC,GPN/订单/AB24092 出口产品供需合同-奉化一洲.xls（工作表 订单 第 10 行；合同号 AB24 092返单AB22997；抬头需方 宁波安宝国际贸易有限公司；日期凭证：抬头签约时间）【tools/ziliao/extract_price_seeds.mjs 自动抽取·历史成交价·待甲方核对】"
安宝公司,丙烷割嘴 6290-NFF-6#,6.20,CNY,2024-01-31,,contract,"来源文件：ziliao/安宝公司/MAXES 仿NX,106HC,GPN/订单/AB24092 出口产品供需合同-奉化一洲.xls（工作表 订单 第 11 行；合同号 AB24 092返单AB22997；抬头需方 宁波安宝国际贸易有限公司；日期凭证：抬头签约时间）【tools/ziliao/extract_price_seeds.mjs 自动抽取·历史成交价·待甲方核对】"
安宝公司,"丙烷割嘴 6290-NX-1# 重：44克

包装：不干胶+塑料盒
不干胶设计我司提供",6.30,CNY,2024-01-31,,contract,"来源文件：ziliao/安宝公司/HQF 41 6290NX/41, NX, 6290/106HC, NX/ab24076 106HC NX.xls（工作表 订单 第 8 行；合同号 AB24 076返单AB231050；抬头需方 宁波安宝国际贸易有限公司；日期凭证：抬头签约时间）【tools/ziliao/extract_price_seeds.mjs 自动抽取·历史成交价·待甲方核对】"
安宝公司,"丙烷割嘴 6290-NX-2# 重：44克

包装：不干胶+塑料盒
不干胶设计我司提供",6.30,CNY,2024-01-31,,contract,"来源文件：ziliao/安宝公司/HQF 41 6290NX/41, NX, 6290/106HC, NX/ab24076 106HC NX.xls（工作表 订单 第 9 行；合同号 AB24 076返单AB231050；抬头需方 宁波安宝国际贸易有限公司；日期凭证：抬头签约时间）【tools/ziliao/extract_price_seeds.mjs 自动抽取·历史成交价·待甲方核对】"
安宝公司,"丙烷割嘴 6290-NX-2# 重：44克
刻字内容：
POWERCRAFT
6290-2NX

包装：不干胶+塑料盒
不干胶设计我司提供",6.30,CNY,2024-01-31,,contract,"来源文件：ziliao/安宝公司/HQF 41 6290NX/41, NX, 6290/ab24072 出口产品供需合同-奉化一洲.xls（工作表 订单 第 7 行；合同号 AB24 072；抬头需方 宁波安宝国际贸易有限公司；日期凭证：抬头签约时间）；包装：6290-2NX【tools/ziliao/extract_price_seeds.mjs 自动抽取·历史成交价·待甲方核对】"
安宝公司,"丙烷割嘴 6290-NX-3# 重：44克

包装：不干胶+塑料盒
不干胶设计我司提供",6.30,CNY,2024-01-31,,contract,"来源文件：ziliao/安宝公司/HQF 41 6290NX/41, NX, 6290/106HC, NX/ab24076 106HC NX.xls（工作表 订单 第 10 行；合同号 AB24 076返单AB231050；抬头需方 宁波安宝国际贸易有限公司；日期凭证：抬头签约时间）【tools/ziliao/extract_price_seeds.mjs 自动抽取·历史成交价·待甲方核对】"
安宝公司,"仿澳大利亚款式丙烷 割嘴 41-12
刻字内容：
41  12
CIGWELD
CutSkill(字体不一样)

包装：泡壳+彩卡
彩卡+泡壳我司提供",12.00,CNY,2024-01-31,,contract,"来源文件：ziliao/安宝公司/HQF 41 6290NX/41, NX, 6290/ab24072 出口产品供需合同-奉化一洲.xls（工作表 订单 第 8 行；合同号 AB24 072；抬头需方 宁波安宝国际贸易有限公司；日期凭证：抬头签约时间）；包装：41-12【tools/ziliao/extract_price_seeds.mjs 自动抽取·历史成交价·待甲方核对】"
安宝公司,"割嘴 0#-1-101
产品号码6023",11.80,CNY,2024-01-31,,contract,来源文件：ziliao/安宝公司/美国FRONNY/订单/2024/AB24055 出口产品供需合同-一洲PO62028(1).xls（工作表 订单 第 9 行；合同号 AB24 055；抬头需方 宁波安宝国际贸易有限公司；日期凭证：抬头签约时间）【tools/ziliao/extract_price_seeds.mjs 自动抽取·历史成交价·待甲方核对】
安宝公司,"割嘴 000#-3-101 
产品号码6016",8.80,CNY,2024-01-31,,contract,来源文件：ziliao/安宝公司/美国FRONNY/订单/2024/AB24055 出口产品供需合同-一洲PO62028(1).xls（工作表 订单 第 8 行；合同号 AB24 055；抬头需方 宁波安宝国际贸易有限公司；日期凭证：抬头签约时间）【tools/ziliao/extract_price_seeds.mjs 自动抽取·历史成交价·待甲方核对】
安宝公司,"割嘴 1-GPN 1#
产品号码6027",8.80,CNY,2024-01-31,,contract,来源文件：ziliao/安宝公司/美国FRONNY/订单/2024/AB24055 出口产品供需合同-一洲PO62028(1).xls（工作表 订单 第 10 行；合同号 AB24 055；抬头需方 宁波安宝国际贸易有限公司；日期凭证：抬头签约时间）【tools/ziliao/extract_price_seeds.mjs 自动抽取·历史成交价·待甲方核对】
安宝公司,"割嘴 SC-12-1#
产品号码6000",14.50,CNY,2024-01-31,,contract,来源文件：ziliao/安宝公司/美国FRONNY/订单/2024/AB24055 出口产品供需合同-一洲PO62028(1).xls（工作表 订单 第 7 行；合同号 AB24 055；抬头需方 宁波安宝国际贸易有限公司；日期凭证：抬头签约时间）【tools/ziliao/extract_price_seeds.mjs 自动抽取·历史成交价·待甲方核对】
安宝公司,"乙炔割嘴 6290-1# 
包装：中性塑料盒",8.60,CNY,2024-01-31,,contract,"来源文件：ziliao/安宝公司/HQF 41 6290NX/41, NX, 6290/106HC, NX/ab24076 106HC NX.xls（工作表 订单 第 7 行；合同号 AB24 076返单AB231050；抬头需方 宁波安宝国际贸易有限公司；日期凭证：抬头签约时间）【tools/ziliao/extract_price_seeds.mjs 自动抽取·历史成交价·待甲方核对】"
安宝公司,"KOIKE 106HC割嘴 6#-3.2mm？
重：79g 如右图所示",10.20,CNY,2024-01-31,,contract,"来源文件：ziliao/安宝公司/MAXES 仿NX,106HC,GPN/订单/AB24092 出口产品供需合同-奉化一洲.xls（工作表 订单 第 16 行；合同号 AB24 092返单AB22997；抬头需方 宁波安宝国际贸易有限公司；日期凭证：抬头签约时间）【tools/ziliao/extract_price_seeds.mjs 自动抽取·历史成交价·待甲方核对】"
安宝公司,"KOIKE 106HC割嘴 7#-3.2mm
重：79g 如右图所示",10.20,CNY,2024-01-31,,contract,"来源文件：ziliao/安宝公司/MAXES 仿NX,106HC,GPN/订单/AB24092 出口产品供需合同-奉化一洲.xls（工作表 订单 第 17 行；合同号 AB24 092返单AB22997；抬头需方 宁波安宝国际贸易有限公司；日期凭证：抬头签约时间）【tools/ziliao/extract_price_seeds.mjs 自动抽取·历史成交价·待甲方核对】"
安宝公司,"KOIKE 106HC割嘴 8#-4.0mm
重：79g 如右图所示",10.20,CNY,2024-01-31,,contract,"来源文件：ziliao/安宝公司/MAXES 仿NX,106HC,GPN/订单/AB24092 出口产品供需合同-奉化一洲.xls（工作表 订单 第 18 行；合同号 AB24 092返单AB22997；抬头需方 宁波安宝国际贸易有限公司；日期凭证：抬头签约时间）【tools/ziliao/extract_price_seeds.mjs 自动抽取·历史成交价·待甲方核对】"
安宝公司,KOIKE割嘴 106HC-1#  70克  分体式,7.20,CNY,2024-01-31,,contract,"来源文件：ziliao/安宝公司/HQF 41 6290NX/41, NX, 6290/106HC, NX/ab24076 106HC NX.xls（工作表 订单 第 11 行；合同号 AB24 076返单AB231050；抬头需方 宁波安宝国际贸易有限公司；日期凭证：抬头签约时间）【tools/ziliao/extract_price_seeds.mjs 自动抽取·历史成交价·待甲方核对】"
安宝公司,KOIKE割嘴 106HC-2#  70克  分体式,7.20,CNY,2024-01-31,,contract,"来源文件：ziliao/安宝公司/HQF 41 6290NX/41, NX, 6290/106HC, NX/ab24076 106HC NX.xls（工作表 订单 第 12 行；合同号 AB24 076返单AB231050；抬头需方 宁波安宝国际贸易有限公司；日期凭证：抬头签约时间）【tools/ziliao/extract_price_seeds.mjs 自动抽取·历史成交价·待甲方核对】"
安宝公司,KOIKE割嘴 106HC-3#  70克  分体式,7.20,CNY,2024-01-31,,contract,"来源文件：ziliao/安宝公司/HQF 41 6290NX/41, NX, 6290/106HC, NX/ab24076 106HC NX.xls（工作表 订单 第 13 行；合同号 AB24 076返单AB231050；抬头需方 宁波安宝国际贸易有限公司；日期凭证：抬头签约时间）【tools/ziliao/extract_price_seeds.mjs 自动抽取·历史成交价·待甲方核对】"
安宝公司,KOIKE割嘴 106HC-4#  70克  分体式,7.20,CNY,2024-01-31,,contract,"来源文件：ziliao/安宝公司/HQF 41 6290NX/41, NX, 6290/106HC, NX/ab24076 106HC NX.xls（工作表 订单 第 14 行；合同号 AB24 076返单AB231050；抬头需方 宁波安宝国际贸易有限公司；日期凭证：抬头签约时间）【tools/ziliao/extract_price_seeds.mjs 自动抽取·历史成交价·待甲方核对】"
安宝公司,"KOIKE割嘴 106HC割嘴 2#
如右图所示",7.50,CNY,2024-01-31,,contract,"来源文件：ziliao/安宝公司/MAXES 仿NX,106HC,GPN/订单/AB24092 出口产品供需合同-奉化一洲.xls（工作表 订单 第 12 行；合同号 AB24 092返单AB22997；抬头需方 宁波安宝国际贸易有限公司；日期凭证：抬头签约时间）【tools/ziliao/extract_price_seeds.mjs 自动抽取·历史成交价·待甲方核对】"
安宝公司,"KOIKE割嘴 106HC割嘴 3#
如右图所示",7.50,CNY,2024-01-31,,contract,"来源文件：ziliao/安宝公司/MAXES 仿NX,106HC,GPN/订单/AB24092 出口产品供需合同-奉化一洲.xls（工作表 订单 第 13 行；合同号 AB24 092返单AB22997；抬头需方 宁波安宝国际贸易有限公司；日期凭证：抬头签约时间）【tools/ziliao/extract_price_seeds.mjs 自动抽取·历史成交价·待甲方核对】"
安宝公司,"KOIKE割嘴 106HC割嘴 4#
如右图所示",7.50,CNY,2024-01-31,,contract,"来源文件：ziliao/安宝公司/MAXES 仿NX,106HC,GPN/订单/AB24092 出口产品供需合同-奉化一洲.xls（工作表 订单 第 14 行；合同号 AB24 092返单AB22997；抬头需方 宁波安宝国际贸易有限公司；日期凭证：抬头签约时间）【tools/ziliao/extract_price_seeds.mjs 自动抽取·历史成交价·待甲方核对】"
安宝公司,"KOIKE割嘴 106HC割嘴 5#
如右图所示",7.50,CNY,2024-01-31,,contract,"来源文件：ziliao/安宝公司/MAXES 仿NX,106HC,GPN/订单/AB24092 出口产品供需合同-奉化一洲.xls（工作表 订单 第 15 行；合同号 AB24 092返单AB22997；抬头需方 宁波安宝国际贸易有限公司；日期凭证：抬头签约时间）【tools/ziliao/extract_price_seeds.mjs 自动抽取·历史成交价·待甲方核对】"
安宝公司,"Nozzle №1 (3/64”)
客人要12个槽 74克",7.20,CNY,2024-01-22,,contract,来源文件：ziliao/安宝公司/12槽PNME俄罗斯嘴/订单/ab231263 出口产品供需合同-奉化一洲.xls（工作表 订单 第 7 行；合同号 AB23 1263返单AB23443；抬头需方 宁波安宝国际贸易有限公司；日期凭证：抬头签约时间）；包装：包装要求：塑料盒装，盒子上贴不干胶，每个货号进行区别【tools/ziliao/extract_price_seeds.mjs 自动抽取·历史成交价·待甲方核对】
安宝公司,"Nozzle №2 (1/16”)
客人要12个槽 74克",7.20,CNY,2024-01-22,,contract,来源文件：ziliao/安宝公司/12槽PNME俄罗斯嘴/订单/ab231263 出口产品供需合同-奉化一洲.xls（工作表 订单 第 9 行；合同号 AB23 1263返单AB23443；抬头需方 宁波安宝国际贸易有限公司；日期凭证：抬头签约时间）【tools/ziliao/extract_price_seeds.mjs 自动抽取·历史成交价·待甲方核对】
安宝公司,"Nozzle №3 (5/64”) 
客人要12个槽 74克",7.20,CNY,2024-01-22,,contract,来源文件：ziliao/安宝公司/12槽PNME俄罗斯嘴/订单/ab231263 出口产品供需合同-奉化一洲.xls（工作表 订单 第 10 行；合同号 AB23 1263返单AB23443；抬头需方 宁波安宝国际贸易有限公司；日期凭证：抬头签约时间）【tools/ziliao/extract_price_seeds.mjs 自动抽取·历史成交价·待甲方核对】
安宝公司,"Nozzle №4 (3/32”) 
客人要12个槽 74克",7.20,CNY,2024-01-22,,contract,来源文件：ziliao/安宝公司/12槽PNME俄罗斯嘴/订单/ab231263 出口产品供需合同-奉化一洲.xls（工作表 订单 第 11 行；合同号 AB23 1263返单AB23443；抬头需方 宁波安宝国际贸易有限公司；日期凭证：抬头签约时间）【tools/ziliao/extract_price_seeds.mjs 自动抽取·历史成交价·待甲方核对】
安宝公司,割嘴 00#-3-101 产品号码6017,8.80,CNY,2024-01-04,,contract,来源文件：ziliao/安宝公司/M Haseeb  A.SH  106hc直通  80克/A.SH/AB241054 出口产品供需合同-一洲.xls（工作表 Sheet1 第 12 行；合同号 AB24 002；抬头需方 宁波安宝国际贸易有限公司；日期凭证：抬头签约时间）【tools/ziliao/extract_price_seeds.mjs 自动抽取·历史成交价·待甲方核对】
安宝公司,割嘴 1-3-GPN 产品号码6031,7.80,CNY,2024-01-04,,contract,来源文件：ziliao/安宝公司/M Haseeb  A.SH  106hc直通  80克/A.SH/AB241054 出口产品供需合同-一洲.xls（工作表 Sheet1 第 20 行；合同号 AB24 002；抬头需方 宁波安宝国际贸易有限公司；日期凭证：抬头签约时间）【tools/ziliao/extract_price_seeds.mjs 自动抽取·历史成交价·待甲方核对】
安宝公司,"割嘴 1-GPN 2#
产品号码6028",8.80,CNY,2024-01-04,,contract,来源文件：ziliao/安宝公司/M Haseeb  A.SH  106hc直通  80克/A.SH/AB241054 出口产品供需合同-一洲.xls（工作表 Sheet1 第 18 行；合同号 AB24 002；抬头需方 宁波安宝国际贸易有限公司；日期凭证：抬头签约时间）【tools/ziliao/extract_price_seeds.mjs 自动抽取·历史成交价·待甲方核对】
安宝公司,"割嘴 1-GPN 3#
产品号码6029",8.80,CNY,2024-01-04,,contract,来源文件：ziliao/安宝公司/M Haseeb  A.SH  106hc直通  80克/A.SH/AB241054 出口产品供需合同-一洲.xls（工作表 Sheet1 第 19 行；合同号 AB24 002；抬头需方 宁波安宝国际贸易有限公司；日期凭证：抬头签约时间）【tools/ziliao/extract_price_seeds.mjs 自动抽取·历史成交价·待甲方核对】
安宝公司,割嘴 1#-1-101 产品号码6024,11.80,CNY,2024-01-04,,contract,来源文件：ziliao/安宝公司/M Haseeb  A.SH  106hc直通  80克/A.SH/AB241054 出口产品供需合同-一洲.xls（工作表 Sheet1 第 16 行；合同号 AB24 002；抬头需方 宁波安宝国际贸易有限公司；日期凭证：抬头签约时间）【tools/ziliao/extract_price_seeds.mjs 自动抽取·历史成交价·待甲方核对】
安宝公司,割嘴 1#-3-101 产品号码6019,8.80,CNY,2024-01-04,,contract,来源文件：ziliao/安宝公司/M Haseeb  A.SH  106hc直通  80克/A.SH/AB241054 出口产品供需合同-一洲.xls（工作表 Sheet1 第 13 行；合同号 AB24 002；抬头需方 宁波安宝国际贸易有限公司；日期凭证：抬头签约时间）【tools/ziliao/extract_price_seeds.mjs 自动抽取·历史成交价·待甲方核对】
安宝公司,割嘴 2-3-GPN 产品号码6032,7.80,CNY,2024-01-04,,contract,来源文件：ziliao/安宝公司/M Haseeb  A.SH  106hc直通  80克/A.SH/AB241054 出口产品供需合同-一洲.xls（工作表 Sheet1 第 21 行；合同号 AB24 002；抬头需方 宁波安宝国际贸易有限公司；日期凭证：抬头签约时间）【tools/ziliao/extract_price_seeds.mjs 自动抽取·历史成交价·待甲方核对】
安宝公司,割嘴 2#-1-101 产品号码6025,11.80,CNY,2024-01-04,,contract,来源文件：ziliao/安宝公司/M Haseeb  A.SH  106hc直通  80克/A.SH/AB241054 出口产品供需合同-一洲.xls（工作表 Sheet1 第 17 行；合同号 AB24 002；抬头需方 宁波安宝国际贸易有限公司；日期凭证：抬头签约时间）【tools/ziliao/extract_price_seeds.mjs 自动抽取·历史成交价·待甲方核对】
安宝公司,割嘴 2#-3-101 产品号码6020,8.80,CNY,2024-01-04,,contract,来源文件：ziliao/安宝公司/M Haseeb  A.SH  106hc直通  80克/A.SH/AB241054 出口产品供需合同-一洲.xls（工作表 Sheet1 第 14 行；合同号 AB24 002；抬头需方 宁波安宝国际贸易有限公司；日期凭证：抬头签约时间）【tools/ziliao/extract_price_seeds.mjs 自动抽取·历史成交价·待甲方核对】
安宝公司,割嘴 3#-3-101 产品号码6021,8.80,CNY,2024-01-04,,contract,来源文件：ziliao/安宝公司/M Haseeb  A.SH  106hc直通  80克/A.SH/AB241054 出口产品供需合同-一洲.xls（工作表 Sheet1 第 15 行；合同号 AB24 002；抬头需方 宁波安宝国际贸易有限公司；日期凭证：抬头签约时间）【tools/ziliao/extract_price_seeds.mjs 自动抽取·历史成交价·待甲方核对】
安宝公司,割嘴 6290-1# 产品号码6010,8.80,CNY,2024-01-04,,contract,来源文件：ziliao/安宝公司/M Haseeb  A.SH  106hc直通  80克/A.SH/AB241054 出口产品供需合同-一洲.xls（工作表 Sheet1 第 10 行；合同号 AB24 002；抬头需方 宁波安宝国际贸易有限公司；日期凭证：抬头签约时间）【tools/ziliao/extract_price_seeds.mjs 自动抽取·历史成交价·待甲方核对】
安宝公司,割嘴 6290-3# 产品号码6012,8.80,CNY,2024-01-04,,contract,来源文件：ziliao/安宝公司/M Haseeb  A.SH  106hc直通  80克/A.SH/AB241054 出口产品供需合同-一洲.xls（工作表 Sheet1 第 11 行；合同号 AB24 002；抬头需方 宁波安宝国际贸易有限公司；日期凭证：抬头签约时间）【tools/ziliao/extract_price_seeds.mjs 自动抽取·历史成交价·待甲方核对】
安宝公司,割嘴 MC-12-1# 产品号码6003,14.00,CNY,2024-01-04,,contract,来源文件：ziliao/安宝公司/M Haseeb  A.SH  106hc直通  80克/A.SH/AB241054 出口产品供需合同-一洲.xls（工作表 Sheet1 第 8 行；合同号 AB24 002；抬头需方 宁波安宝国际贸易有限公司；日期凭证：抬头签约时间）【tools/ziliao/extract_price_seeds.mjs 自动抽取·历史成交价·待甲方核对】
安宝公司,割嘴 MC-12-2# 产品号码6004,14.00,CNY,2024-01-04,,contract,来源文件：ziliao/安宝公司/M Haseeb  A.SH  106hc直通  80克/A.SH/AB241054 出口产品供需合同-一洲.xls（工作表 Sheet1 第 9 行；合同号 AB24 002；抬头需方 宁波安宝国际贸易有限公司；日期凭证：抬头签约时间）【tools/ziliao/extract_price_seeds.mjs 自动抽取·历史成交价·待甲方核对】
安宝公司,割嘴 SC-12-2# 产品号码6001,14.50,CNY,2024-01-04,,contract,来源文件：ziliao/安宝公司/M Haseeb  A.SH  106hc直通  80克/A.SH/AB241054 出口产品供需合同-一洲.xls（工作表 Sheet1 第 7 行；合同号 AB24 002；抬头需方 宁波安宝国际贸易有限公司；日期凭证：抬头签约时间）【tools/ziliao/extract_price_seeds.mjs 自动抽取·历史成交价·待甲方核对】
安宝公司,2W-X11N 丙烷割嘴 G11 2#,12.50,CNY,2023-12-27,,contract,来源文件：ziliao/安宝公司/有焊嘴订单/订单/AB231276 出口产品供需合同-奉化一洲.xls（工作表 订单 第 7 行；合同号 AB23 1276返单AB22879；抬头需方 宁波安宝国际贸易有限公司；日期凭证：抬头签约时间）；包装：包装：按返单AB22104生产和包装【tools/ziliao/extract_price_seeds.mjs 自动抽取·历史成交价·待甲方核对】
安宝公司,"丙烷割嘴 GPN-1 71g
代码：4193",8.80,CNY,2023-12-20,,contract,"来源文件：ziliao/安宝公司/INFAR不干胶/INFRA合同/2023/ab231264 出口产品供需合同-奉化一洲.xls（工作表 Sheet1 第 9 行；合同号 AB23 1264返单AB23 1086；抬头需方 宁波安宝国际贸易有限公司；日期凭证：抬头签约时间）；包装：标贴尺寸：80x16mm
塑料盒盖用红色【tools/ziliao/extract_price_seeds.mjs 自动抽取·历史成交价·待甲方核对】"
安宝公司,"乙炔割嘴1-101-3 82g
代码：4192",11.80,CNY,2023-12-20,,contract,"来源文件：ziliao/安宝公司/INFAR不干胶/INFRA合同/2023/ab231264 出口产品供需合同-奉化一洲.xls（工作表 Sheet1 第 7 行；合同号 AB23 1264返单AB23 1086；抬头需方 宁波安宝国际贸易有限公司；日期凭证：抬头签约时间）；包装：标贴尺寸：80x16mm
塑料盒盖用黑色【tools/ziliao/extract_price_seeds.mjs 自动抽取·历史成交价·待甲方核对】"
安宝公司,"乙炔割嘴1-101-4 82g
代码：4196",11.80,CNY,2023-12-20,,contract,来源文件：ziliao/安宝公司/INFAR不干胶/INFRA合同/2023/ab231264 出口产品供需合同-奉化一洲.xls（工作表 Sheet1 第 8 行；合同号 AB23 1264返单AB23 1086；抬头需方 宁波安宝国际贸易有限公司；日期凭证：抬头签约时间）【tools/ziliao/extract_price_seeds.mjs 自动抽取·历史成交价·待甲方核对】
安宝公司,割嘴 1-101 #1 仿包装,12.00,CNY,2023-12-12,,contract,来源文件：ziliao/安宝公司/A. SH  AIR - OXY 里卡多/合同/2023/AB231210 出口产品供需合同-奉化一洲.xls（工作表 订单 第 7 行；合同号 AB23 1210返单AB23504；抬头需方 宁波安宝国际贸易有限公司；日期凭证：抬头签约时间）【tools/ziliao/extract_price_seeds.mjs 自动抽取·历史成交价·待甲方核对】
安宝公司,割嘴 1-101 #2 仿包装,12.00,CNY,2023-12-12,,contract,来源文件：ziliao/安宝公司/A. SH  AIR - OXY 里卡多/合同/2023/AB231210 出口产品供需合同-奉化一洲.xls（工作表 订单 第 8 行；合同号 AB23 1210返单AB23504；抬头需方 宁波安宝国际贸易有限公司；日期凭证：抬头签约时间）【tools/ziliao/extract_price_seeds.mjs 自动抽取·历史成交价·待甲方核对】
安宝公司,割嘴 1-101 #3 仿包装,12.00,CNY,2023-12-12,,contract,来源文件：ziliao/安宝公司/A. SH  AIR - OXY 里卡多/合同/2023/AB231210 出口产品供需合同-奉化一洲.xls（工作表 订单 第 9 行；合同号 AB23 1210返单AB23504；抬头需方 宁波安宝国际贸易有限公司；日期凭证：抬头签约时间）【tools/ziliao/extract_price_seeds.mjs 自动抽取·历史成交价·待甲方核对】
安宝公司,割嘴 1-101 #4 仿包装,12.00,CNY,2023-12-12,,contract,来源文件：ziliao/安宝公司/A. SH  AIR - OXY 里卡多/合同/2023/AB231210 出口产品供需合同-奉化一洲.xls（工作表 订单 第 10 行；合同号 AB23 1210返单AB23504；抬头需方 宁波安宝国际贸易有限公司；日期凭证：抬头签约时间）【tools/ziliao/extract_price_seeds.mjs 自动抽取·历史成交价·待甲方核对】
安宝公司,割嘴 1-101 #5 仿包装,12.00,CNY,2023-12-12,,contract,来源文件：ziliao/安宝公司/A. SH  AIR - OXY 里卡多/合同/2023/AB231210 出口产品供需合同-奉化一洲.xls（工作表 订单 第 11 行；合同号 AB23 1210返单AB23504；抬头需方 宁波安宝国际贸易有限公司；日期凭证：抬头签约时间）【tools/ziliao/extract_price_seeds.mjs 自动抽取·历史成交价·待甲方核对】
安宝公司,割嘴 GPN #0  塑料盖贴：GPN-0,8.80,CNY,2023-12-12,,contract,来源文件：ziliao/安宝公司/A. SH  AIR - OXY 里卡多/合同/2023/AB231210 出口产品供需合同-奉化一洲.xls（工作表 订单 第 22 行；合同号 AB23 1210返单AB23504；抬头需方 宁波安宝国际贸易有限公司；日期凭证：抬头签约时间）【tools/ziliao/extract_price_seeds.mjs 自动抽取·历史成交价·待甲方核对】
安宝公司,割嘴 GPN #00 仿包装,8.80,CNY,2023-12-12,,contract,来源文件：ziliao/安宝公司/A. SH  AIR - OXY 里卡多/合同/2023/AB231210 出口产品供需合同-奉化一洲.xls（工作表 订单 第 12 行；合同号 AB23 1210返单AB23504；抬头需方 宁波安宝国际贸易有限公司；日期凭证：抬头签约时间）【tools/ziliao/extract_price_seeds.mjs 自动抽取·历史成交价·待甲方核对】
安宝公司,割嘴 GPN #1  塑料盖贴：GPN-1,8.80,CNY,2023-12-12,,contract,来源文件：ziliao/安宝公司/A. SH  AIR - OXY 里卡多/合同/2023/AB231210 出口产品供需合同-奉化一洲.xls（工作表 订单 第 23 行；合同号 AB23 1210返单AB23504；抬头需方 宁波安宝国际贸易有限公司；日期凭证：抬头签约时间）【tools/ziliao/extract_price_seeds.mjs 自动抽取·历史成交价·待甲方核对】
安宝公司,割嘴 GPN #2  塑料盖贴：GPN-2,8.80,CNY,2023-12-12,,contract,来源文件：ziliao/安宝公司/A. SH  AIR - OXY 里卡多/合同/2023/AB231210 出口产品供需合同-奉化一洲.xls（工作表 订单 第 24 行；合同号 AB23 1210返单AB23504；抬头需方 宁波安宝国际贸易有限公司；日期凭证：抬头签约时间）【tools/ziliao/extract_price_seeds.mjs 自动抽取·历史成交价·待甲方核对】
安宝公司,割嘴 GPN #2 仿包装,8.80,CNY,2023-12-12,,contract,来源文件：ziliao/安宝公司/A. SH  AIR - OXY 里卡多/合同/2023/AB231210 出口产品供需合同-奉化一洲.xls（工作表 订单 第 13 行；合同号 AB23 1210返单AB23504；抬头需方 宁波安宝国际贸易有限公司；日期凭证：抬头签约时间）【tools/ziliao/extract_price_seeds.mjs 自动抽取·历史成交价·待甲方核对】
安宝公司,割嘴 GPN #3  塑料盖贴：GPN-3,8.80,CNY,2023-12-12,,contract,来源文件：ziliao/安宝公司/A. SH  AIR - OXY 里卡多/合同/2023/AB231210 出口产品供需合同-奉化一洲.xls（工作表 订单 第 25 行；合同号 AB23 1210返单AB23504；抬头需方 宁波安宝国际贸易有限公司；日期凭证：抬头签约时间）【tools/ziliao/extract_price_seeds.mjs 自动抽取·历史成交价·待甲方核对】
安宝公司,割嘴 GPN #4 仿包装,8.80,CNY,2023-12-12,,contract,来源文件：ziliao/安宝公司/A. SH  AIR - OXY 里卡多/合同/2023/AB231210 出口产品供需合同-奉化一洲.xls（工作表 订单 第 14 行；合同号 AB23 1210返单AB23504；抬头需方 宁波安宝国际贸易有限公司；日期凭证：抬头签约时间）【tools/ziliao/extract_price_seeds.mjs 自动抽取·历史成交价·待甲方核对】
安宝公司,割嘴 GPN #5 仿包装,8.80,CNY,2023-12-12,,contract,来源文件：ziliao/安宝公司/A. SH  AIR - OXY 里卡多/合同/2023/AB231210 出口产品供需合同-奉化一洲.xls（工作表 订单 第 15 行；合同号 AB23 1210返单AB23504；抬头需方 宁波安宝国际贸易有限公司；日期凭证：抬头签约时间）【tools/ziliao/extract_price_seeds.mjs 自动抽取·历史成交价·待甲方核对】
安宝公司,割嘴 GPN #6 仿包装,8.80,CNY,2023-12-12,,contract,来源文件：ziliao/安宝公司/A. SH  AIR - OXY 里卡多/合同/2023/AB231210 出口产品供需合同-奉化一洲.xls（工作表 订单 第 16 行；合同号 AB23 1210返单AB23504；抬头需方 宁波安宝国际贸易有限公司；日期凭证：抬头签约时间）【tools/ziliao/extract_price_seeds.mjs 自动抽取·历史成交价·待甲方核对】
安宝公司,割嘴 GPN #8  塑料盖贴：GPN-8,8.80,CNY,2023-12-12,,contract,来源文件：ziliao/安宝公司/A. SH  AIR - OXY 里卡多/合同/2023/AB231210 出口产品供需合同-奉化一洲.xls（工作表 订单 第 26 行；合同号 AB23 1210返单AB23504；抬头需方 宁波安宝国际贸易有限公司；日期凭证：抬头签约时间）【tools/ziliao/extract_price_seeds.mjs 自动抽取·历史成交价·待甲方核对】
安宝公司,"乙炔割嘴 1-101 #1
塑料盖贴：1-101 1",12.00,CNY,2023-12-12,,contract,来源文件：ziliao/安宝公司/A. SH  AIR - OXY 里卡多/合同/2023/AB231210 出口产品供需合同-奉化一洲.xls（工作表 订单 第 17 行；合同号 AB23 1210返单AB23504；抬头需方 宁波安宝国际贸易有限公司；日期凭证：抬头签约时间）【tools/ziliao/extract_price_seeds.mjs 自动抽取·历史成交价·待甲方核对】
安宝公司,"乙炔割嘴 1-101 #2
塑料盖贴：1-101 2",12.00,CNY,2023-12-12,,contract,来源文件：ziliao/安宝公司/A. SH  AIR - OXY 里卡多/合同/2023/AB231210 出口产品供需合同-奉化一洲.xls（工作表 订单 第 18 行；合同号 AB23 1210返单AB23504；抬头需方 宁波安宝国际贸易有限公司；日期凭证：抬头签约时间）【tools/ziliao/extract_price_seeds.mjs 自动抽取·历史成交价·待甲方核对】
安宝公司,"乙炔割嘴 1-101 #3
塑料盖贴：1-101 3",12.00,CNY,2023-12-12,,contract,来源文件：ziliao/安宝公司/A. SH  AIR - OXY 里卡多/合同/2023/AB231210 出口产品供需合同-奉化一洲.xls（工作表 订单 第 19 行；合同号 AB23 1210返单AB23504；抬头需方 宁波安宝国际贸易有限公司；日期凭证：抬头签约时间）【tools/ziliao/extract_price_seeds.mjs 自动抽取·历史成交价·待甲方核对】
安宝公司,"乙炔割嘴 1-101 #5
塑料盖贴：1-101 5",12.00,CNY,2023-12-12,,contract,来源文件：ziliao/安宝公司/A. SH  AIR - OXY 里卡多/合同/2023/AB231210 出口产品供需合同-奉化一洲.xls（工作表 订单 第 20 行；合同号 AB23 1210返单AB23504；抬头需方 宁波安宝国际贸易有限公司；日期凭证：抬头签约时间）【tools/ziliao/extract_price_seeds.mjs 自动抽取·历史成交价·待甲方核对】
安宝公司,"乙炔割嘴 1-101 #6
塑料盖贴：1-101 6",12.00,CNY,2023-12-12,,contract,来源文件：ziliao/安宝公司/A. SH  AIR - OXY 里卡多/合同/2023/AB231210 出口产品供需合同-奉化一洲.xls（工作表 订单 第 21 行；合同号 AB23 1210返单AB23504；抬头需方 宁波安宝国际贸易有限公司；日期凭证：抬头签约时间）【tools/ziliao/extract_price_seeds.mjs 自动抽取·历史成交价·待甲方核对】
安宝公司,"乙炔割嘴 164 #4
塑料盖贴：164-4",14.50,CNY,2023-12-12,,contract,来源文件：ziliao/安宝公司/A. SH  AIR - OXY 里卡多/合同/2023/AB231210 出口产品供需合同-奉化一洲.xls（工作表 订单 第 27 行；合同号 AB23 1210返单AB23504；抬头需方 宁波安宝国际贸易有限公司；日期凭证：抬头签约时间）【tools/ziliao/extract_price_seeds.mjs 自动抽取·历史成交价·待甲方核对】
安宝公司,PNME割嘴 229 #1 塑料盖贴：229-1,8.00,CNY,2023-12-12,,contract,"来源文件：ziliao/安宝公司/A. SH  AIR - OXY 里卡多/合同/2023/AB231210 出口产品供需合同-奉化一洲.xls（工作表 订单 第 28 行；合同号 AB23 1210返单AB23504；抬头需方 宁波安宝国际贸易有限公司；日期凭证：抬头签约时间）；包装：PNME嘴外套刻字是229及型号，东西是PNME标贴是229
按返单AB22 253【tools/ziliao/extract_price_seeds.mjs 自动抽取·历史成交价·待甲方核对】"
安宝公司,PNME割嘴 229 #3 塑料盖贴：229-3,8.00,CNY,2023-12-12,,contract,来源文件：ziliao/安宝公司/A. SH  AIR - OXY 里卡多/合同/2023/AB231210 出口产品供需合同-奉化一洲.xls（工作表 订单 第 29 行；合同号 AB23 1210返单AB23504；抬头需方 宁波安宝国际贸易有限公司；日期凭证：抬头签约时间）【tools/ziliao/extract_price_seeds.mjs 自动抽取·历史成交价·待甲方核对】
安宝公司,PNME割嘴 229 #4 塑料盖贴：229-4,8.00,CNY,2023-12-12,,contract,来源文件：ziliao/安宝公司/A. SH  AIR - OXY 里卡多/合同/2023/AB231210 出口产品供需合同-奉化一洲.xls（工作表 订单 第 30 行；合同号 AB23 1210返单AB23504；抬头需方 宁波安宝国际贸易有限公司；日期凭证：抬头签约时间）【tools/ziliao/extract_price_seeds.mjs 自动抽取·历史成交价·待甲方核对】
安宝公司,PNME割嘴 229 #5 塑料盖贴：229-5,8.00,CNY,2023-12-12,,contract,来源文件：ziliao/安宝公司/A. SH  AIR - OXY 里卡多/合同/2023/AB231210 出口产品供需合同-奉化一洲.xls（工作表 订单 第 31 行；合同号 AB23 1210返单AB23504；抬头需方 宁波安宝国际贸易有限公司；日期凭证：抬头签约时间）【tools/ziliao/extract_price_seeds.mjs 自动抽取·历史成交价·待甲方核对】
安宝公司,"乙炔割嘴 ANM 1# 
刻字内容：规格与型号
包装：常规-中性",12.50,CNY,2023-12-06,,contract,来源文件：ziliao/安宝公司/旧订单资料/REDIUS俄罗斯/DOKA PNM/DOKA 订单/ab231177 出口产品供需合同-一洲.xls（工作表 订单 第 7 行；合同号 AB23 1177返单AB23695；抬头需方 宁波安宝国际贸易有限公司；日期凭证：抬头签约时间）【tools/ziliao/extract_price_seeds.mjs 自动抽取·历史成交价·待甲方核对】
安宝公司,"乙炔割嘴 ANM 2# 
刻字内容：规格与型号
包装：常规-中性",12.50,CNY,2023-12-06,,contract,来源文件：ziliao/安宝公司/旧订单资料/REDIUS俄罗斯/DOKA PNM/DOKA 订单/ab231177 出口产品供需合同-一洲.xls（工作表 订单 第 8 行；合同号 AB23 1177返单AB23695；抬头需方 宁波安宝国际贸易有限公司；日期凭证：抬头签约时间）【tools/ziliao/extract_price_seeds.mjs 自动抽取·历史成交价·待甲方核对】
安宝公司,"澳大利亚款式乙炔 割嘴 41-12
刻字内容：如右图所示41  12",12.00,CNY,2023-11-30,,contract,"来源文件：ziliao/安宝公司/HARRIS 6290-2AC, 41 原装/41合同/ab231136 出口产品供需合同-奉化一洲.xls（工作表 订单 第 7 行；合同号 AB23 1136返单AB23717；抬头需方 宁波安宝国际贸易有限公司；日期凭证：抬头签约时间）；包装：散装：但需确保运输途中不能损坏。【tools/ziliao/extract_price_seeds.mjs 自动抽取·历史成交价·待甲方核对】"
安宝公司,"澳大利亚款式乙炔 割嘴 41-15
刻字内容如图所示41  15",12.00,CNY,2023-11-30,,contract,"来源文件：ziliao/安宝公司/HARRIS 6290-2AC, 41 原装/41合同/ab231136 出口产品供需合同-奉化一洲.xls（工作表 订单 第 8 行；合同号 AB23 1136返单AB23717；抬头需方 宁波安宝国际贸易有限公司；日期凭证：抬头签约时间）【tools/ziliao/extract_price_seeds.mjs 自动抽取·历史成交价·待甲方核对】"
安宝公司,"1502乙炔割嘴 #10
包装：塑料盒贴型号",12.80,CNY,2023-11-17,,contract,"来源文件：ziliao/安宝公司/Technical Welding 1502,1503/订单/AB231108 出口产品供需合同-奉化一洲.xls（工作表 订单 第 10 行；合同号 AB23 1108返单AB22990；抬头需方 宁波安宝国际贸易有限公司；日期凭证：抬头签约时间）【tools/ziliao/extract_price_seeds.mjs 自动抽取·历史成交价·待甲方核对】"
安宝公司,"1502乙炔割嘴 #12
包装：塑料盒贴型号",12.80,CNY,2023-11-17,,contract,"来源文件：ziliao/安宝公司/Technical Welding 1502,1503/订单/AB231108 出口产品供需合同-奉化一洲.xls（工作表 订单 第 11 行；合同号 AB23 1108返单AB22990；抬头需方 宁波安宝国际贸易有限公司；日期凭证：抬头签约时间）【tools/ziliao/extract_price_seeds.mjs 自动抽取·历史成交价·待甲方核对】"
安宝公司,"1502乙炔割嘴 #4
包装：塑料盒贴型号",12.80,CNY,2023-11-17,,contract,"来源文件：ziliao/安宝公司/Technical Welding 1502,1503/订单/AB231108 出口产品供需合同-奉化一洲.xls（工作表 订单 第 7 行；合同号 AB23 1108返单AB22990；抬头需方 宁波安宝国际贸易有限公司；日期凭证：抬头签约时间）【tools/ziliao/extract_price_seeds.mjs 自动抽取·历史成交价·待甲方核对】"
安宝公司,"1502乙炔割嘴 #6
包装：塑料盒贴型号",12.80,CNY,2023-11-17,,contract,"来源文件：ziliao/安宝公司/Technical Welding 1502,1503/订单/AB231108 出口产品供需合同-奉化一洲.xls（工作表 订单 第 8 行；合同号 AB23 1108返单AB22990；抬头需方 宁波安宝国际贸易有限公司；日期凭证：抬头签约时间）【tools/ziliao/extract_price_seeds.mjs 自动抽取·历史成交价·待甲方核对】"
安宝公司,"1502乙炔割嘴 #8
包装：塑料盒贴型号",12.80,CNY,2023-11-17,,contract,"来源文件：ziliao/安宝公司/Technical Welding 1502,1503/订单/AB231108 出口产品供需合同-奉化一洲.xls（工作表 订单 第 9 行；合同号 AB23 1108返单AB22990；抬头需方 宁波安宝国际贸易有限公司；日期凭证：抬头签约时间）【tools/ziliao/extract_price_seeds.mjs 自动抽取·历史成交价·待甲方核对】"
安宝公司,"1503丙烷割嘴 #10
包装：塑料盒贴型号",8.70,CNY,2023-11-17,,contract,"来源文件：ziliao/安宝公司/Technical Welding 1502,1503/订单/AB231108 出口产品供需合同-奉化一洲.xls（工作表 订单 第 15 行；合同号 AB23 1108返单AB22990；抬头需方 宁波安宝国际贸易有限公司；日期凭证：抬头签约时间）【tools/ziliao/extract_price_seeds.mjs 自动抽取·历史成交价·待甲方核对】"
安宝公司,"1503丙烷割嘴 #12
包装：塑料盒贴型号",8.70,CNY,2023-11-17,,contract,"来源文件：ziliao/安宝公司/Technical Welding 1502,1503/订单/AB231108 出口产品供需合同-奉化一洲.xls（工作表 订单 第 16 行；合同号 AB23 1108返单AB22990；抬头需方 宁波安宝国际贸易有限公司；日期凭证：抬头签约时间）【tools/ziliao/extract_price_seeds.mjs 自动抽取·历史成交价·待甲方核对】"
安宝公司,"1503丙烷割嘴 #4
包装：塑料盒贴型号",8.70,CNY,2023-11-17,,contract,"来源文件：ziliao/安宝公司/Technical Welding 1502,1503/订单/AB231108 出口产品供需合同-奉化一洲.xls（工作表 订单 第 12 行；合同号 AB23 1108返单AB22990；抬头需方 宁波安宝国际贸易有限公司；日期凭证：抬头签约时间）【tools/ziliao/extract_price_seeds.mjs 自动抽取·历史成交价·待甲方核对】"
安宝公司,"1503丙烷割嘴 #6
包装：塑料盒贴型号",8.70,CNY,2023-11-17,,contract,"来源文件：ziliao/安宝公司/Technical Welding 1502,1503/订单/AB231108 出口产品供需合同-奉化一洲.xls（工作表 订单 第 13 行；合同号 AB23 1108返单AB22990；抬头需方 宁波安宝国际贸易有限公司；日期凭证：抬头签约时间）【tools/ziliao/extract_price_seeds.mjs 自动抽取·历史成交价·待甲方核对】"
安宝公司,"1503丙烷割嘴 #8
包装：塑料盒贴型号",8.70,CNY,2023-11-17,,contract,"来源文件：ziliao/安宝公司/Technical Welding 1502,1503/订单/AB231108 出口产品供需合同-奉化一洲.xls（工作表 订单 第 14 行；合同号 AB23 1108返单AB22990；抬头需方 宁波安宝国际贸易有限公司；日期凭证：抬头签约时间）【tools/ziliao/extract_price_seeds.mjs 自动抽取·历史成交价·待甲方核对】"
安宝公司,"丙烷割嘴 GPN-1 71g
代码：4193",8.80,CNY,2023-11-17,,contract,"来源文件：ziliao/安宝公司/INFAR不干胶/INFRA合同/2023/ab231086 出口产品供需合同-奉化一洲.xls（工作表 Sheet1 第 16 行；合同号 AB23 1086返单AB23539；抬头需方 宁波安宝国际贸易有限公司；日期凭证：抬头签约时间）；包装：标贴尺寸：80x16mm
塑料盒盖用黑色【tools/ziliao/extract_price_seeds.mjs 自动抽取·历史成交价·待甲方核对】"
安宝公司,"丙烷割嘴 GPN-2 71g
代码：4194",8.80,CNY,2023-11-17,,contract,来源文件：ziliao/安宝公司/INFAR不干胶/INFRA合同/2023/ab231086 出口产品供需合同-奉化一洲.xls（工作表 Sheet1 第 17 行；合同号 AB23 1086返单AB23539；抬头需方 宁波安宝国际贸易有限公司；日期凭证：抬头签约时间）【tools/ziliao/extract_price_seeds.mjs 自动抽取·历史成交价·待甲方核对】
安宝公司,"丙烷割嘴 GPN-3 71g
代码：4195",8.80,CNY,2023-11-17,,contract,来源文件：ziliao/安宝公司/INFAR不干胶/INFRA合同/2023/ab231086 出口产品供需合同-奉化一洲.xls（工作表 Sheet1 第 18 行；合同号 AB23 1086返单AB23539；抬头需方 宁波安宝国际贸易有限公司；日期凭证：抬头签约时间）【tools/ziliao/extract_price_seeds.mjs 自动抽取·历史成交价·待甲方核对】
安宝公司,"乙炔割嘴1-101-2 82g
代码：4191",11.80,CNY,2023-11-17,,contract,"来源文件：ziliao/安宝公司/INFAR不干胶/INFRA合同/2023/ab231086 出口产品供需合同-奉化一洲.xls（工作表 Sheet1 第 14 行；合同号 AB23 1086返单AB23539；抬头需方 宁波安宝国际贸易有限公司；日期凭证：抬头签约时间）；包装：标贴尺寸：80x16mm
塑料盒盖用红色【tools/ziliao/extract_price_seeds.mjs 自动抽取·历史成交价·待甲方核对】"
安宝公司,"乙炔割嘴1-101-3 82g
代码：4192",11.80,CNY,2023-11-17,,contract,来源文件：ziliao/安宝公司/INFAR不干胶/INFRA合同/2023/ab231086 出口产品供需合同-奉化一洲.xls（工作表 Sheet1 第 15 行；合同号 AB23 1086返单AB23539；抬头需方 宁波安宝国际贸易有限公司；日期凭证：抬头签约时间）【tools/ziliao/extract_price_seeds.mjs 自动抽取·历史成交价·待甲方核对】
安宝公司,"HARRIS 丙烷割嘴6290-NX-0 53g
代码：4184",6.10,CNY,2023-11-17,,contract,"来源文件：ziliao/安宝公司/INFAR不干胶/INFRA合同/2023/ab231086 出口产品供需合同-奉化一洲.xls（工作表 Sheet1 第 10 行；合同号 AB23 1086返单AB23539；抬头需方 宁波安宝国际贸易有限公司；日期凭证：抬头签约时间）；包装：标贴尺寸：80x16mm
塑料盒盖用黑色【tools/ziliao/extract_price_seeds.mjs 自动抽取·历史成交价·待甲方核对】"
安宝公司,"HARRIS 丙烷割嘴6290-NX-1 53g
代码：4186",6.10,CNY,2023-11-17,,contract,来源文件：ziliao/安宝公司/INFAR不干胶/INFRA合同/2023/ab231086 出口产品供需合同-奉化一洲.xls（工作表 Sheet1 第 11 行；合同号 AB23 1086返单AB23539；抬头需方 宁波安宝国际贸易有限公司；日期凭证：抬头签约时间）【tools/ziliao/extract_price_seeds.mjs 自动抽取·历史成交价·待甲方核对】
安宝公司,"HARRIS 丙烷割嘴6290-NX-2 53g
代码：4187",6.10,CNY,2023-11-17,,contract,来源文件：ziliao/安宝公司/INFAR不干胶/INFRA合同/2023/ab231086 出口产品供需合同-奉化一洲.xls（工作表 Sheet1 第 12 行；合同号 AB23 1086返单AB23539；抬头需方 宁波安宝国际贸易有限公司；日期凭证：抬头签约时间）【tools/ziliao/extract_price_seeds.mjs 自动抽取·历史成交价·待甲方核对】
安宝公司,"HARRIS 丙烷割嘴6290-NX-3 53g
代码：4188",6.10,CNY,2023-11-17,,contract,来源文件：ziliao/安宝公司/INFAR不干胶/INFRA合同/2023/ab231086 出口产品供需合同-奉化一洲.xls（工作表 Sheet1 第 13 行；合同号 AB23 1086返单AB23539；抬头需方 宁波安宝国际贸易有限公司；日期凭证：抬头签约时间）【tools/ziliao/extract_price_seeds.mjs 自动抽取·历史成交价·待甲方核对】
安宝公司,"HARRIS 乙炔割嘴6290-1 55g
代码：4208",8.80,CNY,2023-11-17,,contract,"来源文件：ziliao/安宝公司/INFAR不干胶/INFRA合同/2023/ab231086 出口产品供需合同-奉化一洲.xls（工作表 Sheet1 第 19 行；合同号 AB23 1086返单AB23539；抬头需方 宁波安宝国际贸易有限公司；日期凭证：抬头签约时间）；包装：标贴尺寸：80x16mm
塑料盒盖用红色【tools/ziliao/extract_price_seeds.mjs 自动抽取·历史成交价·待甲方核对】"
安宝公司,"HARRIS 乙炔割嘴6290-2 55g
代码：4210",8.80,CNY,2023-11-17,,contract,来源文件：ziliao/安宝公司/INFAR不干胶/INFRA合同/2023/ab231086 出口产品供需合同-奉化一洲.xls（工作表 Sheet1 第 20 行；合同号 AB23 1086返单AB23539；抬头需方 宁波安宝国际贸易有限公司；日期凭证：抬头签约时间）【tools/ziliao/extract_price_seeds.mjs 自动抽取·历史成交价·待甲方核对】
安宝公司,"HARRIS 乙炔割嘴6290-3 55g
代码：4227",8.80,CNY,2023-11-17,,contract,来源文件：ziliao/安宝公司/INFAR不干胶/INFRA合同/2023/ab231086 出口产品供需合同-奉化一洲.xls（工作表 Sheet1 第 21 行；合同号 AB23 1086返单AB23539；抬头需方 宁波安宝国际贸易有限公司；日期凭证：抬头签约时间）【tools/ziliao/extract_price_seeds.mjs 自动抽取·历史成交价·待甲方核对】
安宝公司,"smith 丙烷割嘴 SC-50-A-3 93g
代码：4161",12.30,CNY,2023-11-17,,contract,"来源文件：ziliao/安宝公司/INFAR不干胶/INFRA合同/2023/ab231086 出口产品供需合同-奉化一洲.xls（工作表 Sheet1 第 7 行；合同号 AB23 1086返单AB23539；抬头需方 宁波安宝国际贸易有限公司；日期凭证：抬头签约时间）；包装：标贴尺寸：80x16mm
塑料盒盖用黑色【tools/ziliao/extract_price_seeds.mjs 自动抽取·历史成交价·待甲方核对】"
安宝公司,"smith 丙烷割嘴 SC-50-A-4 93g
代码：4162",12.30,CNY,2023-11-17,,contract,来源文件：ziliao/安宝公司/INFAR不干胶/INFRA合同/2023/ab231086 出口产品供需合同-奉化一洲.xls（工作表 Sheet1 第 8 行；合同号 AB23 1086返单AB23539；抬头需方 宁波安宝国际贸易有限公司；日期凭证：抬头签约时间）【tools/ziliao/extract_price_seeds.mjs 自动抽取·历史成交价·待甲方核对】
安宝公司,"smith 丙烷割嘴 SC-50-A-5 93g
代码：4163",12.30,CNY,2023-11-17,,contract,来源文件：ziliao/安宝公司/INFAR不干胶/INFRA合同/2023/ab231086 出口产品供需合同-奉化一洲.xls（工作表 Sheet1 第 9 行；合同号 AB23 1086返单AB23539；抬头需方 宁波安宝国际贸易有限公司；日期凭证：抬头签约时间）【tools/ziliao/extract_price_seeds.mjs 自动抽取·历史成交价·待甲方核对】
安宝公司,"割嘴 G1-P 16/10"" 重78g",8.80,CNY,2023-11-15,,contract,来源文件：ziliao/安宝公司/G1-P/G1-P彩盒/ab231095 出口产品供需合同-奉化一洲.xls（工作表 Sheet1 第 7 行；合同号 AB23 1095返单AB22054；抬头需方 宁波安宝国际贸易有限公司；日期凭证：抬头签约时间）【tools/ziliao/extract_price_seeds.mjs 自动抽取·历史成交价·待甲方核对】
安宝公司,"割嘴 G1-P 20/10"" 重78g",8.80,CNY,2023-11-15,,contract,来源文件：ziliao/安宝公司/G1-P/G1-P彩盒/ab231095 出口产品供需合同-奉化一洲.xls（工作表 Sheet1 第 8 行；合同号 AB23 1095返单AB22054；抬头需方 宁波安宝国际贸易有限公司；日期凭证：抬头签约时间）【tools/ziliao/extract_price_seeds.mjs 自动抽取·历史成交价·待甲方核对】
安宝公司,"割嘴 G1-P 25/10"" 重78g",8.80,CNY,2023-11-15,,contract,来源文件：ziliao/安宝公司/G1-P/G1-P彩盒/ab231095 出口产品供需合同-奉化一洲.xls（工作表 Sheet1 第 9 行；合同号 AB23 1095返单AB22054；抬头需方 宁波安宝国际贸易有限公司；日期凭证：抬头签约时间）【tools/ziliao/extract_price_seeds.mjs 自动抽取·历史成交价·待甲方核对】
安宝公司,"丙烷割嘴 PNM-#1内嘴 (切割厚度0to30mm)
配R3P-3-500三根管子 内嘴刻字：1

包装：PP袋1只/袋 50只1盒 200只1箱",3.35,CNY,2023-11-10,,contract,来源文件：ziliao/安宝公司/旧订单资料/REDIUS俄罗斯/FOOB/ab231082 出口产品供需合同-一洲.xls（工作表 Sheet1 第 9 行；合同号 AB23 1082返单AB23537；抬头需方 宁波安宝国际贸易有限公司；日期凭证：抬头签约时间）【tools/ziliao/extract_price_seeds.mjs 自动抽取·历史成交价·待甲方核对】
安宝公司,"丙烷割嘴 PNM-#2内嘴 (切割厚度 30to50mm)
配R3P-3-500三根管子 内嘴刻字：2

包装：PP袋1只/袋 50只1盒 200只1箱",3.35,CNY,2023-11-10,,contract,来源文件：ziliao/安宝公司/旧订单资料/REDIUS俄罗斯/FOOB/ab231082 出口产品供需合同-一洲.xls（工作表 Sheet1 第 10 行；合同号 AB23 1082返单AB23537；抬头需方 宁波安宝国际贸易有限公司；日期凭证：抬头签约时间）【tools/ziliao/extract_price_seeds.mjs 自动抽取·历史成交价·待甲方核对】
安宝公司,"丙烷割嘴 PNM-#3内嘴 (切割厚度 50to100mm)
配R3P-3-500三根管子 内嘴刻字：3

包装：PP袋1只/袋 50只1盒 200只1箱",3.35,CNY,2023-11-10,,contract,来源文件：ziliao/安宝公司/旧订单资料/REDIUS俄罗斯/FOOB/ab231082 出口产品供需合同-一洲.xls（工作表 Sheet1 第 11 行；合同号 AB23 1082返单AB23537；抬头需方 宁波安宝国际贸易有限公司；日期凭证：抬头签约时间）【tools/ziliao/extract_price_seeds.mjs 自动抽取·历史成交价·待甲方核对】
安宝公司,"丙烷割嘴 PNM-#4内嘴 (切割厚度 100to150mm)
配R3P-3-500三根管子 内嘴刻字：4

包装：PP袋1只/袋 50只1盒 200只1箱",3.35,CNY,2023-11-10,,contract,来源文件：ziliao/安宝公司/旧订单资料/REDIUS俄罗斯/FOOB/ab231082 出口产品供需合同-一洲.xls（工作表 Sheet1 第 12 行；合同号 AB23 1082返单AB23537；抬头需方 宁波安宝国际贸易有限公司；日期凭证：抬头签约时间）【tools/ziliao/extract_price_seeds.mjs 自动抽取·历史成交价·待甲方核对】
安宝公司,"丙烷割嘴 PNM-#5内嘴
配R3P-3-500三根管子 内嘴刻字：5

包装：PP袋1只/袋 50只1盒 200只1箱",3.35,CNY,2023-11-10,,contract,来源文件：ziliao/安宝公司/旧订单资料/REDIUS俄罗斯/FOOB/ab231082 出口产品供需合同-一洲.xls（工作表 Sheet1 第 13 行；合同号 AB23 1082返单AB23537；抬头需方 宁波安宝国际贸易有限公司；日期凭证：抬头签约时间）【tools/ziliao/extract_price_seeds.mjs 自动抽取·历史成交价·待甲方核对】
安宝公司,"丙烷割嘴 PNM-#6内嘴
配R3P-3-500三根管子 内嘴刻字：6

包装：PP袋1只/袋 50只1盒 200只1箱",3.35,CNY,2023-11-10,,contract,来源文件：ziliao/安宝公司/旧订单资料/REDIUS俄罗斯/FOOB/ab231082 出口产品供需合同-一洲.xls（工作表 Sheet1 第 14 行；合同号 AB23 1082返单AB23537；抬头需方 宁波安宝国际贸易有限公司；日期凭证：抬头签约时间）【tools/ziliao/extract_price_seeds.mjs 自动抽取·历史成交价·待甲方核对】
安宝公司,"丙烷割嘴 PNM1外嘴 刻字：PNM 1
配R3P-3-500三根管子(配上述内嘴1#、2#、 3#)
包装：PP袋1只/袋 50只1盒 200只1箱",3.35,CNY,2023-11-10,,contract,来源文件：ziliao/安宝公司/旧订单资料/REDIUS俄罗斯/FOOB/ab231082 出口产品供需合同-一洲.xls（工作表 Sheet1 第 15 行；合同号 AB23 1082返单AB23537；抬头需方 宁波安宝国际贸易有限公司；日期凭证：抬头签约时间）【tools/ziliao/extract_price_seeds.mjs 自动抽取·历史成交价·待甲方核对】
安宝公司,"丙烷割嘴 PNM2外嘴 刻字：PNM 2
配R3P-3-500三根管子(配上述内嘴1#、2#、 3#)
包装：PP袋1只/袋 50只1盒 200只1箱",3.35,CNY,2023-11-10,,contract,来源文件：ziliao/安宝公司/旧订单资料/REDIUS俄罗斯/FOOB/ab231082 出口产品供需合同-一洲.xls（工作表 Sheet1 第 16 行；合同号 AB23 1082返单AB23537；抬头需方 宁波安宝国际贸易有限公司；日期凭证：抬头签约时间）【tools/ziliao/extract_price_seeds.mjs 自动抽取·历史成交价·待甲方核对】
安宝公司,"丙烷割嘴 PNME 3/64"" 重74克

包装：PP袋1只/袋 50只1盒 200只1箱",7.20,CNY,2023-11-10,,contract,来源文件：ziliao/安宝公司/旧订单资料/REDIUS俄罗斯/FOOB/ab231082 出口产品供需合同-一洲.xls（工作表 Sheet1 第 8 行；合同号 AB23 1082返单AB23537；抬头需方 宁波安宝国际贸易有限公司；日期凭证：抬头签约时间）【tools/ziliao/extract_price_seeds.mjs 自动抽取·历史成交价·待甲方核对】
安宝公司,"丙烷割嘴 PNME 3/64"" 重74克
刻字：中性

包装：PP袋1只/袋 50只1盒 200只1箱",7.20,CNY,2023-11-10,,contract,来源文件：ziliao/安宝公司/旧订单资料/REDIUS俄罗斯/FOOB/ab231082 出口产品供需合同-一洲.xls（工作表 Sheet1 第 7 行；合同号 AB23 1082返单AB23537；抬头需方 宁波安宝国际贸易有限公司；日期凭证：抬头签约时间）【tools/ziliao/extract_price_seeds.mjs 自动抽取·历史成交价·待甲方核对】
安宝公司,WS10111乙炔割嘴 101-1-1,11.80,CNY,2023-11-07,,contract,"来源文件：ziliao/安宝公司/INFAR不干胶/INFRA合同/2023/AB231061 出口产品供需合同-奉化一洲(1).xls（工作表 Sheet2 第 14 行；合同号 AB23 1061返单AB23341；抬头需方 宁波安宝国际贸易有限公司；日期凭证：抬头签约时间）；包装：标贴尺寸：80x16mm
塑料盒盖用 红色【tools/ziliao/extract_price_seeds.mjs 自动抽取·历史成交价·待甲方核对】"
安宝公司,WS62900乙炔割嘴 6290-0,8.80,CNY,2023-11-07,,contract,"来源文件：ziliao/安宝公司/INFAR不干胶/INFRA合同/2023/AB231061 出口产品供需合同-奉化一洲(1).xls（工作表 Sheet2 第 7 行；合同号 AB23 1061返单AB23341；抬头需方 宁波安宝国际贸易有限公司；日期凭证：抬头签约时间）；包装：标贴尺寸：80x16mm
塑料盒盖用 红色【tools/ziliao/extract_price_seeds.mjs 自动抽取·历史成交价·待甲方核对】"
安宝公司,WS62901乙炔割嘴 6290-1,8.80,CNY,2023-11-07,,contract,来源文件：ziliao/安宝公司/INFAR不干胶/INFRA合同/2023/AB231061 出口产品供需合同-奉化一洲(1).xls（工作表 Sheet2 第 8 行；合同号 AB23 1061返单AB23341；抬头需方 宁波安宝国际贸易有限公司；日期凭证：抬头签约时间）【tools/ziliao/extract_price_seeds.mjs 自动抽取·历史成交价·待甲方核对】
安宝公司,WS62902乙炔割嘴 6290-2,8.80,CNY,2023-11-07,,contract,来源文件：ziliao/安宝公司/INFAR不干胶/INFRA合同/2023/AB231061 出口产品供需合同-奉化一洲(1).xls（工作表 Sheet2 第 9 行；合同号 AB23 1061返单AB23341；抬头需方 宁波安宝国际贸易有限公司；日期凭证：抬头签约时间）【tools/ziliao/extract_price_seeds.mjs 自动抽取·历史成交价·待甲方核对】
安宝公司,WS62903乙炔割嘴 6290-3,8.80,CNY,2023-11-07,,contract,来源文件：ziliao/安宝公司/INFAR不干胶/INFRA合同/2023/AB231061 出口产品供需合同-奉化一洲(1).xls（工作表 Sheet2 第 10 行；合同号 AB23 1061返单AB23341；抬头需方 宁波安宝国际贸易有限公司；日期凭证：抬头签约时间）【tools/ziliao/extract_price_seeds.mjs 自动抽取·历史成交价·待甲方核对】
安宝公司,WS62904乙炔割嘴 6290-4,8.80,CNY,2023-11-07,,contract,来源文件：ziliao/安宝公司/INFAR不干胶/INFRA合同/2023/AB231061 出口产品供需合同-奉化一洲(1).xls（工作表 Sheet2 第 11 行；合同号 AB23 1061返单AB23341；抬头需方 宁波安宝国际贸易有限公司；日期凭证：抬头签约时间）【tools/ziliao/extract_price_seeds.mjs 自动抽取·历史成交价·待甲方核对】
安宝公司,WS6290NX0丙烷割嘴 6290-NX-0,6.10,CNY,2023-11-07,,contract,"来源文件：ziliao/安宝公司/INFAR不干胶/INFRA合同/2023/AB231061 出口产品供需合同-奉化一洲(1).xls（工作表 Sheet2 第 15 行；合同号 AB23 1061返单AB23341；抬头需方 宁波安宝国际贸易有限公司；日期凭证：抬头签约时间）；包装：标贴尺寸：80x16mm
塑料盒盖用 深蓝色【tools/ziliao/extract_price_seeds.mjs 自动抽取·历史成交价·待甲方核对】"
安宝公司,WS6290NX1丙烷割嘴 6290-NX-1,6.10,CNY,2023-11-07,,contract,来源文件：ziliao/安宝公司/INFAR不干胶/INFRA合同/2023/AB231061 出口产品供需合同-奉化一洲(1).xls（工作表 Sheet2 第 16 行；合同号 AB23 1061返单AB23341；抬头需方 宁波安宝国际贸易有限公司；日期凭证：抬头签约时间）【tools/ziliao/extract_price_seeds.mjs 自动抽取·历史成交价·待甲方核对】
安宝公司,WS6290NX2丙烷割嘴 6290-NX-2,6.10,CNY,2023-11-07,,contract,来源文件：ziliao/安宝公司/INFAR不干胶/INFRA合同/2023/AB231061 出口产品供需合同-奉化一洲(1).xls（工作表 Sheet2 第 17 行；合同号 AB23 1061返单AB23341；抬头需方 宁波安宝国际贸易有限公司；日期凭证：抬头签约时间）【tools/ziliao/extract_price_seeds.mjs 自动抽取·历史成交价·待甲方核对】
安宝公司,WS6290NX3丙烷割嘴 6290-NX-3,6.10,CNY,2023-11-07,,contract,来源文件：ziliao/安宝公司/INFAR不干胶/INFRA合同/2023/AB231061 出口产品供需合同-奉化一洲(1).xls（工作表 Sheet2 第 18 行；合同号 AB23 1061返单AB23341；抬头需方 宁波安宝国际贸易有限公司；日期凭证：抬头签约时间）【tools/ziliao/extract_price_seeds.mjs 自动抽取·历史成交价·待甲方核对】
安宝公司,WS6290NX4丙烷割嘴 6290-NX-4,6.10,CNY,2023-11-07,,contract,来源文件：ziliao/安宝公司/INFAR不干胶/INFRA合同/2023/AB231061 出口产品供需合同-奉化一洲(1).xls（工作表 Sheet2 第 19 行；合同号 AB23 1061返单AB23341；抬头需方 宁波安宝国际贸易有限公司；日期凭证：抬头签约时间）【tools/ziliao/extract_price_seeds.mjs 自动抽取·历史成交价·待甲方核对】
安宝公司,WSSC122乙炔割嘴 SC-12-2,14.70,CNY,2023-11-07,,contract,"来源文件：ziliao/安宝公司/Weldsolutions不干胶/合同/2023/ab231061 出口产品供需合同-奉化一洲.xls（工作表 Sheet2 第 12 行；合同号 AB23 1061返单AB23341；抬头需方 宁波安宝国际贸易有限公司；日期凭证：抬头签约时间）；包装：标贴尺寸：80x16mm
塑料盒盖用 红色【tools/ziliao/extract_price_seeds.mjs 自动抽取·历史成交价·待甲方核对】"
安宝公司,WSSC123乙炔割嘴 SC-12-3,14.70,CNY,2023-11-07,,contract,来源文件：ziliao/安宝公司/Weldsolutions不干胶/合同/2023/ab231061 出口产品供需合同-奉化一洲.xls（工作表 Sheet2 第 13 行；合同号 AB23 1061返单AB23341；抬头需方 宁波安宝国际贸易有限公司；日期凭证：抬头签约时间）【tools/ziliao/extract_price_seeds.mjs 自动抽取·历史成交价·待甲方核对】
安宝公司,"割嘴 0#-3-101
产品型号RCTV-3101-0",10.00,CNY,2023-10-24,,contract,来源文件：ziliao/安宝公司/美国FRONNY/泡壳包装文件/泡壳订单/ab231013 出口产品供需合同-一洲po61663.xls（工作表 订单 第 8 行；合同号 AB231013返单AB23709；抬头需方 宁波安宝国际贸易有限公司；日期凭证：抬头签约时间）【tools/ziliao/extract_price_seeds.mjs 自动抽取·历史成交价·待甲方核对】
安宝公司,"割嘴 00#-3-101
产品型号RCTV-3101-00",10.00,CNY,2023-10-24,,contract,来源文件：ziliao/安宝公司/美国FRONNY/泡壳包装文件/泡壳订单/ab231013 出口产品供需合同-一洲po61663.xls（工作表 订单 第 7 行；合同号 AB231013返单AB23709；抬头需方 宁波安宝国际贸易有限公司；日期凭证：抬头签约时间）；包装：包装：先装塑料盒+再纸卡+最后热封【tools/ziliao/extract_price_seeds.mjs 自动抽取·历史成交价·待甲方核对】
安宝公司,"割嘴 1#-3-101
产品型号RCTV-3101-1",10.00,CNY,2023-10-24,,contract,来源文件：ziliao/安宝公司/美国FRONNY/泡壳包装文件/泡壳订单/ab231013 出口产品供需合同-一洲po61663.xls（工作表 订单 第 9 行；合同号 AB231013返单AB23709；抬头需方 宁波安宝国际贸易有限公司；日期凭证：抬头签约时间）【tools/ziliao/extract_price_seeds.mjs 自动抽取·历史成交价·待甲方核对】
安宝公司,"victor乙炔割嘴 101-0# 
刻字：VICTOR 0-1-101",12.00,CNY,2023-10-16,,contract,来源文件：ziliao/安宝公司/M Haseeb  A.SH  106hc直通  80克/M Haseeb/ab23977 出口产品供需合同-奉化一洲.xls（工作表 订单 第 8 行；合同号 AB23977返单AB22831；抬头需方 宁波安宝国际贸易有限公司；日期凭证：抬头签约时间）【tools/ziliao/extract_price_seeds.mjs 自动抽取·历史成交价·待甲方核对】
安宝公司,"victor乙炔割嘴 101-00# 
刻字：VICTOR 00-1-101",12.00,CNY,2023-10-16,,contract,"来源文件：ziliao/安宝公司/M Haseeb  A.SH  106hc直通  80克/M Haseeb/ab23977 出口产品供需合同-奉化一洲.xls（工作表 订单 第 7 行；合同号 AB23977返单AB22831；抬头需方 宁波安宝国际贸易有限公司；日期凭证：抬头签约时间）；包装：包装：
VICTOR塑料盒+不干胶，
如下图【tools/ziliao/extract_price_seeds.mjs 自动抽取·历史成交价·待甲方核对】"
安宝公司,"victor乙炔割嘴 101-1# 
刻字：VICTOR 1-1-101",12.00,CNY,2023-10-16,,contract,来源文件：ziliao/安宝公司/M Haseeb  A.SH  106hc直通  80克/M Haseeb/ab23977 出口产品供需合同-奉化一洲.xls（工作表 订单 第 9 行；合同号 AB23977返单AB22831；抬头需方 宁波安宝国际贸易有限公司；日期凭证：抬头签约时间）【tools/ziliao/extract_price_seeds.mjs 自动抽取·历史成交价·待甲方核对】
安宝公司,"victor乙炔割嘴 101-2# 
刻字：VICTOR 2-1-101",12.00,CNY,2023-10-16,,contract,来源文件：ziliao/安宝公司/M Haseeb  A.SH  106hc直通  80克/M Haseeb/ab23977 出口产品供需合同-奉化一洲.xls（工作表 订单 第 10 行；合同号 AB23977返单AB22831；抬头需方 宁波安宝国际贸易有限公司；日期凭证：抬头签约时间）【tools/ziliao/extract_price_seeds.mjs 自动抽取·历史成交价·待甲方核对】
安宝公司,"victor乙炔割嘴 101-3# 
刻字：VICTOR 3-1-101",12.00,CNY,2023-10-16,,contract,来源文件：ziliao/安宝公司/M Haseeb  A.SH  106hc直通  80克/M Haseeb/ab23977 出口产品供需合同-奉化一洲.xls（工作表 订单 第 11 行；合同号 AB23977返单AB22831；抬头需方 宁波安宝国际贸易有限公司；日期凭证：抬头签约时间）【tools/ziliao/extract_price_seeds.mjs 自动抽取·历史成交价·待甲方核对】
安宝公司,"victor乙炔割嘴 101-4# 
刻字：VICTOR 4-1-101",12.00,CNY,2023-10-16,,contract,来源文件：ziliao/安宝公司/M Haseeb  A.SH  106hc直通  80克/M Haseeb/ab23977 出口产品供需合同-奉化一洲.xls（工作表 订单 第 12 行；合同号 AB23977返单AB22831；抬头需方 宁波安宝国际贸易有限公司；日期凭证：抬头签约时间）【tools/ziliao/extract_price_seeds.mjs 自动抽取·历史成交价·待甲方核对】
安宝公司,"victor乙炔割嘴 101-5# 
刻字：VICTOR 5-1-101",12.00,CNY,2023-10-16,,contract,来源文件：ziliao/安宝公司/M Haseeb  A.SH  106hc直通  80克/M Haseeb/ab23977 出口产品供需合同-奉化一洲.xls（工作表 订单 第 13 行；合同号 AB23977返单AB22831；抬头需方 宁波安宝国际贸易有限公司；日期凭证：抬头签约时间）【tools/ziliao/extract_price_seeds.mjs 自动抽取·历史成交价·待甲方核对】
安宝公司,KOIKE割嘴 102HC  #3,13.80,CNY,2023-09-27,,contract,"来源文件：ziliao/安宝公司/106D7,102HC发商丘/AB23915 出口产品供需合同-奉化一洲.xls（工作表 Sheet3 第 7 行；合同号 AB23915返单AB23807；抬头需方 宁波安宝国际贸易有限公司；日期凭证：抬头签约时间）；包装：包装要求：泡壳+彩卡
10只1盒
绿色Koike彩盒如下图所示【tools/ziliao/extract_price_seeds.mjs 自动抽取·历史成交价·待甲方核对】"
安宝公司,KOIKE割嘴 102HC  #5,13.80,CNY,2023-09-27,,contract,"来源文件：ziliao/安宝公司/106D7,102HC发商丘/AB23915 出口产品供需合同-奉化一洲.xls（工作表 Sheet3 第 8 行；合同号 AB23915返单AB23807；抬头需方 宁波安宝国际贸易有限公司；日期凭证：抬头签约时间）【tools/ziliao/extract_price_seeds.mjs 自动抽取·历史成交价·待甲方核对】"
安宝公司,"丙烷割嘴 GPN-1 71g
代码：4193",8.50,CNY,2023-08-23,,contract,"来源文件：ziliao/安宝公司/INFAR不干胶/INFRA合同/2023/ab23806 出口产品供需合同-奉化一洲.xls（工作表 Sheet1 第 20 行；合同号 AB23806返单AB23539；抬头需方 宁波安宝国际贸易有限公司；日期凭证：抬头签约时间）；包装：标贴尺寸：80x16mm
塑料盒盖用黑色【tools/ziliao/extract_price_seeds.mjs 自动抽取·历史成交价·待甲方核对】"
安宝公司,"丙烷割嘴 GPN-2 71g
代码：4194",8.50,CNY,2023-08-23,,contract,来源文件：ziliao/安宝公司/INFAR不干胶/INFRA合同/2023/ab23806 出口产品供需合同-奉化一洲.xls（工作表 Sheet1 第 21 行；合同号 AB23806返单AB23539；抬头需方 宁波安宝国际贸易有限公司；日期凭证：抬头签约时间）【tools/ziliao/extract_price_seeds.mjs 自动抽取·历史成交价·待甲方核对】
安宝公司,"乙炔割嘴1-101-3 82g
代码：4192",11.50,CNY,2023-08-23,,contract,"来源文件：ziliao/安宝公司/INFAR不干胶/INFRA合同/2023/ab23806 出口产品供需合同-奉化一洲.xls（工作表 Sheet1 第 19 行；合同号 AB23806返单AB23539；抬头需方 宁波安宝国际贸易有限公司；日期凭证：抬头签约时间）；包装：标贴尺寸：80x16mm
塑料盒盖用红色【tools/ziliao/extract_price_seeds.mjs 自动抽取·历史成交价·待甲方核对】"
安宝公司,"HARRIS 丙烷割嘴6290-NX-0 53g
代码：4184",6.00,CNY,2023-08-23,,contract,"来源文件：ziliao/安宝公司/INFAR不干胶/INFRA合同/2023/ab23806 出口产品供需合同-奉化一洲.xls（工作表 Sheet1 第 15 行；合同号 AB23806返单AB23539；抬头需方 宁波安宝国际贸易有限公司；日期凭证：抬头签约时间）；包装：标贴尺寸：80x16mm
塑料盒盖用黑色【tools/ziliao/extract_price_seeds.mjs 自动抽取·历史成交价·待甲方核对】"
安宝公司,"HARRIS 丙烷割嘴6290-NX-1 53g
代码：4186",6.00,CNY,2023-08-23,,contract,来源文件：ziliao/安宝公司/INFAR不干胶/INFRA合同/2023/ab23806 出口产品供需合同-奉化一洲.xls（工作表 Sheet1 第 16 行；合同号 AB23806返单AB23539；抬头需方 宁波安宝国际贸易有限公司；日期凭证：抬头签约时间）【tools/ziliao/extract_price_seeds.mjs 自动抽取·历史成交价·待甲方核对】
安宝公司,"HARRIS 丙烷割嘴6290-NX-2 53g
代码：4187",6.00,CNY,2023-08-23,,contract,来源文件：ziliao/安宝公司/INFAR不干胶/INFRA合同/2023/ab23806 出口产品供需合同-奉化一洲.xls（工作表 Sheet1 第 17 行；合同号 AB23806返单AB23539；抬头需方 宁波安宝国际贸易有限公司；日期凭证：抬头签约时间）【tools/ziliao/extract_price_seeds.mjs 自动抽取·历史成交价·待甲方核对】
安宝公司,"HARRIS 丙烷割嘴6290-NX-3 53g
代码：4188",6.00,CNY,2023-08-23,,contract,"来源文件：ziliao/安宝公司/INFAR不干胶/INFRA合同/2023/ab23806 出口产品供需合同-奉化一洲.xls（工作表 Sheet1 第 18 行；合同号 AB23806返单AB23539；抬头需方 宁波安宝国际贸易有限公司；日期凭证：抬头签约时间）；包装：标贴尺寸：80x16mm
塑料盒盖用黑色【tools/ziliao/extract_price_seeds.mjs 自动抽取·历史成交价·待甲方核对】"
安宝公司,KOIKE割嘴 102HC  #4,13.80,CNY,2023-08-23,,contract,"来源文件：ziliao/安宝公司/106D7,102HC发商丘/102HC-4 MADE IN JAPAN/AB23807 出口产品供需合同-奉化一洲.xls（工作表 Sheet3 第 7 行；合同号 AB23807；抬头需方 宁波安宝国际贸易有限公司；日期凭证：抬头签约时间）；包装：包装要求：泡壳+裁纸+说明书
10只1盒
绿色Koike彩盒如下图所示【tools/ziliao/extract_price_seeds.mjs 自动抽取·历史成交价·待甲方核对】"
安宝公司,"smith 丙烷割嘴 SC-50-A-1 93g
代码：4157",12.50,CNY,2023-08-23,,contract,"来源文件：ziliao/安宝公司/INFAR不干胶/INFRA合同/2023/ab23806 出口产品供需合同-奉化一洲.xls（工作表 Sheet1 第 12 行；合同号 AB23806返单AB23539；抬头需方 宁波安宝国际贸易有限公司；日期凭证：抬头签约时间）；包装：标贴尺寸：80x16mm
塑料盒盖用黑色【tools/ziliao/extract_price_seeds.mjs 自动抽取·历史成交价·待甲方核对】"
安宝公司,"smith 丙烷割嘴 SC-50-A-2 93g
代码：4158",12.50,CNY,2023-08-23,,contract,来源文件：ziliao/安宝公司/INFAR不干胶/INFRA合同/2023/ab23806 出口产品供需合同-奉化一洲.xls（工作表 Sheet1 第 13 行；合同号 AB23806返单AB23539；抬头需方 宁波安宝国际贸易有限公司；日期凭证：抬头签约时间）【tools/ziliao/extract_price_seeds.mjs 自动抽取·历史成交价·待甲方核对】
安宝公司,"smith 丙烷割嘴 SC-50-A-5 93g
代码：4163",12.50,CNY,2023-08-23,,contract,来源文件：ziliao/安宝公司/INFAR不干胶/INFRA合同/2023/ab23806 出口产品供需合同-奉化一洲.xls（工作表 Sheet1 第 14 行；合同号 AB23806返单AB23539；抬头需方 宁波安宝国际贸易有限公司；日期凭证：抬头签约时间）【tools/ziliao/extract_price_seeds.mjs 自动抽取·历史成交价·待甲方核对】
安宝公司,"smith 乙炔割嘴 SC-12-1 103g
代码：4134",14.20,CNY,2023-08-23,,contract,"来源文件：ziliao/安宝公司/INFAR不干胶/INFRA合同/2023/ab23806 出口产品供需合同-奉化一洲.xls（工作表 Sheet1 第 7 行；合同号 AB23806返单AB23539；抬头需方 宁波安宝国际贸易有限公司；日期凭证：抬头签约时间）；包装：标贴尺寸：80x16mm
塑料盒盖用红色【tools/ziliao/extract_price_seeds.mjs 自动抽取·历史成交价·待甲方核对】"
安宝公司,"smith 乙炔割嘴 SC-12-2 103g
代码：4136",14.20,CNY,2023-08-23,,contract,来源文件：ziliao/安宝公司/INFAR不干胶/INFRA合同/2023/ab23806 出口产品供需合同-奉化一洲.xls（工作表 Sheet1 第 8 行；合同号 AB23806返单AB23539；抬头需方 宁波安宝国际贸易有限公司；日期凭证：抬头签约时间）【tools/ziliao/extract_price_seeds.mjs 自动抽取·历史成交价·待甲方核对】
安宝公司,"smith 乙炔割嘴 SC-12-3 103g
代码：4137",14.20,CNY,2023-08-23,,contract,来源文件：ziliao/安宝公司/INFAR不干胶/INFRA合同/2023/ab23806 出口产品供需合同-奉化一洲.xls（工作表 Sheet1 第 9 行；合同号 AB23806返单AB23539；抬头需方 宁波安宝国际贸易有限公司；日期凭证：抬头签约时间）【tools/ziliao/extract_price_seeds.mjs 自动抽取·历史成交价·待甲方核对】
安宝公司,"smith 乙炔割嘴 SC-12-4 103g
代码：4138",14.20,CNY,2023-08-23,,contract,来源文件：ziliao/安宝公司/INFAR不干胶/INFRA合同/2023/ab23806 出口产品供需合同-奉化一洲.xls（工作表 Sheet1 第 10 行；合同号 AB23806返单AB23539；抬头需方 宁波安宝国际贸易有限公司；日期凭证：抬头签约时间）【tools/ziliao/extract_price_seeds.mjs 自动抽取·历史成交价·待甲方核对】
安宝公司,"smith 乙炔割嘴 SC-12-5 103g
代码：4151",14.20,CNY,2023-08-23,,contract,来源文件：ziliao/安宝公司/INFAR不干胶/INFRA合同/2023/ab23806 出口产品供需合同-奉化一洲.xls（工作表 Sheet1 第 11 行；合同号 AB23806返单AB23539；抬头需方 宁波安宝国际贸易有限公司；日期凭证：抬头签约时间）【tools/ziliao/extract_price_seeds.mjs 自动抽取·历史成交价·待甲方核对】
安宝公司,WS6290NX1丙烷割嘴 6290-NX-1,5.90,CNY,2023-08-23,,contract,"来源文件：ziliao/安宝公司/Weldsolutions不干胶/合同/2023/ab23805 出口产品供需合同-奉化一洲.xls（工作表 Sheet2 第 8 行；合同号 AB23805返单AB23341；抬头需方 宁波安宝国际贸易有限公司；日期凭证：抬头签约时间）；包装：标贴尺寸：80x16mm
塑料盒盖用深蓝色【tools/ziliao/extract_price_seeds.mjs 自动抽取·历史成交价·待甲方核对】"
安宝公司,WSGPN2丙烷割嘴 GPN-2,8.50,CNY,2023-08-23,,contract,"来源文件：ziliao/安宝公司/Weldsolutions不干胶/合同/2023/ab23805 出口产品供需合同-奉化一洲.xls（工作表 Sheet2 第 9 行；合同号 AB23805返单AB23341；抬头需方 宁波安宝国际贸易有限公司；日期凭证：抬头签约时间）；包装：标贴尺寸：80x16mm
塑料盒盖用深蓝色【tools/ziliao/extract_price_seeds.mjs 自动抽取·历史成交价·待甲方核对】"
安宝公司,WSSC122乙炔割嘴 SC-12-2,14.00,CNY,2023-08-23,,contract,"来源文件：ziliao/安宝公司/Weldsolutions不干胶/合同/2023/ab23805 出口产品供需合同-奉化一洲.xls（工作表 Sheet2 第 7 行；合同号 AB23805返单AB23341；抬头需方 宁波安宝国际贸易有限公司；日期凭证：抬头签约时间）；包装：标贴尺寸：80x16mm
塑料盒盖用红色【tools/ziliao/extract_price_seeds.mjs 自动抽取·历史成交价·待甲方核对】"
安宝公司,"丙烷割嘴 6290NX-1#
刻字中性

包装：中性塑料盒+中性不干胶",6.20,CNY,2023-08-19,,contract,来源文件：ziliao/安宝公司/F&G 订单/ab23779 出口产品供需合同-一洲(1).xls（工作表 订单 第 14 行；合同号 AB23779；抬头需方 宁波安宝国际贸易有限公司；日期凭证：抬头签约时间）【tools/ziliao/extract_price_seeds.mjs 自动抽取·历史成交价·待甲方核对】
安宝公司,"丙烷割嘴 GPN-1 1#
刻字中性如右图所示

包装：中性塑料盒+中性不干胶",8.80,CNY,2023-08-19,,contract,来源文件：ziliao/安宝公司/F&G 订单/ab23779 出口产品供需合同-一洲(1).xls（工作表 订单 第 13 行；合同号 AB23779；抬头需方 宁波安宝国际贸易有限公司；日期凭证：抬头签约时间）【tools/ziliao/extract_price_seeds.mjs 自动抽取·历史成交价·待甲方核对】
安宝公司,"丙烷割嘴 GPN-1#
刻字中性如右图所示

包装：中性塑料盒+中性不干胶",8.80,CNY,2023-08-19,,contract,来源文件：ziliao/安宝公司/F&G 订单/ab23779 出口产品供需合同-一洲(1).xls（工作表 订单 第 7 行；合同号 AB23779；抬头需方 宁波安宝国际贸易有限公司；日期凭证：抬头签约时间）【tools/ziliao/extract_price_seeds.mjs 自动抽取·历史成交价·待甲方核对】
安宝公司,"乙炔割嘴 1-101 0#
刻字中性如右图所示

包装：中性塑料盒+中性不干胶",11.80,CNY,2023-08-19,,contract,来源文件：ziliao/安宝公司/F&G 订单/ab23779 出口产品供需合同-一洲(1).xls（工作表 订单 第 9 行；合同号 AB23779；抬头需方 宁波安宝国际贸易有限公司；日期凭证：抬头签约时间）【tools/ziliao/extract_price_seeds.mjs 自动抽取·历史成交价·待甲方核对】
安宝公司,"乙炔割嘴 1-101 1#
高仿

包装：中性塑料盒+中性不干胶",12.00,CNY,2023-08-19,,contract,来源文件：ziliao/安宝公司/F&G 订单/ab23789 出口产品供需合同-一洲.xls（工作表 订单 第 7 行；合同号 AB23789返单AB21673；抬头需方 宁波安宝国际贸易有限公司；日期凭证：抬头签约时间）【tools/ziliao/extract_price_seeds.mjs 自动抽取·历史成交价·待甲方核对】
安宝公司,"乙炔割嘴 1-101 1#
刻字中性如右图所示

包装：中性塑料盒+中性不干胶",11.80,CNY,2023-08-19,,contract,来源文件：ziliao/安宝公司/F&G 订单/ab23779 出口产品供需合同-一洲(1).xls（工作表 订单 第 10 行；合同号 AB23779；抬头需方 宁波安宝国际贸易有限公司；日期凭证：抬头签约时间）【tools/ziliao/extract_price_seeds.mjs 自动抽取·历史成交价·待甲方核对】
安宝公司,"乙炔割嘴 1-101 2#
刻字中性如右图所示

包装：中性塑料盒+中性不干胶",11.80,CNY,2023-08-19,,contract,来源文件：ziliao/安宝公司/F&G 订单/ab23779 出口产品供需合同-一洲(1).xls（工作表 订单 第 11 行；合同号 AB23779；抬头需方 宁波安宝国际贸易有限公司；日期凭证：抬头签约时间）【tools/ziliao/extract_price_seeds.mjs 自动抽取·历史成交价·待甲方核对】
安宝公司,"乙炔割嘴 1-101 3#
刻字中性如右图所示

包装：中性塑料盒+中性不干胶",11.80,CNY,2023-08-19,,contract,来源文件：ziliao/安宝公司/F&G 订单/ab23779 出口产品供需合同-一洲(1).xls（工作表 订单 第 12 行；合同号 AB23779；抬头需方 宁波安宝国际贸易有限公司；日期凭证：抬头签约时间）【tools/ziliao/extract_price_seeds.mjs 自动抽取·历史成交价·待甲方核对】
安宝公司,"割嘴 0#-3-101
产品号码6018",8.80,CNY,2023-08-11,,contract,来源文件：ziliao/安宝公司/美国FRONNY/订单/2023/ab23799 出口产品供需合同-一洲po61342.xls（工作表 订单 第 9 行；合同号 AB23799；抬头需方 宁波安宝国际贸易有限公司；日期凭证：抬头签约时间）【tools/ziliao/extract_price_seeds.mjs 自动抽取·历史成交价·待甲方核对】
安宝公司,"割嘴 1#-1-101
产品号码6024",11.80,CNY,2023-08-11,,contract,来源文件：ziliao/安宝公司/美国FRONNY/订单/2023/ab23799 出口产品供需合同-一洲po61342.xls（工作表 订单 第 11 行；合同号 AB23799；抬头需方 宁波安宝国际贸易有限公司；日期凭证：抬头签约时间）【tools/ziliao/extract_price_seeds.mjs 自动抽取·历史成交价·待甲方核对】
安宝公司,"割嘴 1#-3-101
产品号码6019",8.80,CNY,2023-08-11,,contract,来源文件：ziliao/安宝公司/美国FRONNY/订单/2023/ab23799 出口产品供需合同-一洲po61342.xls（工作表 订单 第 10 行；合同号 AB23799；抬头需方 宁波安宝国际贸易有限公司；日期凭证：抬头签约时间）【tools/ziliao/extract_price_seeds.mjs 自动抽取·历史成交价·待甲方核对】
安宝公司,"割嘴 2#-1-101
产品号码6025",11.80,CNY,2023-08-11,,contract,来源文件：ziliao/安宝公司/美国FRONNY/订单/2023/ab23799 出口产品供需合同-一洲po61342.xls（工作表 订单 第 12 行；合同号 AB23799；抬头需方 宁波安宝国际贸易有限公司；日期凭证：抬头签约时间）【tools/ziliao/extract_price_seeds.mjs 自动抽取·历史成交价·待甲方核对】
安宝公司,割嘴 6290-0# 产品号码6009,8.80,CNY,2023-08-11,,contract,来源文件：ziliao/安宝公司/美国FRONNY/订单/2023/ab23799 出口产品供需合同-一洲po61342.xls（工作表 订单 第 7 行；合同号 AB23799；抬头需方 宁波安宝国际贸易有限公司；日期凭证：抬头签约时间）【tools/ziliao/extract_price_seeds.mjs 自动抽取·历史成交价·待甲方核对】
安宝公司,"割嘴 6290-2#
产品号码6011",8.80,CNY,2023-08-11,,contract,来源文件：ziliao/安宝公司/美国FRONNY/订单/2023/ab23799 出口产品供需合同-一洲po61342.xls（工作表 订单 第 8 行；合同号 AB23799；抬头需方 宁波安宝国际贸易有限公司；日期凭证：抬头签约时间）【tools/ziliao/extract_price_seeds.mjs 自动抽取·历史成交价·待甲方核对】
安宝公司,丙烷割嘴 106 D7 #2,13.50,CNY,2023-08-08,,contract,"来源文件：ziliao/安宝公司/106D7,102HC发商丘/不印made  in japan/AB23744 出口产品供需合同-一洲.xls（工作表 Sheet1 第 7 行；合同号 AB23744返单AB22839；抬头需方 宁波安宝国际贸易有限公司；日期凭证：抬头签约时间）；包装：带说明书，泡壳上不带【JAPAN字样】【tools/ziliao/extract_price_seeds.mjs 自动抽取·历史成交价·待甲方核对】"
安宝公司,丙烷割嘴 106 D7 #3,13.50,CNY,2023-08-08,,contract,"来源文件：ziliao/安宝公司/106D7,102HC发商丘/不印made  in japan/AB23744 出口产品供需合同-一洲.xls（工作表 Sheet1 第 8 行；合同号 AB23744返单AB22839；抬头需方 宁波安宝国际贸易有限公司；日期凭证：抬头签约时间）【tools/ziliao/extract_price_seeds.mjs 自动抽取·历史成交价·待甲方核对】"
安宝公司,"澳大利亚款式乙炔 割嘴 41-8
刻字内容：如右图所示41  12",12.00,CNY,2023-08-04,,contract,"来源文件：ziliao/安宝公司/HARRIS 6290-2AC, 41 原装/41合同/AB23717 出口产品供需合同-奉化一洲.xls（工作表 订单 第 7 行；合同号 AB23717返单AB23138；抬头需方 宁波安宝国际贸易有限公司；日期凭证：抬头签约时间）；包装：散装：但需确保运输途中不能损坏。【tools/ziliao/extract_price_seeds.mjs 自动抽取·历史成交价·待甲方核对】"
安宝公司,"澳大利亚款式乙炔 割嘴 41-8
刻字内容如图所示41  15",12.00,CNY,2023-08-04,,contract,"来源文件：ziliao/安宝公司/HARRIS 6290-2AC, 41 原装/41合同/AB23717 出口产品供需合同-奉化一洲.xls（工作表 订单 第 8 行；合同号 AB23717返单AB23138；抬头需方 宁波安宝国际贸易有限公司；日期凭证：抬头签约时间）【tools/ziliao/extract_price_seeds.mjs 自动抽取·历史成交价·待甲方核对】"
安宝公司,"丙烷割嘴 SC-50-3# 93g 
产品号码100251",14.00,CNY,2023-08-04,,contract,来源文件：ziliao/安宝公司/美国FRONNY/订单/2023/ab23724 出口产品供需合同-一洲.xls（工作表 订单 第 7 行；合同号 AB23724返单ABAB23424；抬头需方 宁波安宝国际贸易有限公司；日期凭证：抬头签约时间）；包装：包装：常规佛尼割嘴一样【tools/ziliao/extract_price_seeds.mjs 自动抽取·历史成交价·待甲方核对】
安宝公司,"割嘴 0#-3-101
产品型号RCTV-3101-0",10.00,CNY,2023-08-03,,contract,来源文件：ziliao/安宝公司/美国FRONNY/泡壳包装文件/泡壳订单/AB23709 出口产品供需合同-一洲P060437.xls（工作表 订单 第 8 行；合同号 AB23709返单AB23331；抬头需方 宁波安宝国际贸易有限公司；日期凭证：抬头签约时间）【tools/ziliao/extract_price_seeds.mjs 自动抽取·历史成交价·待甲方核对】
安宝公司,"割嘴 00#-3-101
产品型号RCTV-3101-00",10.00,CNY,2023-08-03,,contract,来源文件：ziliao/安宝公司/美国FRONNY/泡壳包装文件/泡壳订单/AB23709 出口产品供需合同-一洲P060437.xls（工作表 订单 第 7 行；合同号 AB23709返单AB23331；抬头需方 宁波安宝国际贸易有限公司；日期凭证：抬头签约时间）；包装：包装：先装塑料盒+再纸卡+最后热封【tools/ziliao/extract_price_seeds.mjs 自动抽取·历史成交价·待甲方核对】
安宝公司,"割嘴 1#-3-101
产品型号RCTV-3101-1",10.00,CNY,2023-08-03,,contract,来源文件：ziliao/安宝公司/美国FRONNY/泡壳包装文件/泡壳订单/AB23709 出口产品供需合同-一洲P060437.xls（工作表 订单 第 9 行；合同号 AB23709返单AB23331；抬头需方 宁波安宝国际贸易有限公司；日期凭证：抬头签约时间）【tools/ziliao/extract_price_seeds.mjs 自动抽取·历史成交价·待甲方核对】
安宝公司,"外嘴 PNM 1# 刻字内容规格与型号 如图
单只塑料袋包装 500只/箱 重32G",3.55,CNY,2023-08-02,,contract,来源文件：ziliao/安宝公司/旧订单资料/REDIUS俄罗斯/DOKA PNM/DOKA 订单/AB23695 出口产品供需合同-一洲.xls（工作表 订单 第 8 行；合同号 AB23695返单AB23402；抬头需方 宁波安宝国际贸易有限公司；日期凭证：抬头签约时间）【tools/ziliao/extract_price_seeds.mjs 自动抽取·历史成交价·待甲方核对】
安宝公司,"乙炔割嘴 ANM 1# 
刻字内容：规格与型号
包装：常规-中性",12.50,CNY,2023-08-02,,contract,来源文件：ziliao/安宝公司/旧订单资料/REDIUS俄罗斯/DOKA PNM/DOKA 订单/AB23695 出口产品供需合同-一洲.xls（工作表 订单 第 7 行；合同号 AB23695返单AB23402；抬头需方 宁波安宝国际贸易有限公司；日期凭证：抬头签约时间）【tools/ziliao/extract_price_seeds.mjs 自动抽取·历史成交价·待甲方核对】
安宝公司,"smith 乙炔割嘴 SC-12-4 103g
代码：4138",14.00,CNY,2023-07-24,,contract,来源文件：ziliao/安宝公司/INFAR不干胶/INFRA合同/2023/ab23669 出口产品供需合同-奉化一洲7.24新增.xls（工作表 Sheet1 第 7 行；合同号 AB23669返单AB22669+AB23046；抬头需方 宁波安宝国际贸易有限公司；日期凭证：抬头签约时间）【tools/ziliao/extract_price_seeds.mjs 自动抽取·历史成交价·待甲方核对】
安宝公司,割嘴 3-101   1#,8.80,CNY,2023-07-20,,contract,来源文件：ziliao/安宝公司/A. SH  AIR - OXY 里卡多/合同/2023/ab23652 出口产品供需合同-奉化一洲(1).xls（工作表 订单 第 9 行；合同号 AB23652；抬头需方 宁波安宝国际贸易有限公司；日期凭证：抬头签约时间）【tools/ziliao/extract_price_seeds.mjs 自动抽取·历史成交价·待甲方核对】
安宝公司,割嘴3- GPN 2#,7.80,CNY,2023-07-20,,contract,来源文件：ziliao/安宝公司/A. SH  AIR - OXY 里卡多/合同/2023/ab23652 出口产品供需合同-奉化一洲(1).xls（工作表 订单 第 13 行；合同号 AB23652；抬头需方 宁波安宝国际贸易有限公司；日期凭证：抬头签约时间）【tools/ziliao/extract_price_seeds.mjs 自动抽取·历史成交价·待甲方核对】
安宝公司,割嘴3-101   0#,8.80,CNY,2023-07-20,,contract,来源文件：ziliao/安宝公司/A. SH  AIR - OXY 里卡多/合同/2023/ab23652 出口产品供需合同-奉化一洲(1).xls（工作表 订单 第 8 行；合同号 AB23652；抬头需方 宁波安宝国际贸易有限公司；日期凭证：抬头签约时间）【tools/ziliao/extract_price_seeds.mjs 自动抽取·历史成交价·待甲方核对】
安宝公司,割嘴3-101   2#,8.80,CNY,2023-07-20,,contract,来源文件：ziliao/安宝公司/A. SH  AIR - OXY 里卡多/合同/2023/ab23652 出口产品供需合同-奉化一洲(1).xls（工作表 订单 第 10 行；合同号 AB23652；抬头需方 宁波安宝国际贸易有限公司；日期凭证：抬头签约时间）【tools/ziliao/extract_price_seeds.mjs 自动抽取·历史成交价·待甲方核对】
安宝公司,割嘴3-GPN 0#,7.80,CNY,2023-07-20,,contract,来源文件：ziliao/安宝公司/A. SH  AIR - OXY 里卡多/合同/2023/ab23652 出口产品供需合同-奉化一洲(1).xls（工作表 订单 第 11 行；合同号 AB23652；抬头需方 宁波安宝国际贸易有限公司；日期凭证：抬头签约时间）【tools/ziliao/extract_price_seeds.mjs 自动抽取·历史成交价·待甲方核对】
安宝公司,割嘴3-GPN 1#,7.80,CNY,2023-07-20,,contract,来源文件：ziliao/安宝公司/A. SH  AIR - OXY 里卡多/合同/2023/ab23652 出口产品供需合同-奉化一洲(1).xls（工作表 订单 第 12 行；合同号 AB23652；抬头需方 宁波安宝国际贸易有限公司；日期凭证：抬头签约时间）【tools/ziliao/extract_price_seeds.mjs 自动抽取·历史成交价·待甲方核对】
安宝公司,"PNME割嘴 229 #8 塑料盖贴：229-8

PNME嘴外套刻字是229及型号
东西是PNME标贴是229",8.00,CNY,2023-07-20,,contract,来源文件：ziliao/安宝公司/A. SH  AIR - OXY 里卡多/合同/2023/ab23652 出口产品供需合同-奉化一洲(1).xls（工作表 订单 第 7 行；合同号 AB23652；抬头需方 宁波安宝国际贸易有限公司；日期凭证：抬头签约时间）【tools/ziliao/extract_price_seeds.mjs 自动抽取·历史成交价·待甲方核对】
安宝公司,"丙烷割嘴 6290-NX-00# 刻字：要OKI字样
要求：火焰要调长一点 
包装：塑料盒+不干胶 10只1白盒+白盒不干胶",6.20,CNY,2023-07-10,,contract,"来源文件：ziliao/安宝公司/旧订单资料/OKI   LCT  NX/AB23629 出口产品供需合同-一洲.xls（工作表 Sheet1 第 7 行；合同号 AB23629；抬头需方 宁波安宝国际贸易有限公司；日期凭证：抬头签约时间）；包装：包装：塑料盒+贴长不干胶
塑料盒不干胶内容：
OKI标志+号头 NX L..P.G HIGH QUALITY USA IS9002 【如下图所示】







10只塑料盒入1白盒
白盒上标贴如下：OKI CUTTING TIP FOR 62-3F 6290 NX号头 10PCS 如下图【tools/ziliao/extract_price_seeds.mjs 自动抽取·历史成交价·待甲方核对】"
安宝公司,"丙烷割嘴 6290-NX-1# 刻字：要OKI字样
要求：火焰要调长一点 
包装：塑料盒+不干胶 10只1白盒+白盒不干胶",6.20,CNY,2023-07-10,,contract,来源文件：ziliao/安宝公司/旧订单资料/OKI   LCT  NX/AB23629 出口产品供需合同-一洲.xls（工作表 Sheet1 第 8 行；合同号 AB23629；抬头需方 宁波安宝国际贸易有限公司；日期凭证：抬头签约时间）【tools/ziliao/extract_price_seeds.mjs 自动抽取·历史成交价·待甲方核对】
安宝公司,"丙烷割嘴 6290-NX-2# 刻字：要OKI字样
要求：火焰要调长一点 
包装：塑料盒+不干胶 10只1白盒+白盒不干胶",6.20,CNY,2023-07-10,,contract,来源文件：ziliao/安宝公司/旧订单资料/OKI   LCT  NX/AB23629 出口产品供需合同-一洲.xls（工作表 Sheet1 第 9 行；合同号 AB23629；抬头需方 宁波安宝国际贸易有限公司；日期凭证：抬头签约时间）【tools/ziliao/extract_price_seeds.mjs 自动抽取·历史成交价·待甲方核对】
安宝公司,"丙烷割嘴 6290-NX-3# 刻字：要OKI字样
要求：火焰要调长一点 
包装：塑料盒+不干胶 10只1白盒+白盒不干胶",6.20,CNY,2023-07-10,,contract,来源文件：ziliao/安宝公司/旧订单资料/OKI   LCT  NX/AB23629 出口产品供需合同-一洲.xls（工作表 Sheet1 第 10 行；合同号 AB23629；抬头需方 宁波安宝国际贸易有限公司；日期凭证：抬头签约时间）【tools/ziliao/extract_price_seeds.mjs 自动抽取·历史成交价·待甲方核对】
安宝公司,"Koike 106D7 #1
快速割嘴",13.50,CNY,2023-07-05,,contract,"来源文件：ziliao/安宝公司/106D7,102HC发商丘/印made in japan/AB23603 出口产品供需合同-奉化一洲.xls（工作表 Sheet3 第 7 行；合同号 AB23603返单AB23202；抬头需方 宁波安宝国际贸易有限公司；日期凭证：抬头签约时间）；包装：刻字要求：要求如下图
包装要求：10只1盒，紫色Koike彩盒如下图所示【tools/ziliao/extract_price_seeds.mjs 自动抽取·历史成交价·待甲方核对】"
安宝公司,"Koike 106D7 #2
快速割嘴",13.50,CNY,2023-07-05,,contract,"来源文件：ziliao/安宝公司/106D7,102HC发商丘/印made in japan/AB23603 出口产品供需合同-奉化一洲.xls（工作表 Sheet3 第 8 行；合同号 AB23603返单AB23202；抬头需方 宁波安宝国际贸易有限公司；日期凭证：抬头签约时间）【tools/ziliao/extract_price_seeds.mjs 自动抽取·历史成交价·待甲方核对】"
安宝公司,"割嘴  6290-4#
产品号码6650",8.80,CNY,2023-06-29,,contract,来源文件：ziliao/安宝公司/美国FRONNY/订单/2023/ab23587 出口产品供需合同-一洲po60881.xls（工作表 订单 第 9 行；合同号 AB23587；抬头需方 宁波安宝国际贸易有限公司；日期凭证：抬头签约时间）【tools/ziliao/extract_price_seeds.mjs 自动抽取·历史成交价·待甲方核对】
安宝公司,"割嘴 1-GPN 1#
产品号码6027",8.80,CNY,2023-06-29,,contract,来源文件：ziliao/安宝公司/美国FRONNY/订单/2023/ab23587 出口产品供需合同-一洲po60881.xls（工作表 订单 第 8 行；合同号 AB23587；抬头需方 宁波安宝国际贸易有限公司；日期凭证：抬头签约时间）【tools/ziliao/extract_price_seeds.mjs 自动抽取·历史成交价·待甲方核对】
安宝公司,"割嘴 MC-12-2#
产品号码6004",14.00,CNY,2023-06-29,,contract,来源文件：ziliao/安宝公司/美国FRONNY/订单/2023/ab23587 出口产品供需合同-一洲po60881.xls（工作表 订单 第 7 行；合同号 AB23587；抬头需方 宁波安宝国际贸易有限公司；日期凭证：抬头签约时间）【tools/ziliao/extract_price_seeds.mjs 自动抽取·历史成交价·待甲方核对】
安宝公司,丙烷割嘴 6290-NFF-1# 重51g足量,6.20,CNY,2023-06-27,,contract,"来源文件：ziliao/安宝公司/HARRIS 6290-2AC, 41 原装/HARRIS 6290NFF/AB23585 出口产品供需合同-奉化一洲.xls（工作表 订单 第 7 行；合同号 AB23585；抬头需方 宁波安宝国际贸易有限公司；日期凭证：抬头签约时间）【tools/ziliao/extract_price_seeds.mjs 自动抽取·历史成交价·待甲方核对】"
安宝公司,丙烷割嘴 6290-NFF-2# 重51g足量,6.20,CNY,2023-06-27,,contract,"来源文件：ziliao/安宝公司/HARRIS 6290-2AC, 41 原装/HARRIS 6290NFF/AB23585 出口产品供需合同-奉化一洲.xls（工作表 订单 第 8 行；合同号 AB23585；抬头需方 宁波安宝国际贸易有限公司；日期凭证：抬头签约时间）【tools/ziliao/extract_price_seeds.mjs 自动抽取·历史成交价·待甲方核对】"
安宝公司,丙烷割嘴 6290-NFF-3# 重51g足量,6.20,CNY,2023-06-27,,contract,"来源文件：ziliao/安宝公司/HARRIS 6290-2AC, 41 原装/HARRIS 6290NFF/AB23585 出口产品供需合同-奉化一洲.xls（工作表 订单 第 9 行；合同号 AB23585；抬头需方 宁波安宝国际贸易有限公司；日期凭证：抬头签约时间）【tools/ziliao/extract_price_seeds.mjs 自动抽取·历史成交价·待甲方核对】"
安宝公司,丙烷割嘴 6290-NFF-4# 重51g足量,6.20,CNY,2023-06-27,,contract,"来源文件：ziliao/安宝公司/HARRIS 6290-2AC, 41 原装/HARRIS 6290NFF/AB23585 出口产品供需合同-奉化一洲.xls（工作表 订单 第 10 行；合同号 AB23585；抬头需方 宁波安宝国际贸易有限公司；日期凭证：抬头签约时间）【tools/ziliao/extract_price_seeds.mjs 自动抽取·历史成交价·待甲方核对】"
安宝公司,丙烷割嘴 6290-NFF-5# 重51g足量,6.20,CNY,2023-06-27,,contract,"来源文件：ziliao/安宝公司/HARRIS 6290-2AC, 41 原装/HARRIS 6290NFF/AB23585 出口产品供需合同-奉化一洲.xls（工作表 订单 第 11 行；合同号 AB23585；抬头需方 宁波安宝国际贸易有限公司；日期凭证：抬头签约时间）【tools/ziliao/extract_price_seeds.mjs 自动抽取·历史成交价·待甲方核对】"
安宝公司,丙烷割嘴 6290-NFF-6# 重51g足量,6.20,CNY,2023-06-27,,contract,"来源文件：ziliao/安宝公司/HARRIS 6290-2AC, 41 原装/HARRIS 6290NFF/AB23585 出口产品供需合同-奉化一洲.xls（工作表 订单 第 12 行；合同号 AB23585；抬头需方 宁波安宝国际贸易有限公司；日期凭证：抬头签约时间）【tools/ziliao/extract_price_seeds.mjs 自动抽取·历史成交价·待甲方核对】"
安宝公司,1#-3 GPN 割嘴,8.00,CNY,2023-06-24,,contract,"来源文件：ziliao/安宝公司/B.S.A. 6290NX,6290,1-101,GPN/AB23568 出口产品供需合同-一洲(1).xls（工作表 Sheet1 第 11 行；合同号 AB23568返单AB22854；抬头需方 宁波安宝国际贸易有限公司；日期凭证：抬头签约时间）【tools/ziliao/extract_price_seeds.mjs 自动抽取·历史成交价·待甲方核对】"
安宝公司,2-GPN,9.00,CNY,2023-06-24,,contract,"来源文件：ziliao/安宝公司/B.S.A. 6290NX,6290,1-101,GPN/AB23568 出口产品供需合同-一洲(1).xls（工作表 Sheet1 第 10 行；合同号 AB23568返单AB22854；抬头需方 宁波安宝国际贸易有限公司；日期凭证：抬头签约时间）【tools/ziliao/extract_price_seeds.mjs 自动抽取·历史成交价·待甲方核对】"
安宝公司,2#-3 GPN 割嘴,8.00,CNY,2023-06-24,,contract,"来源文件：ziliao/安宝公司/B.S.A. 6290NX,6290,1-101,GPN/AB23568 出口产品供需合同-一洲(1).xls（工作表 Sheet1 第 12 行；合同号 AB23568返单AB22854；抬头需方 宁波安宝国际贸易有限公司；日期凭证：抬头签约时间）【tools/ziliao/extract_price_seeds.mjs 自动抽取·历史成交价·待甲方核对】"
安宝公司,6290-NX-1割嘴,6.00,CNY,2023-06-24,,contract,"来源文件：ziliao/安宝公司/B.S.A. 6290NX,6290,1-101,GPN/AB23568 出口产品供需合同-一洲(1).xls（工作表 Sheet1 第 9 行；合同号 AB23568返单AB22854；抬头需方 宁波安宝国际贸易有限公司；日期凭证：抬头签约时间）【tools/ziliao/extract_price_seeds.mjs 自动抽取·历史成交价·待甲方核对】"
安宝公司,6290-NX-2割嘴,6.00,CNY,2023-06-24,,contract,"来源文件：ziliao/安宝公司/B.S.A. 6290NX,6290,1-101,GPN/AB23568 出口产品供需合同-一洲(1).xls（工作表 Sheet1 第 7 行；合同号 AB23568返单AB22854；抬头需方 宁波安宝国际贸易有限公司；日期凭证：抬头签约时间）【tools/ziliao/extract_price_seeds.mjs 自动抽取·历史成交价·待甲方核对】"
安宝公司,6290-NX-3割嘴,6.00,CNY,2023-06-24,,contract,"来源文件：ziliao/安宝公司/B.S.A. 6290NX,6290,1-101,GPN/AB23568 出口产品供需合同-一洲(1).xls（工作表 Sheet1 第 8 行；合同号 AB23568返单AB22854；抬头需方 宁波安宝国际贸易有限公司；日期凭证：抬头签约时间）【tools/ziliao/extract_price_seeds.mjs 自动抽取·历史成交价·待甲方核对】"
安宝公司,乙炔割嘴 1-101 1#,11.50,CNY,2023-06-24,,contract,"来源文件：ziliao/安宝公司/B.S.A. 6290NX,6290,1-101,GPN/AB23568 出口产品供需合同-一洲(1).xls（工作表 Sheet1 第 13 行；合同号 AB23568返单AB22854；抬头需方 宁波安宝国际贸易有限公司；日期凭证：抬头签约时间）【tools/ziliao/extract_price_seeds.mjs 自动抽取·历史成交价·待甲方核对】"
安宝公司,"Koike 106D7 #1
快速割嘴",13.50,CNY,2023-06-24,,contract,"来源文件：ziliao/安宝公司/106D7,102HC发商丘/印made in japan/ab23580 出口产品供需合同-奉化一洲.xls（工作表 Sheet3 第 7 行；合同号 AB53580返单AB23202；抬头需方 宁波安宝国际贸易有限公司；日期凭证：抬头签约时间）；包装：刻字要求：要求如下图
包装要求：10只1盒，紫色Koike彩盒如下图所示【tools/ziliao/extract_price_seeds.mjs 自动抽取·历史成交价·待甲方核对】"
安宝公司,"Koike 106D7 #5
快速割嘴",13.50,CNY,2023-06-24,,contract,"来源文件：ziliao/安宝公司/106D7,102HC发商丘/印made in japan/ab23580 出口产品供需合同-奉化一洲.xls（工作表 Sheet3 第 8 行；合同号 AB53580返单AB23202；抬头需方 宁波安宝国际贸易有限公司；日期凭证：抬头签约时间）【tools/ziliao/extract_price_seeds.mjs 自动抽取·历史成交价·待甲方核对】"
安宝公司,割嘴 1-101 #1 仿包装,12.00,CNY,2023-06-16,,contract,来源文件：ziliao/安宝公司/A. SH  AIR - OXY 里卡多/合同/2023/ab23504  里卡多客户.xls（工作表 订单 第 7 行；合同号 AB23504返单AB22329；抬头需方 宁波安宝国际贸易有限公司；日期凭证：抬头签约时间）【tools/ziliao/extract_price_seeds.mjs 自动抽取·历史成交价·待甲方核对】
安宝公司,割嘴 1-101 #2 仿包装,12.00,CNY,2023-06-16,,contract,来源文件：ziliao/安宝公司/A. SH  AIR - OXY 里卡多/合同/2023/ab23504  里卡多客户.xls（工作表 订单 第 8 行；合同号 AB23504返单AB22329；抬头需方 宁波安宝国际贸易有限公司；日期凭证：抬头签约时间）【tools/ziliao/extract_price_seeds.mjs 自动抽取·历史成交价·待甲方核对】
安宝公司,割嘴 1-101 #3 仿包装,12.00,CNY,2023-06-16,,contract,来源文件：ziliao/安宝公司/A. SH  AIR - OXY 里卡多/合同/2023/ab23504  里卡多客户.xls（工作表 订单 第 9 行；合同号 AB23504返单AB22329；抬头需方 宁波安宝国际贸易有限公司；日期凭证：抬头签约时间）【tools/ziliao/extract_price_seeds.mjs 自动抽取·历史成交价·待甲方核对】
安宝公司,割嘴 1-101 #4 仿包装,12.00,CNY,2023-06-16,,contract,来源文件：ziliao/安宝公司/A. SH  AIR - OXY 里卡多/合同/2023/ab23504  里卡多客户.xls（工作表 订单 第 10 行；合同号 AB23504返单AB22329；抬头需方 宁波安宝国际贸易有限公司；日期凭证：抬头签约时间）【tools/ziliao/extract_price_seeds.mjs 自动抽取·历史成交价·待甲方核对】
安宝公司,割嘴 1-101 #8 仿包装,12.00,CNY,2023-06-16,,contract,来源文件：ziliao/安宝公司/A. SH  AIR - OXY 里卡多/合同/2023/ab23504  里卡多客户.xls（工作表 订单 第 11 行；合同号 AB23504返单AB22329；抬头需方 宁波安宝国际贸易有限公司；日期凭证：抬头签约时间）【tools/ziliao/extract_price_seeds.mjs 自动抽取·历史成交价·待甲方核对】
安宝公司,割嘴 GPN #0  塑料盖贴：GPN-0,8.80,CNY,2023-06-16,,contract,来源文件：ziliao/安宝公司/A. SH  AIR - OXY 里卡多/合同/2023/ab23504  里卡多客户.xls（工作表 订单 第 20 行；合同号 AB23504返单AB22329；抬头需方 宁波安宝国际贸易有限公司；日期凭证：抬头签约时间）【tools/ziliao/extract_price_seeds.mjs 自动抽取·历史成交价·待甲方核对】
安宝公司,割嘴 GPN #00 仿包装,8.80,CNY,2023-06-16,,contract,来源文件：ziliao/安宝公司/A. SH  AIR - OXY 里卡多/合同/2023/ab23504  里卡多客户.xls（工作表 订单 第 12 行；合同号 AB23504返单AB22329；抬头需方 宁波安宝国际贸易有限公司；日期凭证：抬头签约时间）【tools/ziliao/extract_price_seeds.mjs 自动抽取·历史成交价·待甲方核对】
安宝公司,割嘴 GPN #1  塑料盖贴：GPN-1,8.80,CNY,2023-06-16,,contract,来源文件：ziliao/安宝公司/A. SH  AIR - OXY 里卡多/合同/2023/ab23504  里卡多客户.xls（工作表 订单 第 21 行；合同号 AB23504返单AB22329；抬头需方 宁波安宝国际贸易有限公司；日期凭证：抬头签约时间）【tools/ziliao/extract_price_seeds.mjs 自动抽取·历史成交价·待甲方核对】
安宝公司,割嘴 GPN #2  塑料盖贴：GPN-2,8.80,CNY,2023-06-16,,contract,来源文件：ziliao/安宝公司/A. SH  AIR - OXY 里卡多/合同/2023/ab23504  里卡多客户.xls（工作表 订单 第 22 行；合同号 AB23504返单AB22329；抬头需方 宁波安宝国际贸易有限公司；日期凭证：抬头签约时间）【tools/ziliao/extract_price_seeds.mjs 自动抽取·历史成交价·待甲方核对】
安宝公司,割嘴 GPN #2 仿包装,8.80,CNY,2023-06-16,,contract,来源文件：ziliao/安宝公司/A. SH  AIR - OXY 里卡多/合同/2023/ab23504  里卡多客户.xls（工作表 订单 第 13 行；合同号 AB23504返单AB22329；抬头需方 宁波安宝国际贸易有限公司；日期凭证：抬头签约时间）【tools/ziliao/extract_price_seeds.mjs 自动抽取·历史成交价·待甲方核对】
安宝公司,割嘴 GPN #3  塑料盖贴：GPN-3,8.80,CNY,2023-06-16,,contract,来源文件：ziliao/安宝公司/A. SH  AIR - OXY 里卡多/合同/2023/ab23504  里卡多客户.xls（工作表 订单 第 23 行；合同号 AB23504返单AB22329；抬头需方 宁波安宝国际贸易有限公司；日期凭证：抬头签约时间）【tools/ziliao/extract_price_seeds.mjs 自动抽取·历史成交价·待甲方核对】
安宝公司,割嘴 GPN #4  塑料盖贴：GPN-4,8.80,CNY,2023-06-16,,contract,来源文件：ziliao/安宝公司/A. SH  AIR - OXY 里卡多/合同/2023/ab23504  里卡多客户.xls（工作表 订单 第 24 行；合同号 AB23504返单AB22329；抬头需方 宁波安宝国际贸易有限公司；日期凭证：抬头签约时间）【tools/ziliao/extract_price_seeds.mjs 自动抽取·历史成交价·待甲方核对】
安宝公司,割嘴 GPN #4 仿包装,8.80,CNY,2023-06-16,,contract,来源文件：ziliao/安宝公司/A. SH  AIR - OXY 里卡多/合同/2023/ab23504  里卡多客户.xls（工作表 订单 第 14 行；合同号 AB23504返单AB22329；抬头需方 宁波安宝国际贸易有限公司；日期凭证：抬头签约时间）【tools/ziliao/extract_price_seeds.mjs 自动抽取·历史成交价·待甲方核对】
安宝公司,割嘴 GPN #5  塑料盖贴：GPN-5,8.80,CNY,2023-06-16,,contract,来源文件：ziliao/安宝公司/A. SH  AIR - OXY 里卡多/合同/2023/ab23504  里卡多客户.xls（工作表 订单 第 25 行；合同号 AB23504返单AB22329；抬头需方 宁波安宝国际贸易有限公司；日期凭证：抬头签约时间）【tools/ziliao/extract_price_seeds.mjs 自动抽取·历史成交价·待甲方核对】
安宝公司,割嘴 GPN #6  塑料盖贴：GPN-6,8.80,CNY,2023-06-16,,contract,来源文件：ziliao/安宝公司/A. SH  AIR - OXY 里卡多/合同/2023/ab23504  里卡多客户.xls（工作表 订单 第 26 行；合同号 AB23504返单AB22329；抬头需方 宁波安宝国际贸易有限公司；日期凭证：抬头签约时间）【tools/ziliao/extract_price_seeds.mjs 自动抽取·历史成交价·待甲方核对】
安宝公司,"乙炔割嘴 1-101 #2
塑料盖贴：1-101 2",12.00,CNY,2023-06-16,,contract,来源文件：ziliao/安宝公司/A. SH  AIR - OXY 里卡多/合同/2023/ab23504  里卡多客户.xls（工作表 订单 第 15 行；合同号 AB23504返单AB22329；抬头需方 宁波安宝国际贸易有限公司；日期凭证：抬头签约时间）【tools/ziliao/extract_price_seeds.mjs 自动抽取·历史成交价·待甲方核对】
安宝公司,"乙炔割嘴 1-101 #3
塑料盖贴：1-101 3",12.00,CNY,2023-06-16,,contract,来源文件：ziliao/安宝公司/A. SH  AIR - OXY 里卡多/合同/2023/ab23504  里卡多客户.xls（工作表 订单 第 16 行；合同号 AB23504返单AB22329；抬头需方 宁波安宝国际贸易有限公司；日期凭证：抬头签约时间）【tools/ziliao/extract_price_seeds.mjs 自动抽取·历史成交价·待甲方核对】
安宝公司,"乙炔割嘴 1-101 #5
塑料盖贴：1-101 4",12.00,CNY,2023-06-16,,contract,来源文件：ziliao/安宝公司/A. SH  AIR - OXY 里卡多/合同/2023/ab23504  里卡多客户.xls（工作表 订单 第 17 行；合同号 AB23504返单AB22329；抬头需方 宁波安宝国际贸易有限公司；日期凭证：抬头签约时间）【tools/ziliao/extract_price_seeds.mjs 自动抽取·历史成交价·待甲方核对】
安宝公司,"乙炔割嘴 1-101 #6
塑料盖贴：1-101 8",12.00,CNY,2023-06-16,,contract,来源文件：ziliao/安宝公司/A. SH  AIR - OXY 里卡多/合同/2023/ab23504  里卡多客户.xls（工作表 订单 第 18 行；合同号 AB23504返单AB22329；抬头需方 宁波安宝国际贸易有限公司；日期凭证：抬头签约时间）【tools/ziliao/extract_price_seeds.mjs 自动抽取·历史成交价·待甲方核对】
安宝公司,"乙炔割嘴 164 #0
塑料盖贴：164-0",14.50,CNY,2023-06-16,,contract,来源文件：ziliao/安宝公司/A. SH  AIR - OXY 里卡多/合同/2023/ab23504  里卡多客户.xls（工作表 订单 第 19 行；合同号 AB23504返单AB22329；抬头需方 宁波安宝国际贸易有限公司；日期凭证：抬头签约时间）【tools/ziliao/extract_price_seeds.mjs 自动抽取·历史成交价·待甲方核对】
安宝公司,"丙烷割嘴 PNM-#1内嘴 (切割厚度0to30mm)
配R3P-3-500三根管子 内嘴刻字：1

包装：PP袋1只/袋 50只1盒 200只1箱",3.65,CNY,2023-06-13,,contract,来源文件：ziliao/安宝公司/旧订单资料/REDIUS俄罗斯/FOOB/AB23537 出口产品供需合同-一洲(1).xls（工作表 Sheet1 第 7 行；合同号 AB23537；抬头需方 宁波安宝国际贸易有限公司；日期凭证：抬头签约时间）【tools/ziliao/extract_price_seeds.mjs 自动抽取·历史成交价·待甲方核对】
安宝公司,"丙烷割嘴 PNM-#2内嘴 (切割厚度 30to50mm)
配R3P-3-500三根管子 内嘴刻字：2

包装：PP袋1只/袋 50只1盒 200只1箱",3.65,CNY,2023-06-13,,contract,来源文件：ziliao/安宝公司/旧订单资料/REDIUS俄罗斯/FOOB/AB23537 出口产品供需合同-一洲(1).xls（工作表 Sheet1 第 8 行；合同号 AB23537；抬头需方 宁波安宝国际贸易有限公司；日期凭证：抬头签约时间）【tools/ziliao/extract_price_seeds.mjs 自动抽取·历史成交价·待甲方核对】
安宝公司,"丙烷割嘴 PNM-#3内嘴 (切割厚度 50to100mm)
配R3P-3-500三根管子 内嘴刻字：3

包装：PP袋1只/袋 50只1盒 200只1箱",3.65,CNY,2023-06-13,,contract,来源文件：ziliao/安宝公司/旧订单资料/REDIUS俄罗斯/FOOB/AB23537 出口产品供需合同-一洲(1).xls（工作表 Sheet1 第 9 行；合同号 AB23537；抬头需方 宁波安宝国际贸易有限公司；日期凭证：抬头签约时间）【tools/ziliao/extract_price_seeds.mjs 自动抽取·历史成交价·待甲方核对】
安宝公司,"丙烷割嘴 PNM外嘴 刻字：PNM 1
配R3P-3-500三根管子(配上述内嘴1#、2#、 3#)
包装：PP袋1只/袋 50只1盒 200只1箱",3.55,CNY,2023-06-13,,contract,来源文件：ziliao/安宝公司/旧订单资料/REDIUS俄罗斯/FOOB/AB23537 出口产品供需合同-一洲(1).xls（工作表 Sheet1 第 10 行；合同号 AB23537；抬头需方 宁波安宝国际贸易有限公司；日期凭证：抬头签约时间）【tools/ziliao/extract_price_seeds.mjs 自动抽取·历史成交价·待甲方核对】
安宝公司,"乙炔割嘴 AMN-#1 (切割厚度 10to25mm)
配R3P-3-500三根管子 刻字：AMN+型号

包装：PP袋1只/袋 50只1盒 200只1箱",12.50,CNY,2023-06-13,,contract,来源文件：ziliao/安宝公司/旧订单资料/REDIUS俄罗斯/FOOB/AB23537 出口产品供需合同-一洲(1).xls（工作表 Sheet1 第 11 行；合同号 AB23537；抬头需方 宁波安宝国际贸易有限公司；日期凭证：抬头签约时间）【tools/ziliao/extract_price_seeds.mjs 自动抽取·历史成交价·待甲方核对】
安宝公司,"乙炔割嘴 AMN-#2 (切割厚度 25to75mm)
配R3P-3-500三根管子 刻字：AMN+型号

包装：PP袋1只/袋 50只1盒 200只1箱",12.50,CNY,2023-06-13,,contract,来源文件：ziliao/安宝公司/旧订单资料/REDIUS俄罗斯/FOOB/AB23537 出口产品供需合同-一洲(1).xls（工作表 Sheet1 第 12 行；合同号 AB23537；抬头需方 宁波安宝国际贸易有限公司；日期凭证：抬头签约时间）【tools/ziliao/extract_price_seeds.mjs 自动抽取·历史成交价·待甲方核对】
安宝公司,"乙炔割嘴 AMN-#3 (切割厚度 75to125mm)
配R3P-3-500三根管子 刻字：AMN+型号

包装：PP袋1只/袋 50只1盒 200只1箱",12.50,CNY,2023-06-13,,contract,来源文件：ziliao/安宝公司/旧订单资料/REDIUS俄罗斯/FOOB/AB23537 出口产品供需合同-一洲(1).xls（工作表 Sheet1 第 13 行；合同号 AB23537；抬头需方 宁波安宝国际贸易有限公司；日期凭证：抬头签约时间）【tools/ziliao/extract_price_seeds.mjs 自动抽取·历史成交价·待甲方核对】
安宝公司,"丙烷割嘴 GPN-2 71g
代码：4194",8.60,CNY,2023-06-09,,contract,"来源文件：ziliao/安宝公司/INFAR不干胶/INFRA合同/2023/ab23539  出口产品供需合同-奉化一洲.xls（工作表 Sheet1 第 18 行；合同号 AB23539返单AB22669+AB23046；抬头需方 宁波安宝国际贸易有限公司；日期凭证：抬头签约时间）；包装：标贴尺寸：80x16mm
塑料盒盖用黑色【tools/ziliao/extract_price_seeds.mjs 自动抽取·历史成交价·待甲方核对】"
安宝公司,"乙炔割嘴1-101-1 82g
代码：4190",11.50,CNY,2023-06-09,,contract,"来源文件：ziliao/安宝公司/INFAR不干胶/INFRA合同/2023/ab23539  出口产品供需合同-奉化一洲.xls（工作表 Sheet1 第 16 行；合同号 AB23539返单AB22669+AB23046；抬头需方 宁波安宝国际贸易有限公司；日期凭证：抬头签约时间）；包装：标贴尺寸：80x16mm
塑料盒盖用红色【tools/ziliao/extract_price_seeds.mjs 自动抽取·历史成交价·待甲方核对】"
安宝公司,"乙炔割嘴1-101-3 82g
代码：4192",11.50,CNY,2023-06-09,,contract,来源文件：ziliao/安宝公司/INFAR不干胶/INFRA合同/2023/ab23539  出口产品供需合同-奉化一洲.xls（工作表 Sheet1 第 17 行；合同号 AB23539返单AB22669+AB23046；抬头需方 宁波安宝国际贸易有限公司；日期凭证：抬头签约时间）【tools/ziliao/extract_price_seeds.mjs 自动抽取·历史成交价·待甲方核对】
安宝公司,"HARRIS 丙烷割嘴6290-NX-1 53g
代码：4186",5.90,CNY,2023-06-09,,contract,"来源文件：ziliao/安宝公司/INFAR不干胶/INFRA合同/2023/ab23539  出口产品供需合同-奉化一洲.xls（工作表 Sheet1 第 14 行；合同号 AB23539返单AB22669+AB23046；抬头需方 宁波安宝国际贸易有限公司；日期凭证：抬头签约时间）；包装：标贴尺寸：80x16mm
塑料盒盖用黑色【tools/ziliao/extract_price_seeds.mjs 自动抽取·历史成交价·待甲方核对】"
安宝公司,"HARRIS 丙烷割嘴6290-NX-2 53g
代码：4187",5.90,CNY,2023-06-09,,contract,来源文件：ziliao/安宝公司/INFAR不干胶/INFRA合同/2023/ab23539  出口产品供需合同-奉化一洲.xls（工作表 Sheet1 第 15 行；合同号 AB23539返单AB22669+AB23046；抬头需方 宁波安宝国际贸易有限公司；日期凭证：抬头签约时间）【tools/ziliao/extract_price_seeds.mjs 自动抽取·历史成交价·待甲方核对】
安宝公司,"HARRIS 乙炔割嘴6290-2 55g
代码：4210",8.60,CNY,2023-06-09,,contract,"来源文件：ziliao/安宝公司/INFAR不干胶/INFRA合同/2023/ab23539  出口产品供需合同-奉化一洲.xls（工作表 Sheet1 第 13 行；合同号 AB23539返单AB22669+AB23046；抬头需方 宁波安宝国际贸易有限公司；日期凭证：抬头签约时间）；包装：标贴尺寸：80x16mm
塑料盒盖用红色【tools/ziliao/extract_price_seeds.mjs 自动抽取·历史成交价·待甲方核对】"
安宝公司,"smith 丙烷割嘴 SC-50-A-1 93g
代码：4157",12.30,CNY,2023-06-09,,contract,"来源文件：ziliao/安宝公司/INFAR不干胶/INFRA合同/2023/ab23539  出口产品供需合同-奉化一洲.xls（工作表 Sheet1 第 7 行；合同号 AB23539返单AB22669+AB23046；抬头需方 宁波安宝国际贸易有限公司；日期凭证：抬头签约时间）；包装：标贴尺寸：80x16mm
塑料盒盖用黑色【tools/ziliao/extract_price_seeds.mjs 自动抽取·历史成交价·待甲方核对】"
安宝公司,"smith 丙烷割嘴 SC-50-A-2 93g
代码：4158",12.30,CNY,2023-06-09,,contract,来源文件：ziliao/安宝公司/INFAR不干胶/INFRA合同/2023/ab23539  出口产品供需合同-奉化一洲.xls（工作表 Sheet1 第 8 行；合同号 AB23539返单AB22669+AB23046；抬头需方 宁波安宝国际贸易有限公司；日期凭证：抬头签约时间）【tools/ziliao/extract_price_seeds.mjs 自动抽取·历史成交价·待甲方核对】
安宝公司,"smith 丙烷割嘴 SC-50-A-3 93g
代码：4161",12.30,CNY,2023-06-09,,contract,来源文件：ziliao/安宝公司/INFAR不干胶/INFRA合同/2023/ab23539  出口产品供需合同-奉化一洲.xls（工作表 Sheet1 第 9 行；合同号 AB23539返单AB22669+AB23046；抬头需方 宁波安宝国际贸易有限公司；日期凭证：抬头签约时间）【tools/ziliao/extract_price_seeds.mjs 自动抽取·历史成交价·待甲方核对】
安宝公司,"smith 乙炔割嘴 SC-12-2 103g
代码：4136",14.00,CNY,2023-06-09,,contract,"来源文件：ziliao/安宝公司/INFAR不干胶/INFRA合同/2023/ab23539  出口产品供需合同-奉化一洲.xls（工作表 Sheet1 第 10 行；合同号 AB23539返单AB22669+AB23046；抬头需方 宁波安宝国际贸易有限公司；日期凭证：抬头签约时间）；包装：标贴尺寸：80x16mm
塑料盒盖用红色【tools/ziliao/extract_price_seeds.mjs 自动抽取·历史成交价·待甲方核对】"
安宝公司,"smith 乙炔割嘴 SC-12-3 103g
代码：4137",14.00,CNY,2023-06-09,,contract,来源文件：ziliao/安宝公司/INFAR不干胶/INFRA合同/2023/ab23539  出口产品供需合同-奉化一洲.xls（工作表 Sheet1 第 11 行；合同号 AB23539返单AB22669+AB23046；抬头需方 宁波安宝国际贸易有限公司；日期凭证：抬头签约时间）【tools/ziliao/extract_price_seeds.mjs 自动抽取·历史成交价·待甲方核对】
安宝公司,"smith 乙炔割嘴 SC-12-5 103g
代码：4151",14.00,CNY,2023-06-09,,contract,来源文件：ziliao/安宝公司/INFAR不干胶/INFRA合同/2023/ab23539  出口产品供需合同-奉化一洲.xls（工作表 Sheet1 第 12 行；合同号 AB23539返单AB22669+AB23046；抬头需方 宁波安宝国际贸易有限公司；日期凭证：抬头签约时间）【tools/ziliao/extract_price_seeds.mjs 自动抽取·历史成交价·待甲方核对】
安宝公司,"丙烷割嘴 6290-NX 1#
刻字：中性常规

包装：如右图所示",6.20,CNY,2023-06-08,,contract,来源文件：ziliao/安宝公司/NJ 6290NX/AB23534 出口产品供需合同-奉化一洲.xls（工作表 Sheet1 第 7 行；合同号 AB23534返单AB22958；抬头需方 宁波安宝国际贸易有限公司；日期凭证：抬头签约时间）【tools/ziliao/extract_price_seeds.mjs 自动抽取·历史成交价·待甲方核对】
安宝公司,"丙烷割嘴 6290-NX 2#
刻字：中性常规

包装：如右图所示",6.20,CNY,2023-06-08,,contract,来源文件：ziliao/安宝公司/NJ 6290NX/AB23534 出口产品供需合同-奉化一洲.xls（工作表 Sheet1 第 8 行；合同号 AB23534返单AB22958；抬头需方 宁波安宝国际贸易有限公司；日期凭证：抬头签约时间）【tools/ziliao/extract_price_seeds.mjs 自动抽取·历史成交价·待甲方核对】
安宝公司,割嘴 SC-12-3# 产品号码100244,14.00,CNY,2023-06-08,,contract,来源文件：ziliao/安宝公司/美国FRONNY/订单/2023/ab23525 出口产品供需合同-一洲po60737.xls（工作表 订单 第 7 行；合同号 AB23525返单AB23429；抬头需方 宁波安宝国际贸易有限公司；日期凭证：抬头签约时间）；包装：包装：常规佛尼割嘴一样【tools/ziliao/extract_price_seeds.mjs 自动抽取·历史成交价·待甲方核对】
安宝公司,"Nozzle №1 (3/64”)
客人要12个槽 74克",7.40,CNY,2023-06-08,,contract,来源文件：ziliao/安宝公司/12槽PNME俄罗斯嘴/订单/ab23443 出口产品供需合同-奉化一洲.xls（工作表 订单 第 7 行；合同号 AB23443返单AB22757；抬头需方 宁波安宝国际贸易有限公司；日期凭证：抬头签约时间）；包装：包装要求：塑料盒装，盒子上贴不干胶，每个货号进行区别【tools/ziliao/extract_price_seeds.mjs 自动抽取·历史成交价·待甲方核对】
安宝公司,"Nozzle №2 (1/16”)
客人要12个槽 74克",7.40,CNY,2023-06-08,,contract,来源文件：ziliao/安宝公司/12槽PNME俄罗斯嘴/订单/ab23443 出口产品供需合同-奉化一洲.xls（工作表 订单 第 9 行；合同号 AB23443返单AB22757；抬头需方 宁波安宝国际贸易有限公司；日期凭证：抬头签约时间）【tools/ziliao/extract_price_seeds.mjs 自动抽取·历史成交价·待甲方核对】
安宝公司,"Nozzle №3 (5/64”) 
客人要12个槽 74克",7.40,CNY,2023-06-08,,contract,来源文件：ziliao/安宝公司/12槽PNME俄罗斯嘴/订单/ab23443 出口产品供需合同-奉化一洲.xls（工作表 订单 第 10 行；合同号 AB23443返单AB22757；抬头需方 宁波安宝国际贸易有限公司；日期凭证：抬头签约时间）【tools/ziliao/extract_price_seeds.mjs 自动抽取·历史成交价·待甲方核对】
安宝公司,"Nozzle №4 (3/32”) 
客人要12个槽 74克",7.40,CNY,2023-06-08,,contract,来源文件：ziliao/安宝公司/12槽PNME俄罗斯嘴/订单/ab23443 出口产品供需合同-奉化一洲.xls（工作表 订单 第 11 行；合同号 AB23443返单AB22757；抬头需方 宁波安宝国际贸易有限公司；日期凭证：抬头签约时间）【tools/ziliao/extract_price_seeds.mjs 自动抽取·历史成交价·待甲方核对】
安宝公司,"Nozzle №5 (7/64”) 
客人要12个槽 74克",7.40,CNY,2023-06-08,,contract,来源文件：ziliao/安宝公司/12槽PNME俄罗斯嘴/订单/ab23443 出口产品供需合同-奉化一洲.xls（工作表 订单 第 12 行；合同号 AB23443返单AB22757；抬头需方 宁波安宝国际贸易有限公司；日期凭证：抬头签约时间）【tools/ziliao/extract_price_seeds.mjs 自动抽取·历史成交价·待甲方核对】
安宝公司,"Nozzle №6 (1/8”) 
客人要12个槽 74克",7.40,CNY,2023-06-08,,contract,来源文件：ziliao/安宝公司/12槽PNME俄罗斯嘴/订单/ab23443 出口产品供需合同-奉化一洲.xls（工作表 订单 第 13 行；合同号 AB23443返单AB22757；抬头需方 宁波安宝国际贸易有限公司；日期凭证：抬头签约时间）【tools/ziliao/extract_price_seeds.mjs 自动抽取·历史成交价·待甲方核对】
安宝公司,"乙炔割嘴 6290-1# 
包装：用PP袋/1只割嘴",8.60,CNY,2023-06-01,,contract,"来源文件：ziliao/安宝公司/HARRIS 6290-2AC, 41 原装/62902AC合同/AB23451 出口产品供需合同-奉化一洲.xls（工作表 订单 第 7 行；合同号 AB23451返单AB22412；抬头需方 宁波安宝国际贸易有限公司；日期凭证：抬头签约时间）【tools/ziliao/extract_price_seeds.mjs 自动抽取·历史成交价·待甲方核对】"
安宝公司,割嘴 SC-12-3# 产品号码100244,14.00,CNY,2023-05-29,,contract,来源文件：ziliao/安宝公司/美国FRONNY/订单/2023/ab23429 出口产品供需合同-一洲po60637.xls（工作表 订单 第 7 行；合同号 AB23429返单AB23198；抬头需方 宁波安宝国际贸易有限公司；日期凭证：抬头签约时间）；包装：包装：常规佛尼割嘴一样【tools/ziliao/extract_price_seeds.mjs 自动抽取·历史成交价·待甲方核对】
安宝公司,KOIKE割嘴 106HC-3# 3孔-重足76g,7.50,CNY,2023-05-29,,contract,来源文件：ziliao/安宝公司/106HC 3孔/ab23430 出口产品供需合同-一洲.xls（工作表 订单 第 7 行；合同号 AB23430；抬头需方 宁波安宝国际贸易有限公司；日期凭证：抬头签约时间）【tools/ziliao/extract_price_seeds.mjs 自动抽取·历史成交价·待甲方核对】
安宝公司,KOIKE割嘴 106HC-4# 3孔-重足76g,7.50,CNY,2023-05-29,,contract,来源文件：ziliao/安宝公司/106HC 3孔/ab23430 出口产品供需合同-一洲.xls（工作表 订单 第 8 行；合同号 AB23430；抬头需方 宁波安宝国际贸易有限公司；日期凭证：抬头签约时间）【tools/ziliao/extract_price_seeds.mjs 自动抽取·历史成交价·待甲方核对】
安宝公司,KOIKE割嘴 106HC-5# 3孔-重足76g,7.50,CNY,2023-05-29,,contract,来源文件：ziliao/安宝公司/106HC 3孔/ab23430 出口产品供需合同-一洲.xls（工作表 订单 第 9 行；合同号 AB23430；抬头需方 宁波安宝国际贸易有限公司；日期凭证：抬头签约时间）【tools/ziliao/extract_price_seeds.mjs 自动抽取·历史成交价·待甲方核对】
安宝公司,"丙烷割嘴 SC-50-3# 93g 
产品号码100251",14.00,CNY,2023-05-25,,contract,来源文件：ziliao/安宝公司/美国FRONNY/订单/2023/ab23424 出口产品供需合同-一洲po60643.xls（工作表 订单 第 7 行；合同号 AB23424返单AB23118；抬头需方 宁波安宝国际贸易有限公司；日期凭证：抬头签约时间）；包装：包装：常规佛尼割嘴一样【tools/ziliao/extract_price_seeds.mjs 自动抽取·历史成交价·待甲方核对】
安宝公司,"内嘴 P0 刻字内容规格与型号 如右图
单只塑料袋包装 500只/箱 重42G",3.65,CNY,2023-05-23,,contract,来源文件：ziliao/安宝公司/旧订单资料/REDIUS俄罗斯/DOKA PNM/DOKA 订单/AB23402 出口产品供需合同-一洲.xls（工作表 订单 第 11 行；合同号 AB23402返单AB22819；抬头需方 宁波安宝国际贸易有限公司；日期凭证：抬头签约时间）【tools/ziliao/extract_price_seeds.mjs 自动抽取·历史成交价·待甲方核对】
安宝公司,"内嘴 P1 刻字内容规格与型号 如右图
单只塑料袋包装 500只/箱 重42G",3.65,CNY,2023-05-23,,contract,来源文件：ziliao/安宝公司/旧订单资料/REDIUS俄罗斯/DOKA PNM/DOKA 订单/AB23402 出口产品供需合同-一洲.xls（工作表 订单 第 12 行；合同号 AB23402返单AB22819；抬头需方 宁波安宝国际贸易有限公司；日期凭证：抬头签约时间）【tools/ziliao/extract_price_seeds.mjs 自动抽取·历史成交价·待甲方核对】
安宝公司,"内嘴 P2 刻字内容规格与型号 如右图
单只塑料袋包装 500只/箱 重42G",3.65,CNY,2023-05-23,,contract,来源文件：ziliao/安宝公司/旧订单资料/REDIUS俄罗斯/DOKA PNM/DOKA 订单/AB23402 出口产品供需合同-一洲.xls（工作表 订单 第 13 行；合同号 AB23402返单AB22819；抬头需方 宁波安宝国际贸易有限公司；日期凭证：抬头签约时间）【tools/ziliao/extract_price_seeds.mjs 自动抽取·历史成交价·待甲方核对】
安宝公司,"内嘴 P3 刻字内容规格与型号 如右图
单只塑料袋包装 500只/箱 重42G",3.65,CNY,2023-05-23,,contract,来源文件：ziliao/安宝公司/旧订单资料/REDIUS俄罗斯/DOKA PNM/DOKA 订单/AB23402 出口产品供需合同-一洲.xls（工作表 订单 第 14 行；合同号 AB23402返单AB22819；抬头需方 宁波安宝国际贸易有限公司；日期凭证：抬头签约时间）【tools/ziliao/extract_price_seeds.mjs 自动抽取·历史成交价·待甲方核对】
安宝公司,"外嘴 PNM 1# 刻字内容规格与型号 如图
单只塑料袋包装 500只/箱 重32G",3.55,CNY,2023-05-23,,contract,来源文件：ziliao/安宝公司/旧订单资料/REDIUS俄罗斯/DOKA PNM/DOKA 订单/AB23402 出口产品供需合同-一洲.xls（工作表 订单 第 9 行；合同号 AB23402返单AB22819；抬头需方 宁波安宝国际贸易有限公司；日期凭证：抬头签约时间）【tools/ziliao/extract_price_seeds.mjs 自动抽取·历史成交价·待甲方核对】
安宝公司,"外嘴 PNM 2# 刻字内容规格与型号 如图
单只塑料袋包装 500只/箱 重32G",3.55,CNY,2023-05-23,,contract,来源文件：ziliao/安宝公司/旧订单资料/REDIUS俄罗斯/DOKA PNM/DOKA 订单/AB23402 出口产品供需合同-一洲.xls（工作表 订单 第 10 行；合同号 AB23402返单AB22819；抬头需方 宁波安宝国际贸易有限公司；日期凭证：抬头签约时间）【tools/ziliao/extract_price_seeds.mjs 自动抽取·历史成交价·待甲方核对】
安宝公司,"乙炔割嘴 ANM 1# 
刻字内容：规格与型号
包装：常规-中性",12.50,CNY,2023-05-23,,contract,来源文件：ziliao/安宝公司/旧订单资料/REDIUS俄罗斯/DOKA PNM/DOKA 订单/AB23402 出口产品供需合同-一洲.xls（工作表 订单 第 7 行；合同号 AB23402返单AB22819；抬头需方 宁波安宝国际贸易有限公司；日期凭证：抬头签约时间）【tools/ziliao/extract_price_seeds.mjs 自动抽取·历史成交价·待甲方核对】
安宝公司,"乙炔割嘴 ANM 3# 
刻字内容：规格与型号
包装：常规-中性",12.50,CNY,2023-05-23,,contract,来源文件：ziliao/安宝公司/旧订单资料/REDIUS俄罗斯/DOKA PNM/DOKA 订单/AB23402 出口产品供需合同-一洲.xls（工作表 订单 第 8 行；合同号 AB23402返单AB22819；抬头需方 宁波安宝国际贸易有限公司；日期凭证：抬头签约时间）【tools/ziliao/extract_price_seeds.mjs 自动抽取·历史成交价·待甲方核对】
安宝公司,"1502乙炔割嘴 #10
包装：塑料盒贴型号",12.80,CNY,2023-05-11,,contract,"来源文件：ziliao/安宝公司/Technical Welding 1502,1503/订单/AB23357 出口产品供需合同-奉化一洲.xls（工作表 订单 第 10 行；合同号 AB2357返AB22990；抬头需方 宁波安宝国际贸易有限公司；日期凭证：抬头签约时间）【tools/ziliao/extract_price_seeds.mjs 自动抽取·历史成交价·待甲方核对】"
安宝公司,"1502乙炔割嘴 #12
包装：塑料盒贴型号",12.80,CNY,2023-05-11,,contract,"来源文件：ziliao/安宝公司/Technical Welding 1502,1503/订单/AB23357 出口产品供需合同-奉化一洲.xls（工作表 订单 第 11 行；合同号 AB2357返AB22990；抬头需方 宁波安宝国际贸易有限公司；日期凭证：抬头签约时间）【tools/ziliao/extract_price_seeds.mjs 自动抽取·历史成交价·待甲方核对】"
安宝公司,"1502乙炔割嘴 #4
包装：塑料盒贴型号",12.80,CNY,2023-05-11,,contract,"来源文件：ziliao/安宝公司/Technical Welding 1502,1503/订单/AB23357 出口产品供需合同-奉化一洲.xls（工作表 订单 第 7 行；合同号 AB2357返AB22990；抬头需方 宁波安宝国际贸易有限公司；日期凭证：抬头签约时间）【tools/ziliao/extract_price_seeds.mjs 自动抽取·历史成交价·待甲方核对】"
安宝公司,"1502乙炔割嘴 #6
包装：塑料盒贴型号",12.80,CNY,2023-05-11,,contract,"来源文件：ziliao/安宝公司/Technical Welding 1502,1503/订单/AB23357 出口产品供需合同-奉化一洲.xls（工作表 订单 第 8 行；合同号 AB2357返AB22990；抬头需方 宁波安宝国际贸易有限公司；日期凭证：抬头签约时间）【tools/ziliao/extract_price_seeds.mjs 自动抽取·历史成交价·待甲方核对】"
安宝公司,"1502乙炔割嘴 #8
包装：塑料盒贴型号",12.80,CNY,2023-05-11,,contract,"来源文件：ziliao/安宝公司/Technical Welding 1502,1503/订单/AB23357 出口产品供需合同-奉化一洲.xls（工作表 订单 第 9 行；合同号 AB2357返AB22990；抬头需方 宁波安宝国际贸易有限公司；日期凭证：抬头签约时间）【tools/ziliao/extract_price_seeds.mjs 自动抽取·历史成交价·待甲方核对】"
安宝公司,"1503丙烷割嘴 #10
包装：塑料盒贴型号",8.80,CNY,2023-05-11,,contract,"来源文件：ziliao/安宝公司/Technical Welding 1502,1503/订单/AB23357 出口产品供需合同-奉化一洲.xls（工作表 订单 第 14 行；合同号 AB2357返AB22990；抬头需方 宁波安宝国际贸易有限公司；日期凭证：抬头签约时间）【tools/ziliao/extract_price_seeds.mjs 自动抽取·历史成交价·待甲方核对】"
安宝公司,"1503丙烷割嘴 #12
包装：塑料盒贴型号",8.80,CNY,2023-05-11,,contract,"来源文件：ziliao/安宝公司/Technical Welding 1502,1503/订单/AB23357 出口产品供需合同-奉化一洲.xls（工作表 订单 第 15 行；合同号 AB2357返AB22990；抬头需方 宁波安宝国际贸易有限公司；日期凭证：抬头签约时间）【tools/ziliao/extract_price_seeds.mjs 自动抽取·历史成交价·待甲方核对】"
安宝公司,"1503丙烷割嘴 #4
包装：塑料盒贴型号",8.80,CNY,2023-05-11,,contract,"来源文件：ziliao/安宝公司/Technical Welding 1502,1503/订单/AB23357 出口产品供需合同-奉化一洲.xls（工作表 订单 第 12 行；合同号 AB2357返AB22990；抬头需方 宁波安宝国际贸易有限公司；日期凭证：抬头签约时间）【tools/ziliao/extract_price_seeds.mjs 自动抽取·历史成交价·待甲方核对】"
安宝公司,"1503丙烷割嘴 #6
包装：塑料盒贴型号",8.80,CNY,2023-05-11,,contract,"来源文件：ziliao/安宝公司/Technical Welding 1502,1503/订单/AB23357 出口产品供需合同-奉化一洲.xls（工作表 订单 第 13 行；合同号 AB2357返AB22990；抬头需方 宁波安宝国际贸易有限公司；日期凭证：抬头签约时间）【tools/ziliao/extract_price_seeds.mjs 自动抽取·历史成交价·待甲方核对】"
安宝公司,WS10110乙炔割嘴 101-1-0,11.50,CNY,2023-05-05,,contract,"来源文件：ziliao/安宝公司/Weldsolutions不干胶/合同/2023/ab23341 出口产品供需合同-奉化一洲.xls（工作表 Sheet2 第 15 行；合同号 AB23341返单AB22913；抬头需方 宁波安宝国际贸易有限公司；日期凭证：抬头签约时间）；包装：标贴尺寸：80x16mm
塑料盒盖用红色【tools/ziliao/extract_price_seeds.mjs 自动抽取·历史成交价·待甲方核对】"
安宝公司,WS10111乙炔割嘴 101-1-1,11.50,CNY,2023-05-05,,contract,来源文件：ziliao/安宝公司/Weldsolutions不干胶/合同/2023/ab23341 出口产品供需合同-奉化一洲.xls（工作表 Sheet2 第 16 行；合同号 AB23341返单AB22913；抬头需方 宁波安宝国际贸易有限公司；日期凭证：抬头签约时间）【tools/ziliao/extract_price_seeds.mjs 自动抽取·历史成交价·待甲方核对】
安宝公司,WS10112乙炔割嘴 101-1-2,11.50,CNY,2023-05-05,,contract,来源文件：ziliao/安宝公司/Weldsolutions不干胶/合同/2023/ab23341 出口产品供需合同-奉化一洲.xls（工作表 Sheet2 第 17 行；合同号 AB23341返单AB22913；抬头需方 宁波安宝国际贸易有限公司；日期凭证：抬头签约时间）【tools/ziliao/extract_price_seeds.mjs 自动抽取·历史成交价·待甲方核对】
安宝公司,WS10113乙炔割嘴 101-1-3,11.50,CNY,2023-05-05,,contract,来源文件：ziliao/安宝公司/Weldsolutions不干胶/合同/2023/ab23341 出口产品供需合同-奉化一洲.xls（工作表 Sheet2 第 18 行；合同号 AB23341返单AB22913；抬头需方 宁波安宝国际贸易有限公司；日期凭证：抬头签约时间）【tools/ziliao/extract_price_seeds.mjs 自动抽取·历史成交价·待甲方核对】
安宝公司,WS62900乙炔割嘴 6290-0,8.60,CNY,2023-05-05,,contract,"来源文件：ziliao/安宝公司/Weldsolutions不干胶/合同/2023/ab23341 出口产品供需合同-奉化一洲.xls（工作表 Sheet2 第 7 行；合同号 AB23341返单AB22913；抬头需方 宁波安宝国际贸易有限公司；日期凭证：抬头签约时间）；包装：标贴尺寸：80x16mm
塑料盒盖用红色【tools/ziliao/extract_price_seeds.mjs 自动抽取·历史成交价·待甲方核对】"
安宝公司,WS62901乙炔割嘴 6290-1,8.60,CNY,2023-05-05,,contract,来源文件：ziliao/安宝公司/Weldsolutions不干胶/合同/2023/ab23341 出口产品供需合同-奉化一洲.xls（工作表 Sheet2 第 8 行；合同号 AB23341返单AB22913；抬头需方 宁波安宝国际贸易有限公司；日期凭证：抬头签约时间）【tools/ziliao/extract_price_seeds.mjs 自动抽取·历史成交价·待甲方核对】
安宝公司,WS62902乙炔割嘴 6290-2,8.60,CNY,2023-05-05,,contract,"来源文件：ziliao/安宝公司/Weldsolutions不干胶/合同/2024/AB23340 出口产品供需合同-奉化一洲.xls（工作表 Sheet2 第 8 行；合同号 AB23340返单AB22913；抬头需方 宁波安宝国际贸易有限公司；日期凭证：抬头签约时间）；包装：标贴尺寸：80x16mm
塑料盒盖用红色【tools/ziliao/extract_price_seeds.mjs 自动抽取·历史成交价·待甲方核对】"
安宝公司,WS62903乙炔割嘴 6290-3,8.60,CNY,2023-05-05,,contract,来源文件：ziliao/安宝公司/Weldsolutions不干胶/合同/2023/ab23341 出口产品供需合同-奉化一洲.xls（工作表 Sheet2 第 10 行；合同号 AB23341返单AB22913；抬头需方 宁波安宝国际贸易有限公司；日期凭证：抬头签约时间）【tools/ziliao/extract_price_seeds.mjs 自动抽取·历史成交价·待甲方核对】
安宝公司,WS6290NX0丙烷割嘴 6290-NX-0,5.90,CNY,2023-05-05,,contract,"来源文件：ziliao/安宝公司/Weldsolutions不干胶/合同/2023/ab23341 出口产品供需合同-奉化一洲.xls（工作表 Sheet2 第 19 行；合同号 AB23341返单AB22913；抬头需方 宁波安宝国际贸易有限公司；日期凭证：抬头签约时间）；包装：标贴尺寸：80x16mm
塑料盒盖用深蓝色【tools/ziliao/extract_price_seeds.mjs 自动抽取·历史成交价·待甲方核对】"
安宝公司,WS6290NX1丙烷割嘴 6290-NX-1,5.90,CNY,2023-05-05,,contract,来源文件：ziliao/安宝公司/Weldsolutions不干胶/合同/2023/ab23341 出口产品供需合同-奉化一洲.xls（工作表 Sheet2 第 20 行；合同号 AB23341返单AB22913；抬头需方 宁波安宝国际贸易有限公司；日期凭证：抬头签约时间）【tools/ziliao/extract_price_seeds.mjs 自动抽取·历史成交价·待甲方核对】
安宝公司,WS6290NX2丙烷割嘴 6290-NX-2,5.90,CNY,2023-05-05,,contract,"来源文件：ziliao/安宝公司/Weldsolutions不干胶/合同/2024/AB23340 出口产品供需合同-奉化一洲.xls（工作表 Sheet2 第 7 行；合同号 AB23340返单AB22913；抬头需方 宁波安宝国际贸易有限公司；日期凭证：抬头签约时间）；包装：标贴尺寸：80x16mm
塑料盒盖用深蓝色【tools/ziliao/extract_price_seeds.mjs 自动抽取·历史成交价·待甲方核对】"
安宝公司,WS6290NX3丙烷割嘴 6290-NX-3,5.90,CNY,2023-05-05,,contract,来源文件：ziliao/安宝公司/Weldsolutions不干胶/合同/2023/ab23341 出口产品供需合同-奉化一洲.xls（工作表 Sheet2 第 22 行；合同号 AB23341返单AB22913；抬头需方 宁波安宝国际贸易有限公司；日期凭证：抬头签约时间）【tools/ziliao/extract_price_seeds.mjs 自动抽取·历史成交价·待甲方核对】
安宝公司,WS6290NX4丙烷割嘴 6290-NX-4,5.90,CNY,2023-05-05,,contract,来源文件：ziliao/安宝公司/Weldsolutions不干胶/合同/2023/ab23341 出口产品供需合同-奉化一洲.xls（工作表 Sheet2 第 23 行；合同号 AB23341返单AB22913；抬头需方 宁波安宝国际贸易有限公司；日期凭证：抬头签约时间）【tools/ziliao/extract_price_seeds.mjs 自动抽取·历史成交价·待甲方核对】
安宝公司,WSGPN0丙烷割嘴 GPN-0,8.50,CNY,2023-05-05,,contract,"来源文件：ziliao/安宝公司/Weldsolutions不干胶/合同/2023/ab23341 出口产品供需合同-奉化一洲.xls（工作表 Sheet2 第 29 行；合同号 AB23341返单AB22913；抬头需方 宁波安宝国际贸易有限公司；日期凭证：抬头签约时间）；包装：标贴尺寸：80x16mm
塑料盒盖用深蓝色【tools/ziliao/extract_price_seeds.mjs 自动抽取·历史成交价·待甲方核对】"
安宝公司,WSGPN1丙烷割嘴 GPN-1,8.50,CNY,2023-05-05,,contract,来源文件：ziliao/安宝公司/Weldsolutions不干胶/合同/2023/ab23341 出口产品供需合同-奉化一洲.xls（工作表 Sheet2 第 30 行；合同号 AB23341返单AB22913；抬头需方 宁波安宝国际贸易有限公司；日期凭证：抬头签约时间）【tools/ziliao/extract_price_seeds.mjs 自动抽取·历史成交价·待甲方核对】
安宝公司,WSGPN2丙烷割嘴 GPN-2,8.50,CNY,2023-05-05,,contract,来源文件：ziliao/安宝公司/Weldsolutions不干胶/合同/2023/ab23341 出口产品供需合同-奉化一洲.xls（工作表 Sheet2 第 31 行；合同号 AB23341返单AB22913；抬头需方 宁波安宝国际贸易有限公司；日期凭证：抬头签约时间）【tools/ziliao/extract_price_seeds.mjs 自动抽取·历史成交价·待甲方核对】
安宝公司,WSGPN3丙烷割嘴 GPN-3,8.50,CNY,2023-05-05,,contract,来源文件：ziliao/安宝公司/Weldsolutions不干胶/合同/2023/ab23341 出口产品供需合同-奉化一洲.xls（工作表 Sheet2 第 32 行；合同号 AB23341返单AB22913；抬头需方 宁波安宝国际贸易有限公司；日期凭证：抬头签约时间）【tools/ziliao/extract_price_seeds.mjs 自动抽取·历史成交价·待甲方核对】
安宝公司,WSGPN4丙烷割嘴 GPN-4,8.50,CNY,2023-05-05,,contract,来源文件：ziliao/安宝公司/Weldsolutions不干胶/合同/2023/ab23341 出口产品供需合同-奉化一洲.xls（工作表 Sheet2 第 33 行；合同号 AB23341返单AB22913；抬头需方 宁波安宝国际贸易有限公司；日期凭证：抬头签约时间）【tools/ziliao/extract_price_seeds.mjs 自动抽取·历史成交价·待甲方核对】
安宝公司,WSSC120乙炔割嘴 SC-12-0,14.00,CNY,2023-05-05,,contract,"来源文件：ziliao/安宝公司/Weldsolutions不干胶/合同/2023/ab23341 出口产品供需合同-奉化一洲.xls（工作表 Sheet2 第 11 行；合同号 AB23341返单AB22913；抬头需方 宁波安宝国际贸易有限公司；日期凭证：抬头签约时间）；包装：标贴尺寸：80x16mm
塑料盒盖用红色【tools/ziliao/extract_price_seeds.mjs 自动抽取·历史成交价·待甲方核对】"
安宝公司,WSSC121乙炔割嘴 SC-12-1,14.00,CNY,2023-05-05,,contract,来源文件：ziliao/安宝公司/Weldsolutions不干胶/合同/2023/ab23341 出口产品供需合同-奉化一洲.xls（工作表 Sheet2 第 12 行；合同号 AB23341返单AB22913；抬头需方 宁波安宝国际贸易有限公司；日期凭证：抬头签约时间）【tools/ziliao/extract_price_seeds.mjs 自动抽取·历史成交价·待甲方核对】
安宝公司,WSSC122乙炔割嘴 SC-12-2,14.00,CNY,2023-05-05,,contract,来源文件：ziliao/安宝公司/Weldsolutions不干胶/合同/2023/ab23341 出口产品供需合同-奉化一洲.xls（工作表 Sheet2 第 13 行；合同号 AB23341返单AB22913；抬头需方 宁波安宝国际贸易有限公司；日期凭证：抬头签约时间）【tools/ziliao/extract_price_seeds.mjs 自动抽取·历史成交价·待甲方核对】
安宝公司,WSSC123乙炔割嘴 SC-12-3,14.00,CNY,2023-05-05,,contract,来源文件：ziliao/安宝公司/Weldsolutions不干胶/合同/2023/ab23341 出口产品供需合同-奉化一洲.xls（工作表 Sheet2 第 14 行；合同号 AB23341返单AB22913；抬头需方 宁波安宝国际贸易有限公司；日期凭证：抬头签约时间）【tools/ziliao/extract_price_seeds.mjs 自动抽取·历史成交价·待甲方核对】
安宝公司,WSSC500丙烷割嘴 SC-50-0,12.30,CNY,2023-05-05,,contract,"来源文件：ziliao/安宝公司/Weldsolutions不干胶/合同/2023/ab23341 出口产品供需合同-奉化一洲.xls（工作表 Sheet2 第 24 行；合同号 AB23341返单AB22913；抬头需方 宁波安宝国际贸易有限公司；日期凭证：抬头签约时间）；包装：标贴尺寸：80x16mm
塑料盒盖用深蓝色【tools/ziliao/extract_price_seeds.mjs 自动抽取·历史成交价·待甲方核对】"
安宝公司,WSSC501丙烷割嘴 SC-50-1,12.30,CNY,2023-05-05,,contract,来源文件：ziliao/安宝公司/Weldsolutions不干胶/合同/2023/ab23341 出口产品供需合同-奉化一洲.xls（工作表 Sheet2 第 25 行；合同号 AB23341返单AB22913；抬头需方 宁波安宝国际贸易有限公司；日期凭证：抬头签约时间）【tools/ziliao/extract_price_seeds.mjs 自动抽取·历史成交价·待甲方核对】
安宝公司,WSSC502丙烷割嘴 SC-50-2,12.30,CNY,2023-05-05,,contract,"来源文件：ziliao/安宝公司/Weldsolutions不干胶/合同/2024/AB23340 出口产品供需合同-奉化一洲.xls（工作表 Sheet2 第 9 行；合同号 AB23340返单AB22913；抬头需方 宁波安宝国际贸易有限公司；日期凭证：抬头签约时间）；包装：标贴尺寸：80x16mm
塑料盒盖用深蓝色【tools/ziliao/extract_price_seeds.mjs 自动抽取·历史成交价·待甲方核对】"
安宝公司,WSSC503丙烷割嘴 SC-50-3,12.30,CNY,2023-05-05,,contract,来源文件：ziliao/安宝公司/Weldsolutions不干胶/合同/2023/ab23341 出口产品供需合同-奉化一洲.xls（工作表 Sheet2 第 27 行；合同号 AB23341返单AB22913；抬头需方 宁波安宝国际贸易有限公司；日期凭证：抬头签约时间）【tools/ziliao/extract_price_seeds.mjs 自动抽取·历史成交价·待甲方核对】
安宝公司,WSSC504丙烷割嘴 SC-50-4,12.30,CNY,2023-05-05,,contract,来源文件：ziliao/安宝公司/Weldsolutions不干胶/合同/2023/ab23341 出口产品供需合同-奉化一洲.xls（工作表 Sheet2 第 28 行；合同号 AB23341返单AB22913；抬头需方 宁波安宝国际贸易有限公司；日期凭证：抬头签约时间）【tools/ziliao/extract_price_seeds.mjs 自动抽取·历史成交价·待甲方核对】
安宝公司,"割嘴  6290-4#
产品号码6650",8.80,CNY,2023-05-03,,contract,来源文件：ziliao/安宝公司/美国FRONNY/订单/2023/AB23330 出口产品供需合同-一洲P060431.xls（工作表 订单 第 7 行；合同号 AB23330返单AB22261；抬头需方 宁波安宝国际贸易有限公司；日期凭证：抬头签约时间）【tools/ziliao/extract_price_seeds.mjs 自动抽取·历史成交价·待甲方核对】
安宝公司,"割嘴 0#-3-101
产品型号RCTV-3101-0",10.00,CNY,2023-05-03,,contract,来源文件：ziliao/安宝公司/美国FRONNY/泡壳包装文件/泡壳订单/ab23331 出口产品供需合同-一洲p060437.xls（工作表 订单 第 8 行；合同号 AB23331；抬头需方 宁波安宝国际贸易有限公司；日期凭证：抬头签约时间）【tools/ziliao/extract_price_seeds.mjs 自动抽取·历史成交价·待甲方核对】
安宝公司,"割嘴 00#-3-101
产品型号RCTV-3101-00",10.00,CNY,2023-05-03,,contract,来源文件：ziliao/安宝公司/美国FRONNY/泡壳包装文件/泡壳订单/ab23331 出口产品供需合同-一洲p060437.xls（工作表 订单 第 7 行；合同号 AB23331；抬头需方 宁波安宝国际贸易有限公司；日期凭证：抬头签约时间）；包装：包装：先装塑料盒+再纸卡+最后热封【tools/ziliao/extract_price_seeds.mjs 自动抽取·历史成交价·待甲方核对】
安宝公司,"割嘴 1#-3-101
产品型号RCTV-3101-1",10.00,CNY,2023-05-03,,contract,来源文件：ziliao/安宝公司/美国FRONNY/泡壳包装文件/泡壳订单/ab23331 出口产品供需合同-一洲p060437.xls（工作表 订单 第 9 行；合同号 AB23331；抬头需方 宁波安宝国际贸易有限公司；日期凭证：抬头签约时间）【tools/ziliao/extract_price_seeds.mjs 自动抽取·历史成交价·待甲方核对】
安宝公司,"Koike 106D7 #1
快速割嘴",13.50,CNY,2023-05-03,,contract,"来源文件：ziliao/安宝公司/106D7,102HC发商丘/印made in japan/AB23332 出口产品供需合同-奉化一洲.xls（工作表 Sheet3 第 7 行；合同号 AB23332返单AB23202；抬头需方 宁波安宝国际贸易有限公司；日期凭证：抬头签约时间）；包装：刻字要求：要求如下图
包装要求：10只1盒，紫色Koike彩盒如下图所示【tools/ziliao/extract_price_seeds.mjs 自动抽取·历史成交价·待甲方核对】"
安宝公司,割嘴 0-3-GPN 产品号码6030,7.80,CNY,2023-04-26,,contract,来源文件：ziliao/安宝公司/美国FRONNY/订单/2023/AB23322 出口产品供需合同-一洲P060384.xls（工作表 订单 第 7 行；合同号 AB23322；抬头需方 宁波安宝国际贸易有限公司；日期凭证：抬头签约时间）【tools/ziliao/extract_price_seeds.mjs 自动抽取·历史成交价·待甲方核对】
安宝公司,割嘴 3-GPN 产品号码6029,8.80,CNY,2023-04-26,,contract,来源文件：ziliao/安宝公司/美国FRONNY/订单/2023/AB23322 出口产品供需合同-一洲P060384.xls（工作表 订单 第 8 行；合同号 AB23322；抬头需方 宁波安宝国际贸易有限公司；日期凭证：抬头签约时间）【tools/ziliao/extract_price_seeds.mjs 自动抽取·历史成交价·待甲方核对】
安宝公司,割嘴 MC-12-3# 产品号码6005,14.00,CNY,2023-04-26,,contract,来源文件：ziliao/安宝公司/美国FRONNY/订单/2023/AB23322 出口产品供需合同-一洲P060384.xls（工作表 订单 第 9 行；合同号 AB23322；抬头需方 宁波安宝国际贸易有限公司；日期凭证：抬头签约时间）【tools/ziliao/extract_price_seeds.mjs 自动抽取·历史成交价·待甲方核对】
安宝公司,丙烷割嘴 6290-NFF-2#,6.20,CNY,2023-04-21,,contract,"来源文件：ziliao/安宝公司/VICTOR-GPN, 1-101,6290AC/ab23298 HARRIS 6290NFF.xls（工作表 订单 第 7 行；合同号 AB23298；抬头需方 宁波安宝国际贸易有限公司；日期凭证：抬头签约时间）【tools/ziliao/extract_price_seeds.mjs 自动抽取·历史成交价·待甲方核对】"
安宝公司,丙烷割嘴 6290-NFF-3#,6.20,CNY,2023-04-21,,contract,"来源文件：ziliao/安宝公司/VICTOR-GPN, 1-101,6290AC/ab23298 HARRIS 6290NFF.xls（工作表 订单 第 8 行；合同号 AB23298；抬头需方 宁波安宝国际贸易有限公司；日期凭证：抬头签约时间）【tools/ziliao/extract_price_seeds.mjs 自动抽取·历史成交价·待甲方核对】"
安宝公司,丙烷割嘴 6290-NFF-4#,6.20,CNY,2023-04-21,,contract,"来源文件：ziliao/安宝公司/VICTOR-GPN, 1-101,6290AC/ab23298 HARRIS 6290NFF.xls（工作表 订单 第 9 行；合同号 AB23298；抬头需方 宁波安宝国际贸易有限公司；日期凭证：抬头签约时间）【tools/ziliao/extract_price_seeds.mjs 自动抽取·历史成交价·待甲方核对】"
安宝公司,丙烷割嘴 6290-NFF-5#,6.20,CNY,2023-04-21,,contract,"来源文件：ziliao/安宝公司/VICTOR-GPN, 1-101,6290AC/ab23298 HARRIS 6290NFF.xls（工作表 订单 第 10 行；合同号 AB23298；抬头需方 宁波安宝国际贸易有限公司；日期凭证：抬头签约时间）【tools/ziliao/extract_price_seeds.mjs 自动抽取·历史成交价·待甲方核对】"
安宝公司,丙烷割嘴 6290-NFF-6#,6.20,CNY,2023-04-21,,contract,"来源文件：ziliao/安宝公司/VICTOR-GPN, 1-101,6290AC/ab23298 HARRIS 6290NFF.xls（工作表 订单 第 11 行；合同号 AB23298；抬头需方 宁波安宝国际贸易有限公司；日期凭证：抬头签约时间）【tools/ziliao/extract_price_seeds.mjs 自动抽取·历史成交价·待甲方核对】"
安宝公司,"Gloor cutting nuzzle,5# 做足75g",8.00,CNY,2023-03-24,,contract,来源文件：ziliao/安宝公司/旧订单资料/GLOOR PNME/ab23201 出口产品供需合同-奉化一洲.xls（工作表 订单 第 7 行；合同号 AB23201返单AB22088；抬头需方 宁波安宝国际贸易有限公司；日期凭证：抬头签约时间）【tools/ziliao/extract_price_seeds.mjs 自动抽取·历史成交价·待甲方核对】
安宝公司,"Koike 106D7 #2
快速割嘴",13.50,CNY,2023-03-24,,contract,"来源文件：ziliao/安宝公司/106D7,102HC发商丘/印made in japan/ab23202 出口产品供需合同-奉化一洲.xls（工作表 Sheet3 第 7 行；合同号 AB23202返单AB22633；抬头需方 宁波安宝国际贸易有限公司；日期凭证：抬头签约时间）；包装：刻字要求：要求如下图
包装要求：10只1盒，紫色Koike彩盒如下图所示【tools/ziliao/extract_price_seeds.mjs 自动抽取·历史成交价·待甲方核对】"
安宝公司,"Koike 106D7 #3
快速割嘴",13.50,CNY,2023-03-24,,contract,"来源文件：ziliao/安宝公司/106D7,102HC发商丘/印made in japan/ab23202 出口产品供需合同-奉化一洲.xls（工作表 Sheet3 第 8 行；合同号 AB23202返单AB22633；抬头需方 宁波安宝国际贸易有限公司；日期凭证：抬头签约时间）【tools/ziliao/extract_price_seeds.mjs 自动抽取·历史成交价·待甲方核对】"
安宝公司,"丙烷割嘴 6290-NX-1# 
产品号码6014",6.20,CNY,2023-03-23,,contract,来源文件：ziliao/安宝公司/美国FRONNY/订单/2023/ab23198 出口产品供需合同-一洲p060178.xls（工作表 订单 第 12 行；合同号 AB23198；抬头需方 宁波安宝国际贸易有限公司；日期凭证：抬头签约时间）【tools/ziliao/extract_price_seeds.mjs 自动抽取·历史成交价·待甲方核对】
安宝公司,割嘴 0-3-GPN 产品号码6030,7.80,CNY,2023-03-23,,contract,来源文件：ziliao/安宝公司/美国FRONNY/订单/2023/ab23198 出口产品供需合同-一洲p060178.xls（工作表 订单 第 20 行；合同号 AB23198；抬头需方 宁波安宝国际贸易有限公司；日期凭证：抬头签约时间）【tools/ziliao/extract_price_seeds.mjs 自动抽取·历史成交价·待甲方核对】
安宝公司,"割嘴 000#-3-101 
产品号码6016",8.80,CNY,2023-03-23,,contract,来源文件：ziliao/安宝公司/美国FRONNY/订单/2023/ab23198 出口产品供需合同-一洲p060178.xls（工作表 订单 第 10 行；合同号 AB23198；抬头需方 宁波安宝国际贸易有限公司；日期凭证：抬头签约时间）【tools/ziliao/extract_price_seeds.mjs 自动抽取·历史成交价·待甲方核对】
安宝公司,"割嘴 1-GPN 1#
产品号码6027",8.80,CNY,2023-03-23,,contract,来源文件：ziliao/安宝公司/美国FRONNY/订单/2023/ab23198 出口产品供需合同-一洲p060178.xls（工作表 订单 第 9 行；合同号 AB23198；抬头需方 宁波安宝国际贸易有限公司；日期凭证：抬头签约时间）【tools/ziliao/extract_price_seeds.mjs 自动抽取·历史成交价·待甲方核对】
安宝公司,"割嘴 3#-1-101
产品号码6026",11.80,CNY,2023-03-23,,contract,来源文件：ziliao/安宝公司/美国FRONNY/订单/2023/ab23198 出口产品供需合同-一洲p060178.xls（工作表 订单 第 8 行；合同号 AB23198；抬头需方 宁波安宝国际贸易有限公司；日期凭证：抬头签约时间）【tools/ziliao/extract_price_seeds.mjs 自动抽取·历史成交价·待甲方核对】
安宝公司,"割嘴 3#-GPN 
产品号码6029",8.80,CNY,2023-03-23,,contract,来源文件：ziliao/安宝公司/美国FRONNY/订单/2023/ab23198 出口产品供需合同-一洲p060178.xls（工作表 订单 第 19 行；合同号 AB23198；抬头需方 宁波安宝国际贸易有限公司；日期凭证：抬头签约时间）【tools/ziliao/extract_price_seeds.mjs 自动抽取·历史成交价·待甲方核对】
安宝公司,"割嘴 4#-3-101 
产品号码100275",8.80,CNY,2023-03-23,,contract,来源文件：ziliao/安宝公司/美国FRONNY/订单/2023/ab23198 出口产品供需合同-一洲p060178.xls（工作表 订单 第 7 行；合同号 AB23198；抬头需方 宁波安宝国际贸易有限公司；日期凭证：抬头签约时间）【tools/ziliao/extract_price_seeds.mjs 自动抽取·历史成交价·待甲方核对】
安宝公司,"割嘴 4#-GPN
产品号码100285",8.80,CNY,2023-03-23,,contract,来源文件：ziliao/安宝公司/美国FRONNY/订单/2023/ab23198 出口产品供需合同-一洲p060178.xls（工作表 订单 第 14 行；合同号 AB23198；抬头需方 宁波安宝国际贸易有限公司；日期凭证：抬头签约时间）【tools/ziliao/extract_price_seeds.mjs 自动抽取·历史成交价·待甲方核对】
安宝公司,"割嘴 6290-NX-0#
产品号码6013",6.20,CNY,2023-03-23,,contract,来源文件：ziliao/安宝公司/美国FRONNY/订单/2023/ab23198 出口产品供需合同-一洲p060178.xls（工作表 订单 第 13 行；合同号 AB23198；抬头需方 宁波安宝国际贸易有限公司；日期凭证：抬头签约时间）【tools/ziliao/extract_price_seeds.mjs 自动抽取·历史成交价·待甲方核对】
安宝公司,"割嘴 MC-12-0# 
产品号码6002",14.00,CNY,2023-03-23,,contract,来源文件：ziliao/安宝公司/美国FRONNY/订单/2023/ab23198 出口产品供需合同-一洲p060178.xls（工作表 订单 第 15 行；合同号 AB23198；抬头需方 宁波安宝国际贸易有限公司；日期凭证：抬头签约时间）【tools/ziliao/extract_price_seeds.mjs 自动抽取·历史成交价·待甲方核对】
安宝公司,"割嘴 SC-12-00#
产品号码100242",15.00,CNY,2023-03-23,,contract,来源文件：ziliao/安宝公司/美国FRONNY/订单/2023/ab23198 出口产品供需合同-一洲p060178.xls（工作表 订单 第 18 行；合同号 AB23198；抬头需方 宁波安宝国际贸易有限公司；日期凭证：抬头签约时间）【tools/ziliao/extract_price_seeds.mjs 自动抽取·历史成交价·待甲方核对】
安宝公司,"割嘴 SC-12-4#
产品号码100245",15.00,CNY,2023-03-23,,contract,来源文件：ziliao/安宝公司/美国FRONNY/订单/2023/ab23198 出口产品供需合同-一洲p060178.xls（工作表 订单 第 17 行；合同号 AB23198；抬头需方 宁波安宝国际贸易有限公司；日期凭证：抬头签约时间）【tools/ziliao/extract_price_seeds.mjs 自动抽取·历史成交价·待甲方核对】
安宝公司,"割嘴 SC-50-1#
产品号码100249",13.50,CNY,2023-03-23,,contract,来源文件：ziliao/安宝公司/美国FRONNY/订单/2023/ab23198 出口产品供需合同-一洲p060178.xls（工作表 订单 第 16 行；合同号 AB23198；抬头需方 宁波安宝国际贸易有限公司；日期凭证：抬头签约时间）【tools/ziliao/extract_price_seeds.mjs 自动抽取·历史成交价·待甲方核对】
安宝公司,"割嘴3-3-101
产品号码6021",8.80,CNY,2023-03-23,,contract,来源文件：ziliao/安宝公司/美国FRONNY/订单/2023/ab23198 出口产品供需合同-一洲p060178.xls（工作表 订单 第 11 行；合同号 AB23198；抬头需方 宁波安宝国际贸易有限公司；日期凭证：抬头签约时间）【tools/ziliao/extract_price_seeds.mjs 自动抽取·历史成交价·待甲方核对】
安宝公司,Cutting nozzle G1-P 10/10 84g,8.50,CNY,2023-02-28,,contract,"来源文件：ziliao/安宝公司/G1-P/G1-P 大塑盒/ab23149 出口产品供需合同-一洲.xls（工作表 订单 第 7 行；合同号 AB23149返单AB22206；抬头需方 宁波安宝国际贸易有限公司；日期凭证：抬头签约时间）；包装：3.10要发广州佛山
3.14一定要到【tools/ziliao/extract_price_seeds.mjs 自动抽取·历史成交价·待甲方核对】"
安宝公司,Cutting nozzle G1-P 10/16 84g,8.50,CNY,2023-02-28,,contract,来源文件：ziliao/安宝公司/G1-P/G1-P 大塑盒/ab23149 出口产品供需合同-一洲.xls（工作表 订单 第 8 行；合同号 AB23149返单AB22206；抬头需方 宁波安宝国际贸易有限公司；日期凭证：抬头签约时间）【tools/ziliao/extract_price_seeds.mjs 自动抽取·历史成交价·待甲方核对】
安宝公司,Cutting nozzle G1-P 10/20 84g,8.50,CNY,2023-02-28,,contract,来源文件：ziliao/安宝公司/G1-P/G1-P 大塑盒/ab23149 出口产品供需合同-一洲.xls（工作表 订单 第 9 行；合同号 AB23149返单AB22206；抬头需方 宁波安宝国际贸易有限公司；日期凭证：抬头签约时间）【tools/ziliao/extract_price_seeds.mjs 自动抽取·历史成交价·待甲方核对】
安宝公司,"澳大利亚款式乙炔 割嘴 41-8
刻字内容：如右图所示41  12",12.00,CNY,2023-02-24,,contract,"来源文件：ziliao/安宝公司/HARRIS 6290-2AC, 41 原装/41合同/ab23138 出口产品供需合同-奉化一洲.xls（工作表 订单 第 7 行；合同号 AB23138返单AB21902；抬头需方 宁波安宝国际贸易有限公司；日期凭证：抬头签约时间）；包装：散装：但需确保运输途中不能损坏。【tools/ziliao/extract_price_seeds.mjs 自动抽取·历史成交价·待甲方核对】"
安宝公司,"澳大利亚款式乙炔 割嘴 41-8
刻字内容如图所示41  15",12.00,CNY,2023-02-24,,contract,"来源文件：ziliao/安宝公司/HARRIS 6290-2AC, 41 原装/41合同/ab23138 出口产品供需合同-奉化一洲.xls（工作表 订单 第 8 行；合同号 AB23138返单AB21902；抬头需方 宁波安宝国际贸易有限公司；日期凭证：抬头签约时间）【tools/ziliao/extract_price_seeds.mjs 自动抽取·历史成交价·待甲方核对】"
安宝公司,"丙烷割嘴 SC-50-2 93g 
产品号码100250",14.00,CNY,2023-02-20,,contract,来源文件：ziliao/安宝公司/美国FRONNY/订单/2023/ab23118 出口产品供需合同-一洲po60055.xls（工作表 订单 第 7 行；合同号 AB23118；抬头需方 宁波安宝国际贸易有限公司；日期凭证：抬头签约时间）；包装：包装：常规佛尼割嘴一样【tools/ziliao/extract_price_seeds.mjs 自动抽取·历史成交价·待甲方核对】
安宝公司,割嘴 0-3-GPN 产品号码6030,7.80,CNY,2023-01-29,,contract,来源文件：ziliao/安宝公司/美国FRONNY/订单/2023/ab230044 出口产品供需合同-一洲po53070.xls（工作表 订单 第 20 行；合同号 AB230044 (返单号AB22260）；抬头需方 宁波安宝国际贸易有限公司；日期凭证：抬头签约时间）【tools/ziliao/extract_price_seeds.mjs 自动抽取·历史成交价·待甲方核对】
安宝公司,"割嘴 00#-1-101
产品号码6022",11.80,CNY,2023-01-29,,contract,来源文件：ziliao/安宝公司/美国FRONNY/订单/2023/ab230044 出口产品供需合同-一洲po53070.xls（工作表 订单 第 16 行；合同号 AB230044 (返单号AB22260）；抬头需方 宁波安宝国际贸易有限公司；日期凭证：抬头签约时间）【tools/ziliao/extract_price_seeds.mjs 自动抽取·历史成交价·待甲方核对】
安宝公司,"割嘴 00#-3-101 
产品号码6017",8.80,CNY,2023-01-29,,contract,来源文件：ziliao/安宝公司/美国FRONNY/订单/2023/ab230044 出口产品供需合同-一洲po53070.xls（工作表 订单 第 14 行；合同号 AB230044 (返单号AB22260）；抬头需方 宁波安宝国际贸易有限公司；日期凭证：抬头签约时间）【tools/ziliao/extract_price_seeds.mjs 自动抽取·历史成交价·待甲方核对】
安宝公司,"割嘴 000#-3-101 
产品号码6016",8.80,CNY,2023-01-29,,contract,来源文件：ziliao/安宝公司/美国FRONNY/订单/2023/ab230044 出口产品供需合同-一洲po53070.xls（工作表 订单 第 13 行；合同号 AB230044 (返单号AB22260）；抬头需方 宁波安宝国际贸易有限公司；日期凭证：抬头签约时间）【tools/ziliao/extract_price_seeds.mjs 自动抽取·历史成交价·待甲方核对】
安宝公司,割嘴 1-3-GPN 产品号码6031,7.80,CNY,2023-01-29,,contract,来源文件：ziliao/安宝公司/美国FRONNY/订单/2023/ab230044 出口产品供需合同-一洲po53070.xls（工作表 订单 第 21 行；合同号 AB230044 (返单号AB22260）；抬头需方 宁波安宝国际贸易有限公司；日期凭证：抬头签约时间）【tools/ziliao/extract_price_seeds.mjs 自动抽取·历史成交价·待甲方核对】
安宝公司,割嘴 1-GPN 2# 产品号码6028,8.80,CNY,2023-01-29,,contract,来源文件：ziliao/安宝公司/美国FRONNY/订单/2023/ab230044 出口产品供需合同-一洲po53070.xls（工作表 订单 第 18 行；合同号 AB230044 (返单号AB22260）；抬头需方 宁波安宝国际贸易有限公司；日期凭证：抬头签约时间）【tools/ziliao/extract_price_seeds.mjs 自动抽取·历史成交价·待甲方核对】
安宝公司,割嘴 2-3-GPN 产品号码6032,7.80,CNY,2023-01-29,,contract,来源文件：ziliao/安宝公司/美国FRONNY/订单/2023/ab230044 出口产品供需合同-一洲po53070.xls（工作表 订单 第 22 行；合同号 AB230044 (返单号AB22260）；抬头需方 宁波安宝国际贸易有限公司；日期凭证：抬头签约时间）【tools/ziliao/extract_price_seeds.mjs 自动抽取·历史成交价·待甲方核对】
安宝公司,割嘴 3-GPN 产品号码6029,8.80,CNY,2023-01-29,,contract,来源文件：ziliao/安宝公司/美国FRONNY/订单/2023/ab230044 出口产品供需合同-一洲po53070.xls（工作表 订单 第 19 行；合同号 AB230044 (返单号AB22260）；抬头需方 宁波安宝国际贸易有限公司；日期凭证：抬头签约时间）【tools/ziliao/extract_price_seeds.mjs 自动抽取·历史成交价·待甲方核对】
安宝公司,"割嘴 3#-1-101
产品号码6026",11.80,CNY,2023-01-29,,contract,来源文件：ziliao/安宝公司/美国FRONNY/订单/2023/ab230044 出口产品供需合同-一洲po53070.xls（工作表 订单 第 17 行；合同号 AB230044 (返单号AB22260）；抬头需方 宁波安宝国际贸易有限公司；日期凭证：抬头签约时间）【tools/ziliao/extract_price_seeds.mjs 自动抽取·历史成交价·待甲方核对】
安宝公司,割嘴 6290-0# 产品号码6009,8.80,CNY,2023-01-29,,contract,来源文件：ziliao/安宝公司/美国FRONNY/订单/2023/ab230044 出口产品供需合同-一洲po53070.xls（工作表 订单 第 11 行；合同号 AB230044 (返单号AB22260）；抬头需方 宁波安宝国际贸易有限公司；日期凭证：抬头签约时间）【tools/ziliao/extract_price_seeds.mjs 自动抽取·历史成交价·待甲方核对】
安宝公司,"割嘴 6290-2#
产品号码6011",8.80,CNY,2023-01-29,,contract,来源文件：ziliao/安宝公司/美国FRONNY/订单/2023/ab230044 出口产品供需合同-一洲po53070.xls（工作表 订单 第 12 行；合同号 AB230044 (返单号AB22260）；抬头需方 宁波安宝国际贸易有限公司；日期凭证：抬头签约时间）【tools/ziliao/extract_price_seeds.mjs 自动抽取·历史成交价·待甲方核对】
安宝公司,割嘴 GPN #0  塑料盖贴：GPN-0,9.00,CNY,2023-01-29,,contract,"来源文件：ziliao/安宝公司/A. SH  AIR - OXY 里卡多/合同/2023/ab230051出口产品供需合同-奉化一洲.xls（工作表 订单 第 7 行；合同号 AB230051返单AB22253；抬头需方 宁波安宝国际贸易有限公司；日期凭证：抬头签约时间）；包装：包装要求：塑料盒
贴标：OXYWELD
对应塑料盖上贴型号标贴如图


另注意:塑料盒盖子需要红/蓝区别










PNME嘴外套刻字是229及型号，东西是PNME标贴是229【tools/ziliao/extract_price_seeds.mjs 自动抽取·历史成交价·待甲方核对】"
安宝公司,割嘴 GPN #1  塑料盖贴：GPN-1,9.00,CNY,2023-01-29,,contract,来源文件：ziliao/安宝公司/A. SH  AIR - OXY 里卡多/合同/2023/ab230051出口产品供需合同-奉化一洲.xls（工作表 订单 第 8 行；合同号 AB230051返单AB22253；抬头需方 宁波安宝国际贸易有限公司；日期凭证：抬头签约时间）【tools/ziliao/extract_price_seeds.mjs 自动抽取·历史成交价·待甲方核对】
安宝公司,割嘴 GPN #2  塑料盖贴：GPN-2,9.00,CNY,2023-01-29,,contract,来源文件：ziliao/安宝公司/A. SH  AIR - OXY 里卡多/合同/2023/ab230051出口产品供需合同-奉化一洲.xls（工作表 订单 第 9 行；合同号 AB230051返单AB22253；抬头需方 宁波安宝国际贸易有限公司；日期凭证：抬头签约时间）【tools/ziliao/extract_price_seeds.mjs 自动抽取·历史成交价·待甲方核对】
安宝公司,割嘴 GPN #3  塑料盖贴：GPN-3,9.00,CNY,2023-01-29,,contract,来源文件：ziliao/安宝公司/A. SH  AIR - OXY 里卡多/合同/2023/ab230051出口产品供需合同-奉化一洲.xls（工作表 订单 第 10 行；合同号 AB230051返单AB22253；抬头需方 宁波安宝国际贸易有限公司；日期凭证：抬头签约时间）【tools/ziliao/extract_price_seeds.mjs 自动抽取·历史成交价·待甲方核对】
安宝公司,割嘴 GPN #4  塑料盖贴：GPN-4,9.00,CNY,2023-01-29,,contract,来源文件：ziliao/安宝公司/A. SH  AIR - OXY 里卡多/合同/2023/ab230051出口产品供需合同-奉化一洲.xls（工作表 订单 第 11 行；合同号 AB230051返单AB22253；抬头需方 宁波安宝国际贸易有限公司；日期凭证：抬头签约时间）【tools/ziliao/extract_price_seeds.mjs 自动抽取·历史成交价·待甲方核对】
安宝公司,割嘴 GPN #6  塑料盖贴：GPN-6,9.00,CNY,2023-01-29,,contract,来源文件：ziliao/安宝公司/A. SH  AIR - OXY 里卡多/合同/2023/ab230051出口产品供需合同-奉化一洲.xls（工作表 订单 第 12 行；合同号 AB230051返单AB22253；抬头需方 宁波安宝国际贸易有限公司；日期凭证：抬头签约时间）【tools/ziliao/extract_price_seeds.mjs 自动抽取·历史成交价·待甲方核对】
安宝公司,"割嘴 MC-12-2#
产品号码6004",14.00,CNY,2023-01-29,,contract,来源文件：ziliao/安宝公司/美国FRONNY/订单/2023/ab230044 出口产品供需合同-一洲po53070.xls（工作表 订单 第 9 行；合同号 AB230044 (返单号AB22260）；抬头需方 宁波安宝国际贸易有限公司；日期凭证：抬头签约时间）【tools/ziliao/extract_price_seeds.mjs 自动抽取·历史成交价·待甲方核对】
安宝公司,"割嘴 MC12-0#
产品号码6002",14.00,CNY,2023-01-29,,contract,来源文件：ziliao/安宝公司/美国FRONNY/订单/2023/ab230044 出口产品供需合同-一洲po53070.xls（工作表 订单 第 7 行；合同号 AB230044 (返单号AB22260）；抬头需方 宁波安宝国际贸易有限公司；日期凭证：抬头签约时间）【tools/ziliao/extract_price_seeds.mjs 自动抽取·历史成交价·待甲方核对】
安宝公司,"割嘴 MC12-1#
产品号码6003",14.00,CNY,2023-01-29,,contract,来源文件：ziliao/安宝公司/美国FRONNY/订单/2023/ab230044 出口产品供需合同-一洲po53070.xls（工作表 订单 第 8 行；合同号 AB230044 (返单号AB22260）；抬头需方 宁波安宝国际贸易有限公司；日期凭证：抬头签约时间）【tools/ziliao/extract_price_seeds.mjs 自动抽取·历史成交价·待甲方核对】
安宝公司,"割嘴 MC12-3#
产品号码6005",14.00,CNY,2023-01-29,,contract,来源文件：ziliao/安宝公司/美国FRONNY/订单/2023/ab230044 出口产品供需合同-一洲po53070.xls（工作表 订单 第 10 行；合同号 AB230044 (返单号AB22260）；抬头需方 宁波安宝国际贸易有限公司；日期凭证：抬头签约时间）【tools/ziliao/extract_price_seeds.mjs 自动抽取·历史成交价·待甲方核对】
安宝公司,"割嘴3-3-101
产品号码6021",8.80,CNY,2023-01-29,,contract,来源文件：ziliao/安宝公司/美国FRONNY/订单/2023/ab230044 出口产品供需合同-一洲po53070.xls（工作表 订单 第 15 行；合同号 AB230044 (返单号AB22260）；抬头需方 宁波安宝国际贸易有限公司；日期凭证：抬头签约时间）【tools/ziliao/extract_price_seeds.mjs 自动抽取·历史成交价·待甲方核对】
安宝公司,"乙炔割嘴 1-101 #1
塑料盖贴：1-101 1",12.00,CNY,2023-01-29,,contract,来源文件：ziliao/安宝公司/A. SH  AIR - OXY 里卡多/合同/2023/ab230051出口产品供需合同-奉化一洲.xls（工作表 订单 第 13 行；合同号 AB230051返单AB22253；抬头需方 宁波安宝国际贸易有限公司；日期凭证：抬头签约时间）【tools/ziliao/extract_price_seeds.mjs 自动抽取·历史成交价·待甲方核对】
安宝公司,"乙炔割嘴 1-101 #2
塑料盖贴：1-101 2",12.00,CNY,2023-01-29,,contract,来源文件：ziliao/安宝公司/A. SH  AIR - OXY 里卡多/合同/2023/ab230051出口产品供需合同-奉化一洲.xls（工作表 订单 第 14 行；合同号 AB230051返单AB22253；抬头需方 宁波安宝国际贸易有限公司；日期凭证：抬头签约时间）【tools/ziliao/extract_price_seeds.mjs 自动抽取·历史成交价·待甲方核对】
安宝公司,"乙炔割嘴 1-101 #3
塑料盖贴：1-101 3",12.00,CNY,2023-01-29,,contract,来源文件：ziliao/安宝公司/A. SH  AIR - OXY 里卡多/合同/2023/ab230051出口产品供需合同-奉化一洲.xls（工作表 订单 第 15 行；合同号 AB230051返单AB22253；抬头需方 宁波安宝国际贸易有限公司；日期凭证：抬头签约时间）【tools/ziliao/extract_price_seeds.mjs 自动抽取·历史成交价·待甲方核对】
安宝公司,乙炔割嘴 164 #0 塑料盖贴：164-0,14.50,CNY,2023-01-29,,contract,来源文件：ziliao/安宝公司/A. SH  AIR - OXY 里卡多/合同/2023/ab230051出口产品供需合同-奉化一洲.xls（工作表 订单 第 16 行；合同号 AB230051返单AB22253；抬头需方 宁波安宝国际贸易有限公司；日期凭证：抬头签约时间）【tools/ziliao/extract_price_seeds.mjs 自动抽取·历史成交价·待甲方核对】
安宝公司,乙炔割嘴 164 #4 塑料盖贴：164-4,14.50,CNY,2023-01-29,,contract,来源文件：ziliao/安宝公司/A. SH  AIR - OXY 里卡多/合同/2023/ab230051出口产品供需合同-奉化一洲.xls（工作表 订单 第 17 行；合同号 AB230051返单AB22253；抬头需方 宁波安宝国际贸易有限公司；日期凭证：抬头签约时间）【tools/ziliao/extract_price_seeds.mjs 自动抽取·历史成交价·待甲方核对】
安宝公司,"乙炔割嘴1-101-2 102g
代码：4191",11.50,CNY,2023-01-29,,contract,"来源文件：ziliao/安宝公司/INFAR不干胶/INFRA合同/2022/ab230046  出口产品供需合同-奉化一洲.xls（工作表 Sheet1 第 13 行；合同号 AB230046 返单AB22815；抬头需方 宁波安宝国际贸易有限公司；日期凭证：抬头签约时间）；包装：标贴尺寸：80x16mm
塑料盒盖用红色【tools/ziliao/extract_price_seeds.mjs 自动抽取·历史成交价·待甲方核对】"
安宝公司,PNME割嘴 229 #4 塑料盖贴：229-4,8.00,CNY,2023-01-29,,contract,来源文件：ziliao/安宝公司/A. SH  AIR - OXY 里卡多/合同/2023/ab230051出口产品供需合同-奉化一洲.xls（工作表 订单 第 18 行；合同号 AB230051返单AB22253；抬头需方 宁波安宝国际贸易有限公司；日期凭证：抬头签约时间）【tools/ziliao/extract_price_seeds.mjs 自动抽取·历史成交价·待甲方核对】
安宝公司,"smith 丙烷割嘴 SC-50-A-1 93g
代码：4157",12.30,CNY,2023-01-29,,contract,"来源文件：ziliao/安宝公司/INFAR不干胶/INFRA合同/2022/ab230046  出口产品供需合同-奉化一洲.xls（工作表 Sheet1 第 7 行；合同号 AB230046 返单AB22815；抬头需方 宁波安宝国际贸易有限公司；日期凭证：抬头签约时间）；包装：标贴尺寸：80x16mm
塑料盒盖用黑色【tools/ziliao/extract_price_seeds.mjs 自动抽取·历史成交价·待甲方核对】"
安宝公司,"smith 丙烷割嘴 SC-50-A-2 93g
代码：4158",12.30,CNY,2023-01-29,,contract,来源文件：ziliao/安宝公司/INFAR不干胶/INFRA合同/2022/ab230046  出口产品供需合同-奉化一洲.xls（工作表 Sheet1 第 8 行；合同号 AB230046 返单AB22815；抬头需方 宁波安宝国际贸易有限公司；日期凭证：抬头签约时间）【tools/ziliao/extract_price_seeds.mjs 自动抽取·历史成交价·待甲方核对】
安宝公司,"smith 乙炔割嘴 SC-12-2 103g
代码：4136",14.00,CNY,2023-01-29,,contract,来源文件：ziliao/安宝公司/INFAR不干胶/INFRA合同/2022/ab230046  出口产品供需合同-奉化一洲.xls（工作表 Sheet1 第 9 行；合同号 AB230046 返单AB22815；抬头需方 宁波安宝国际贸易有限公司；日期凭证：抬头签约时间）【tools/ziliao/extract_price_seeds.mjs 自动抽取·历史成交价·待甲方核对】
安宝公司,"smith 乙炔割嘴 SC-12-3 103g
代码：4137",14.00,CNY,2023-01-29,,contract,来源文件：ziliao/安宝公司/INFAR不干胶/INFRA合同/2022/ab230046  出口产品供需合同-奉化一洲.xls（工作表 Sheet1 第 10 行；合同号 AB230046 返单AB22815；抬头需方 宁波安宝国际贸易有限公司；日期凭证：抬头签约时间）【tools/ziliao/extract_price_seeds.mjs 自动抽取·历史成交价·待甲方核对】
安宝公司,"smith 乙炔割嘴 SC-12-4 103g
代码：4138",14.00,CNY,2023-01-29,,contract,来源文件：ziliao/安宝公司/INFAR不干胶/INFRA合同/2022/ab230046  出口产品供需合同-奉化一洲.xls（工作表 Sheet1 第 11 行；合同号 AB230046 返单AB22815；抬头需方 宁波安宝国际贸易有限公司；日期凭证：抬头签约时间）【tools/ziliao/extract_price_seeds.mjs 自动抽取·历史成交价·待甲方核对】
安宝公司,"smith 乙炔割嘴 SC-12-5 103g
代码：4151",14.00,CNY,2023-01-29,,contract,来源文件：ziliao/安宝公司/INFAR不干胶/INFRA合同/2022/ab230046  出口产品供需合同-奉化一洲.xls（工作表 Sheet1 第 12 行；合同号 AB230046 返单AB22815；抬头需方 宁波安宝国际贸易有限公司；日期凭证：抬头签约时间）【tools/ziliao/extract_price_seeds.mjs 自动抽取·历史成交价·待甲方核对】
安宝公司,"VICTOR 丙烷割嘴 GPN-2#
刻字：VICTOR中性刻字

包装：VICTOR塑料盒+不干胶",9.00,CNY,2023-01-14,,contract,"来源文件：ziliao/安宝公司/VICTOR-GPN, 1-101,6290AC/AB23036 VICTOR GPN ACT1843.xls（工作表 订单 第 7 行；合同号 AB23036；抬头需方 宁波安宝国际贸易有限公司；日期凭证：抬头签约时间）；包装：包装及刻字，如下图所示【tools/ziliao/extract_price_seeds.mjs 自动抽取·历史成交价·待甲方核对】"
安宝公司,"VICTOR 丙烷割嘴 GPN-3#
刻字：VICTOR中性刻字

包装：VICTOR塑料盒+不干胶",9.00,CNY,2023-01-14,,contract,"来源文件：ziliao/安宝公司/VICTOR-GPN, 1-101,6290AC/AB23036 VICTOR GPN ACT1843.xls（工作表 订单 第 8 行；合同号 AB23036；抬头需方 宁波安宝国际贸易有限公司；日期凭证：抬头签约时间）【tools/ziliao/extract_price_seeds.mjs 自动抽取·历史成交价·待甲方核对】"
安宝公司,割嘴 0-3-GPN 产品号码6030,7.80,CNY,2022-12-28,,contract,来源文件：ziliao/安宝公司/美国FRONNY/订单/2022/AB221050 出口产品供需合同-一洲P052929.xls（工作表 订单 第 8 行；合同号 AB221050；抬头需方 宁波安宝国际贸易有限公司；日期凭证：抬头签约时间）【tools/ziliao/extract_price_seeds.mjs 自动抽取·历史成交价·待甲方核对】
安宝公司,割嘴 1-3-GPN 产品号码6031,7.80,CNY,2022-12-28,,contract,来源文件：ziliao/安宝公司/美国FRONNY/订单/2022/AB221050 出口产品供需合同-一洲P052929.xls（工作表 订单 第 9 行；合同号 AB221050；抬头需方 宁波安宝国际贸易有限公司；日期凭证：抬头签约时间）【tools/ziliao/extract_price_seeds.mjs 自动抽取·历史成交价·待甲方核对】
安宝公司,割嘴 1-GPN 2# 产品号码6028,8.80,CNY,2022-12-28,,contract,来源文件：ziliao/安宝公司/美国FRONNY/订单/2022/AB221050 出口产品供需合同-一洲P052929.xls（工作表 订单 第 7 行；合同号 AB221050；抬头需方 宁波安宝国际贸易有限公司；日期凭证：抬头签约时间）【tools/ziliao/extract_price_seeds.mjs 自动抽取·历史成交价·待甲方核对】
安宝公司,割嘴 6290-0# 产品号码6009,8.80,CNY,2022-12-28,,contract,来源文件：ziliao/安宝公司/美国FRONNY/订单/2022/AB221050 出口产品供需合同-一洲P052929.xls（工作表 订单 第 10 行；合同号 AB221050；抬头需方 宁波安宝国际贸易有限公司；日期凭证：抬头签约时间）【tools/ziliao/extract_price_seeds.mjs 自动抽取·历史成交价·待甲方核对】
安宝公司,"内嘴 P0 刻字内容规格与型号 如右图
单只塑料袋包装 500只/箱 重41G",3.65,CNY,2022-12-21,,contract,来源文件：ziliao/安宝公司/旧订单资料/REDIUS俄罗斯/DOKA PNM/DOKA 订单/ab221024 出口产品供需合同-一洲(1).xls（工作表 订单 第 13 行；合同号 AB221024返单AB22819；抬头需方 宁波安宝国际贸易有限公司；日期凭证：抬头签约时间）【tools/ziliao/extract_price_seeds.mjs 自动抽取·历史成交价·待甲方核对】
安宝公司,"内嘴 P1 刻字内容规格与型号 如右图
单只塑料袋包装 500只/箱 重41G",3.65,CNY,2022-12-21,,contract,来源文件：ziliao/安宝公司/旧订单资料/REDIUS俄罗斯/DOKA PNM/DOKA 订单/ab221024 出口产品供需合同-一洲(1).xls（工作表 订单 第 14 行；合同号 AB221024返单AB22819；抬头需方 宁波安宝国际贸易有限公司；日期凭证：抬头签约时间）【tools/ziliao/extract_price_seeds.mjs 自动抽取·历史成交价·待甲方核对】
安宝公司,"内嘴 P2 刻字内容规格与型号 如右图
单只塑料袋包装 500只/箱 重41G",3.65,CNY,2022-12-21,,contract,来源文件：ziliao/安宝公司/旧订单资料/REDIUS俄罗斯/DOKA PNM/DOKA 订单/ab221024 出口产品供需合同-一洲(1).xls（工作表 订单 第 15 行；合同号 AB221024返单AB22819；抬头需方 宁波安宝国际贸易有限公司；日期凭证：抬头签约时间）【tools/ziliao/extract_price_seeds.mjs 自动抽取·历史成交价·待甲方核对】
安宝公司,"内嘴 P3 刻字内容规格与型号 如右图
单只塑料袋包装 500只/箱 重41G",3.65,CNY,2022-12-21,,contract,来源文件：ziliao/安宝公司/旧订单资料/REDIUS俄罗斯/DOKA PNM/DOKA 订单/ab221024 出口产品供需合同-一洲(1).xls（工作表 订单 第 16 行；合同号 AB221024返单AB22819；抬头需方 宁波安宝国际贸易有限公司；日期凭证：抬头签约时间）【tools/ziliao/extract_price_seeds.mjs 自动抽取·历史成交价·待甲方核对】
安宝公司,"内嘴 P4 刻字内容规格与型号 如右图
单只塑料袋包装 500只/箱 重41G",3.65,CNY,2022-12-21,,contract,来源文件：ziliao/安宝公司/旧订单资料/REDIUS俄罗斯/DOKA PNM/DOKA 订单/ab221024 出口产品供需合同-一洲(1).xls（工作表 订单 第 17 行；合同号 AB221024返单AB22819；抬头需方 宁波安宝国际贸易有限公司；日期凭证：抬头签约时间）【tools/ziliao/extract_price_seeds.mjs 自动抽取·历史成交价·待甲方核对】
安宝公司,"内嘴 P5 刻字内容规格与型号 如右图
单只塑料袋包装 500只/箱 重41G",3.65,CNY,2022-12-21,,contract,来源文件：ziliao/安宝公司/旧订单资料/REDIUS俄罗斯/DOKA PNM/DOKA 订单/ab221024 出口产品供需合同-一洲(1).xls（工作表 订单 第 18 行；合同号 AB221024返单AB22819；抬头需方 宁波安宝国际贸易有限公司；日期凭证：抬头签约时间）【tools/ziliao/extract_price_seeds.mjs 自动抽取·历史成交价·待甲方核对】
安宝公司,"内嘴 P6 刻字内容规格与型号 如右图
单只塑料袋包装 500只/箱 重41G",3.65,CNY,2022-12-21,,contract,来源文件：ziliao/安宝公司/旧订单资料/REDIUS俄罗斯/DOKA PNM/DOKA 订单/ab221024 出口产品供需合同-一洲(1).xls（工作表 订单 第 19 行；合同号 AB221024返单AB22819；抬头需方 宁波安宝国际贸易有限公司；日期凭证：抬头签约时间）【tools/ziliao/extract_price_seeds.mjs 自动抽取·历史成交价·待甲方核对】
安宝公司,"外嘴 PNM 1# 刻字内容规格与型号 如图
单只塑料袋包装 500只/箱 重31G",3.55,CNY,2022-12-21,,contract,来源文件：ziliao/安宝公司/旧订单资料/REDIUS俄罗斯/DOKA PNM/DOKA 订单/ab221024 出口产品供需合同-一洲(1).xls（工作表 订单 第 11 行；合同号 AB221024返单AB22819；抬头需方 宁波安宝国际贸易有限公司；日期凭证：抬头签约时间）【tools/ziliao/extract_price_seeds.mjs 自动抽取·历史成交价·待甲方核对】
安宝公司,"外嘴 PNM 2# 刻字内容规格与型号 如图
单只塑料袋包装 500只/箱 重31G",3.55,CNY,2022-12-21,,contract,来源文件：ziliao/安宝公司/旧订单资料/REDIUS俄罗斯/DOKA PNM/DOKA 订单/ab221024 出口产品供需合同-一洲(1).xls（工作表 订单 第 12 行；合同号 AB221024返单AB22819；抬头需方 宁波安宝国际贸易有限公司；日期凭证：抬头签约时间）【tools/ziliao/extract_price_seeds.mjs 自动抽取·历史成交价·待甲方核对】
安宝公司,"乙炔割嘴 ANM 1# 
刻字内容：规格与型号
包装：常规-中性",12.50,CNY,2022-12-21,,contract,来源文件：ziliao/安宝公司/旧订单资料/REDIUS俄罗斯/DOKA PNM/DOKA 订单/ab221024 出口产品供需合同-一洲(1).xls（工作表 订单 第 7 行；合同号 AB221024返单AB22819；抬头需方 宁波安宝国际贸易有限公司；日期凭证：抬头签约时间）；包装：如下图所示【tools/ziliao/extract_price_seeds.mjs 自动抽取·历史成交价·待甲方核对】
安宝公司,"乙炔割嘴 ANM 2# 
刻字内容：规格与型号
包装：常规-中性",12.50,CNY,2022-12-21,,contract,来源文件：ziliao/安宝公司/旧订单资料/REDIUS俄罗斯/DOKA PNM/DOKA 订单/ab221024 出口产品供需合同-一洲(1).xls（工作表 订单 第 8 行；合同号 AB221024返单AB22819；抬头需方 宁波安宝国际贸易有限公司；日期凭证：抬头签约时间）【tools/ziliao/extract_price_seeds.mjs 自动抽取·历史成交价·待甲方核对】
安宝公司,"乙炔割嘴 ANM 3# 
刻字内容：规格与型号
包装：常规-中性",12.50,CNY,2022-12-21,,contract,来源文件：ziliao/安宝公司/旧订单资料/REDIUS俄罗斯/DOKA PNM/DOKA 订单/ab221024 出口产品供需合同-一洲(1).xls（工作表 订单 第 9 行；合同号 AB221024返单AB22819；抬头需方 宁波安宝国际贸易有限公司；日期凭证：抬头签约时间）【tools/ziliao/extract_price_seeds.mjs 自动抽取·历史成交价·待甲方核对】
安宝公司,"乙炔割嘴 ANM 5# 
刻字内容：规格与型号
包装：常规-中性",12.50,CNY,2022-12-21,,contract,来源文件：ziliao/安宝公司/旧订单资料/REDIUS俄罗斯/DOKA PNM/DOKA 订单/ab221024 出口产品供需合同-一洲(1).xls（工作表 订单 第 10 行；合同号 AB221024返单AB22819；抬头需方 宁波安宝国际贸易有限公司；日期凭证：抬头签约时间）【tools/ziliao/extract_price_seeds.mjs 自动抽取·历史成交价·待甲方核对】
安宝公司,丙烷割嘴 6290-NX-2#,6.20,CNY,2022-12-19,,contract,"来源文件：ziliao/安宝公司/MAXES 仿NX,106HC,GPN/订单/AB22997 出口产品供需合同-奉化一洲.xls（工作表 订单 第 7 行；合同号 AB22997；抬头需方 宁波安宝国际贸易有限公司；日期凭证：抬头签约时间）【tools/ziliao/extract_price_seeds.mjs 自动抽取·历史成交价·待甲方核对】"
安宝公司,丙烷割嘴 6290-NX-3#,6.20,CNY,2022-12-19,,contract,"来源文件：ziliao/安宝公司/MAXES 仿NX,106HC,GPN/订单/AB22997 出口产品供需合同-奉化一洲.xls（工作表 订单 第 8 行；合同号 AB22997；抬头需方 宁波安宝国际贸易有限公司；日期凭证：抬头签约时间）【tools/ziliao/extract_price_seeds.mjs 自动抽取·历史成交价·待甲方核对】"
安宝公司,丙烷割嘴 6290-NX-4#,6.20,CNY,2022-12-19,,contract,"来源文件：ziliao/安宝公司/MAXES 仿NX,106HC,GPN/订单/AB22997 出口产品供需合同-奉化一洲.xls（工作表 订单 第 9 行；合同号 AB22997；抬头需方 宁波安宝国际贸易有限公司；日期凭证：抬头签约时间）【tools/ziliao/extract_price_seeds.mjs 自动抽取·历史成交价·待甲方核对】"
安宝公司,丙烷割嘴 6290-NX-5#,6.20,CNY,2022-12-19,,contract,"来源文件：ziliao/安宝公司/MAXES 仿NX,106HC,GPN/订单/AB22997 出口产品供需合同-奉化一洲.xls（工作表 订单 第 10 行；合同号 AB22997；抬头需方 宁波安宝国际贸易有限公司；日期凭证：抬头签约时间）【tools/ziliao/extract_price_seeds.mjs 自动抽取·历史成交价·待甲方核对】"
安宝公司,丙烷割嘴 6290-NX-6#,6.20,CNY,2022-12-19,,contract,"来源文件：ziliao/安宝公司/MAXES 仿NX,106HC,GPN/订单/AB22997 出口产品供需合同-奉化一洲.xls（工作表 订单 第 11 行；合同号 AB22997；抬头需方 宁波安宝国际贸易有限公司；日期凭证：抬头签约时间）【tools/ziliao/extract_price_seeds.mjs 自动抽取·历史成交价·待甲方核对】"
安宝公司,"KOIKE 106HC割嘴 7#-3.2mm
重：79g 如右图所示",10.20,CNY,2022-12-19,,contract,"来源文件：ziliao/安宝公司/MAXES 仿NX,106HC,GPN/订单/AB22997 出口产品供需合同-奉化一洲.xls（工作表 订单 第 15 行；合同号 AB22997；抬头需方 宁波安宝国际贸易有限公司；日期凭证：抬头签约时间）【tools/ziliao/extract_price_seeds.mjs 自动抽取·历史成交价·待甲方核对】"
安宝公司,"KOIKE 106HC割嘴 8#-4.0mm
重：79g 如右图所示",10.20,CNY,2022-12-19,,contract,"来源文件：ziliao/安宝公司/MAXES 仿NX,106HC,GPN/订单/AB22997 出口产品供需合同-奉化一洲.xls（工作表 订单 第 16 行；合同号 AB22997；抬头需方 宁波安宝国际贸易有限公司；日期凭证：抬头签约时间）【tools/ziliao/extract_price_seeds.mjs 自动抽取·历史成交价·待甲方核对】"
安宝公司,"KOIKE割嘴 106HC割嘴 2#
如右图所示",7.50,CNY,2022-12-19,,contract,"来源文件：ziliao/安宝公司/MAXES 仿NX,106HC,GPN/订单/AB22997 出口产品供需合同-奉化一洲.xls（工作表 订单 第 12 行；合同号 AB22997；抬头需方 宁波安宝国际贸易有限公司；日期凭证：抬头签约时间）【tools/ziliao/extract_price_seeds.mjs 自动抽取·历史成交价·待甲方核对】"
安宝公司,"KOIKE割嘴 106HC割嘴 3#
如右图所示",7.50,CNY,2022-12-19,,contract,"来源文件：ziliao/安宝公司/MAXES 仿NX,106HC,GPN/订单/AB22997 出口产品供需合同-奉化一洲.xls（工作表 订单 第 13 行；合同号 AB22997；抬头需方 宁波安宝国际贸易有限公司；日期凭证：抬头签约时间）【tools/ziliao/extract_price_seeds.mjs 自动抽取·历史成交价·待甲方核对】"
安宝公司,"KOIKE割嘴 106HC割嘴 4#
如右图所示",7.50,CNY,2022-12-19,,contract,"来源文件：ziliao/安宝公司/MAXES 仿NX,106HC,GPN/订单/AB22997 出口产品供需合同-奉化一洲.xls（工作表 订单 第 14 行；合同号 AB22997；抬头需方 宁波安宝国际贸易有限公司；日期凭证：抬头签约时间）【tools/ziliao/extract_price_seeds.mjs 自动抽取·历史成交价·待甲方核对】"
安宝公司,"Victor 丙烷割嘴 GPN-2#
如右图所示",9.00,CNY,2022-12-19,,contract,"来源文件：ziliao/安宝公司/MAXES 仿NX,106HC,GPN/订单/AB22997 出口产品供需合同-奉化一洲.xls（工作表 订单 第 17 行；合同号 AB22997；抬头需方 宁波安宝国际贸易有限公司；日期凭证：抬头签约时间）【tools/ziliao/extract_price_seeds.mjs 自动抽取·历史成交价·待甲方核对】"
安宝公司,"Victor 丙烷割嘴 GPN-3#
如右图所示",9.00,CNY,2022-12-19,,contract,"来源文件：ziliao/安宝公司/MAXES 仿NX,106HC,GPN/订单/AB22997 出口产品供需合同-奉化一洲.xls（工作表 订单 第 18 行；合同号 AB22997；抬头需方 宁波安宝国际贸易有限公司；日期凭证：抬头签约时间）【tools/ziliao/extract_price_seeds.mjs 自动抽取·历史成交价·待甲方核对】"
安宝公司,"Victor 丙烷割嘴 GPN-4#
如右图所示",9.00,CNY,2022-12-19,,contract,"来源文件：ziliao/安宝公司/MAXES 仿NX,106HC,GPN/订单/AB22997 出口产品供需合同-奉化一洲.xls（工作表 订单 第 19 行；合同号 AB22997；抬头需方 宁波安宝国际贸易有限公司；日期凭证：抬头签约时间）【tools/ziliao/extract_price_seeds.mjs 自动抽取·历史成交价·待甲方核对】"
安宝公司,"1502乙炔割嘴 #10
包装：塑料盒贴型号",13.00,CNY,2022-12-05,,contract,"来源文件：ziliao/安宝公司/Technical Welding 1502,1503/订单/AB22990 出口产品供需合同-奉化一洲.xls（工作表 订单 第 10 行；合同号 AB22990返单AB22315+391；抬头需方 宁波安宝国际贸易有限公司；日期凭证：抬头签约时间）【tools/ziliao/extract_price_seeds.mjs 自动抽取·历史成交价·待甲方核对】"
安宝公司,"1502乙炔割嘴 #12
包装：塑料盒贴型号",13.00,CNY,2022-12-05,,contract,"来源文件：ziliao/安宝公司/Technical Welding 1502,1503/订单/AB22990 出口产品供需合同-奉化一洲.xls（工作表 订单 第 11 行；合同号 AB22990返单AB22315+391；抬头需方 宁波安宝国际贸易有限公司；日期凭证：抬头签约时间）【tools/ziliao/extract_price_seeds.mjs 自动抽取·历史成交价·待甲方核对】"
安宝公司,"1502乙炔割嘴 #4
包装：塑料盒贴型号",13.00,CNY,2022-12-05,,contract,"来源文件：ziliao/安宝公司/Technical Welding 1502,1503/订单/AB22990 出口产品供需合同-奉化一洲.xls（工作表 订单 第 7 行；合同号 AB22990返单AB22315+391；抬头需方 宁波安宝国际贸易有限公司；日期凭证：抬头签约时间）【tools/ziliao/extract_price_seeds.mjs 自动抽取·历史成交价·待甲方核对】"
安宝公司,"1502乙炔割嘴 #6
包装：塑料盒贴型号",13.00,CNY,2022-12-05,,contract,"来源文件：ziliao/安宝公司/Technical Welding 1502,1503/订单/AB22990 出口产品供需合同-奉化一洲.xls（工作表 订单 第 8 行；合同号 AB22990返单AB22315+391；抬头需方 宁波安宝国际贸易有限公司；日期凭证：抬头签约时间）【tools/ziliao/extract_price_seeds.mjs 自动抽取·历史成交价·待甲方核对】"
安宝公司,"1502乙炔割嘴 #8
包装：塑料盒贴型号",13.00,CNY,2022-12-05,,contract,"来源文件：ziliao/安宝公司/Technical Welding 1502,1503/订单/AB22990 出口产品供需合同-奉化一洲.xls（工作表 订单 第 9 行；合同号 AB22990返单AB22315+391；抬头需方 宁波安宝国际贸易有限公司；日期凭证：抬头签约时间）【tools/ziliao/extract_price_seeds.mjs 自动抽取·历史成交价·待甲方核对】"
安宝公司,"1503丙烷割嘴 #10
包装：塑料盒贴型号",9.00,CNY,2022-12-05,,contract,"来源文件：ziliao/安宝公司/Technical Welding 1502,1503/订单/AB22990 出口产品供需合同-奉化一洲.xls（工作表 订单 第 15 行；合同号 AB22990返单AB22315+391；抬头需方 宁波安宝国际贸易有限公司；日期凭证：抬头签约时间）【tools/ziliao/extract_price_seeds.mjs 自动抽取·历史成交价·待甲方核对】"
安宝公司,"1503丙烷割嘴 #12
包装：塑料盒贴型号",9.00,CNY,2022-12-05,,contract,"来源文件：ziliao/安宝公司/Technical Welding 1502,1503/订单/AB22990 出口产品供需合同-奉化一洲.xls（工作表 订单 第 16 行；合同号 AB22990返单AB22315+391；抬头需方 宁波安宝国际贸易有限公司；日期凭证：抬头签约时间）【tools/ziliao/extract_price_seeds.mjs 自动抽取·历史成交价·待甲方核对】"
安宝公司,"1503丙烷割嘴 #4
包装：塑料盒贴型号",9.00,CNY,2022-12-05,,contract,"来源文件：ziliao/安宝公司/Technical Welding 1502,1503/订单/AB22990 出口产品供需合同-奉化一洲.xls（工作表 订单 第 12 行；合同号 AB22990返单AB22315+391；抬头需方 宁波安宝国际贸易有限公司；日期凭证：抬头签约时间）【tools/ziliao/extract_price_seeds.mjs 自动抽取·历史成交价·待甲方核对】"
安宝公司,"1503丙烷割嘴 #6
包装：塑料盒贴型号",9.00,CNY,2022-12-05,,contract,"来源文件：ziliao/安宝公司/Technical Welding 1502,1503/订单/AB22990 出口产品供需合同-奉化一洲.xls（工作表 订单 第 13 行；合同号 AB22990返单AB22315+391；抬头需方 宁波安宝国际贸易有限公司；日期凭证：抬头签约时间）【tools/ziliao/extract_price_seeds.mjs 自动抽取·历史成交价·待甲方核对】"
安宝公司,"1503丙烷割嘴 #8
包装：塑料盒贴型号",9.00,CNY,2022-12-05,,contract,"来源文件：ziliao/安宝公司/Technical Welding 1502,1503/订单/AB22990 出口产品供需合同-奉化一洲.xls（工作表 订单 第 14 行；合同号 AB22990返单AB22315+391；抬头需方 宁波安宝国际贸易有限公司；日期凭证：抬头签约时间）【tools/ziliao/extract_price_seeds.mjs 自动抽取·历史成交价·待甲方核对】"
安宝公司,丙烷割嘴 6290-NX 0# 49G,6.20,CNY,2022-11-24,,contract,来源文件：ziliao/安宝公司/NJ 6290NX/NJ 6290NX.xls（工作表 Sheet1 第 7 行；合同号 AB22958；抬头需方 宁波安宝国际贸易有限公司；日期凭证：抬头签约时间）【tools/ziliao/extract_price_seeds.mjs 自动抽取·历史成交价·待甲方核对】
安宝公司,丙烷割嘴 6290-NX 1# 49G,6.20,CNY,2022-11-24,,contract,来源文件：ziliao/安宝公司/NJ 6290NX/NJ 6290NX.xls（工作表 Sheet1 第 8 行；合同号 AB22958；抬头需方 宁波安宝国际贸易有限公司；日期凭证：抬头签约时间）【tools/ziliao/extract_price_seeds.mjs 自动抽取·历史成交价·待甲方核对】
安宝公司,"2W-1503丙烷割嘴 #10 刻字：中性
不电镀
包装：塑料盒贴型号如右图",8.50,CNY,2022-11-23,,contract,来源文件：ziliao/安宝公司/EAGLEE CAJA 巴拉圭1503/AB22946 出口产品供需合同-奉化一洲(1).xls（工作表 Sheet2 第 11 行；合同号 AB22946；抬头需方 宁波安宝国际贸易有限公司；日期凭证：抬头签约时间）【tools/ziliao/extract_price_seeds.mjs 自动抽取·历史成交价·待甲方核对】
安宝公司,"2W-1503丙烷割嘴 #12 刻字：中性
不电镀
包装：塑料盒贴型号如右图",8.50,CNY,2022-11-23,,contract,来源文件：ziliao/安宝公司/EAGLEE CAJA 巴拉圭1503/AB22946 出口产品供需合同-奉化一洲(1).xls（工作表 Sheet2 第 12 行；合同号 AB22946；抬头需方 宁波安宝国际贸易有限公司；日期凭证：抬头签约时间）【tools/ziliao/extract_price_seeds.mjs 自动抽取·历史成交价·待甲方核对】
安宝公司,"2W-1503丙烷割嘴 #2  刻字：中性
不电镀
包装：塑料盒贴型号如右图",8.50,CNY,2022-11-23,,contract,来源文件：ziliao/安宝公司/EAGLEE CAJA 巴拉圭1503/AB22946 出口产品供需合同-奉化一洲(1).xls（工作表 Sheet2 第 7 行；合同号 AB22946；抬头需方 宁波安宝国际贸易有限公司；日期凭证：抬头签约时间）【tools/ziliao/extract_price_seeds.mjs 自动抽取·历史成交价·待甲方核对】
安宝公司,"2W-1503丙烷割嘴 #4  刻字：中性
不电镀
包装：塑料盒贴型号如右图",8.50,CNY,2022-11-23,,contract,来源文件：ziliao/安宝公司/EAGLEE CAJA 巴拉圭1503/AB22946 出口产品供需合同-奉化一洲(1).xls（工作表 Sheet2 第 8 行；合同号 AB22946；抬头需方 宁波安宝国际贸易有限公司；日期凭证：抬头签约时间）【tools/ziliao/extract_price_seeds.mjs 自动抽取·历史成交价·待甲方核对】
安宝公司,"2W-1503丙烷割嘴 #6  刻字：中性
不电镀
包装：塑料盒贴型号如右图",8.50,CNY,2022-11-23,,contract,来源文件：ziliao/安宝公司/EAGLEE CAJA 巴拉圭1503/AB22946 出口产品供需合同-奉化一洲(1).xls（工作表 Sheet2 第 9 行；合同号 AB22946；抬头需方 宁波安宝国际贸易有限公司；日期凭证：抬头签约时间）【tools/ziliao/extract_price_seeds.mjs 自动抽取·历史成交价·待甲方核对】
安宝公司,"2W-1503丙烷割嘴 #8  刻字：中性
不电镀
包装：塑料盒贴型号如右图",8.50,CNY,2022-11-23,,contract,来源文件：ziliao/安宝公司/EAGLEE CAJA 巴拉圭1503/AB22946 出口产品供需合同-奉化一洲(1).xls（工作表 Sheet2 第 10 行；合同号 AB22946；抬头需方 宁波安宝国际贸易有限公司；日期凭证：抬头签约时间）【tools/ziliao/extract_price_seeds.mjs 自动抽取·历史成交价·待甲方核对】
安宝公司,"丙烷割嘴 GPN Nº 1
厚度：10-20mm  孔口：1.2

包装：塑料盒+不干胶如右图",9.00,CNY,2022-11-18,,contract,来源文件：ziliao/安宝公司/KLK  1-101. GPN/合同/ab22937 出口产品供需合同-奉化一洲.xls（工作表 Sheet2 第 10 行；合同号 AB22937返单AB21493；抬头需方 宁波安宝国际贸易有限公司；日期凭证：抬头签约时间）【tools/ziliao/extract_price_seeds.mjs 自动抽取·历史成交价·待甲方核对】
安宝公司,"丙烷割嘴 GPN Nº 2
厚度：20-40mm  孔口：1.5

包装：塑料盒+不干胶如右图",9.00,CNY,2022-11-18,,contract,来源文件：ziliao/安宝公司/KLK  1-101. GPN/合同/ab22937 出口产品供需合同-奉化一洲.xls（工作表 Sheet2 第 11 行；合同号 AB22937返单AB21493；抬头需方 宁波安宝国际贸易有限公司；日期凭证：抬头签约时间）【tools/ziliao/extract_price_seeds.mjs 自动抽取·历史成交价·待甲方核对】
安宝公司,"丙烷割嘴 GPN Nº 3
厚度：40-60mm 孔口：1.8

包装：塑料盒+不干胶如右图",9.00,CNY,2022-11-18,,contract,来源文件：ziliao/安宝公司/KLK  1-101. GPN/合同/ab22937 出口产品供需合同-奉化一洲.xls（工作表 Sheet2 第 12 行；合同号 AB22937返单AB21493；抬头需方 宁波安宝国际贸易有限公司；日期凭证：抬头签约时间）【tools/ziliao/extract_price_seeds.mjs 自动抽取·历史成交价·待甲方核对】
安宝公司,"乙炔割嘴 1-101 Nº 1
厚度：10-20mm
预热：0.7  孔口：1.2
包装：塑料盒+不干胶如右图",12.00,CNY,2022-11-18,,contract,来源文件：ziliao/安宝公司/KLK  1-101. GPN/合同/ab22937 出口产品供需合同-奉化一洲.xls（工作表 Sheet2 第 7 行；合同号 AB22937返单AB21493；抬头需方 宁波安宝国际贸易有限公司；日期凭证：抬头签约时间）【tools/ziliao/extract_price_seeds.mjs 自动抽取·历史成交价·待甲方核对】
安宝公司,"乙炔割嘴 1-101 Nº 2
厚度：20-40mm
预热：0.8 孔口：1.5
包装：塑料盒+不干胶如右图",12.00,CNY,2022-11-18,,contract,来源文件：ziliao/安宝公司/KLK  1-101. GPN/合同/ab22937 出口产品供需合同-奉化一洲.xls（工作表 Sheet2 第 8 行；合同号 AB22937返单AB21493；抬头需方 宁波安宝国际贸易有限公司；日期凭证：抬头签约时间）【tools/ziliao/extract_price_seeds.mjs 自动抽取·历史成交价·待甲方核对】
安宝公司,"乙炔割嘴 1-101 Nº 3
厚度：40-60mm
预热：0.9 孔口：1.8
包装：塑料盒+不干胶如右图",12.00,CNY,2022-11-18,,contract,来源文件：ziliao/安宝公司/KLK  1-101. GPN/合同/ab22937 出口产品供需合同-奉化一洲.xls（工作表 Sheet2 第 9 行；合同号 AB22937返单AB21493；抬头需方 宁波安宝国际贸易有限公司；日期凭证：抬头签约时间）【tools/ziliao/extract_price_seeds.mjs 自动抽取·历史成交价·待甲方核对】
安宝公司,割嘴1-101-1# M1H0013,12.00,CNY,2022-11-16,,contract,"来源文件：ziliao/安宝公司/常规1-101,GPN 6290NX,G1-P,NFF/ab22923 出口产品供需合同-奉化一洲.xls（工作表 Sheet3 第 7 行；合同号 AB22923返单AB22126；抬头需方 宁波安宝国际贸易有限公司；日期凭证：抬头签约时间）；包装：散装【tools/ziliao/extract_price_seeds.mjs 自动抽取·历史成交价·待甲方核对】"
安宝公司,WS10111乙炔割嘴 101-1-1,12.00,CNY,2022-11-16,,contract,"来源文件：ziliao/安宝公司/Weldsolutions不干胶/合同/2022前/ab22913 出口产品供需合同-奉化一洲.xls（工作表 Sheet2 第 10 行；合同号 AB22913返单AB22443；抬头需方 宁波安宝国际贸易有限公司；日期凭证：抬头签约时间）；包装：标贴尺寸：80x16mm
塑料盒盖用红色【tools/ziliao/extract_price_seeds.mjs 自动抽取·历史成交价·待甲方核对】"
安宝公司,WS6290NX1丙烷割嘴 6290-NX-1,6.20,CNY,2022-11-16,,contract,"来源文件：ziliao/安宝公司/Weldsolutions不干胶/合同/2022前/ab22913 出口产品供需合同-奉化一洲.xls（工作表 Sheet2 第 11 行；合同号 AB22913返单AB22443；抬头需方 宁波安宝国际贸易有限公司；日期凭证：抬头签约时间）；包装：标贴尺寸：80x16mm
塑料盒盖用深蓝色【tools/ziliao/extract_price_seeds.mjs 自动抽取·历史成交价·待甲方核对】"
安宝公司,WS6290NX2丙烷割嘴 6290-NX-2,6.20,CNY,2022-11-16,,contract,来源文件：ziliao/安宝公司/Weldsolutions不干胶/合同/2022前/ab22913 出口产品供需合同-奉化一洲.xls（工作表 Sheet2 第 12 行；合同号 AB22913返单AB22443；抬头需方 宁波安宝国际贸易有限公司；日期凭证：抬头签约时间）【tools/ziliao/extract_price_seeds.mjs 自动抽取·历史成交价·待甲方核对】
安宝公司,WS6290NX3丙烷割嘴 6290-NX-3,6.20,CNY,2022-11-16,,contract,来源文件：ziliao/安宝公司/Weldsolutions不干胶/合同/2022前/ab22913 出口产品供需合同-奉化一洲.xls（工作表 Sheet2 第 13 行；合同号 AB22913返单AB22443；抬头需方 宁波安宝国际贸易有限公司；日期凭证：抬头签约时间）【tools/ziliao/extract_price_seeds.mjs 自动抽取·历史成交价·待甲方核对】
安宝公司,WS6290NX4丙烷割嘴 6290-NX-4,6.20,CNY,2022-11-16,,contract,来源文件：ziliao/安宝公司/Weldsolutions不干胶/合同/2022前/ab22913 出口产品供需合同-奉化一洲.xls（工作表 Sheet2 第 14 行；合同号 AB22913返单AB22443；抬头需方 宁波安宝国际贸易有限公司；日期凭证：抬头签约时间）【tools/ziliao/extract_price_seeds.mjs 自动抽取·历史成交价·待甲方核对】
安宝公司,WS6290NX5丙烷割嘴 6290-NX-5,6.20,CNY,2022-11-16,,contract,来源文件：ziliao/安宝公司/Weldsolutions不干胶/合同/2022前/ab22913 出口产品供需合同-奉化一洲.xls（工作表 Sheet2 第 15 行；合同号 AB22913返单AB22443；抬头需方 宁波安宝国际贸易有限公司；日期凭证：抬头签约时间）【tools/ziliao/extract_price_seeds.mjs 自动抽取·历史成交价·待甲方核对】
安宝公司,WSGPN0丙烷割嘴 GPN-0,9.00,CNY,2022-11-16,,contract,"来源文件：ziliao/安宝公司/Weldsolutions不干胶/合同/2022前/ab22913 出口产品供需合同-奉化一洲.xls（工作表 Sheet2 第 18 行；合同号 AB22913返单AB22443；抬头需方 宁波安宝国际贸易有限公司；日期凭证：抬头签约时间）；包装：标贴尺寸：80x16mm
塑料盒盖用深蓝色【tools/ziliao/extract_price_seeds.mjs 自动抽取·历史成交价·待甲方核对】"
安宝公司,WSGPN1丙烷割嘴 GPN-1,9.00,CNY,2022-11-16,,contract,来源文件：ziliao/安宝公司/Weldsolutions不干胶/合同/2022前/ab22913 出口产品供需合同-奉化一洲.xls（工作表 Sheet2 第 19 行；合同号 AB22913返单AB22443；抬头需方 宁波安宝国际贸易有限公司；日期凭证：抬头签约时间）【tools/ziliao/extract_price_seeds.mjs 自动抽取·历史成交价·待甲方核对】
安宝公司,WSGPN2丙烷割嘴 GPN-2,9.00,CNY,2022-11-16,,contract,来源文件：ziliao/安宝公司/Weldsolutions不干胶/合同/2022前/ab22913 出口产品供需合同-奉化一洲.xls（工作表 Sheet2 第 20 行；合同号 AB22913返单AB22443；抬头需方 宁波安宝国际贸易有限公司；日期凭证：抬头签约时间）【tools/ziliao/extract_price_seeds.mjs 自动抽取·历史成交价·待甲方核对】
安宝公司,WSSC120乙炔割嘴 SC-12-0,14.70,CNY,2022-11-16,,contract,"来源文件：ziliao/安宝公司/Weldsolutions不干胶/合同/2022前/ab22913 出口产品供需合同-奉化一洲.xls（工作表 Sheet2 第 7 行；合同号 AB22913返单AB22443；抬头需方 宁波安宝国际贸易有限公司；日期凭证：抬头签约时间）；包装：标贴尺寸：80x16mm
塑料盒盖用红色【tools/ziliao/extract_price_seeds.mjs 自动抽取·历史成交价·待甲方核对】"
安宝公司,WSSC124乙炔割嘴 SC-12-4,14.70,CNY,2022-11-16,,contract,来源文件：ziliao/安宝公司/Weldsolutions不干胶/合同/2022前/ab22913 出口产品供需合同-奉化一洲.xls（工作表 Sheet2 第 8 行；合同号 AB22913返单AB22443；抬头需方 宁波安宝国际贸易有限公司；日期凭证：抬头签约时间）【tools/ziliao/extract_price_seeds.mjs 自动抽取·历史成交价·待甲方核对】
安宝公司,WSSC125乙炔割嘴 SC-12-5,14.70,CNY,2022-11-16,,contract,来源文件：ziliao/安宝公司/Weldsolutions不干胶/合同/2022前/ab22913 出口产品供需合同-奉化一洲.xls（工作表 Sheet2 第 9 行；合同号 AB22913返单AB22443；抬头需方 宁波安宝国际贸易有限公司；日期凭证：抬头签约时间）【tools/ziliao/extract_price_seeds.mjs 自动抽取·历史成交价·待甲方核对】
安宝公司,WSSC501丙烷割嘴 SC-50-1,12.90,CNY,2022-11-16,,contract,"来源文件：ziliao/安宝公司/Weldsolutions不干胶/合同/2022前/ab22913 出口产品供需合同-奉化一洲.xls（工作表 Sheet2 第 16 行；合同号 AB22913返单AB22443；抬头需方 宁波安宝国际贸易有限公司；日期凭证：抬头签约时间）；包装：标贴尺寸：80x16mm
塑料盒盖用深蓝色【tools/ziliao/extract_price_seeds.mjs 自动抽取·历史成交价·待甲方核对】"
安宝公司,WSSC502丙烷割嘴 SC-50-2,12.90,CNY,2022-11-16,,contract,来源文件：ziliao/安宝公司/Weldsolutions不干胶/合同/2022前/ab22913 出口产品供需合同-奉化一洲.xls（工作表 Sheet2 第 17 行；合同号 AB22913返单AB22443；抬头需方 宁波安宝国际贸易有限公司；日期凭证：抬头签约时间）【tools/ziliao/extract_price_seeds.mjs 自动抽取·历史成交价·待甲方核对】
安宝公司,"1503丙烷割嘴 #4
包装：塑料盒+型号不干胶",9.50,CNY,2022-11-15,,contract,来源文件：ziliao/安宝公司/有焊嘴订单/订单/AB22879 出口产品供需合同-奉化一洲(1).xls（工作表 订单 第 20 行；合同号 AB22879返单AB22104；抬头需方 宁波安宝国际贸易有限公司；日期凭证：抬头签约时间）；包装：包装和刻字：常规中性就行（发乌拉圭）【tools/ziliao/extract_price_seeds.mjs 自动抽取·历史成交价·待甲方核对】
安宝公司,"1503丙烷割嘴 #6
包装：塑料盒+型号不干胶",9.50,CNY,2022-11-15,,contract,来源文件：ziliao/安宝公司/有焊嘴订单/订单/AB22879 出口产品供需合同-奉化一洲(1).xls（工作表 订单 第 21 行；合同号 AB22879返单AB22104；抬头需方 宁波安宝国际贸易有限公司；日期凭证：抬头签约时间）【tools/ziliao/extract_price_seeds.mjs 自动抽取·历史成交价·待甲方核对】
安宝公司,"1503丙烷割嘴 #8
包装：塑料盒+型号不干胶",9.50,CNY,2022-11-15,,contract,来源文件：ziliao/安宝公司/有焊嘴订单/订单/AB22879 出口产品供需合同-奉化一洲(1).xls（工作表 订单 第 22 行；合同号 AB22879返单AB22104；抬头需方 宁波安宝国际贸易有限公司；日期凭证：抬头签约时间）【tools/ziliao/extract_price_seeds.mjs 自动抽取·历史成交价·待甲方核对】
安宝公司,2W-GPN丙烷割嘴 GPN 1#,8.50,CNY,2022-11-15,,contract,来源文件：ziliao/安宝公司/有焊嘴订单/订单/AB22879 出口产品供需合同-奉化一洲(1).xls（工作表 订单 第 12 行；合同号 AB22879返单AB22104；抬头需方 宁波安宝国际贸易有限公司；日期凭证：抬头签约时间）；包装：包装和刻字：常规中性就行（发乌拉圭）【tools/ziliao/extract_price_seeds.mjs 自动抽取·历史成交价·待甲方核对】
安宝公司,2W-GPN丙烷割嘴 GPN 2#,8.50,CNY,2022-11-15,,contract,来源文件：ziliao/安宝公司/有焊嘴订单/订单/AB22879 出口产品供需合同-奉化一洲(1).xls（工作表 订单 第 13 行；合同号 AB22879返单AB22104；抬头需方 宁波安宝国际贸易有限公司；日期凭证：抬头签约时间）【tools/ziliao/extract_price_seeds.mjs 自动抽取·历史成交价·待甲方核对】
安宝公司,2W-GPN丙烷割嘴 GPN 3#,8.50,CNY,2022-11-15,,contract,来源文件：ziliao/安宝公司/有焊嘴订单/订单/AB22879 出口产品供需合同-奉化一洲(1).xls（工作表 订单 第 14 行；合同号 AB22879返单AB22104；抬头需方 宁波安宝国际贸易有限公司；日期凭证：抬头签约时间）【tools/ziliao/extract_price_seeds.mjs 自动抽取·历史成交价·待甲方核对】
安宝公司,2W-GPN丙烷割嘴 GPN 4#,8.50,CNY,2022-11-15,,contract,来源文件：ziliao/安宝公司/有焊嘴订单/订单/AB22879 出口产品供需合同-奉化一洲(1).xls（工作表 订单 第 15 行；合同号 AB22879返单AB22104；抬头需方 宁波安宝国际贸易有限公司；日期凭证：抬头签约时间）【tools/ziliao/extract_price_seeds.mjs 自动抽取·历史成交价·待甲方核对】
安宝公司,2W-X11N 丙烷割嘴 G11 1#,12.50,CNY,2022-11-15,,contract,来源文件：ziliao/安宝公司/有焊嘴订单/订单/AB22879 出口产品供需合同-奉化一洲(1).xls（工作表 订单 第 7 行；合同号 AB22879返单AB22104；抬头需方 宁波安宝国际贸易有限公司；日期凭证：抬头签约时间）；包装：包装：按返单AB22104生产和包装【tools/ziliao/extract_price_seeds.mjs 自动抽取·历史成交价·待甲方核对】
安宝公司,2W-X11N 丙烷割嘴 G11 2#,12.50,CNY,2022-11-15,,contract,来源文件：ziliao/安宝公司/有焊嘴订单/订单/AB22879 出口产品供需合同-奉化一洲(1).xls（工作表 订单 第 8 行；合同号 AB22879返单AB22104；抬头需方 宁波安宝国际贸易有限公司；日期凭证：抬头签约时间）【tools/ziliao/extract_price_seeds.mjs 自动抽取·历史成交价·待甲方核对】
安宝公司,2W-X11N 丙烷割嘴 G11 3#,12.50,CNY,2022-11-15,,contract,来源文件：ziliao/安宝公司/有焊嘴订单/订单/AB22879 出口产品供需合同-奉化一洲(1).xls（工作表 订单 第 9 行；合同号 AB22879返单AB22104；抬头需方 宁波安宝国际贸易有限公司；日期凭证：抬头签约时间）【tools/ziliao/extract_price_seeds.mjs 自动抽取·历史成交价·待甲方核对】
安宝公司,2WG1-P 割嘴 G1-P 10/10,8.50,CNY,2022-11-15,,contract,来源文件：ziliao/安宝公司/有焊嘴订单/订单/AB22879 出口产品供需合同-奉化一洲(1).xls（工作表 订单 第 16 行；合同号 AB22879返单AB22104；抬头需方 宁波安宝国际贸易有限公司；日期凭证：抬头签约时间）；包装：包装和刻字：常规中性就行（发乌拉圭）【tools/ziliao/extract_price_seeds.mjs 自动抽取·历史成交价·待甲方核对】
安宝公司,2WG1-P 割嘴 G1-P 12/10,8.50,CNY,2022-11-15,,contract,来源文件：ziliao/安宝公司/有焊嘴订单/订单/AB22879 出口产品供需合同-奉化一洲(1).xls（工作表 订单 第 17 行；合同号 AB22879返单AB22104；抬头需方 宁波安宝国际贸易有限公司；日期凭证：抬头签约时间）【tools/ziliao/extract_price_seeds.mjs 自动抽取·历史成交价·待甲方核对】
安宝公司,2WG1-P 割嘴 G1-P 16/10,8.50,CNY,2022-11-15,,contract,来源文件：ziliao/安宝公司/有焊嘴订单/订单/AB22879 出口产品供需合同-奉化一洲(1).xls（工作表 订单 第 18 行；合同号 AB22879返单AB22104；抬头需方 宁波安宝国际贸易有限公司；日期凭证：抬头签约时间）【tools/ziliao/extract_price_seeds.mjs 自动抽取·历史成交价·待甲方核对】
安宝公司,2WG1-P 割嘴 G1-P 20/10,8.50,CNY,2022-11-15,,contract,来源文件：ziliao/安宝公司/有焊嘴订单/订单/AB22879 出口产品供需合同-奉化一洲(1).xls（工作表 订单 第 19 行；合同号 AB22879返单AB22104；抬头需方 宁波安宝国际贸易有限公司；日期凭证：抬头签约时间）【tools/ziliao/extract_price_seeds.mjs 自动抽取·历史成交价·待甲方核对】
安宝公司,割嘴 6290-NFF 1#,6.20,CNY,2022-11-15,,contract,来源文件：ziliao/安宝公司/有焊嘴订单/订单/AB22879 出口产品供需合同-奉化一洲(1).xls（工作表 订单 第 10 行；合同号 AB22879返单AB22104；抬头需方 宁波安宝国际贸易有限公司；日期凭证：抬头签约时间）；包装：包装：按返单AB22104生产和包装【tools/ziliao/extract_price_seeds.mjs 自动抽取·历史成交价·待甲方核对】
安宝公司,割嘴 6290-NFF 2#,6.20,CNY,2022-11-15,,contract,来源文件：ziliao/安宝公司/有焊嘴订单/订单/AB22879 出口产品供需合同-奉化一洲(1).xls（工作表 订单 第 11 行；合同号 AB22879返单AB22104；抬头需方 宁波安宝国际贸易有限公司；日期凭证：抬头签约时间）【tools/ziliao/extract_price_seeds.mjs 自动抽取·历史成交价·待甲方核对】
安宝公司,"割嘴 00#-3-101 
产品号码6017",8.80,CNY,2022-11-11,,contract,来源文件：ziliao/安宝公司/美国FRONNY/订单/2022/AB22907 出口产品供需合同-一洲P052657.xls（工作表 订单 第 8 行；合同号 AB22907返单AB22144；抬头需方 宁波安宝国际贸易有限公司；日期凭证：抬头签约时间）【tools/ziliao/extract_price_seeds.mjs 自动抽取·历史成交价·待甲方核对】
安宝公司,"割嘴 MC-12-1#
产品号码6003",14.00,CNY,2022-11-11,,contract,来源文件：ziliao/安宝公司/美国FRONNY/订单/2022/AB22907 出口产品供需合同-一洲P052657.xls（工作表 订单 第 7 行；合同号 AB22907返单AB22144；抬头需方 宁波安宝国际贸易有限公司；日期凭证：抬头签约时间）【tools/ziliao/extract_price_seeds.mjs 自动抽取·历史成交价·待甲方核对】
安宝公司,"割嘴3-3-101
产品号码6021",8.80,CNY,2022-11-11,,contract,来源文件：ziliao/安宝公司/美国FRONNY/订单/2022/AB22907 出口产品供需合同-一洲P052657.xls（工作表 订单 第 9 行；合同号 AB22907返单AB22144；抬头需方 宁波安宝国际贸易有限公司；日期凭证：抬头签约时间）【tools/ziliao/extract_price_seeds.mjs 自动抽取·历史成交价·待甲方核对】
安宝公司,丙烷割嘴 6290NX-0#,6.00,CNY,2022-10-29,,contract,"来源文件：ziliao/安宝公司/常规1-101,GPN 6290NX,G1-P,NFF/AB22866 出口产品供需合同-一洲.xls（工作表 Sheet1 第 7 行；合同号 AB22866；抬头需方 宁波安宝国际贸易有限公司；日期凭证：抬头签约时间）；包装：包装：常规塑料盒+型号不干胶
刻字：中性刻字【tools/ziliao/extract_price_seeds.mjs 自动抽取·历史成交价·待甲方核对】"
安宝公司,2-GPN,8.50,CNY,2022-10-27,,contract,"来源文件：ziliao/安宝公司/B.S.A. 6290NX,6290,1-101,GPN/AB22854 出口产品供需合同-一洲.xls（工作表 Sheet1 第 12 行；合同号 AB22854；抬头需方 宁波安宝国际贸易有限公司；日期凭证：抬头签约时间）【tools/ziliao/extract_price_seeds.mjs 自动抽取·历史成交价·待甲方核对】"
安宝公司,2# 1-101 割嘴,12.50,CNY,2022-10-27,,contract,"来源文件：ziliao/安宝公司/B.S.A. 6290NX,6290,1-101,GPN/AB22854 出口产品供需合同-一洲.xls（工作表 Sheet1 第 7 行；合同号 AB22854；抬头需方 宁波安宝国际贸易有限公司；日期凭证：抬头签约时间）【tools/ziliao/extract_price_seeds.mjs 自动抽取·历史成交价·待甲方核对】"
安宝公司,3# 1-101 割嘴,12.50,CNY,2022-10-27,,contract,"来源文件：ziliao/安宝公司/B.S.A. 6290NX,6290,1-101,GPN/AB22854 出口产品供需合同-一洲.xls（工作表 Sheet1 第 8 行；合同号 AB22854；抬头需方 宁波安宝国际贸易有限公司；日期凭证：抬头签约时间）【tools/ziliao/extract_price_seeds.mjs 自动抽取·历史成交价·待甲方核对】"
安宝公司,6290-2# 割嘴 乙炔嘴,8.50,CNY,2022-10-27,,contract,"来源文件：ziliao/安宝公司/B.S.A. 6290NX,6290,1-101,GPN/AB22854 出口产品供需合同-一洲.xls（工作表 Sheet1 第 9 行；合同号 AB22854；抬头需方 宁波安宝国际贸易有限公司；日期凭证：抬头签约时间）【tools/ziliao/extract_price_seeds.mjs 自动抽取·历史成交价·待甲方核对】"
安宝公司,6290-NX-1割嘴,6.00,CNY,2022-10-27,,contract,"来源文件：ziliao/安宝公司/B.S.A. 6290NX,6290,1-101,GPN/AB22854 出口产品供需合同-一洲.xls（工作表 Sheet1 第 10 行；合同号 AB22854；抬头需方 宁波安宝国际贸易有限公司；日期凭证：抬头签约时间）【tools/ziliao/extract_price_seeds.mjs 自动抽取·历史成交价·待甲方核对】"
安宝公司,6290-NX-3割嘴,6.00,CNY,2022-10-27,,contract,"来源文件：ziliao/安宝公司/B.S.A. 6290NX,6290,1-101,GPN/AB22854 出口产品供需合同-一洲.xls（工作表 Sheet1 第 11 行；合同号 AB22854；抬头需方 宁波安宝国际贸易有限公司；日期凭证：抬头签约时间）【tools/ziliao/extract_price_seeds.mjs 自动抽取·历史成交价·待甲方核对】"
安宝公司,丙烷割嘴 106 D7 #2,13.50,CNY,2022-10-17,,contract,"来源文件：ziliao/安宝公司/106D7,102HC发商丘/不印made  in japan/ab22839 出口产品供需合同-一洲.xls（工作表 Sheet1 第 7 行；合同号 AB22839；抬头需方 宁波安宝国际贸易有限公司；日期凭证：抬头签约时间）；包装：中性包装【tools/ziliao/extract_price_seeds.mjs 自动抽取·历史成交价·待甲方核对】"
安宝公司,"工具套装
80套

单发各50只",12.00,CNY,2022-10-14,,contract,"来源文件：ziliao/安宝公司/HARRIS 6290-2AC, 41 原装/41合同/ab22732 出口产品供需合同-奉化一洲.xls（工作表 订单 第 7 行；合同号 AB22732返单AB20910；抬头需方 宁波安宝国际贸易有限公司；日期凭证：抬头签约时间）；包装：散装：但需确保运输途中不能损坏。【tools/ziliao/extract_price_seeds.mjs 自动抽取·历史成交价·待甲方核对】"
安宝公司,"victor乙炔割嘴 101-0# 
刻字：VICTOR 0-1-101",11.50,CNY,2022-10-14,,contract,来源文件：ziliao/安宝公司/M Haseeb  A.SH  106hc直通  80克/M Haseeb/ab22831 出口产品供需合同-奉化一洲.xls（工作表 订单 第 8 行；合同号 AB22831；抬头需方 宁波安宝国际贸易有限公司；日期凭证：抬头签约时间）【tools/ziliao/extract_price_seeds.mjs 自动抽取·历史成交价·待甲方核对】
安宝公司,"victor乙炔割嘴 101-00# 
刻字：VICTOR 00-1-101",11.50,CNY,2022-10-14,,contract,"来源文件：ziliao/安宝公司/M Haseeb  A.SH  106hc直通  80克/M Haseeb/ab22831 出口产品供需合同-奉化一洲.xls（工作表 订单 第 7 行；合同号 AB22831；抬头需方 宁波安宝国际贸易有限公司；日期凭证：抬头签约时间）；包装：包装：
VICTOR塑料盒+不干胶，
如下图【tools/ziliao/extract_price_seeds.mjs 自动抽取·历史成交价·待甲方核对】"
安宝公司,"victor乙炔割嘴 101-1# 
刻字：VICTOR 1-1-101",11.50,CNY,2022-10-14,,contract,来源文件：ziliao/安宝公司/M Haseeb  A.SH  106hc直通  80克/M Haseeb/ab22831 出口产品供需合同-奉化一洲.xls（工作表 订单 第 9 行；合同号 AB22831；抬头需方 宁波安宝国际贸易有限公司；日期凭证：抬头签约时间）【tools/ziliao/extract_price_seeds.mjs 自动抽取·历史成交价·待甲方核对】
安宝公司,"victor乙炔割嘴 101-2# 
刻字：VICTOR 2-1-101",11.50,CNY,2022-10-14,,contract,来源文件：ziliao/安宝公司/M Haseeb  A.SH  106hc直通  80克/M Haseeb/ab22831 出口产品供需合同-奉化一洲.xls（工作表 订单 第 10 行；合同号 AB22831；抬头需方 宁波安宝国际贸易有限公司；日期凭证：抬头签约时间）【tools/ziliao/extract_price_seeds.mjs 自动抽取·历史成交价·待甲方核对】
安宝公司,"victor乙炔割嘴 101-3# 
刻字：VICTOR 3-1-101",11.50,CNY,2022-10-14,,contract,来源文件：ziliao/安宝公司/M Haseeb  A.SH  106hc直通  80克/M Haseeb/ab22831 出口产品供需合同-奉化一洲.xls（工作表 订单 第 11 行；合同号 AB22831；抬头需方 宁波安宝国际贸易有限公司；日期凭证：抬头签约时间）【tools/ziliao/extract_price_seeds.mjs 自动抽取·历史成交价·待甲方核对】
安宝公司,"victor乙炔割嘴 101-4# 
刻字：VICTOR 4-1-101",11.50,CNY,2022-10-14,,contract,来源文件：ziliao/安宝公司/M Haseeb  A.SH  106hc直通  80克/M Haseeb/ab22831 出口产品供需合同-奉化一洲.xls（工作表 订单 第 12 行；合同号 AB22831；抬头需方 宁波安宝国际贸易有限公司；日期凭证：抬头签约时间）【tools/ziliao/extract_price_seeds.mjs 自动抽取·历史成交价·待甲方核对】
安宝公司,"victor乙炔割嘴 101-5# 
刻字：VICTOR 5-1-101",11.50,CNY,2022-10-14,,contract,来源文件：ziliao/安宝公司/M Haseeb  A.SH  106hc直通  80克/M Haseeb/ab22831 出口产品供需合同-奉化一洲.xls（工作表 订单 第 13 行；合同号 AB22831；抬头需方 宁波安宝国际贸易有限公司；日期凭证：抬头签约时间）【tools/ziliao/extract_price_seeds.mjs 自动抽取·历史成交价·待甲方核对】
安宝公司,"丙烷割嘴 GPN-1 71g
代码：4193",8.50,CNY,2022-10-10,,contract,"来源文件：ziliao/安宝公司/INFAR不干胶/INFRA合同/2023/AB231061 出口产品供需合同-奉化一洲(1).xls（工作表 Sheet1 第 25 行；合同号 AB22815返单AB22264；抬头需方 宁波安宝国际贸易有限公司；日期凭证：抬头签约时间）；包装：标贴尺寸：80x16mm
塑料盒盖用黑色【tools/ziliao/extract_price_seeds.mjs 自动抽取·历史成交价·待甲方核对】"
安宝公司,"丙烷割嘴 GPN-2 71g
代码：4194",8.50,CNY,2022-10-10,,contract,来源文件：ziliao/安宝公司/INFAR不干胶/INFRA合同/2023/AB231061 出口产品供需合同-奉化一洲(1).xls（工作表 Sheet1 第 26 行；合同号 AB22815返单AB22264；抬头需方 宁波安宝国际贸易有限公司；日期凭证：抬头签约时间）【tools/ziliao/extract_price_seeds.mjs 自动抽取·历史成交价·待甲方核对】
安宝公司,"丙烷割嘴 GPN-3 71g
代码：4195",8.50,CNY,2022-10-10,,contract,来源文件：ziliao/安宝公司/INFAR不干胶/INFRA合同/2023/AB231061 出口产品供需合同-奉化一洲(1).xls（工作表 Sheet1 第 27 行；合同号 AB22815返单AB22264；抬头需方 宁波安宝国际贸易有限公司；日期凭证：抬头签约时间）【tools/ziliao/extract_price_seeds.mjs 自动抽取·历史成交价·待甲方核对】
安宝公司,"内嘴 P0 刻字内容规格与型号 如右图
单只塑料袋包装 500只/箱 重42G",3.60,CNY,2022-10-10,,contract,来源文件：ziliao/安宝公司/旧订单资料/REDIUS俄罗斯/DOKA PNM/DOKA 订单/AB22819 出口产品供需合同-一洲.xls（工作表 订单 第 9 行；合同号 AB22819返单AB22560；抬头需方 宁波安宝国际贸易有限公司；日期凭证：抬头签约时间）；包装：如下图所示【tools/ziliao/extract_price_seeds.mjs 自动抽取·历史成交价·待甲方核对】
安宝公司,"内嘴 P1 刻字内容规格与型号 如右图
单只塑料袋包装 500只/箱 重42G",3.60,CNY,2022-10-10,,contract,来源文件：ziliao/安宝公司/旧订单资料/REDIUS俄罗斯/DOKA PNM/DOKA 订单/AB22819 出口产品供需合同-一洲.xls（工作表 订单 第 10 行；合同号 AB22819返单AB22560；抬头需方 宁波安宝国际贸易有限公司；日期凭证：抬头签约时间）【tools/ziliao/extract_price_seeds.mjs 自动抽取·历史成交价·待甲方核对】
安宝公司,"内嘴 P2 刻字内容规格与型号 如右图
单只塑料袋包装 500只/箱 重42G",3.60,CNY,2022-10-10,,contract,来源文件：ziliao/安宝公司/旧订单资料/REDIUS俄罗斯/DOKA PNM/DOKA 订单/AB22819 出口产品供需合同-一洲.xls（工作表 订单 第 11 行；合同号 AB22819返单AB22560；抬头需方 宁波安宝国际贸易有限公司；日期凭证：抬头签约时间）【tools/ziliao/extract_price_seeds.mjs 自动抽取·历史成交价·待甲方核对】
安宝公司,"内嘴 P3 刻字内容规格与型号 如右图
单只塑料袋包装 500只/箱 重42G",3.60,CNY,2022-10-10,,contract,来源文件：ziliao/安宝公司/旧订单资料/REDIUS俄罗斯/DOKA PNM/DOKA 订单/AB22819 出口产品供需合同-一洲.xls（工作表 订单 第 12 行；合同号 AB22819返单AB22560；抬头需方 宁波安宝国际贸易有限公司；日期凭证：抬头签约时间）【tools/ziliao/extract_price_seeds.mjs 自动抽取·历史成交价·待甲方核对】
安宝公司,"内嘴 P4 刻字内容规格与型号 如右图
单只塑料袋包装 500只/箱 重42G",3.60,CNY,2022-10-10,,contract,来源文件：ziliao/安宝公司/旧订单资料/REDIUS俄罗斯/DOKA PNM/DOKA 订单/AB22819 出口产品供需合同-一洲.xls（工作表 订单 第 13 行；合同号 AB22819返单AB22560；抬头需方 宁波安宝国际贸易有限公司；日期凭证：抬头签约时间）【tools/ziliao/extract_price_seeds.mjs 自动抽取·历史成交价·待甲方核对】
安宝公司,"内嘴 P5 刻字内容规格与型号 如右图
单只塑料袋包装 500只/箱 重42G",3.60,CNY,2022-10-10,,contract,来源文件：ziliao/安宝公司/旧订单资料/REDIUS俄罗斯/DOKA PNM/DOKA 订单/AB22819 出口产品供需合同-一洲.xls（工作表 订单 第 14 行；合同号 AB22819返单AB22560；抬头需方 宁波安宝国际贸易有限公司；日期凭证：抬头签约时间）【tools/ziliao/extract_price_seeds.mjs 自动抽取·历史成交价·待甲方核对】
安宝公司,"内嘴 P6 刻字内容规格与型号 如右图
单只塑料袋包装 500只/箱 重42G",3.60,CNY,2022-10-10,,contract,来源文件：ziliao/安宝公司/旧订单资料/REDIUS俄罗斯/DOKA PNM/DOKA 订单/AB22819 出口产品供需合同-一洲.xls（工作表 订单 第 15 行；合同号 AB22819返单AB22560；抬头需方 宁波安宝国际贸易有限公司；日期凭证：抬头签约时间）【tools/ziliao/extract_price_seeds.mjs 自动抽取·历史成交价·待甲方核对】
安宝公司,"外嘴 PNM 1# 刻字内容规格与型号 如图
单只塑料袋包装 500只/箱 重32G",3.80,CNY,2022-10-10,,contract,来源文件：ziliao/安宝公司/旧订单资料/REDIUS俄罗斯/DOKA PNM/DOKA 订单/AB22819 出口产品供需合同-一洲.xls（工作表 订单 第 7 行；合同号 AB22819返单AB22560；抬头需方 宁波安宝国际贸易有限公司；日期凭证：抬头签约时间）【tools/ziliao/extract_price_seeds.mjs 自动抽取·历史成交价·待甲方核对】
安宝公司,"外嘴 PNM 2# 刻字内容规格与型号 如图
单只塑料袋包装 500只/箱 重32G",3.80,CNY,2022-10-10,,contract,来源文件：ziliao/安宝公司/旧订单资料/REDIUS俄罗斯/DOKA PNM/DOKA 订单/AB22819 出口产品供需合同-一洲.xls（工作表 订单 第 8 行；合同号 AB22819返单AB22560；抬头需方 宁波安宝国际贸易有限公司；日期凭证：抬头签约时间）【tools/ziliao/extract_price_seeds.mjs 自动抽取·历史成交价·待甲方核对】
安宝公司,"乙炔割嘴 ANM 1# 
刻字内容：规格与型号
包装：常规-中性",12.50,CNY,2022-10-10,,contract,来源文件：ziliao/安宝公司/旧订单资料/REDIUS俄罗斯/DOKA PNM/DOKA 订单/AB22819 出口产品供需合同-一洲.xls（工作表 订单 第 16 行；合同号 AB22819返单AB22560；抬头需方 宁波安宝国际贸易有限公司；日期凭证：抬头签约时间）【tools/ziliao/extract_price_seeds.mjs 自动抽取·历史成交价·待甲方核对】
安宝公司,"乙炔割嘴 ANM 2# 
刻字内容：规格与型号
包装：常规-中性",12.50,CNY,2022-10-10,,contract,来源文件：ziliao/安宝公司/旧订单资料/REDIUS俄罗斯/DOKA PNM/DOKA 订单/AB22819 出口产品供需合同-一洲.xls（工作表 订单 第 17 行；合同号 AB22819返单AB22560；抬头需方 宁波安宝国际贸易有限公司；日期凭证：抬头签约时间）【tools/ziliao/extract_price_seeds.mjs 自动抽取·历史成交价·待甲方核对】
安宝公司,"乙炔割嘴 ANM 3# 
刻字内容：规格与型号
包装：常规-中性",12.50,CNY,2022-10-10,,contract,来源文件：ziliao/安宝公司/旧订单资料/REDIUS俄罗斯/DOKA PNM/DOKA 订单/AB22819 出口产品供需合同-一洲.xls（工作表 订单 第 18 行；合同号 AB22819返单AB22560；抬头需方 宁波安宝国际贸易有限公司；日期凭证：抬头签约时间）【tools/ziliao/extract_price_seeds.mjs 自动抽取·历史成交价·待甲方核对】
安宝公司,"乙炔割嘴 ANM 5# 
刻字内容：规格与型号
包装：常规-中性",12.50,CNY,2022-10-10,,contract,来源文件：ziliao/安宝公司/旧订单资料/REDIUS俄罗斯/DOKA PNM/DOKA 订单/AB22819 出口产品供需合同-一洲.xls（工作表 订单 第 19 行；合同号 AB22819返单AB22560；抬头需方 宁波安宝国际贸易有限公司；日期凭证：抬头签约时间）【tools/ziliao/extract_price_seeds.mjs 自动抽取·历史成交价·待甲方核对】
安宝公司,"乙炔割嘴1-101-2 102g
代码：4191",11.50,CNY,2022-10-10,,contract,"来源文件：ziliao/安宝公司/INFAR不干胶/INFRA合同/2023/AB231061 出口产品供需合同-奉化一洲(1).xls（工作表 Sheet1 第 23 行；合同号 AB22815返单AB22264；抬头需方 宁波安宝国际贸易有限公司；日期凭证：抬头签约时间）；包装：标贴尺寸：80x16mm
塑料盒盖用红色【tools/ziliao/extract_price_seeds.mjs 自动抽取·历史成交价·待甲方核对】"
安宝公司,"乙炔割嘴1-101-3 102g
代码：4192",11.50,CNY,2022-10-10,,contract,来源文件：ziliao/安宝公司/INFAR不干胶/INFRA合同/2023/AB231061 出口产品供需合同-奉化一洲(1).xls（工作表 Sheet1 第 24 行；合同号 AB22815返单AB22264；抬头需方 宁波安宝国际贸易有限公司；日期凭证：抬头签约时间）【tools/ziliao/extract_price_seeds.mjs 自动抽取·历史成交价·待甲方核对】
安宝公司,"HARRIS 丙烷割嘴6290-NX-0 53g
代码：4184",5.90,CNY,2022-10-10,,contract,"来源文件：ziliao/安宝公司/INFAR不干胶/INFRA合同/2023/AB231061 出口产品供需合同-奉化一洲(1).xls（工作表 Sheet1 第 17 行；合同号 AB22815返单AB22264；抬头需方 宁波安宝国际贸易有限公司；日期凭证：抬头签约时间）；包装：标贴尺寸：80x16mm
塑料盒盖用黑色【tools/ziliao/extract_price_seeds.mjs 自动抽取·历史成交价·待甲方核对】"
安宝公司,"HARRIS 丙烷割嘴6290-NX-1 53g
代码：4186",5.90,CNY,2022-10-10,,contract,来源文件：ziliao/安宝公司/INFAR不干胶/INFRA合同/2023/AB231061 出口产品供需合同-奉化一洲(1).xls（工作表 Sheet1 第 18 行；合同号 AB22815返单AB22264；抬头需方 宁波安宝国际贸易有限公司；日期凭证：抬头签约时间）【tools/ziliao/extract_price_seeds.mjs 自动抽取·历史成交价·待甲方核对】
安宝公司,"HARRIS 丙烷割嘴6290-NX-2 53g
代码：4187",5.90,CNY,2022-10-10,,contract,来源文件：ziliao/安宝公司/INFAR不干胶/INFRA合同/2023/AB231061 出口产品供需合同-奉化一洲(1).xls（工作表 Sheet1 第 19 行；合同号 AB22815返单AB22264；抬头需方 宁波安宝国际贸易有限公司；日期凭证：抬头签约时间）【tools/ziliao/extract_price_seeds.mjs 自动抽取·历史成交价·待甲方核对】
安宝公司,"HARRIS 丙烷割嘴6290-NX-3 53g
代码：4188",5.90,CNY,2022-10-10,,contract,来源文件：ziliao/安宝公司/INFAR不干胶/INFRA合同/2023/AB231061 出口产品供需合同-奉化一洲(1).xls（工作表 Sheet1 第 20 行；合同号 AB22815返单AB22264；抬头需方 宁波安宝国际贸易有限公司；日期凭证：抬头签约时间）【tools/ziliao/extract_price_seeds.mjs 自动抽取·历史成交价·待甲方核对】
安宝公司,"HARRIS 乙炔割嘴6290-3 
代码：4027",8.60,CNY,2022-10-10,,contract,"来源文件：ziliao/安宝公司/INFAR不干胶/INFRA合同/2023/AB231061 出口产品供需合同-奉化一洲(1).xls（工作表 Sheet1 第 21 行；合同号 AB22815返单AB22264；抬头需方 宁波安宝国际贸易有限公司；日期凭证：抬头签约时间）；包装：标贴尺寸：80x16mm
塑料盒盖用红色【tools/ziliao/extract_price_seeds.mjs 自动抽取·历史成交价·待甲方核对】"
安宝公司,"HARRIS 乙炔割嘴6290-4 
代码：4209",8.60,CNY,2022-10-10,,contract,来源文件：ziliao/安宝公司/INFAR不干胶/INFRA合同/2023/AB231061 出口产品供需合同-奉化一洲(1).xls（工作表 Sheet1 第 22 行；合同号 AB22815返单AB22264；抬头需方 宁波安宝国际贸易有限公司；日期凭证：抬头签约时间）【tools/ziliao/extract_price_seeds.mjs 自动抽取·历史成交价·待甲方核对】
安宝公司,"smith 丙烷割嘴 SC-50-A-1 93g
代码：4157",12.30,CNY,2022-10-10,,contract,"来源文件：ziliao/安宝公司/INFAR不干胶/INFRA合同/2023/AB231061 出口产品供需合同-奉化一洲(1).xls（工作表 Sheet1 第 7 行；合同号 AB22815返单AB22264；抬头需方 宁波安宝国际贸易有限公司；日期凭证：抬头签约时间）；包装：标贴尺寸：80x16mm
塑料盒盖用黑色【tools/ziliao/extract_price_seeds.mjs 自动抽取·历史成交价·待甲方核对】"
安宝公司,"smith 丙烷割嘴 SC-50-A-2 93g
代码：4158",12.30,CNY,2022-10-10,,contract,来源文件：ziliao/安宝公司/INFAR不干胶/INFRA合同/2023/AB231061 出口产品供需合同-奉化一洲(1).xls（工作表 Sheet1 第 8 行；合同号 AB22815返单AB22264；抬头需方 宁波安宝国际贸易有限公司；日期凭证：抬头签约时间）【tools/ziliao/extract_price_seeds.mjs 自动抽取·历史成交价·待甲方核对】
安宝公司,"smith 丙烷割嘴 SC-50-A-3 93g
代码：4161",12.30,CNY,2022-10-10,,contract,来源文件：ziliao/安宝公司/INFAR不干胶/INFRA合同/2023/AB231061 出口产品供需合同-奉化一洲(1).xls（工作表 Sheet1 第 9 行；合同号 AB22815返单AB22264；抬头需方 宁波安宝国际贸易有限公司；日期凭证：抬头签约时间）【tools/ziliao/extract_price_seeds.mjs 自动抽取·历史成交价·待甲方核对】
安宝公司,"smith 丙烷割嘴 SC-50-A-4 93g
代码：4162",12.30,CNY,2022-10-10,,contract,来源文件：ziliao/安宝公司/INFAR不干胶/INFRA合同/2023/AB231061 出口产品供需合同-奉化一洲(1).xls（工作表 Sheet1 第 10 行；合同号 AB22815返单AB22264；抬头需方 宁波安宝国际贸易有限公司；日期凭证：抬头签约时间）【tools/ziliao/extract_price_seeds.mjs 自动抽取·历史成交价·待甲方核对】
安宝公司,"smith 乙炔割嘴 SC-12-0 103g
代码：4133",14.00,CNY,2022-10-10,,contract,"来源文件：ziliao/安宝公司/INFAR不干胶/INFRA合同/2023/AB231061 出口产品供需合同-奉化一洲(1).xls（工作表 Sheet1 第 11 行；合同号 AB22815返单AB22264；抬头需方 宁波安宝国际贸易有限公司；日期凭证：抬头签约时间）；包装：标贴尺寸：80x16mm
塑料盒盖用红色【tools/ziliao/extract_price_seeds.mjs 自动抽取·历史成交价·待甲方核对】"
安宝公司,"smith 乙炔割嘴 SC-12-1 103g
代码：4134",14.00,CNY,2022-10-10,,contract,来源文件：ziliao/安宝公司/INFAR不干胶/INFRA合同/2023/AB231061 出口产品供需合同-奉化一洲(1).xls（工作表 Sheet1 第 12 行；合同号 AB22815返单AB22264；抬头需方 宁波安宝国际贸易有限公司；日期凭证：抬头签约时间）【tools/ziliao/extract_price_seeds.mjs 自动抽取·历史成交价·待甲方核对】
安宝公司,"smith 乙炔割嘴 SC-12-2 103g
代码：4136",14.00,CNY,2022-10-10,,contract,来源文件：ziliao/安宝公司/INFAR不干胶/INFRA合同/2023/AB231061 出口产品供需合同-奉化一洲(1).xls（工作表 Sheet1 第 13 行；合同号 AB22815返单AB22264；抬头需方 宁波安宝国际贸易有限公司；日期凭证：抬头签约时间）【tools/ziliao/extract_price_seeds.mjs 自动抽取·历史成交价·待甲方核对】
安宝公司,"smith 乙炔割嘴 SC-12-3 103g
代码：4137",14.00,CNY,2022-10-10,,contract,来源文件：ziliao/安宝公司/INFAR不干胶/INFRA合同/2023/AB231061 出口产品供需合同-奉化一洲(1).xls（工作表 Sheet1 第 14 行；合同号 AB22815返单AB22264；抬头需方 宁波安宝国际贸易有限公司；日期凭证：抬头签约时间）【tools/ziliao/extract_price_seeds.mjs 自动抽取·历史成交价·待甲方核对】
安宝公司,"smith 乙炔割嘴 SC-12-4 103g
代码：4138",14.00,CNY,2022-10-10,,contract,来源文件：ziliao/安宝公司/INFAR不干胶/INFRA合同/2023/AB231061 出口产品供需合同-奉化一洲(1).xls（工作表 Sheet1 第 15 行；合同号 AB22815返单AB22264；抬头需方 宁波安宝国际贸易有限公司；日期凭证：抬头签约时间）【tools/ziliao/extract_price_seeds.mjs 自动抽取·历史成交价·待甲方核对】
安宝公司,"smith 乙炔割嘴 SC-12-5 103g
代码：4151",14.00,CNY,2022-10-10,,contract,来源文件：ziliao/安宝公司/INFAR不干胶/INFRA合同/2023/AB231061 出口产品供需合同-奉化一洲(1).xls（工作表 Sheet1 第 16 行；合同号 AB22815返单AB22264；抬头需方 宁波安宝国际贸易有限公司；日期凭证：抬头签约时间）【tools/ziliao/extract_price_seeds.mjs 自动抽取·历史成交价·待甲方核对】
安宝公司,"割嘴 00#-1-101
产品号码6022",11.80,CNY,2022-10-07,,contract,来源文件：ziliao/安宝公司/美国FRONNY/订单/2023/AB23923 出口产品供需合同-一洲P061582.xls（工作表 订单 第 9 行；合同号 AB23923；抬头需方 宁波安宝国际贸易有限公司；日期凭证：抬头签约时间）【tools/ziliao/extract_price_seeds.mjs 自动抽取·历史成交价·待甲方核对】
安宝公司,"割嘴 3#-1-101
产品号码6026",11.80,CNY,2022-10-07,,contract,来源文件：ziliao/安宝公司/美国FRONNY/订单/2023/AB23923 出口产品供需合同-一洲P061582.xls（工作表 订单 第 10 行；合同号 AB23923；抬头需方 宁波安宝国际贸易有限公司；日期凭证：抬头签约时间）【tools/ziliao/extract_price_seeds.mjs 自动抽取·历史成交价·待甲方核对】
安宝公司,"割嘴 6290-1
产品号码6010",8.80,CNY,2022-10-07,,contract,来源文件：ziliao/安宝公司/美国FRONNY/订单/2023/AB23923 出口产品供需合同-一洲P061582.xls（工作表 订单 第 7 行；合同号 AB23923；抬头需方 宁波安宝国际贸易有限公司；日期凭证：抬头签约时间）；包装：按返单【tools/ziliao/extract_price_seeds.mjs 自动抽取·历史成交价·待甲方核对】
安宝公司,"割嘴 6290-2#
产品号码6011",8.80,CNY,2022-10-07,,contract,来源文件：ziliao/安宝公司/美国FRONNY/订单/2023/AB23923 出口产品供需合同-一洲P061582.xls（工作表 订单 第 8 行；合同号 AB23923；抬头需方 宁波安宝国际贸易有限公司；日期凭证：抬头签约时间）【tools/ziliao/extract_price_seeds.mjs 自动抽取·历史成交价·待甲方核对】
安宝公司,"澳大利亚款式丙烷 割嘴 44-08
刻字内容如下图所示44    08",10.80,CNY,2022-09-21,,contract,"来源文件：ziliao/安宝公司/HARRIS 6290-2AC, 41 原装/41合同/AB22683 出口产品供需合同-奉化一洲.xls（工作表 订单 第 11 行；合同号 AB22683返单AB21902；抬头需方 宁波安宝国际贸易有限公司；日期凭证：抬头签约时间）【tools/ziliao/extract_price_seeds.mjs 自动抽取·历史成交价·待甲方核对】"
安宝公司,"澳大利亚款式丙烷 割嘴 44-12
刻字内容如下图所示44    12",10.80,CNY,2022-09-21,,contract,"来源文件：ziliao/安宝公司/HARRIS 6290-2AC, 41 原装/41合同/AB22683 出口产品供需合同-奉化一洲.xls（工作表 订单 第 12 行；合同号 AB22683返单AB21902；抬头需方 宁波安宝国际贸易有限公司；日期凭证：抬头签约时间）【tools/ziliao/extract_price_seeds.mjs 自动抽取·历史成交价·待甲方核对】"
安宝公司,"澳大利亚款式丙烷 割嘴 44-15
刻字内容如下图所示44    15",10.80,CNY,2022-09-21,,contract,"来源文件：ziliao/安宝公司/HARRIS 6290-2AC, 41 原装/41合同/AB22683 出口产品供需合同-奉化一洲.xls（工作表 订单 第 13 行；合同号 AB22683返单AB21902；抬头需方 宁波安宝国际贸易有限公司；日期凭证：抬头签约时间）【tools/ziliao/extract_price_seeds.mjs 自动抽取·历史成交价·待甲方核对】"
安宝公司,"澳大利亚款式乙炔 割嘴 41-06
刻字内容：如右图所示41   06",12.00,CNY,2022-09-21,,contract,"来源文件：ziliao/安宝公司/HARRIS 6290-2AC, 41 原装/41合同/AB22683 出口产品供需合同-奉化一洲.xls（工作表 订单 第 7 行；合同号 AB22683返单AB21902；抬头需方 宁波安宝国际贸易有限公司；日期凭证：抬头签约时间）【tools/ziliao/extract_price_seeds.mjs 自动抽取·历史成交价·待甲方核对】"
安宝公司,"澳大利亚款式乙炔 割嘴 41-06
刻字内容如图所示41   08",12.00,CNY,2022-09-21,,contract,"来源文件：ziliao/安宝公司/HARRIS 6290-2AC, 41 原装/41合同/AB22683 出口产品供需合同-奉化一洲.xls（工作表 订单 第 8 行；合同号 AB22683返单AB21902；抬头需方 宁波安宝国际贸易有限公司；日期凭证：抬头签约时间）【tools/ziliao/extract_price_seeds.mjs 自动抽取·历史成交价·待甲方核对】"
安宝公司,"澳大利亚款式乙炔 割嘴 41-12
刻字内容：如右图所示41   12",12.00,CNY,2022-09-21,,contract,"来源文件：ziliao/安宝公司/HARRIS 6290-2AC, 41 原装/41合同/AB22683 出口产品供需合同-奉化一洲.xls（工作表 订单 第 9 行；合同号 AB22683返单AB21902；抬头需方 宁波安宝国际贸易有限公司；日期凭证：抬头签约时间）【tools/ziliao/extract_price_seeds.mjs 自动抽取·历史成交价·待甲方核对】"
安宝公司,"澳大利亚款式乙炔 割嘴 41-15
刻字内容如图所示41   15",12.00,CNY,2022-09-21,,contract,"来源文件：ziliao/安宝公司/HARRIS 6290-2AC, 41 原装/41合同/AB22683 出口产品供需合同-奉化一洲.xls（工作表 订单 第 10 行；合同号 AB22683返单AB21902；抬头需方 宁波安宝国际贸易有限公司；日期凭证：抬头签约时间）【tools/ziliao/extract_price_seeds.mjs 自动抽取·历史成交价·待甲方核对】"
安宝公司,"Nozzle №2 (1/16”)
客人要12个槽",7.40,CNY,2022-09-21,,contract,来源文件：ziliao/安宝公司/12槽PNME俄罗斯嘴/订单/ab22757 出口产品供需合同-奉化一洲.xls（工作表 订单 第 10 行；合同号 AB22757返单AB22276；抬头需方 宁波安宝国际贸易有限公司；日期凭证：抬头签约时间）【tools/ziliao/extract_price_seeds.mjs 自动抽取·历史成交价·待甲方核对】
安宝公司,"Nozzle №2 (1/32”)
客人要12个槽",7.40,CNY,2022-09-21,,contract,来源文件：ziliao/安宝公司/12槽PNME俄罗斯嘴/订单/ab22757 出口产品供需合同-奉化一洲.xls（工作表 订单 第 7 行；合同号 AB22757返单AB22276；抬头需方 宁波安宝国际贸易有限公司；日期凭证：抬头签约时间）；包装：包装要求：塑料盒装，盒子上贴不干胶，每个货号进行区别【tools/ziliao/extract_price_seeds.mjs 自动抽取·历史成交价·待甲方核对】
安宝公司,"Nozzle №2 (3/64”)
客人要12个槽",7.40,CNY,2022-09-21,,contract,来源文件：ziliao/安宝公司/12槽PNME俄罗斯嘴/订单/ab22757 出口产品供需合同-奉化一洲.xls（工作表 订单 第 8 行；合同号 AB22757返单AB22276；抬头需方 宁波安宝国际贸易有限公司；日期凭证：抬头签约时间）【tools/ziliao/extract_price_seeds.mjs 自动抽取·历史成交价·待甲方核对】
安宝公司,"Nozzle №3 (5/64”) 
客人要12个槽",7.40,CNY,2022-09-21,,contract,来源文件：ziliao/安宝公司/12槽PNME俄罗斯嘴/订单/ab22757 出口产品供需合同-奉化一洲.xls（工作表 订单 第 11 行；合同号 AB22757返单AB22276；抬头需方 宁波安宝国际贸易有限公司；日期凭证：抬头签约时间）【tools/ziliao/extract_price_seeds.mjs 自动抽取·历史成交价·待甲方核对】
安宝公司,"Nozzle №4 (3/32”) 
客人要12个槽",7.40,CNY,2022-09-21,,contract,来源文件：ziliao/安宝公司/12槽PNME俄罗斯嘴/订单/ab22757 出口产品供需合同-奉化一洲.xls（工作表 订单 第 12 行；合同号 AB22757返单AB22276；抬头需方 宁波安宝国际贸易有限公司；日期凭证：抬头签约时间）【tools/ziliao/extract_price_seeds.mjs 自动抽取·历史成交价·待甲方核对】
安宝公司,KOIKE 106HC 割嘴 83克 5#  分体式6个孔,8.30,CNY,2022-09-13,,contract,"来源文件：ziliao/安宝公司/M Haseeb  A.SH  106hc直通  80克/M Haseeb/AB22739 出口产品供需合同-奉化一洲.xls（工作表 订单 第 7 行；合同号 AB22739；抬头需方 宁波安宝国际贸易有限公司；日期凭证：抬头签约时间）；包装：包装：KOIKE彩卡+泡壳
产品要求：要分体式  用螺纹拧 如下图  6个孔如图【tools/ziliao/extract_price_seeds.mjs 自动抽取·历史成交价·待甲方核对】"
安宝公司,KOIKE 106HC 割嘴 83克 6#  分体式6个孔,8.30,CNY,2022-09-13,,contract,来源文件：ziliao/安宝公司/M Haseeb  A.SH  106hc直通  80克/M Haseeb/AB22739 出口产品供需合同-奉化一洲.xls（工作表 订单 第 8 行；合同号 AB22739；抬头需方 宁波安宝国际贸易有限公司；日期凭证：抬头签约时间）【tools/ziliao/extract_price_seeds.mjs 自动抽取·历史成交价·待甲方核对】
安宝公司,KOIKE 106HC 割嘴 83克 7#  分体式6个孔,8.30,CNY,2022-09-13,,contract,来源文件：ziliao/安宝公司/M Haseeb  A.SH  106hc直通  80克/M Haseeb/AB22739 出口产品供需合同-奉化一洲.xls（工作表 订单 第 9 行；合同号 AB22739；抬头需方 宁波安宝国际贸易有限公司；日期凭证：抬头签约时间）【tools/ziliao/extract_price_seeds.mjs 自动抽取·历史成交价·待甲方核对】
安宝公司,KOIKE 106HC 割嘴 83克 8#  分体式6个孔,8.30,CNY,2022-09-13,,contract,来源文件：ziliao/安宝公司/M Haseeb  A.SH  106hc直通  80克/M Haseeb/AB22739 出口产品供需合同-奉化一洲.xls（工作表 订单 第 10 行；合同号 AB22739；抬头需方 宁波安宝国际贸易有限公司；日期凭证：抬头签约时间）【tools/ziliao/extract_price_seeds.mjs 自动抽取·历史成交价·待甲方核对】
安宝公司,"victor 丙烷割嘴 GPN－8#
刻字：内嘴上8-GPN
外嘴上VICTOR 8-GPN

包装：VICTOR塑料盒+不干胶",8.50,CNY,2022-09-02,,contract,来源文件：ziliao/安宝公司/VICTOR+BAYO/订单/AB22721 出口产品供需合同-奉化一洲.xls（工作表 Sheet1 第 7 行；合同号 AB22721；抬头需方 宁波安宝国际贸易有限公司；日期凭证：抬头签约时间）【tools/ziliao/extract_price_seeds.mjs 自动抽取·历史成交价·待甲方核对】
安宝公司,"割嘴 0#-3-101
产品号码6018",8.80,CNY,2022-08-31,,contract,来源文件：ziliao/安宝公司/美国FRONNY/订单/2023/AB23824 出口产品供需合同-一洲PO61372.xls（工作表 订单 第 11 行；合同号 AB23824；抬头需方 宁波安宝国际贸易有限公司；日期凭证：抬头签约时间）【tools/ziliao/extract_price_seeds.mjs 自动抽取·历史成交价·待甲方核对】
安宝公司,"割嘴 00#-3-101 
产品号码6017",8.80,CNY,2022-08-31,,contract,来源文件：ziliao/安宝公司/美国FRONNY/订单/2023/AB23824 出口产品供需合同-一洲PO61372.xls（工作表 订单 第 10 行；合同号 AB23824；抬头需方 宁波安宝国际贸易有限公司；日期凭证：抬头签约时间）【tools/ziliao/extract_price_seeds.mjs 自动抽取·历史成交价·待甲方核对】
安宝公司,"割嘴 1#-1-101
产品号码6024",11.80,CNY,2022-08-31,,contract,来源文件：ziliao/安宝公司/美国FRONNY/订单/2023/AB23824 出口产品供需合同-一洲PO61372.xls（工作表 订单 第 13 行；合同号 AB23824；抬头需方 宁波安宝国际贸易有限公司；日期凭证：抬头签约时间）【tools/ziliao/extract_price_seeds.mjs 自动抽取·历史成交价·待甲方核对】
安宝公司,"割嘴 1#-3-101
产品号码6019",8.80,CNY,2022-08-31,,contract,来源文件：ziliao/安宝公司/美国FRONNY/订单/2023/AB23824 出口产品供需合同-一洲PO61372.xls（工作表 订单 第 12 行；合同号 AB23824；抬头需方 宁波安宝国际贸易有限公司；日期凭证：抬头签约时间）【tools/ziliao/extract_price_seeds.mjs 自动抽取·历史成交价·待甲方核对】
安宝公司,"割嘴 2#-1-101
产品号码6025",11.80,CNY,2022-08-31,,contract,来源文件：ziliao/安宝公司/美国FRONNY/订单/2023/AB23824 出口产品供需合同-一洲PO61372.xls（工作表 订单 第 14 行；合同号 AB23824；抬头需方 宁波安宝国际贸易有限公司；日期凭证：抬头签约时间）【tools/ziliao/extract_price_seeds.mjs 自动抽取·历史成交价·待甲方核对】
安宝公司,"割嘴 2#-3-101
产品号码6020",8.80,CNY,2022-08-31,,contract,来源文件：ziliao/安宝公司/美国FRONNY/订单/2023/AB23824 出口产品供需合同-一洲PO61372.xls（工作表 订单 第 19 行；合同号 AB23824；抬头需方 宁波安宝国际贸易有限公司；日期凭证：抬头签约时间）【tools/ziliao/extract_price_seeds.mjs 自动抽取·历史成交价·待甲方核对】
安宝公司,"割嘴 3#-1-101
产品号码6026",11.80,CNY,2022-08-31,,contract,来源文件：ziliao/安宝公司/美国FRONNY/订单/2023/AB23824 出口产品供需合同-一洲PO61372.xls（工作表 订单 第 20 行；合同号 AB23824；抬头需方 宁波安宝国际贸易有限公司；日期凭证：抬头签约时间）【tools/ziliao/extract_price_seeds.mjs 自动抽取·历史成交价·待甲方核对】
安宝公司,"割嘴 6290-0#
产品号码6009",8.80,CNY,2022-08-31,,contract,来源文件：ziliao/安宝公司/美国FRONNY/订单/2023/AB23824 出口产品供需合同-一洲PO61372.xls（工作表 订单 第 7 行；合同号 AB23824；抬头需方 宁波安宝国际贸易有限公司；日期凭证：抬头签约时间）【tools/ziliao/extract_price_seeds.mjs 自动抽取·历史成交价·待甲方核对】
安宝公司,"割嘴 6290-00#
产品号码6008",8.80,CNY,2022-08-31,,contract,来源文件：ziliao/安宝公司/美国FRONNY/订单/2023/AB23824 出口产品供需合同-一洲PO61372.xls（工作表 订单 第 15 行；合同号 AB23824；抬头需方 宁波安宝国际贸易有限公司；日期凭证：抬头签约时间）【tools/ziliao/extract_price_seeds.mjs 自动抽取·历史成交价·待甲方核对】
安宝公司,"割嘴 6290-1#
产品号码6010",8.80,CNY,2022-08-31,,contract,来源文件：ziliao/安宝公司/美国FRONNY/订单/2023/AB23824 出口产品供需合同-一洲PO61372.xls（工作表 订单 第 17 行；合同号 AB23824；抬头需方 宁波安宝国际贸易有限公司；日期凭证：抬头签约时间）【tools/ziliao/extract_price_seeds.mjs 自动抽取·历史成交价·待甲方核对】
安宝公司,"割嘴 6290-2#
产品号码6011",8.80,CNY,2022-08-31,,contract,来源文件：ziliao/安宝公司/美国FRONNY/订单/2023/AB23824 出口产品供需合同-一洲PO61372.xls（工作表 订单 第 8 行；合同号 AB23824；抬头需方 宁波安宝国际贸易有限公司；日期凭证：抬头签约时间）【tools/ziliao/extract_price_seeds.mjs 自动抽取·历史成交价·待甲方核对】
安宝公司,"割嘴 6290-3#
产品号码6012",8.80,CNY,2022-08-31,,contract,来源文件：ziliao/安宝公司/美国FRONNY/订单/2023/AB23824 出口产品供需合同-一洲PO61372.xls（工作表 订单 第 18 行；合同号 AB23824；抬头需方 宁波安宝国际贸易有限公司；日期凭证：抬头签约时间）【tools/ziliao/extract_price_seeds.mjs 自动抽取·历史成交价·待甲方核对】
安宝公司,"割嘴 6290-NX-0#
产品号码6013",6.00,CNY,2022-08-31,,contract,来源文件：ziliao/安宝公司/美国FRONNY/订单/2023/AB23824 出口产品供需合同-一洲PO61372.xls（工作表 订单 第 9 行；合同号 AB23824；抬头需方 宁波安宝国际贸易有限公司；日期凭证：抬头签约时间）【tools/ziliao/extract_price_seeds.mjs 自动抽取·历史成交价·待甲方核对】
安宝公司,"割嘴 MC-12-0# 
产品号码6002",14.00,CNY,2022-08-31,,contract,来源文件：ziliao/安宝公司/美国FRONNY/订单/2023/AB23824 出口产品供需合同-一洲PO61372.xls（工作表 订单 第 16 行；合同号 AB23824；抬头需方 宁波安宝国际贸易有限公司；日期凭证：抬头签约时间）【tools/ziliao/extract_price_seeds.mjs 自动抽取·历史成交价·待甲方核对】
安宝公司,"HARRIS 丙烷割嘴6290-NX-0 53g
代码：4184",5.90,CNY,2022-08-29,,contract,"来源文件：ziliao/安宝公司/Weldsolutions不干胶/合同/2022前/AB22706  8月31日更改不干胶.xls（工作表 Sheet1 第 7 行；合同号 AB22706返单AB21864+22264；抬头需方 宁波安宝国际贸易有限公司；日期凭证：抬头签约时间）；包装：标贴尺寸：80x16mm
塑料盒盖用黑色
刻字例如：6290NX-3【tools/ziliao/extract_price_seeds.mjs 自动抽取·历史成交价·待甲方核对】"
安宝公司,"HARRIS 丙烷割嘴6290-NX-1 53g
代码：4186",5.90,CNY,2022-08-29,,contract,来源文件：ziliao/安宝公司/Weldsolutions不干胶/合同/2022前/AB22706  8月31日更改不干胶.xls（工作表 Sheet1 第 8 行；合同号 AB22706返单AB21864+22264；抬头需方 宁波安宝国际贸易有限公司；日期凭证：抬头签约时间）【tools/ziliao/extract_price_seeds.mjs 自动抽取·历史成交价·待甲方核对】
安宝公司,"HARRIS 丙烷割嘴6290-NX-2 53g
代码：4187",5.90,CNY,2022-08-29,,contract,来源文件：ziliao/安宝公司/Weldsolutions不干胶/合同/2022前/AB22706  8月31日更改不干胶.xls（工作表 Sheet1 第 9 行；合同号 AB22706返单AB21864+22264；抬头需方 宁波安宝国际贸易有限公司；日期凭证：抬头签约时间）【tools/ziliao/extract_price_seeds.mjs 自动抽取·历史成交价·待甲方核对】
安宝公司,"HARRIS 丙烷割嘴6290-NX-3 53g
代码：4188",5.90,CNY,2022-08-29,,contract,来源文件：ziliao/安宝公司/Weldsolutions不干胶/合同/2022前/AB22706  8月31日更改不干胶.xls（工作表 Sheet1 第 10 行；合同号 AB22706返单AB21864+22264；抬头需方 宁波安宝国际贸易有限公司；日期凭证：抬头签约时间）【tools/ziliao/extract_price_seeds.mjs 自动抽取·历史成交价·待甲方核对】
安宝公司,"smith 丙烷割嘴 SC-50-A-0 93g
代码：4157",12.30,CNY,2022-08-29,,contract,"来源文件：ziliao/安宝公司/Weldsolutions不干胶/合同/2022前/AB22706  8月31日更改不干胶.xls（工作表 Sheet1 第 11 行；合同号 AB22706返单AB21864+22264；抬头需方 宁波安宝国际贸易有限公司；日期凭证：抬头签约时间）；包装：标贴尺寸：80x16mm
塑料盒盖用黑色
刻字例如：SC50-3【tools/ziliao/extract_price_seeds.mjs 自动抽取·历史成交价·待甲方核对】"
安宝公司,"smith 丙烷割嘴 SC-50-A-1 93g
代码：4157",12.30,CNY,2022-08-29,,contract,来源文件：ziliao/安宝公司/Weldsolutions不干胶/合同/2022前/AB22706  8月31日更改不干胶.xls（工作表 Sheet1 第 12 行；合同号 AB22706返单AB21864+22264；抬头需方 宁波安宝国际贸易有限公司；日期凭证：抬头签约时间）【tools/ziliao/extract_price_seeds.mjs 自动抽取·历史成交价·待甲方核对】
安宝公司,"smith 丙烷割嘴 SC-50-A-2 93g
代码：4158",12.30,CNY,2022-08-29,,contract,来源文件：ziliao/安宝公司/Weldsolutions不干胶/合同/2022前/AB22706  8月31日更改不干胶.xls（工作表 Sheet1 第 13 行；合同号 AB22706返单AB21864+22264；抬头需方 宁波安宝国际贸易有限公司；日期凭证：抬头签约时间）【tools/ziliao/extract_price_seeds.mjs 自动抽取·历史成交价·待甲方核对】
安宝公司,"smith 丙烷割嘴 SC-50-A-4 93g
代码：4162",12.30,CNY,2022-08-29,,contract,来源文件：ziliao/安宝公司/Weldsolutions不干胶/合同/2022前/AB22706  8月31日更改不干胶.xls（工作表 Sheet1 第 14 行；合同号 AB22706返单AB21864+22264；抬头需方 宁波安宝国际贸易有限公司；日期凭证：抬头签约时间）【tools/ziliao/extract_price_seeds.mjs 自动抽取·历史成交价·待甲方核对】
安宝公司,"smith 丙烷割嘴 SC-50-A-5 93g
代码：4163",12.30,CNY,2022-08-29,,contract,来源文件：ziliao/安宝公司/Weldsolutions不干胶/合同/2022前/AB22706  8月31日更改不干胶.xls（工作表 Sheet1 第 15 行；合同号 AB22706返单AB21864+22264；抬头需方 宁波安宝国际贸易有限公司；日期凭证：抬头签约时间）【tools/ziliao/extract_price_seeds.mjs 自动抽取·历史成交价·待甲方核对】
安宝公司,"smith 乙炔割嘴 SC-12-1 103g
代码：4134",14.00,CNY,2022-08-29,,contract,"来源文件：ziliao/安宝公司/Weldsolutions不干胶/合同/2022前/AB22706  8月31日更改不干胶.xls（工作表 Sheet1 第 16 行；合同号 AB22706返单AB21864+22264；抬头需方 宁波安宝国际贸易有限公司；日期凭证：抬头签约时间）；包装：标贴尺寸：80x16mm
塑料盒盖用红色
刻字例如：SC12-3【tools/ziliao/extract_price_seeds.mjs 自动抽取·历史成交价·待甲方核对】"
安宝公司,"smith 乙炔割嘴 SC-12-2 103g
代码：4136",14.00,CNY,2022-08-29,,contract,来源文件：ziliao/安宝公司/Weldsolutions不干胶/合同/2022前/AB22706  8月31日更改不干胶.xls（工作表 Sheet1 第 17 行；合同号 AB22706返单AB21864+22264；抬头需方 宁波安宝国际贸易有限公司；日期凭证：抬头签约时间）【tools/ziliao/extract_price_seeds.mjs 自动抽取·历史成交价·待甲方核对】
安宝公司,"乙炔割嘴1-101-1 82g
代码：4190",11.50,CNY,2022-08-15,,contract,"来源文件：ziliao/安宝公司/INFAR不干胶/INFRA合同/2022/ab22669 出口产品供需合同-奉化一洲(2).xls（工作表 Sheet1 第 20 行；合同号 AB22669返单AB21864+22264；抬头需方 宁波安宝国际贸易有限公司；日期凭证：抬头签约时间）；包装：标贴尺寸：80x16mm
塑料盒盖用红色
刻字例如：3-1-101【tools/ziliao/extract_price_seeds.mjs 自动抽取·历史成交价·待甲方核对】"
安宝公司,"乙炔割嘴1-101-2 82g
代码：4191",11.50,CNY,2022-08-15,,contract,来源文件：ziliao/安宝公司/INFAR不干胶/INFRA合同/2022/ab22669 出口产品供需合同-奉化一洲(2).xls（工作表 Sheet1 第 21 行；合同号 AB22669返单AB21864+22264；抬头需方 宁波安宝国际贸易有限公司；日期凭证：抬头签约时间）【tools/ziliao/extract_price_seeds.mjs 自动抽取·历史成交价·待甲方核对】
安宝公司,"乙炔割嘴1-101-3 82g
代码：4192",11.50,CNY,2022-08-15,,contract,来源文件：ziliao/安宝公司/INFAR不干胶/INFRA合同/2022/ab22669 出口产品供需合同-奉化一洲(2).xls（工作表 Sheet1 第 22 行；合同号 AB22669返单AB21864+22264；抬头需方 宁波安宝国际贸易有限公司；日期凭证：抬头签约时间）【tools/ziliao/extract_price_seeds.mjs 自动抽取·历史成交价·待甲方核对】
安宝公司,"HARRIS 丙烷割嘴6290-NX-0 53g
代码：4184",5.90,CNY,2022-08-15,,contract,"来源文件：ziliao/安宝公司/INFAR不干胶/INFRA合同/2022/ab22669 出口产品供需合同-奉化一洲(2).xls（工作表 Sheet1 第 12 行；合同号 AB22669返单AB21864+22264；抬头需方 宁波安宝国际贸易有限公司；日期凭证：抬头签约时间）；包装：标贴尺寸：80x16mm
塑料盒盖用黑色
刻字例如：6290NX-3【tools/ziliao/extract_price_seeds.mjs 自动抽取·历史成交价·待甲方核对】"
安宝公司,"HARRIS 丙烷割嘴6290-NX-1 53g
代码：4186",5.90,CNY,2022-08-15,,contract,来源文件：ziliao/安宝公司/INFAR不干胶/INFRA合同/2022/ab22669 出口产品供需合同-奉化一洲(2).xls（工作表 Sheet1 第 13 行；合同号 AB22669返单AB21864+22264；抬头需方 宁波安宝国际贸易有限公司；日期凭证：抬头签约时间）【tools/ziliao/extract_price_seeds.mjs 自动抽取·历史成交价·待甲方核对】
安宝公司,"HARRIS 丙烷割嘴6290-NX-2 53g
代码：4187",5.90,CNY,2022-08-15,,contract,来源文件：ziliao/安宝公司/INFAR不干胶/INFRA合同/2022/ab22669 出口产品供需合同-奉化一洲(2).xls（工作表 Sheet1 第 14 行；合同号 AB22669返单AB21864+22264；抬头需方 宁波安宝国际贸易有限公司；日期凭证：抬头签约时间）【tools/ziliao/extract_price_seeds.mjs 自动抽取·历史成交价·待甲方核对】
安宝公司,"HARRIS 丙烷割嘴6290-NX-3 53g
代码：4188",5.90,CNY,2022-08-15,,contract,来源文件：ziliao/安宝公司/INFAR不干胶/INFRA合同/2022/ab22669 出口产品供需合同-奉化一洲(2).xls（工作表 Sheet1 第 15 行；合同号 AB22669返单AB21864+22264；抬头需方 宁波安宝国际贸易有限公司；日期凭证：抬头签约时间）【tools/ziliao/extract_price_seeds.mjs 自动抽取·历史成交价·待甲方核对】
安宝公司,"HARRIS 乙炔割嘴6290-0 55g 
代码：4207",8.60,CNY,2022-08-15,,contract,"来源文件：ziliao/安宝公司/INFAR不干胶/INFRA合同/2022/ab22669 出口产品供需合同-奉化一洲(2).xls（工作表 Sheet1 第 16 行；合同号 AB22669返单AB21864+22264；抬头需方 宁波安宝国际贸易有限公司；日期凭证：抬头签约时间）；包装：标贴尺寸：80x16mm
塑料盒盖用红色
刻字例如：6290-3【tools/ziliao/extract_price_seeds.mjs 自动抽取·历史成交价·待甲方核对】"
安宝公司,"HARRIS 乙炔割嘴6290-1 55g
代码：4208",8.60,CNY,2022-08-15,,contract,来源文件：ziliao/安宝公司/INFAR不干胶/INFRA合同/2022/ab22669 出口产品供需合同-奉化一洲(2).xls（工作表 Sheet1 第 17 行；合同号 AB22669返单AB21864+22264；抬头需方 宁波安宝国际贸易有限公司；日期凭证：抬头签约时间）【tools/ziliao/extract_price_seeds.mjs 自动抽取·历史成交价·待甲方核对】
安宝公司,"HARRIS 乙炔割嘴6290-2 55g
代码：4210",8.60,CNY,2022-08-15,,contract,来源文件：ziliao/安宝公司/INFAR不干胶/INFRA合同/2022/ab22669 出口产品供需合同-奉化一洲(2).xls（工作表 Sheet1 第 18 行；合同号 AB22669返单AB21864+22264；抬头需方 宁波安宝国际贸易有限公司；日期凭证：抬头签约时间）【tools/ziliao/extract_price_seeds.mjs 自动抽取·历史成交价·待甲方核对】
安宝公司,"HARRIS 乙炔割嘴6290-3 55g
代码：4027",8.60,CNY,2022-08-15,,contract,来源文件：ziliao/安宝公司/INFAR不干胶/INFRA合同/2022/ab22669 出口产品供需合同-奉化一洲(2).xls（工作表 Sheet1 第 19 行；合同号 AB22669返单AB21864+22264；抬头需方 宁波安宝国际贸易有限公司；日期凭证：抬头签约时间）【tools/ziliao/extract_price_seeds.mjs 自动抽取·历史成交价·待甲方核对】
安宝公司,"smith 乙炔割嘴 SC-12-1 103g
代码：4134",14.00,CNY,2022-08-15,,contract,"来源文件：ziliao/安宝公司/INFAR不干胶/INFRA合同/2022/ab22669 出口产品供需合同-奉化一洲(2).xls（工作表 Sheet1 第 7 行；合同号 AB22669返单AB21864+22264；抬头需方 宁波安宝国际贸易有限公司；日期凭证：抬头签约时间）；包装：标贴尺寸：80x16mm
塑料盒盖用红色
刻字例如：SC12-3【tools/ziliao/extract_price_seeds.mjs 自动抽取·历史成交价·待甲方核对】"
安宝公司,"smith 乙炔割嘴 SC-12-2 103g
代码：4136",14.00,CNY,2022-08-15,,contract,来源文件：ziliao/安宝公司/INFAR不干胶/INFRA合同/2022/ab22669 出口产品供需合同-奉化一洲(2).xls（工作表 Sheet1 第 8 行；合同号 AB22669返单AB21864+22264；抬头需方 宁波安宝国际贸易有限公司；日期凭证：抬头签约时间）【tools/ziliao/extract_price_seeds.mjs 自动抽取·历史成交价·待甲方核对】
安宝公司,"smith 乙炔割嘴 SC-12-3 103g
代码：4137",14.00,CNY,2022-08-15,,contract,来源文件：ziliao/安宝公司/INFAR不干胶/INFRA合同/2022/ab22669 出口产品供需合同-奉化一洲(2).xls（工作表 Sheet1 第 9 行；合同号 AB22669返单AB21864+22264；抬头需方 宁波安宝国际贸易有限公司；日期凭证：抬头签约时间）【tools/ziliao/extract_price_seeds.mjs 自动抽取·历史成交价·待甲方核对】
安宝公司,"smith 乙炔割嘴 SC-12-4 103g
代码：4138",14.00,CNY,2022-08-15,,contract,来源文件：ziliao/安宝公司/INFAR不干胶/INFRA合同/2022/ab22669 出口产品供需合同-奉化一洲(2).xls（工作表 Sheet1 第 10 行；合同号 AB22669返单AB21864+22264；抬头需方 宁波安宝国际贸易有限公司；日期凭证：抬头签约时间）【tools/ziliao/extract_price_seeds.mjs 自动抽取·历史成交价·待甲方核对】
安宝公司,"smith 乙炔割嘴 SC-12-5 103g
代码：4151",14.00,CNY,2022-08-15,,contract,来源文件：ziliao/安宝公司/INFAR不干胶/INFRA合同/2022/ab22669 出口产品供需合同-奉化一洲(2).xls（工作表 Sheet1 第 11 行；合同号 AB22669返单AB21864+22264；抬头需方 宁波安宝国际贸易有限公司；日期凭证：抬头签约时间）【tools/ziliao/extract_price_seeds.mjs 自动抽取·历史成交价·待甲方核对】
安宝公司,"割嘴 0#-3-101
产品号码6018",8.80,CNY,2022-08-11,,contract,来源文件：ziliao/安宝公司/美国FRONNY/订单/2023/AB23759 出口产品供需合同-一洲P061258.xls（工作表 订单 第 12 行；合同号 AB23759；抬头需方 宁波安宝国际贸易有限公司；日期凭证：抬头签约时间）【tools/ziliao/extract_price_seeds.mjs 自动抽取·历史成交价·待甲方核对】
安宝公司,"割嘴 00#-1-101
产品号码6022",11.80,CNY,2022-08-11,,contract,来源文件：ziliao/安宝公司/美国FRONNY/订单/2023/AB23759 出口产品供需合同-一洲P061258.xls（工作表 订单 第 14 行；合同号 AB23759；抬头需方 宁波安宝国际贸易有限公司；日期凭证：抬头签约时间）【tools/ziliao/extract_price_seeds.mjs 自动抽取·历史成交价·待甲方核对】
安宝公司,"割嘴 00#-3-101 
产品号码6017",8.80,CNY,2022-08-11,,contract,来源文件：ziliao/安宝公司/美国FRONNY/订单/2023/AB23759 出口产品供需合同-一洲P061258.xls（工作表 订单 第 11 行；合同号 AB23759；抬头需方 宁波安宝国际贸易有限公司；日期凭证：抬头签约时间）【tools/ziliao/extract_price_seeds.mjs 自动抽取·历史成交价·待甲方核对】
安宝公司,"割嘴 000#-3-101 
产品号码6016",8.80,CNY,2022-08-11,,contract,来源文件：ziliao/安宝公司/美国FRONNY/订单/2023/AB23759 出口产品供需合同-一洲P061258.xls（工作表 订单 第 10 行；合同号 AB23759；抬头需方 宁波安宝国际贸易有限公司；日期凭证：抬头签约时间）【tools/ziliao/extract_price_seeds.mjs 自动抽取·历史成交价·待甲方核对】
安宝公司,割嘴 1-3-GPN 产品号码6031,7.80,CNY,2022-08-11,,contract,来源文件：ziliao/安宝公司/美国FRONNY/订单/2023/AB23759 出口产品供需合同-一洲P061258.xls（工作表 订单 第 18 行；合同号 AB23759；抬头需方 宁波安宝国际贸易有限公司；日期凭证：抬头签约时间）【tools/ziliao/extract_price_seeds.mjs 自动抽取·历史成交价·待甲方核对】
安宝公司,"割嘴 1-GPN 1#
产品号码6027",8.80,CNY,2022-08-11,,contract,来源文件：ziliao/安宝公司/美国FRONNY/订单/2023/AB23759 出口产品供需合同-一洲P061258.xls（工作表 订单 第 16 行；合同号 AB23759；抬头需方 宁波安宝国际贸易有限公司；日期凭证：抬头签约时间）【tools/ziliao/extract_price_seeds.mjs 自动抽取·历史成交价·待甲方核对】
安宝公司,"割嘴 1-GPN 2#
产品号码6028",8.80,CNY,2022-08-11,,contract,来源文件：ziliao/安宝公司/美国FRONNY/订单/2023/AB23759 出口产品供需合同-一洲P061258.xls（工作表 订单 第 17 行；合同号 AB23759；抬头需方 宁波安宝国际贸易有限公司；日期凭证：抬头签约时间）【tools/ziliao/extract_price_seeds.mjs 自动抽取·历史成交价·待甲方核对】
安宝公司,割嘴 2-3-GPN 产品号码6032,7.80,CNY,2022-08-11,,contract,来源文件：ziliao/安宝公司/美国FRONNY/订单/2023/AB23759 出口产品供需合同-一洲P061258.xls（工作表 订单 第 19 行；合同号 AB23759；抬头需方 宁波安宝国际贸易有限公司；日期凭证：抬头签约时间）【tools/ziliao/extract_price_seeds.mjs 自动抽取·历史成交价·待甲方核对】
安宝公司,"割嘴 3#-1-101
产品号码6026",11.80,CNY,2022-08-11,,contract,来源文件：ziliao/安宝公司/美国FRONNY/订单/2023/AB23759 出口产品供需合同-一洲P061258.xls（工作表 订单 第 15 行；合同号 AB23759；抬头需方 宁波安宝国际贸易有限公司；日期凭证：抬头签约时间）【tools/ziliao/extract_price_seeds.mjs 自动抽取·历史成交价·待甲方核对】
安宝公司,"割嘴 6290-1
产品号码6010",8.80,CNY,2022-08-11,,contract,来源文件：ziliao/安宝公司/美国FRONNY/订单/2023/AB23759 出口产品供需合同-一洲P061258.xls（工作表 订单 第 8 行；合同号 AB23759；抬头需方 宁波安宝国际贸易有限公司；日期凭证：抬头签约时间）【tools/ziliao/extract_price_seeds.mjs 自动抽取·历史成交价·待甲方核对】
安宝公司,"割嘴 6290-2#
产品号码6011",8.80,CNY,2022-08-11,,contract,来源文件：ziliao/安宝公司/美国FRONNY/订单/2023/AB23759 出口产品供需合同-一洲P061258.xls（工作表 订单 第 9 行；合同号 AB23759；抬头需方 宁波安宝国际贸易有限公司；日期凭证：抬头签约时间）【tools/ziliao/extract_price_seeds.mjs 自动抽取·历史成交价·待甲方核对】
安宝公司,"割嘴 MC-12-1#
产品号码6003",14.00,CNY,2022-08-11,,contract,来源文件：ziliao/安宝公司/美国FRONNY/订单/2023/AB23759 出口产品供需合同-一洲P061258.xls（工作表 订单 第 7 行；合同号 AB23759；抬头需方 宁波安宝国际贸易有限公司；日期凭证：抬头签约时间）【tools/ziliao/extract_price_seeds.mjs 自动抽取·历史成交价·待甲方核对】
安宝公司,"割嘴3-3-101
产品号码6021",8.80,CNY,2022-08-11,,contract,来源文件：ziliao/安宝公司/美国FRONNY/订单/2023/AB23759 出口产品供需合同-一洲P061258.xls（工作表 订单 第 13 行；合同号 AB23759；抬头需方 宁波安宝国际贸易有限公司；日期凭证：抬头签约时间）【tools/ziliao/extract_price_seeds.mjs 自动抽取·历史成交价·待甲方核对】
安宝公司,"内嘴 P1 刻字内容规格与型号 如右图
单只塑料袋包装 500只/箱 重42G",3.68,CNY,2022-08-10,,contract,来源文件：ziliao/安宝公司/旧订单资料/REDIUS俄罗斯/DOKA PNM/DOKA 订单/AB22560 出口产品供需合同-一洲.xls（工作表 订单 第 7 行；合同号 AB22560；抬头需方 宁波安宝国际贸易有限公司；日期凭证：抬头签约时间）；包装：如下图所示【tools/ziliao/extract_price_seeds.mjs 自动抽取·历史成交价·待甲方核对】
安宝公司,"内嘴 P2 刻字内容规格与型号 如右图
单只塑料袋包装 500只/箱 重42G",3.68,CNY,2022-08-10,,contract,来源文件：ziliao/安宝公司/旧订单资料/REDIUS俄罗斯/DOKA PNM/DOKA 订单/AB22560 出口产品供需合同-一洲.xls（工作表 订单 第 8 行；合同号 AB22560；抬头需方 宁波安宝国际贸易有限公司；日期凭证：抬头签约时间）【tools/ziliao/extract_price_seeds.mjs 自动抽取·历史成交价·待甲方核对】
安宝公司,"内嘴 P3 刻字内容规格与型号 如右图
单只塑料袋包装 500只/箱 重42G",3.68,CNY,2022-08-10,,contract,来源文件：ziliao/安宝公司/旧订单资料/REDIUS俄罗斯/DOKA PNM/DOKA 订单/AB22560 出口产品供需合同-一洲.xls（工作表 订单 第 9 行；合同号 AB22560；抬头需方 宁波安宝国际贸易有限公司；日期凭证：抬头签约时间）【tools/ziliao/extract_price_seeds.mjs 自动抽取·历史成交价·待甲方核对】
安宝公司,"外嘴 PNM 1# 刻字内容规格与型号 如图
单只塑料袋包装 500只/箱 重32G",4.00,CNY,2022-08-10,,contract,来源文件：ziliao/安宝公司/旧订单资料/REDIUS俄罗斯/DOKA PNM/DOKA 订单/AB22560 出口产品供需合同-一洲.xls（工作表 订单 第 10 行；合同号 AB22560；抬头需方 宁波安宝国际贸易有限公司；日期凭证：抬头签约时间）【tools/ziliao/extract_price_seeds.mjs 自动抽取·历史成交价·待甲方核对】
安宝公司,"Koike 106D7 #3
快速割嘴",13.50,CNY,2022-08-03,,contract,"来源文件：ziliao/安宝公司/106D7,102HC发商丘/印made in japan/AB22633 出口产品供需合同-奉化一洲.xls（工作表 Sheet3 第 7 行；合同号 AB22633；抬头需方 宁波安宝国际贸易有限公司；日期凭证：抬头签约时间）；包装：刻字要求：要求如下图
包装要求：10只1盒，紫色Koike彩盒如下图所示【tools/ziliao/extract_price_seeds.mjs 自动抽取·历史成交价·待甲方核对】"
安宝公司,"Koike 106D7 #5
快速割嘴",13.50,CNY,2022-08-03,,contract,"来源文件：ziliao/安宝公司/106D7,102HC发商丘/印made in japan/AB22633 出口产品供需合同-奉化一洲.xls（工作表 Sheet3 第 8 行；合同号 AB22633；抬头需方 宁波安宝国际贸易有限公司；日期凭证：抬头签约时间）【tools/ziliao/extract_price_seeds.mjs 自动抽取·历史成交价·待甲方核对】"
安宝公司,"HARRIS 丙烷割嘴6290-NX-2 53g
代码：4187",6.20,CNY,2022-07-13,,contract,"来源文件：ziliao/安宝公司/INFAR不干胶/INFRA合同/2022/AB22584 出口产品供需合同-奉化一洲.xls（工作表 Sheet1 第 7 行；合同号 AB22584返单AB22050；抬头需方 宁波安宝国际贸易有限公司；日期凭证：抬头签约时间）；包装：标贴尺寸：80x16mm
塑料盒盖用黑色【tools/ziliao/extract_price_seeds.mjs 自动抽取·历史成交价·待甲方核对】"
安宝公司,"丙烷割嘴 PNME 1#
塑料盖贴：PNME 1",7.50,CNY,2022-06-29,,contract,来源文件：ziliao/安宝公司/81021 ARS88/ab22490 出口产品供需合同-一洲.xls（工作表 订单 第 7 行；合同号 AB22490；抬头需方 宁波安宝国际贸易有限公司；日期凭证：抬头签约时间）；包装：包装：塑料盒+贴对应不干胶【tools/ziliao/extract_price_seeds.mjs 自动抽取·历史成交价·待甲方核对】
安宝公司,"丙烷割嘴 PNME 2#
塑料盖贴：PNME 2",7.50,CNY,2022-06-29,,contract,来源文件：ziliao/安宝公司/81021 ARS88/ab22490 出口产品供需合同-一洲.xls（工作表 订单 第 8 行；合同号 AB22490；抬头需方 宁波安宝国际贸易有限公司；日期凭证：抬头签约时间）【tools/ziliao/extract_price_seeds.mjs 自动抽取·历史成交价·待甲方核对】
安宝公司,"丙烷割嘴 PNME 3#
塑料盖贴：PNME 3",7.50,CNY,2022-06-29,,contract,来源文件：ziliao/安宝公司/81021 ARS88/ab22490 出口产品供需合同-一洲.xls（工作表 订单 第 9 行；合同号 AB22490；抬头需方 宁波安宝国际贸易有限公司；日期凭证：抬头签约时间）【tools/ziliao/extract_price_seeds.mjs 自动抽取·历史成交价·待甲方核对】
安宝公司,"丙烷割嘴 PNME 4#
塑料盖贴：PNME 4",7.50,CNY,2022-06-29,,contract,来源文件：ziliao/安宝公司/81021 ARS88/ab22490 出口产品供需合同-一洲.xls（工作表 订单 第 10 行；合同号 AB22490；抬头需方 宁波安宝国际贸易有限公司；日期凭证：抬头签约时间）【tools/ziliao/extract_price_seeds.mjs 自动抽取·历史成交价·待甲方核对】
安宝公司,"割嘴 81021 1#
塑料盖贴：81021-1",7.50,CNY,2022-06-29,,contract,来源文件：ziliao/安宝公司/81021 ARS88/ab22490 出口产品供需合同-一洲.xls（工作表 订单 第 11 行；合同号 AB22490；抬头需方 宁波安宝国际贸易有限公司；日期凭证：抬头签约时间）；包装：包装：塑料盒+贴对应不干胶【tools/ziliao/extract_price_seeds.mjs 自动抽取·历史成交价·待甲方核对】
安宝公司,"割嘴 81021 2#
塑料盖贴：81021-2",7.50,CNY,2022-06-29,,contract,来源文件：ziliao/安宝公司/81021 ARS88/ab22490 出口产品供需合同-一洲.xls（工作表 订单 第 12 行；合同号 AB22490；抬头需方 宁波安宝国际贸易有限公司；日期凭证：抬头签约时间）【tools/ziliao/extract_price_seeds.mjs 自动抽取·历史成交价·待甲方核对】
安宝公司,"割嘴 81021 3#
塑料盖贴：81021-3",7.50,CNY,2022-06-29,,contract,来源文件：ziliao/安宝公司/81021 ARS88/ab22490 出口产品供需合同-一洲.xls（工作表 订单 第 13 行；合同号 AB22490；抬头需方 宁波安宝国际贸易有限公司；日期凭证：抬头签约时间）【tools/ziliao/extract_price_seeds.mjs 自动抽取·历史成交价·待甲方核对】
安宝公司,"割嘴 81021 4#
塑料盖贴：81021-4",7.50,CNY,2022-06-29,,contract,来源文件：ziliao/安宝公司/81021 ARS88/ab22490 出口产品供需合同-一洲.xls（工作表 订单 第 14 行；合同号 AB22490；抬头需方 宁波安宝国际贸易有限公司；日期凭证：抬头签约时间）【tools/ziliao/extract_price_seeds.mjs 自动抽取·历史成交价·待甲方核对】
安宝公司,"victor 丙烷割嘴 GPN－0#
刻字：内嘴上0-GPN
外嘴上VICTOR 0-GPN

包装：VICTOR塑料盒+不干胶",8.50,CNY,2022-06-27,,contract,"来源文件：ziliao/安宝公司/VICTOR+BAYO/订单/AB22466 出口产品供需合同-一州(1).xls（工作表 Sheet1 第 7 行；合同号 AB22466；抬头需方 宁波安宝国际贸易有限公司；日期凭证：抬头签约时间）；包装：1、包装要求：victor塑料盒+不干胶如下图所示













2、刻字要求：
一定要对应型号！！如下图【tools/ziliao/extract_price_seeds.mjs 自动抽取·历史成交价·待甲方核对】"
安宝公司,"victor 丙烷割嘴 GPN－1#
刻字：内嘴上1-GPN
外嘴上VICTOR 1-GPN

包装：VICTOR塑料盒+不干胶",8.50,CNY,2022-06-27,,contract,来源文件：ziliao/安宝公司/VICTOR+BAYO/订单/AB22466 出口产品供需合同-一州(1).xls（工作表 Sheet1 第 8 行；合同号 AB22466；抬头需方 宁波安宝国际贸易有限公司；日期凭证：抬头签约时间）【tools/ziliao/extract_price_seeds.mjs 自动抽取·历史成交价·待甲方核对】
安宝公司,"victor 丙烷割嘴 GPN－2#
刻字：内嘴上2-GPN
外嘴上VICTOR 2-GPN

包装：VICTOR塑料盒+不干胶",8.50,CNY,2022-06-27,,contract,来源文件：ziliao/安宝公司/VICTOR+BAYO/订单/AB22466 出口产品供需合同-一州(1).xls（工作表 Sheet1 第 9 行；合同号 AB22466；抬头需方 宁波安宝国际贸易有限公司；日期凭证：抬头签约时间）【tools/ziliao/extract_price_seeds.mjs 自动抽取·历史成交价·待甲方核对】
安宝公司,"victor 丙烷割嘴 GPN－3#
刻字：内嘴上3-GPN
外嘴上VICTOR 3-GPN

包装：VICTOR塑料盒+不干胶",8.50,CNY,2022-06-27,,contract,来源文件：ziliao/安宝公司/VICTOR+BAYO/订单/AB22466 出口产品供需合同-一州(1).xls（工作表 Sheet1 第 10 行；合同号 AB22466；抬头需方 宁波安宝国际贸易有限公司；日期凭证：抬头签约时间）【tools/ziliao/extract_price_seeds.mjs 自动抽取·历史成交价·待甲方核对】
安宝公司,"victor 丙烷割嘴 GPN－4#
刻字：内嘴上4-GPN
外嘴上VICTOR 4-GPN

包装：VICTOR塑料盒+不干胶",8.50,CNY,2022-06-27,,contract,来源文件：ziliao/安宝公司/VICTOR+BAYO/订单/AB22466 出口产品供需合同-一州(1).xls（工作表 Sheet1 第 11 行；合同号 AB22466；抬头需方 宁波安宝国际贸易有限公司；日期凭证：抬头签约时间）【tools/ziliao/extract_price_seeds.mjs 自动抽取·历史成交价·待甲方核对】
安宝公司,"victor 丙烷割嘴 GPN－5#
刻字：内嘴上5-GPN
外嘴上VICTOR 5-GPN

包装：VICTOR塑料盒+不干胶",8.50,CNY,2022-06-27,,contract,来源文件：ziliao/安宝公司/VICTOR+BAYO/订单/AB22466 出口产品供需合同-一州(1).xls（工作表 Sheet1 第 12 行；合同号 AB22466；抬头需方 宁波安宝国际贸易有限公司；日期凭证：抬头签约时间）【tools/ziliao/extract_price_seeds.mjs 自动抽取·历史成交价·待甲方核对】
安宝公司,"victor 丙烷割嘴 GPN－6#
刻字：内嘴上6-GPN
外嘴上VICTOR 6-GPN

包装：VICTOR塑料盒+不干胶",8.50,CNY,2022-06-27,,contract,来源文件：ziliao/安宝公司/VICTOR+BAYO/订单/AB22466 出口产品供需合同-一州(1).xls（工作表 Sheet1 第 13 行；合同号 AB22466；抬头需方 宁波安宝国际贸易有限公司；日期凭证：抬头签约时间）【tools/ziliao/extract_price_seeds.mjs 自动抽取·历史成交价·待甲方核对】
安宝公司,"victor 丙烷割嘴 GPN－7#
刻字：内嘴上7-GPN
外嘴上VICTOR 7-GPN

包装：VICTOR塑料盒+不干胶",8.50,CNY,2022-06-27,,contract,来源文件：ziliao/安宝公司/VICTOR+BAYO/订单/AB22466 出口产品供需合同-一州(1).xls（工作表 Sheet1 第 14 行；合同号 AB22466；抬头需方 宁波安宝国际贸易有限公司；日期凭证：抬头签约时间）【tools/ziliao/extract_price_seeds.mjs 自动抽取·历史成交价·待甲方核对】
安宝公司,"victor 乙炔割嘴 101-1#
刻字：VICTOR 1-1-101

包装：VICTOR塑料盒+不干胶",11.80,CNY,2022-06-27,,contract,"来源文件：ziliao/安宝公司/VICTOR+BAYO/订单/AB22466 出口产品供需合同-一州(1).xls（工作表 Sheet1 第 15 行；合同号 AB22466；抬头需方 宁波安宝国际贸易有限公司；日期凭证：抬头签约时间）；包装：1、包装要求：victor塑料盒+不干胶如下图所示

2、刻字要求：
一定要对应型号！！如下图【tools/ziliao/extract_price_seeds.mjs 自动抽取·历史成交价·待甲方核对】"
安宝公司,"victor 乙炔割嘴 101-2#
刻字：VICTOR 2-1-101

包装：VICTOR塑料盒+不干胶",11.80,CNY,2022-06-27,,contract,来源文件：ziliao/安宝公司/VICTOR+BAYO/订单/AB22466 出口产品供需合同-一州(1).xls（工作表 Sheet1 第 16 行；合同号 AB22466；抬头需方 宁波安宝国际贸易有限公司；日期凭证：抬头签约时间）【tools/ziliao/extract_price_seeds.mjs 自动抽取·历史成交价·待甲方核对】
安宝公司,"victor 乙炔割嘴 101-3#
刻字：VICTOR 3-1-101

包装：VICTOR塑料盒+不干胶",11.80,CNY,2022-06-27,,contract,来源文件：ziliao/安宝公司/VICTOR+BAYO/订单/AB22466 出口产品供需合同-一州(1).xls（工作表 Sheet1 第 17 行；合同号 AB22466；抬头需方 宁波安宝国际贸易有限公司；日期凭证：抬头签约时间）【tools/ziliao/extract_price_seeds.mjs 自动抽取·历史成交价·待甲方核对】
安宝公司,"victor 乙炔割嘴 101-4#
刻字：VICTOR 4-1-101

包装：VICTOR塑料盒+不干胶",11.80,CNY,2022-06-27,,contract,来源文件：ziliao/安宝公司/VICTOR+BAYO/订单/AB22466 出口产品供需合同-一州(1).xls（工作表 Sheet1 第 18 行；合同号 AB22466；抬头需方 宁波安宝国际贸易有限公司；日期凭证：抬头签约时间）【tools/ziliao/extract_price_seeds.mjs 自动抽取·历史成交价·待甲方核对】
安宝公司,"victor 乙炔割嘴 101-5#
刻字：VICTOR 5-1-101

包装：VICTOR塑料盒+不干胶",11.80,CNY,2022-06-27,,contract,来源文件：ziliao/安宝公司/VICTOR+BAYO/订单/AB22466 出口产品供需合同-一州(1).xls（工作表 Sheet1 第 19 行；合同号 AB22466；抬头需方 宁波安宝国际贸易有限公司；日期凭证：抬头签约时间）【tools/ziliao/extract_price_seeds.mjs 自动抽取·历史成交价·待甲方核对】
安宝公司,"victor 乙炔割嘴 101-6#
刻字：VICTOR 6-1-101

包装：VICTOR塑料盒+不干胶",11.80,CNY,2022-06-27,,contract,来源文件：ziliao/安宝公司/VICTOR+BAYO/订单/AB22466 出口产品供需合同-一州(1).xls（工作表 Sheet1 第 20 行；合同号 AB22466；抬头需方 宁波安宝国际贸易有限公司；日期凭证：抬头签约时间）【tools/ziliao/extract_price_seeds.mjs 自动抽取·历史成交价·待甲方核对】
安宝公司,"victor 乙炔割嘴 101-7#
刻字：VICTOR 7-1-101

包装：VICTOR塑料盒+不干胶",11.80,CNY,2022-06-27,,contract,来源文件：ziliao/安宝公司/VICTOR+BAYO/订单/AB22466 出口产品供需合同-一州(1).xls（工作表 Sheet1 第 21 行；合同号 AB22466；抬头需方 宁波安宝国际贸易有限公司；日期凭证：抬头签约时间）【tools/ziliao/extract_price_seeds.mjs 自动抽取·历史成交价·待甲方核对】
安宝公司,101-1-1 乙炔割嘴,11.80,CNY,2022-05-31,,contract,"来源文件：ziliao/安宝公司/Weldsolutions不干胶/合同/2022前/ab22443 出口产品供需合同-奉化一洲.xls（工作表 Sheet1 第 7 行；合同号 AB22443返单AB21781+21403+21323；抬头需方 宁波安宝国际贸易有限公司；日期凭证：抬头签约时间）；包装：标贴尺寸：80x16mm
塑料盒盖用红色【tools/ziliao/extract_price_seeds.mjs 自动抽取·历史成交价·待甲方核对】"
安宝公司,101-1-2 乙炔割嘴,11.80,CNY,2022-05-31,,contract,来源文件：ziliao/安宝公司/Weldsolutions不干胶/合同/2022前/ab22443 出口产品供需合同-奉化一洲.xls（工作表 Sheet1 第 8 行；合同号 AB22443返单AB21781+21403+21323；抬头需方 宁波安宝国际贸易有限公司；日期凭证：抬头签约时间）【tools/ziliao/extract_price_seeds.mjs 自动抽取·历史成交价·待甲方核对】
安宝公司,101-1-3 乙炔割嘴,11.80,CNY,2022-05-31,,contract,来源文件：ziliao/安宝公司/Weldsolutions不干胶/合同/2022前/ab22443 出口产品供需合同-奉化一洲.xls（工作表 Sheet1 第 9 行；合同号 AB22443返单AB21781+21403+21323；抬头需方 宁波安宝国际贸易有限公司；日期凭证：抬头签约时间）【tools/ziliao/extract_price_seeds.mjs 自动抽取·历史成交价·待甲方核对】
安宝公司,101-1-4 乙炔割嘴,11.80,CNY,2022-05-31,,contract,来源文件：ziliao/安宝公司/Weldsolutions不干胶/合同/2022前/ab22443 出口产品供需合同-奉化一洲.xls（工作表 Sheet1 第 10 行；合同号 AB22443返单AB21781+21403+21323；抬头需方 宁波安宝国际贸易有限公司；日期凭证：抬头签约时间）【tools/ziliao/extract_price_seeds.mjs 自动抽取·历史成交价·待甲方核对】
安宝公司,6290-2 乙炔割嘴,8.60,CNY,2022-05-31,,contract,"来源文件：ziliao/安宝公司/Weldsolutions不干胶/合同/2022前/ab22443 出口产品供需合同-奉化一洲.xls（工作表 Sheet1 第 18 行；合同号 AB22443返单AB21781+21403+21323；抬头需方 宁波安宝国际贸易有限公司；日期凭证：抬头签约时间）；包装：标贴尺寸：80x16mm
塑料盒盖用红色【tools/ziliao/extract_price_seeds.mjs 自动抽取·历史成交价·待甲方核对】"
安宝公司,6290-3 乙炔割嘴,8.60,CNY,2022-05-31,,contract,来源文件：ziliao/安宝公司/Weldsolutions不干胶/合同/2022前/ab22443 出口产品供需合同-奉化一洲.xls（工作表 Sheet1 第 19 行；合同号 AB22443返单AB21781+21403+21323；抬头需方 宁波安宝国际贸易有限公司；日期凭证：抬头签约时间）【tools/ziliao/extract_price_seeds.mjs 自动抽取·历史成交价·待甲方核对】
安宝公司,6290-4 乙炔割嘴,8.60,CNY,2022-05-31,,contract,来源文件：ziliao/安宝公司/Weldsolutions不干胶/合同/2022前/ab22443 出口产品供需合同-奉化一洲.xls（工作表 Sheet1 第 20 行；合同号 AB22443返单AB21781+21403+21323；抬头需方 宁波安宝国际贸易有限公司；日期凭证：抬头签约时间）【tools/ziliao/extract_price_seeds.mjs 自动抽取·历史成交价·待甲方核对】
安宝公司,6290-5 乙炔割嘴,8.60,CNY,2022-05-31,,contract,来源文件：ziliao/安宝公司/Weldsolutions不干胶/合同/2022前/ab22443 出口产品供需合同-奉化一洲.xls（工作表 Sheet1 第 21 行；合同号 AB22443返单AB21781+21403+21323；抬头需方 宁波安宝国际贸易有限公司；日期凭证：抬头签约时间）【tools/ziliao/extract_price_seeds.mjs 自动抽取·历史成交价·待甲方核对】
安宝公司,6290-6 乙炔割嘴,8.60,CNY,2022-05-31,,contract,来源文件：ziliao/安宝公司/Weldsolutions不干胶/合同/2022前/ab22443 出口产品供需合同-奉化一洲.xls（工作表 Sheet1 第 22 行；合同号 AB22443返单AB21781+21403+21323；抬头需方 宁波安宝国际贸易有限公司；日期凭证：抬头签约时间）【tools/ziliao/extract_price_seeds.mjs 自动抽取·历史成交价·待甲方核对】
安宝公司,6290-NX-4 丙烷割嘴 49g,6.20,CNY,2022-05-31,,contract,"来源文件：ziliao/安宝公司/Weldsolutions不干胶/合同/2022前/ab22443 出口产品供需合同-奉化一洲.xls（工作表 Sheet1 第 11 行；合同号 AB22443返单AB21781+21403+21323；抬头需方 宁波安宝国际贸易有限公司；日期凭证：抬头签约时间）；包装：标贴尺寸：80x16mm
塑料盒盖用深蓝色【tools/ziliao/extract_price_seeds.mjs 自动抽取·历史成交价·待甲方核对】"
安宝公司,6290-NX-5 丙烷割嘴 49g,6.20,CNY,2022-05-31,,contract,来源文件：ziliao/安宝公司/Weldsolutions不干胶/合同/2022前/ab22443 出口产品供需合同-奉化一洲.xls（工作表 Sheet1 第 12 行；合同号 AB22443返单AB21781+21403+21323；抬头需方 宁波安宝国际贸易有限公司；日期凭证：抬头签约时间）【tools/ziliao/extract_price_seeds.mjs 自动抽取·历史成交价·待甲方核对】
安宝公司,6290-NX-6 丙烷割嘴 49g,6.20,CNY,2022-05-31,,contract,来源文件：ziliao/安宝公司/Weldsolutions不干胶/合同/2022前/ab22443 出口产品供需合同-奉化一洲.xls（工作表 Sheet1 第 13 行；合同号 AB22443返单AB21781+21403+21323；抬头需方 宁波安宝国际贸易有限公司；日期凭证：抬头签约时间）【tools/ziliao/extract_price_seeds.mjs 自动抽取·历史成交价·待甲方核对】
安宝公司,SC-12-0 乙炔割嘴,15.00,CNY,2022-05-31,,contract,"来源文件：ziliao/安宝公司/Weldsolutions不干胶/合同/2022前/ab22443 出口产品供需合同-奉化一洲.xls（工作表 Sheet1 第 14 行；合同号 AB22443返单AB21781+21403+21323；抬头需方 宁波安宝国际贸易有限公司；日期凭证：抬头签约时间）；包装：标贴尺寸：80x16mm
塑料盒盖用红色【tools/ziliao/extract_price_seeds.mjs 自动抽取·历史成交价·待甲方核对】"
安宝公司,SC-12-1 乙炔割嘴,15.00,CNY,2022-05-31,,contract,来源文件：ziliao/安宝公司/Weldsolutions不干胶/合同/2022前/ab22443 出口产品供需合同-奉化一洲.xls（工作表 Sheet1 第 15 行；合同号 AB22443返单AB21781+21403+21323；抬头需方 宁波安宝国际贸易有限公司；日期凭证：抬头签约时间）【tools/ziliao/extract_price_seeds.mjs 自动抽取·历史成交价·待甲方核对】
安宝公司,SC-12-2 乙炔割嘴,15.00,CNY,2022-05-31,,contract,来源文件：ziliao/安宝公司/Weldsolutions不干胶/合同/2022前/ab22443 出口产品供需合同-奉化一洲.xls（工作表 Sheet1 第 16 行；合同号 AB22443返单AB21781+21403+21323；抬头需方 宁波安宝国际贸易有限公司；日期凭证：抬头签约时间）【tools/ziliao/extract_price_seeds.mjs 自动抽取·历史成交价·待甲方核对】
安宝公司,SC-12-4 乙炔割嘴,15.00,CNY,2022-05-31,,contract,来源文件：ziliao/安宝公司/Weldsolutions不干胶/合同/2022前/ab22443 出口产品供需合同-奉化一洲.xls（工作表 Sheet1 第 17 行；合同号 AB22443返单AB21781+21403+21323；抬头需方 宁波安宝国际贸易有限公司；日期凭证：抬头签约时间）【tools/ziliao/extract_price_seeds.mjs 自动抽取·历史成交价·待甲方核对】
安宝公司,"1502乙炔割嘴 #4
包装：塑料盒贴型号",13.30,CNY,2022-05-10,,contract,"来源文件：ziliao/安宝公司/Technical Welding 1502,1503/订单/AB22391 出口产品供需合同-奉化一洲.xls（工作表 订单 第 7 行；合同号 AB22391返单AB21790；抬头需方 宁波安宝国际贸易有限公司；日期凭证：抬头签约时间）【tools/ziliao/extract_price_seeds.mjs 自动抽取·历史成交价·待甲方核对】"
安宝公司,"1502乙炔割嘴 #6
包装：塑料盒贴型号",13.30,CNY,2022-05-10,,contract,"来源文件：ziliao/安宝公司/Technical Welding 1502,1503/订单/AB22391 出口产品供需合同-奉化一洲.xls（工作表 订单 第 8 行；合同号 AB22391返单AB21790；抬头需方 宁波安宝国际贸易有限公司；日期凭证：抬头签约时间）【tools/ziliao/extract_price_seeds.mjs 自动抽取·历史成交价·待甲方核对】"
安宝公司,"1502乙炔割嘴 #8
包装：塑料盒贴型号",13.30,CNY,2022-05-10,,contract,"来源文件：ziliao/安宝公司/Technical Welding 1502,1503/订单/AB22391 出口产品供需合同-奉化一洲.xls（工作表 订单 第 9 行；合同号 AB22391返单AB21790；抬头需方 宁波安宝国际贸易有限公司；日期凭证：抬头签约时间）【tools/ziliao/extract_price_seeds.mjs 自动抽取·历史成交价·待甲方核对】"
安宝公司,"内嘴 P1 9槽 重42.5G
刻字内容：规格+型号
包装：单只塑料袋包装 500只/箱",3.86,CNY,2022-05-05,,contract,来源文件：ziliao/安宝公司/旧订单资料/REDIUS俄罗斯/REDIUS/AB22358 出口产品供需合同-一洲.xls（工作表 订单 第 8 行；合同号 AB22357返单AB21644；抬头需方 宁波安宝国际贸易有限公司；日期凭证：抬头签约时间）【tools/ziliao/extract_price_seeds.mjs 自动抽取·历史成交价·待甲方核对】
安宝公司,"内嘴 P2 9槽 重42.5G
刻字内容：规格+型号
包装：单只塑料袋包装 500只/箱",3.86,CNY,2022-05-05,,contract,来源文件：ziliao/安宝公司/旧订单资料/REDIUS俄罗斯/REDIUS/AB22358 出口产品供需合同-一洲.xls（工作表 订单 第 9 行；合同号 AB22357返单AB21644；抬头需方 宁波安宝国际贸易有限公司；日期凭证：抬头签约时间）【tools/ziliao/extract_price_seeds.mjs 自动抽取·历史成交价·待甲方核对】
安宝公司,"内嘴 P3 9槽 重42.5G
刻字内容：规格与型号
包装：单只塑料袋包装 500只/箱",3.86,CNY,2022-05-05,,contract,来源文件：ziliao/安宝公司/旧订单资料/REDIUS俄罗斯/REDIUS/AB22358 出口产品供需合同-一洲.xls（工作表 订单 第 10 行；合同号 AB22357返单AB21644；抬头需方 宁波安宝国际贸易有限公司；日期凭证：抬头签约时间）【tools/ziliao/extract_price_seeds.mjs 自动抽取·历史成交价·待甲方核对】
安宝公司,"内嘴 P5 9槽 重42.5G
刻字内容：规格与型号
包装：单只塑料袋包装 500只/箱",3.86,CNY,2022-05-05,,contract,来源文件：ziliao/安宝公司/旧订单资料/REDIUS俄罗斯/REDIUS/AB22358 出口产品供需合同-一洲.xls（工作表 订单 第 11 行；合同号 AB22357返单AB21644；抬头需方 宁波安宝国际贸易有限公司；日期凭证：抬头签约时间）【tools/ziliao/extract_price_seeds.mjs 自动抽取·历史成交价·待甲方核对】
安宝公司,"内嘴 P6 9槽 重42.5G
刻字内容：规格与型号
包装：单只塑料袋包装 500只/箱",3.86,CNY,2022-05-05,,contract,来源文件：ziliao/安宝公司/旧订单资料/REDIUS俄罗斯/REDIUS/AB22358 出口产品供需合同-一洲.xls（工作表 订单 第 12 行；合同号 AB22357返单AB21644；抬头需方 宁波安宝国际贸易有限公司；日期凭证：抬头签约时间）【tools/ziliao/extract_price_seeds.mjs 自动抽取·历史成交价·待甲方核对】
安宝公司,"外嘴 PNM1 重32G
刻字内容：规格+型号 
包装：单只塑料袋包装 500只/箱",4.12,CNY,2022-05-05,,contract,来源文件：ziliao/安宝公司/旧订单资料/REDIUS俄罗斯/REDIUS/AB22358 出口产品供需合同-一洲.xls（工作表 订单 第 7 行；合同号 AB22357返单AB21644；抬头需方 宁波安宝国际贸易有限公司；日期凭证：抬头签约时间）；包装：包装要求：按返单AB21644包装【tools/ziliao/extract_price_seeds.mjs 自动抽取·历史成交价·待甲方核对】
安宝公司,"乙炔割嘴 ANM 1#
刻字内容：规格与型号
包装：常规-中性",12.50,CNY,2022-05-05,,contract,来源文件：ziliao/安宝公司/旧订单资料/REDIUS俄罗斯/REDIUS/AB22358 出口产品供需合同-一洲.xls（工作表 订单 第 13 行；合同号 AB22357返单AB21644；抬头需方 宁波安宝国际贸易有限公司；日期凭证：抬头签约时间）；包装：俄罗斯乙炔割嘴【tools/ziliao/extract_price_seeds.mjs 自动抽取·历史成交价·待甲方核对】
安宝公司,割嘴 1-101 #0 仿包装,12.00,CNY,2022-04-28,,contract,"来源文件：ziliao/安宝公司/A. SH  AIR - OXY 里卡多/合同/2022/AB22253 出口产品供需合同-奉化一洲(1).xls（工作表 订单 第 25 行；合同号 AB22253返单AB21875；抬头需方 宁波安宝国际贸易有限公司；日期凭证：抬头签约时间）；包装：包装要求：塑料盒
贴标：VICTOR
对应塑料盖上刻字“VICTOR”





另注意，塑料盒盖子需要红/蓝区别 如下图【tools/ziliao/extract_price_seeds.mjs 自动抽取·历史成交价·待甲方核对】"
安宝公司,割嘴 1-101 #1 仿包装,12.00,CNY,2022-04-28,,contract,来源文件：ziliao/安宝公司/A. SH  AIR - OXY 里卡多/合同/2022/AB22253 出口产品供需合同-奉化一洲(1).xls（工作表 订单 第 26 行；合同号 AB22253返单AB21875；抬头需方 宁波安宝国际贸易有限公司；日期凭证：抬头签约时间）【tools/ziliao/extract_price_seeds.mjs 自动抽取·历史成交价·待甲方核对】
安宝公司,割嘴 1-101 #2 仿包装,12.00,CNY,2022-04-28,,contract,来源文件：ziliao/安宝公司/A. SH  AIR - OXY 里卡多/合同/2022/AB22253 出口产品供需合同-奉化一洲(1).xls（工作表 订单 第 27 行；合同号 AB22253返单AB21875；抬头需方 宁波安宝国际贸易有限公司；日期凭证：抬头签约时间）【tools/ziliao/extract_price_seeds.mjs 自动抽取·历史成交价·待甲方核对】
安宝公司,割嘴 1-101 #3 仿包装,12.00,CNY,2022-04-28,,contract,来源文件：ziliao/安宝公司/A. SH  AIR - OXY 里卡多/合同/2022/AB22253 出口产品供需合同-奉化一洲(1).xls（工作表 订单 第 28 行；合同号 AB22253返单AB21875；抬头需方 宁波安宝国际贸易有限公司；日期凭证：抬头签约时间）【tools/ziliao/extract_price_seeds.mjs 自动抽取·历史成交价·待甲方核对】
安宝公司,割嘴 1-101 #4 仿包装,12.00,CNY,2022-04-28,,contract,来源文件：ziliao/安宝公司/A. SH  AIR - OXY 里卡多/合同/2022/AB22253 出口产品供需合同-奉化一洲(1).xls（工作表 订单 第 29 行；合同号 AB22253返单AB21875；抬头需方 宁波安宝国际贸易有限公司；日期凭证：抬头签约时间）【tools/ziliao/extract_price_seeds.mjs 自动抽取·历史成交价·待甲方核对】
安宝公司,割嘴 1-101 #5 仿包装,12.00,CNY,2022-04-28,,contract,来源文件：ziliao/安宝公司/A. SH  AIR - OXY 里卡多/合同/2022/AB22253 出口产品供需合同-奉化一洲(1).xls（工作表 订单 第 30 行；合同号 AB22253返单AB21875；抬头需方 宁波安宝国际贸易有限公司；日期凭证：抬头签约时间）【tools/ziliao/extract_price_seeds.mjs 自动抽取·历史成交价·待甲方核对】
安宝公司,割嘴 GPN #0  塑料盖贴：GPN-0,9.00,CNY,2022-04-28,,contract,"来源文件：ziliao/安宝公司/A. SH  AIR - OXY 里卡多/合同/2022/AB22329 出口产品供需合同-奉化一洲(1).xls（工作表 订单 第 7 行；合同号 AB22329返单AB21875；抬头需方 宁波安宝国际贸易有限公司；日期凭证：抬头签约时间）；包装：包装要求：塑料盒
贴标：OXYWELD
对应塑料盖上贴型号标贴如图


另注意:塑料盒盖子需要红/蓝区别


















PNME嘴外套刻字是229及型号，东西是PNME标贴是229【tools/ziliao/extract_price_seeds.mjs 自动抽取·历史成交价·待甲方核对】"
安宝公司,割嘴 GPN #0 仿包装,9.00,CNY,2022-04-28,,contract,来源文件：ziliao/安宝公司/A. SH  AIR - OXY 里卡多/合同/2022/AB22329 出口产品供需合同-奉化一洲(1).xls（工作表 订单 第 26 行；合同号 AB22329返单AB21875；抬头需方 宁波安宝国际贸易有限公司；日期凭证：抬头签约时间）【tools/ziliao/extract_price_seeds.mjs 自动抽取·历史成交价·待甲方核对】
安宝公司,割嘴 GPN #1  塑料盖贴：GPN-1,9.00,CNY,2022-04-28,,contract,来源文件：ziliao/安宝公司/A. SH  AIR - OXY 里卡多/合同/2022/AB22253 出口产品供需合同-奉化一洲(1).xls（工作表 订单 第 8 行；合同号 AB22253返单AB21875；抬头需方 宁波安宝国际贸易有限公司；日期凭证：抬头签约时间）【tools/ziliao/extract_price_seeds.mjs 自动抽取·历史成交价·待甲方核对】
安宝公司,割嘴 GPN #1 仿包装,9.00,CNY,2022-04-28,,contract,来源文件：ziliao/安宝公司/A. SH  AIR - OXY 里卡多/合同/2022/AB22253 出口产品供需合同-奉化一洲(1).xls（工作表 订单 第 31 行；合同号 AB22253返单AB21875；抬头需方 宁波安宝国际贸易有限公司；日期凭证：抬头签约时间）【tools/ziliao/extract_price_seeds.mjs 自动抽取·历史成交价·待甲方核对】
安宝公司,割嘴 GPN #2  塑料盖贴：GPN-2,9.00,CNY,2022-04-28,,contract,来源文件：ziliao/安宝公司/A. SH  AIR - OXY 里卡多/合同/2022/AB22253 出口产品供需合同-奉化一洲(1).xls（工作表 订单 第 9 行；合同号 AB22253返单AB21875；抬头需方 宁波安宝国际贸易有限公司；日期凭证：抬头签约时间）【tools/ziliao/extract_price_seeds.mjs 自动抽取·历史成交价·待甲方核对】
安宝公司,割嘴 GPN #2 仿包装,9.00,CNY,2022-04-28,,contract,来源文件：ziliao/安宝公司/A. SH  AIR - OXY 里卡多/合同/2022/AB22329 出口产品供需合同-奉化一洲(1).xls（工作表 订单 第 28 行；合同号 AB22329返单AB21875；抬头需方 宁波安宝国际贸易有限公司；日期凭证：抬头签约时间）【tools/ziliao/extract_price_seeds.mjs 自动抽取·历史成交价·待甲方核对】
安宝公司,割嘴 GPN #3  塑料盖贴：GPN-3,9.00,CNY,2022-04-28,,contract,来源文件：ziliao/安宝公司/A. SH  AIR - OXY 里卡多/合同/2022/AB22253 出口产品供需合同-奉化一洲(1).xls（工作表 订单 第 10 行；合同号 AB22253返单AB21875；抬头需方 宁波安宝国际贸易有限公司；日期凭证：抬头签约时间）【tools/ziliao/extract_price_seeds.mjs 自动抽取·历史成交价·待甲方核对】
安宝公司,割嘴 GPN #3 仿包装,9.00,CNY,2022-04-28,,contract,来源文件：ziliao/安宝公司/A. SH  AIR - OXY 里卡多/合同/2022/AB22329 出口产品供需合同-奉化一洲(1).xls（工作表 订单 第 29 行；合同号 AB22329返单AB21875；抬头需方 宁波安宝国际贸易有限公司；日期凭证：抬头签约时间）【tools/ziliao/extract_price_seeds.mjs 自动抽取·历史成交价·待甲方核对】
安宝公司,割嘴 GPN #4  塑料盖贴：GPN-4,9.00,CNY,2022-04-28,,contract,来源文件：ziliao/安宝公司/A. SH  AIR - OXY 里卡多/合同/2022/AB22329 出口产品供需合同-奉化一洲(1).xls（工作表 订单 第 11 行；合同号 AB22329返单AB21875；抬头需方 宁波安宝国际贸易有限公司；日期凭证：抬头签约时间）【tools/ziliao/extract_price_seeds.mjs 自动抽取·历史成交价·待甲方核对】
安宝公司,割嘴 GPN #4 仿包装,9.00,CNY,2022-04-28,,contract,来源文件：ziliao/安宝公司/A. SH  AIR - OXY 里卡多/合同/2022/AB22253 出口产品供需合同-奉化一洲(1).xls（工作表 订单 第 32 行；合同号 AB22253返单AB21875；抬头需方 宁波安宝国际贸易有限公司；日期凭证：抬头签约时间）【tools/ziliao/extract_price_seeds.mjs 自动抽取·历史成交价·待甲方核对】
安宝公司,割嘴 GPN #5  塑料盖贴：GPN-5,9.00,CNY,2022-04-28,,contract,来源文件：ziliao/安宝公司/A. SH  AIR - OXY 里卡多/合同/2022/AB22329 出口产品供需合同-奉化一洲(1).xls（工作表 订单 第 12 行；合同号 AB22329返单AB21875；抬头需方 宁波安宝国际贸易有限公司；日期凭证：抬头签约时间）【tools/ziliao/extract_price_seeds.mjs 自动抽取·历史成交价·待甲方核对】
安宝公司,割嘴 GPN #6  塑料盖贴：GPN-6,9.00,CNY,2022-04-28,,contract,来源文件：ziliao/安宝公司/A. SH  AIR - OXY 里卡多/合同/2022/AB22329 出口产品供需合同-奉化一洲(1).xls（工作表 订单 第 13 行；合同号 AB22329返单AB21875；抬头需方 宁波安宝国际贸易有限公司；日期凭证：抬头签约时间）【tools/ziliao/extract_price_seeds.mjs 自动抽取·历史成交价·待甲方核对】
安宝公司,割嘴 GPN #6 仿包装,9.00,CNY,2022-04-28,,contract,来源文件：ziliao/安宝公司/A. SH  AIR - OXY 里卡多/合同/2022/AB22253 出口产品供需合同-奉化一洲(1).xls（工作表 订单 第 33 行；合同号 AB22253返单AB21875；抬头需方 宁波安宝国际贸易有限公司；日期凭证：抬头签约时间）【tools/ziliao/extract_price_seeds.mjs 自动抽取·历史成交价·待甲方核对】
安宝公司,割嘴 GPN #7 仿包装,9.00,CNY,2022-04-28,,contract,来源文件：ziliao/安宝公司/A. SH  AIR - OXY 里卡多/合同/2022/AB22329 出口产品供需合同-奉化一洲(1).xls（工作表 订单 第 32 行；合同号 AB22329返单AB21875；抬头需方 宁波安宝国际贸易有限公司；日期凭证：抬头签约时间）【tools/ziliao/extract_price_seeds.mjs 自动抽取·历史成交价·待甲方核对】
安宝公司,割嘴 GPN #8  塑料盖贴：GPN-8,9.00,CNY,2022-04-28,,contract,来源文件：ziliao/安宝公司/A. SH  AIR - OXY 里卡多/合同/2022/AB22253 出口产品供需合同-奉化一洲(1).xls（工作表 订单 第 11 行；合同号 AB22253返单AB21875；抬头需方 宁波安宝国际贸易有限公司；日期凭证：抬头签约时间）【tools/ziliao/extract_price_seeds.mjs 自动抽取·历史成交价·待甲方核对】
安宝公司,割嘴 GPN #8 仿包装,9.00,CNY,2022-04-28,,contract,来源文件：ziliao/安宝公司/A. SH  AIR - OXY 里卡多/合同/2022/AB22329 出口产品供需合同-奉化一洲(1).xls（工作表 订单 第 33 行；合同号 AB22329返单AB21875；抬头需方 宁波安宝国际贸易有限公司；日期凭证：抬头签约时间）【tools/ziliao/extract_price_seeds.mjs 自动抽取·历史成交价·待甲方核对】
安宝公司,"内嘴 P1 刻字内容规格与型号 
单只塑料袋包装 500只/箱 重42G",3.86,CNY,2022-04-28,,contract,来源文件：ziliao/安宝公司/旧订单资料/REDIUS俄罗斯/DOKA PNM/DOKA 订单/AB22345 出口产品供需合同-奉化一洲.xls（工作表 订单 第 7 行；合同号 AB22345返单AB19417；抬头需方 宁波安宝国际贸易有限公司；日期凭证：抬头签约时间）【tools/ziliao/extract_price_seeds.mjs 自动抽取·历史成交价·待甲方核对】
安宝公司,"内嘴 P2 刻字内容规格与型号 
单只塑料袋包装 500只/箱 重42G",3.86,CNY,2022-04-28,,contract,来源文件：ziliao/安宝公司/旧订单资料/REDIUS俄罗斯/DOKA PNM/DOKA 订单/AB22345 出口产品供需合同-奉化一洲.xls（工作表 订单 第 8 行；合同号 AB22345返单AB19417；抬头需方 宁波安宝国际贸易有限公司；日期凭证：抬头签约时间）【tools/ziliao/extract_price_seeds.mjs 自动抽取·历史成交价·待甲方核对】
安宝公司,"内嘴 P3 刻字内容规格与型号 
单只塑料袋包装 500只/箱 重42G",3.86,CNY,2022-04-28,,contract,来源文件：ziliao/安宝公司/旧订单资料/REDIUS俄罗斯/DOKA PNM/DOKA 订单/AB22345 出口产品供需合同-奉化一洲.xls（工作表 订单 第 9 行；合同号 AB22345返单AB19417；抬头需方 宁波安宝国际贸易有限公司；日期凭证：抬头签约时间）【tools/ziliao/extract_price_seeds.mjs 自动抽取·历史成交价·待甲方核对】
安宝公司,"外嘴 PNM 1# 刻字内容规格与型号 
单只塑料袋包装 500只/箱 重32G",4.12,CNY,2022-04-28,,contract,来源文件：ziliao/安宝公司/旧订单资料/REDIUS俄罗斯/DOKA PNM/DOKA 订单/AB22345 出口产品供需合同-奉化一洲.xls（工作表 订单 第 10 行；合同号 AB22345返单AB19417；抬头需方 宁波安宝国际贸易有限公司；日期凭证：抬头签约时间）【tools/ziliao/extract_price_seeds.mjs 自动抽取·历史成交价·待甲方核对】
安宝公司,"外嘴 PNM 2# 刻字内容规格与型号 
单只塑料袋包装 500只/箱 重32G",4.12,CNY,2022-04-28,,contract,来源文件：ziliao/安宝公司/旧订单资料/REDIUS俄罗斯/DOKA PNM/DOKA 订单/AB22345 出口产品供需合同-奉化一洲.xls（工作表 订单 第 11 行；合同号 AB22345返单AB19417；抬头需方 宁波安宝国际贸易有限公司；日期凭证：抬头签约时间）【tools/ziliao/extract_price_seeds.mjs 自动抽取·历史成交价·待甲方核对】
安宝公司,"乙炔割嘴 1-101 #0
塑料盖贴：1-101 0",12.00,CNY,2022-04-28,,contract,来源文件：ziliao/安宝公司/A. SH  AIR - OXY 里卡多/合同/2022/AB22329 出口产品供需合同-奉化一洲(1).xls（工作表 订单 第 14 行；合同号 AB22329返单AB21875；抬头需方 宁波安宝国际贸易有限公司；日期凭证：抬头签约时间）【tools/ziliao/extract_price_seeds.mjs 自动抽取·历史成交价·待甲方核对】
安宝公司,"乙炔割嘴 1-101 #1
塑料盖贴：1-101 1",12.00,CNY,2022-04-28,,contract,来源文件：ziliao/安宝公司/A. SH  AIR - OXY 里卡多/合同/2022/AB22329 出口产品供需合同-奉化一洲(1).xls（工作表 订单 第 15 行；合同号 AB22329返单AB21875；抬头需方 宁波安宝国际贸易有限公司；日期凭证：抬头签约时间）【tools/ziliao/extract_price_seeds.mjs 自动抽取·历史成交价·待甲方核对】
安宝公司,"乙炔割嘴 1-101 #2
塑料盖贴：1-101 2",12.00,CNY,2022-04-28,,contract,来源文件：ziliao/安宝公司/A. SH  AIR - OXY 里卡多/合同/2022/AB22253 出口产品供需合同-奉化一洲(1).xls（工作表 订单 第 12 行；合同号 AB22253返单AB21875；抬头需方 宁波安宝国际贸易有限公司；日期凭证：抬头签约时间）【tools/ziliao/extract_price_seeds.mjs 自动抽取·历史成交价·待甲方核对】
安宝公司,"乙炔割嘴 1-101 #3
塑料盖贴：1-101 3",12.00,CNY,2022-04-28,,contract,来源文件：ziliao/安宝公司/A. SH  AIR - OXY 里卡多/合同/2022/AB22329 出口产品供需合同-奉化一洲(1).xls（工作表 订单 第 17 行；合同号 AB22329返单AB21875；抬头需方 宁波安宝国际贸易有限公司；日期凭证：抬头签约时间）【tools/ziliao/extract_price_seeds.mjs 自动抽取·历史成交价·待甲方核对】
安宝公司,"乙炔割嘴 1-101 #4
塑料盖贴：1-101 4",12.00,CNY,2022-04-28,,contract,来源文件：ziliao/安宝公司/A. SH  AIR - OXY 里卡多/合同/2022/AB22329 出口产品供需合同-奉化一洲(1).xls（工作表 订单 第 18 行；合同号 AB22329返单AB21875；抬头需方 宁波安宝国际贸易有限公司；日期凭证：抬头签约时间）【tools/ziliao/extract_price_seeds.mjs 自动抽取·历史成交价·待甲方核对】
安宝公司,"乙炔割嘴 1-101 #5
塑料盖贴：1-101 5",12.00,CNY,2022-04-28,,contract,来源文件：ziliao/安宝公司/A. SH  AIR - OXY 里卡多/合同/2022/AB22253 出口产品供需合同-奉化一洲(1).xls（工作表 订单 第 13 行；合同号 AB22253返单AB21875；抬头需方 宁波安宝国际贸易有限公司；日期凭证：抬头签约时间）【tools/ziliao/extract_price_seeds.mjs 自动抽取·历史成交价·待甲方核对】
安宝公司,"乙炔割嘴 1-101 #6
塑料盖贴：1-101 6",12.00,CNY,2022-04-28,,contract,来源文件：ziliao/安宝公司/A. SH  AIR - OXY 里卡多/合同/2022/AB22253 出口产品供需合同-奉化一洲(1).xls（工作表 订单 第 14 行；合同号 AB22253返单AB21875；抬头需方 宁波安宝国际贸易有限公司；日期凭证：抬头签约时间）【tools/ziliao/extract_price_seeds.mjs 自动抽取·历史成交价·待甲方核对】
安宝公司,乙炔割嘴 164 #0 塑料盖贴：164-0,14.50,CNY,2022-04-28,,contract,来源文件：ziliao/安宝公司/A. SH  AIR - OXY 里卡多/合同/2022/AB22253 出口产品供需合同-奉化一洲(1).xls（工作表 订单 第 15 行；合同号 AB22253返单AB21875；抬头需方 宁波安宝国际贸易有限公司；日期凭证：抬头签约时间）【tools/ziliao/extract_price_seeds.mjs 自动抽取·历史成交价·待甲方核对】
安宝公司,乙炔割嘴 164 #3 塑料盖贴：164-3,14.50,CNY,2022-04-28,,contract,来源文件：ziliao/安宝公司/A. SH  AIR - OXY 里卡多/合同/2022/AB22253 出口产品供需合同-奉化一洲(1).xls（工作表 订单 第 16 行；合同号 AB22253返单AB21875；抬头需方 宁波安宝国际贸易有限公司；日期凭证：抬头签约时间）【tools/ziliao/extract_price_seeds.mjs 自动抽取·历史成交价·待甲方核对】
安宝公司,乙炔割嘴 164 #4 塑料盖贴：164-4,14.50,CNY,2022-04-28,,contract,来源文件：ziliao/安宝公司/A. SH  AIR - OXY 里卡多/合同/2022/AB22253 出口产品供需合同-奉化一洲(1).xls（工作表 订单 第 17 行；合同号 AB22253返单AB21875；抬头需方 宁波安宝国际贸易有限公司；日期凭证：抬头签约时间）【tools/ziliao/extract_price_seeds.mjs 自动抽取·历史成交价·待甲方核对】
安宝公司,PNME割嘴 229 #0 塑料盖贴：229-0,8.00,CNY,2022-04-28,,contract,来源文件：ziliao/安宝公司/A. SH  AIR - OXY 里卡多/合同/2022/AB22253 出口产品供需合同-奉化一洲(1).xls（工作表 订单 第 18 行；合同号 AB22253返单AB21875；抬头需方 宁波安宝国际贸易有限公司；日期凭证：抬头签约时间）【tools/ziliao/extract_price_seeds.mjs 自动抽取·历史成交价·待甲方核对】
安宝公司,PNME割嘴 229 #1 塑料盖贴：229-1,8.00,CNY,2022-04-28,,contract,来源文件：ziliao/安宝公司/A. SH  AIR - OXY 里卡多/合同/2022/AB22253 出口产品供需合同-奉化一洲(1).xls（工作表 订单 第 19 行；合同号 AB22253返单AB21875；抬头需方 宁波安宝国际贸易有限公司；日期凭证：抬头签约时间）【tools/ziliao/extract_price_seeds.mjs 自动抽取·历史成交价·待甲方核对】
安宝公司,PNME割嘴 229 #2 塑料盖贴：229-2,8.00,CNY,2022-04-28,,contract,来源文件：ziliao/安宝公司/A. SH  AIR - OXY 里卡多/合同/2022/AB22329 出口产品供需合同-奉化一洲(1).xls（工作表 订单 第 19 行；合同号 AB22329返单AB21875；抬头需方 宁波安宝国际贸易有限公司；日期凭证：抬头签约时间）；包装：PNME嘴外套刻字是229及型号，东西是PNME标贴是229【tools/ziliao/extract_price_seeds.mjs 自动抽取·历史成交价·待甲方核对】
安宝公司,PNME割嘴 229 #3 塑料盖贴：229-3,8.00,CNY,2022-04-28,,contract,来源文件：ziliao/安宝公司/A. SH  AIR - OXY 里卡多/合同/2022/AB22253 出口产品供需合同-奉化一洲(1).xls（工作表 订单 第 21 行；合同号 AB22253返单AB21875；抬头需方 宁波安宝国际贸易有限公司；日期凭证：抬头签约时间）【tools/ziliao/extract_price_seeds.mjs 自动抽取·历史成交价·待甲方核对】
安宝公司,PNME割嘴 229 #4 塑料盖贴：229-4,8.00,CNY,2022-04-28,,contract,来源文件：ziliao/安宝公司/A. SH  AIR - OXY 里卡多/合同/2022/AB22253 出口产品供需合同-奉化一洲(1).xls（工作表 订单 第 22 行；合同号 AB22253返单AB21875；抬头需方 宁波安宝国际贸易有限公司；日期凭证：抬头签约时间）【tools/ziliao/extract_price_seeds.mjs 自动抽取·历史成交价·待甲方核对】
安宝公司,PNME割嘴 229 #5 塑料盖贴：229-5,8.00,CNY,2022-04-28,,contract,来源文件：ziliao/安宝公司/A. SH  AIR - OXY 里卡多/合同/2022/AB22253 出口产品供需合同-奉化一洲(1).xls（工作表 订单 第 23 行；合同号 AB22253返单AB21875；抬头需方 宁波安宝国际贸易有限公司；日期凭证：抬头签约时间）【tools/ziliao/extract_price_seeds.mjs 自动抽取·历史成交价·待甲方核对】
安宝公司,PNME割嘴 229 #6 塑料盖贴：229-6,8.00,CNY,2022-04-28,,contract,来源文件：ziliao/安宝公司/A. SH  AIR - OXY 里卡多/合同/2022/AB22253 出口产品供需合同-奉化一洲(1).xls（工作表 订单 第 24 行；合同号 AB22253返单AB21875；抬头需方 宁波安宝国际贸易有限公司；日期凭证：抬头签约时间）【tools/ziliao/extract_price_seeds.mjs 自动抽取·历史成交价·待甲方核对】
安宝公司,"1502乙炔割嘴 #10
包装：塑料盒贴型号",13.30,CNY,2022-04-21,,contract,"来源文件：ziliao/安宝公司/Technical Welding 1502,1503/订单/AB22315 出口产品供需合同-奉化一洲.xls（工作表 订单 第 7 行；合同号 AB22315返单AB21790；抬头需方 宁波安宝国际贸易有限公司；日期凭证：抬头签约时间）【tools/ziliao/extract_price_seeds.mjs 自动抽取·历史成交价·待甲方核对】"
安宝公司,"1502乙炔割嘴 #12
包装：塑料盒贴型号",13.30,CNY,2022-04-21,,contract,"来源文件：ziliao/安宝公司/Technical Welding 1502,1503/订单/AB22315 出口产品供需合同-奉化一洲.xls（工作表 订单 第 8 行；合同号 AB22315返单AB21790；抬头需方 宁波安宝国际贸易有限公司；日期凭证：抬头签约时间）【tools/ziliao/extract_price_seeds.mjs 自动抽取·历史成交价·待甲方核对】"
安宝公司,"1503丙烷割嘴 #10
包装：塑料盒贴型号",9.30,CNY,2022-04-21,,contract,"来源文件：ziliao/安宝公司/Technical Welding 1502,1503/订单/AB22315 出口产品供需合同-奉化一洲.xls（工作表 订单 第 12 行；合同号 AB22315返单AB21790；抬头需方 宁波安宝国际贸易有限公司；日期凭证：抬头签约时间）【tools/ziliao/extract_price_seeds.mjs 自动抽取·历史成交价·待甲方核对】"
安宝公司,"1503丙烷割嘴 #12
包装：塑料盒贴型号",9.30,CNY,2022-04-21,,contract,"来源文件：ziliao/安宝公司/Technical Welding 1502,1503/订单/AB22315 出口产品供需合同-奉化一洲.xls（工作表 订单 第 13 行；合同号 AB22315返单AB21790；抬头需方 宁波安宝国际贸易有限公司；日期凭证：抬头签约时间）【tools/ziliao/extract_price_seeds.mjs 自动抽取·历史成交价·待甲方核对】"
安宝公司,"1503丙烷割嘴 #4
包装：塑料盒贴型号",9.30,CNY,2022-04-21,,contract,"来源文件：ziliao/安宝公司/Technical Welding 1502,1503/订单/AB22315 出口产品供需合同-奉化一洲.xls（工作表 订单 第 9 行；合同号 AB22315返单AB21790；抬头需方 宁波安宝国际贸易有限公司；日期凭证：抬头签约时间）【tools/ziliao/extract_price_seeds.mjs 自动抽取·历史成交价·待甲方核对】"
安宝公司,"1503丙烷割嘴 #6
包装：塑料盒贴型号",9.30,CNY,2022-04-21,,contract,"来源文件：ziliao/安宝公司/Technical Welding 1502,1503/订单/AB22315 出口产品供需合同-奉化一洲.xls（工作表 订单 第 10 行；合同号 AB22315返单AB21790；抬头需方 宁波安宝国际贸易有限公司；日期凭证：抬头签约时间）【tools/ziliao/extract_price_seeds.mjs 自动抽取·历史成交价·待甲方核对】"
安宝公司,"1503丙烷割嘴 #8
包装：塑料盒贴型号",9.30,CNY,2022-04-21,,contract,"来源文件：ziliao/安宝公司/Technical Welding 1502,1503/订单/AB22315 出口产品供需合同-奉化一洲.xls（工作表 订单 第 11 行；合同号 AB22315返单AB21790；抬头需方 宁波安宝国际贸易有限公司；日期凭证：抬头签约时间）【tools/ziliao/extract_price_seeds.mjs 自动抽取·历史成交价·待甲方核对】"
安宝公司,"Nozzle №2 (3/64”)
客人要12个槽",8.00,CNY,2022-04-08,,contract,来源文件：ziliao/安宝公司/12槽PNME俄罗斯嘴/订单/AB22276 出口产品供需合同-奉化一洲(1).xls（工作表 订单 第 7 行；合同号 AB22276返单AB21841；抬头需方 宁波安宝国际贸易有限公司；日期凭证：抬头签约时间）；包装：包装要求：塑料盒装，盒子上贴不干胶，每个货号进行区别【tools/ziliao/extract_price_seeds.mjs 自动抽取·历史成交价·待甲方核对】
安宝公司,"Nozzle №3 (5/64”) 
客人要12个槽",8.00,CNY,2022-04-08,,contract,来源文件：ziliao/安宝公司/12槽PNME俄罗斯嘴/订单/AB22276 出口产品供需合同-奉化一洲(1).xls（工作表 订单 第 8 行；合同号 AB22276返单AB21841；抬头需方 宁波安宝国际贸易有限公司；日期凭证：抬头签约时间）【tools/ziliao/extract_price_seeds.mjs 自动抽取·历史成交价·待甲方核对】
安宝公司,"Nozzle №4 (3/32”) 
客人要12个槽",8.00,CNY,2022-04-08,,contract,来源文件：ziliao/安宝公司/12槽PNME俄罗斯嘴/订单/AB22276 出口产品供需合同-奉化一洲(1).xls（工作表 订单 第 9 行；合同号 AB22276返单AB21841；抬头需方 宁波安宝国际贸易有限公司；日期凭证：抬头签约时间）【tools/ziliao/extract_price_seeds.mjs 自动抽取·历史成交价·待甲方核对】
安宝公司,"丙烷割嘴 GPN-1 71g
代码：4193",8.50,CNY,2022-04-06,,contract,"来源文件：ziliao/安宝公司/INFAR不干胶/INFRA合同/2022/ab22264 出口产品供需合同-奉化一洲(2).xls（工作表 Sheet1 第 26 行；合同号 AB22264返单AB21864；抬头需方 宁波安宝国际贸易有限公司；日期凭证：抬头签约时间）；包装：标贴尺寸：80x16mm
塑料盒盖用黑色【tools/ziliao/extract_price_seeds.mjs 自动抽取·历史成交价·待甲方核对】"
安宝公司,"丙烷割嘴 GPN-2 71g
代码：4194",8.50,CNY,2022-04-06,,contract,来源文件：ziliao/安宝公司/INFAR不干胶/INFRA合同/2022/ab22264 出口产品供需合同-奉化一洲(2).xls（工作表 Sheet1 第 27 行；合同号 AB22264返单AB21864；抬头需方 宁波安宝国际贸易有限公司；日期凭证：抬头签约时间）【tools/ziliao/extract_price_seeds.mjs 自动抽取·历史成交价·待甲方核对】
安宝公司,"丙烷割嘴 GPN-3 71g
代码：4195",8.50,CNY,2022-04-06,,contract,来源文件：ziliao/安宝公司/INFAR不干胶/INFRA合同/2022/ab22264 出口产品供需合同-奉化一洲(2).xls（工作表 Sheet1 第 28 行；合同号 AB22264返单AB21864；抬头需方 宁波安宝国际贸易有限公司；日期凭证：抬头签约时间）【tools/ziliao/extract_price_seeds.mjs 自动抽取·历史成交价·待甲方核对】
安宝公司,"乙炔割嘴1-101-2 102g
代码：4191",11.80,CNY,2022-04-06,,contract,"来源文件：ziliao/安宝公司/INFAR不干胶/INFRA合同/2022/ab22264 出口产品供需合同-奉化一洲(2).xls（工作表 Sheet1 第 24 行；合同号 AB22264返单AB21864；抬头需方 宁波安宝国际贸易有限公司；日期凭证：抬头签约时间）；包装：标贴尺寸：80x16mm
塑料盒盖用红色【tools/ziliao/extract_price_seeds.mjs 自动抽取·历史成交价·待甲方核对】"
安宝公司,"乙炔割嘴1-101-3 102g
代码：4192",11.80,CNY,2022-04-06,,contract,来源文件：ziliao/安宝公司/INFAR不干胶/INFRA合同/2022/ab22264 出口产品供需合同-奉化一洲(2).xls（工作表 Sheet1 第 25 行；合同号 AB22264返单AB21864；抬头需方 宁波安宝国际贸易有限公司；日期凭证：抬头签约时间）【tools/ziliao/extract_price_seeds.mjs 自动抽取·历史成交价·待甲方核对】
安宝公司,"HARRIS 丙烷割嘴6290-NX-0 53g
代码：4184",6.20,CNY,2022-04-06,,contract,"来源文件：ziliao/安宝公司/INFAR不干胶/INFRA合同/2022/ab22264 出口产品供需合同-奉化一洲(2).xls（工作表 Sheet1 第 18 行；合同号 AB22264返单AB21864；抬头需方 宁波安宝国际贸易有限公司；日期凭证：抬头签约时间）；包装：标贴尺寸：80x16mm
塑料盒盖用黑色【tools/ziliao/extract_price_seeds.mjs 自动抽取·历史成交价·待甲方核对】"
安宝公司,"HARRIS 丙烷割嘴6290-NX-1 53g
代码：4186",6.20,CNY,2022-04-06,,contract,来源文件：ziliao/安宝公司/INFAR不干胶/INFRA合同/2022/ab22264 出口产品供需合同-奉化一洲(2).xls（工作表 Sheet1 第 19 行；合同号 AB22264返单AB21864；抬头需方 宁波安宝国际贸易有限公司；日期凭证：抬头签约时间）【tools/ziliao/extract_price_seeds.mjs 自动抽取·历史成交价·待甲方核对】
安宝公司,"HARRIS 丙烷割嘴6290-NX-6 53g
代码：4204",6.20,CNY,2022-04-06,,contract,来源文件：ziliao/安宝公司/INFAR不干胶/INFRA合同/2022/ab22264 出口产品供需合同-奉化一洲(2).xls（工作表 Sheet1 第 20 行；合同号 AB22264返单AB21864；抬头需方 宁波安宝国际贸易有限公司；日期凭证：抬头签约时间）【tools/ziliao/extract_price_seeds.mjs 自动抽取·历史成交价·待甲方核对】
安宝公司,"HARRIS 乙炔割嘴6290-1 
代码：4208",8.60,CNY,2022-04-06,,contract,"来源文件：ziliao/安宝公司/INFAR不干胶/INFRA合同/2022/ab22264 出口产品供需合同-奉化一洲(2).xls（工作表 Sheet1 第 21 行；合同号 AB22264返单AB21864；抬头需方 宁波安宝国际贸易有限公司；日期凭证：抬头签约时间）；包装：标贴尺寸：80x16mm
塑料盒盖用红色【tools/ziliao/extract_price_seeds.mjs 自动抽取·历史成交价·待甲方核对】"
安宝公司,"HARRIS 乙炔割嘴6290-2 
代码：4210",8.60,CNY,2022-04-06,,contract,来源文件：ziliao/安宝公司/INFAR不干胶/INFRA合同/2022/ab22264 出口产品供需合同-奉化一洲(2).xls（工作表 Sheet1 第 22 行；合同号 AB22264返单AB21864；抬头需方 宁波安宝国际贸易有限公司；日期凭证：抬头签约时间）【tools/ziliao/extract_price_seeds.mjs 自动抽取·历史成交价·待甲方核对】
安宝公司,"HARRIS 乙炔割嘴6290-3 
代码：4027",8.60,CNY,2022-04-06,,contract,来源文件：ziliao/安宝公司/INFAR不干胶/INFRA合同/2022/ab22264 出口产品供需合同-奉化一洲(2).xls（工作表 Sheet1 第 23 行；合同号 AB22264返单AB21864；抬头需方 宁波安宝国际贸易有限公司；日期凭证：抬头签约时间）【tools/ziliao/extract_price_seeds.mjs 自动抽取·历史成交价·待甲方核对】
安宝公司,"smith 丙烷割嘴 SC-50-A-0 93g
代码：4154",14.00,CNY,2022-04-06,,contract,"来源文件：ziliao/安宝公司/INFAR不干胶/INFRA合同/2022/ab22264 出口产品供需合同-奉化一洲(2).xls（工作表 Sheet1 第 7 行；合同号 AB22264返单AB21864；抬头需方 宁波安宝国际贸易有限公司；日期凭证：抬头签约时间）；包装：标贴尺寸：80x16mm
塑料盒盖用黑色【tools/ziliao/extract_price_seeds.mjs 自动抽取·历史成交价·待甲方核对】"
安宝公司,"smith 丙烷割嘴 SC-50-A-2 93g
代码：4158",14.00,CNY,2022-04-06,,contract,来源文件：ziliao/安宝公司/INFAR不干胶/INFRA合同/2022/ab22264 出口产品供需合同-奉化一洲(2).xls（工作表 Sheet1 第 8 行；合同号 AB22264返单AB21864；抬头需方 宁波安宝国际贸易有限公司；日期凭证：抬头签约时间）【tools/ziliao/extract_price_seeds.mjs 自动抽取·历史成交价·待甲方核对】
安宝公司,"smith 丙烷割嘴 SC-50-A-3 93g
代码：4161",14.00,CNY,2022-04-06,,contract,来源文件：ziliao/安宝公司/INFAR不干胶/INFRA合同/2022/ab22264 出口产品供需合同-奉化一洲(2).xls（工作表 Sheet1 第 9 行；合同号 AB22264返单AB21864；抬头需方 宁波安宝国际贸易有限公司；日期凭证：抬头签约时间）【tools/ziliao/extract_price_seeds.mjs 自动抽取·历史成交价·待甲方核对】
安宝公司,"smith 丙烷割嘴 SC-50-A-5 93g
代码：4163",14.00,CNY,2022-04-06,,contract,来源文件：ziliao/安宝公司/INFAR不干胶/INFRA合同/2022/ab22264 出口产品供需合同-奉化一洲(2).xls（工作表 Sheet1 第 10 行；合同号 AB22264返单AB21864；抬头需方 宁波安宝国际贸易有限公司；日期凭证：抬头签约时间）【tools/ziliao/extract_price_seeds.mjs 自动抽取·历史成交价·待甲方核对】
安宝公司,"smith 丙烷割嘴 SC-50-A-7 93g
代码：4164",14.00,CNY,2022-04-06,,contract,来源文件：ziliao/安宝公司/INFAR不干胶/INFRA合同/2022/ab22264 出口产品供需合同-奉化一洲(2).xls（工作表 Sheet1 第 11 行；合同号 AB22264返单AB21864；抬头需方 宁波安宝国际贸易有限公司；日期凭证：抬头签约时间）【tools/ziliao/extract_price_seeds.mjs 自动抽取·历史成交价·待甲方核对】
安宝公司,"smith 乙炔割嘴 SC-12-0 103g
代码：4133",15.00,CNY,2022-04-06,,contract,"来源文件：ziliao/安宝公司/INFAR不干胶/INFRA合同/2022/ab22264 出口产品供需合同-奉化一洲(2).xls（工作表 Sheet1 第 12 行；合同号 AB22264返单AB21864；抬头需方 宁波安宝国际贸易有限公司；日期凭证：抬头签约时间）；包装：标贴尺寸：80x16mm
塑料盒盖用红色【tools/ziliao/extract_price_seeds.mjs 自动抽取·历史成交价·待甲方核对】"
安宝公司,"smith 乙炔割嘴 SC-12-1 103g
代码：4134",15.00,CNY,2022-04-06,,contract,来源文件：ziliao/安宝公司/INFAR不干胶/INFRA合同/2022/ab22264 出口产品供需合同-奉化一洲(2).xls（工作表 Sheet1 第 13 行；合同号 AB22264返单AB21864；抬头需方 宁波安宝国际贸易有限公司；日期凭证：抬头签约时间）【tools/ziliao/extract_price_seeds.mjs 自动抽取·历史成交价·待甲方核对】
安宝公司,"smith 乙炔割嘴 SC-12-2 103g
代码：4136",15.00,CNY,2022-04-06,,contract,来源文件：ziliao/安宝公司/INFAR不干胶/INFRA合同/2022/ab22264 出口产品供需合同-奉化一洲(2).xls（工作表 Sheet1 第 14 行；合同号 AB22264返单AB21864；抬头需方 宁波安宝国际贸易有限公司；日期凭证：抬头签约时间）【tools/ziliao/extract_price_seeds.mjs 自动抽取·历史成交价·待甲方核对】
安宝公司,"smith 乙炔割嘴 SC-12-3 103g
代码：4137",15.00,CNY,2022-04-06,,contract,来源文件：ziliao/安宝公司/INFAR不干胶/INFRA合同/2022/ab22264 出口产品供需合同-奉化一洲(2).xls（工作表 Sheet1 第 15 行；合同号 AB22264返单AB21864；抬头需方 宁波安宝国际贸易有限公司；日期凭证：抬头签约时间）【tools/ziliao/extract_price_seeds.mjs 自动抽取·历史成交价·待甲方核对】
安宝公司,"smith 乙炔割嘴 SC-12-4 103g
代码：4138",15.00,CNY,2022-04-06,,contract,来源文件：ziliao/安宝公司/INFAR不干胶/INFRA合同/2022/ab22264 出口产品供需合同-奉化一洲(2).xls（工作表 Sheet1 第 16 行；合同号 AB22264返单AB21864；抬头需方 宁波安宝国际贸易有限公司；日期凭证：抬头签约时间）【tools/ziliao/extract_price_seeds.mjs 自动抽取·历史成交价·待甲方核对】
安宝公司,"smith 乙炔割嘴 SC-12-5 103g
代码：4151",15.00,CNY,2022-04-06,,contract,来源文件：ziliao/安宝公司/INFAR不干胶/INFRA合同/2022/ab22264 出口产品供需合同-奉化一洲(2).xls（工作表 Sheet1 第 17 行；合同号 AB22264返单AB21864；抬头需方 宁波安宝国际贸易有限公司；日期凭证：抬头签约时间）【tools/ziliao/extract_price_seeds.mjs 自动抽取·历史成交价·待甲方核对】
安宝公司,1-118   割嘴 0#,16.00,CNY,2022-03-26,,contract,"来源文件：ziliao/安宝公司/VICTOR-GPN, 1-101,6290AC/AB22220  1-118.xls（工作表 Sheet1 第 7 行；合同号 AB22220；抬头需方 宁波安宝国际贸易有限公司；日期凭证：抬头签约时间）【tools/ziliao/extract_price_seeds.mjs 自动抽取·历史成交价·待甲方核对】"
安宝公司,1-118   割嘴 2#,16.00,CNY,2022-03-26,,contract,"来源文件：ziliao/安宝公司/VICTOR-GPN, 1-101,6290AC/AB22220  1-118.xls（工作表 Sheet1 第 8 行；合同号 AB22220；抬头需方 宁波安宝国际贸易有限公司；日期凭证：抬头签约时间）【tools/ziliao/extract_price_seeds.mjs 自动抽取·历史成交价·待甲方核对】"
安宝公司,1-118   割嘴 4#,16.00,CNY,2022-03-26,,contract,"来源文件：ziliao/安宝公司/VICTOR-GPN, 1-101,6290AC/AB22220  1-118.xls（工作表 Sheet1 第 9 行；合同号 AB22220；抬头需方 宁波安宝国际贸易有限公司；日期凭证：抬头签约时间）【tools/ziliao/extract_price_seeds.mjs 自动抽取·历史成交价·待甲方核对】"
安宝公司,1-118   割嘴 6#,26.00,CNY,2022-03-26,,contract,"来源文件：ziliao/安宝公司/VICTOR-GPN, 1-101,6290AC/AB22220  1-118.xls（工作表 Sheet1 第 10 行；合同号 AB22220；抬头需方 宁波安宝国际贸易有限公司；日期凭证：抬头签约时间）【tools/ziliao/extract_price_seeds.mjs 自动抽取·历史成交价·待甲方核对】"
安宝公司,1-118   割嘴 8#,26.00,CNY,2022-03-26,,contract,"来源文件：ziliao/安宝公司/VICTOR-GPN, 1-101,6290AC/AB22220  1-118.xls（工作表 Sheet1 第 11 行；合同号 AB22220；抬头需方 宁波安宝国际贸易有限公司；日期凭证：抬头签约时间）【tools/ziliao/extract_price_seeds.mjs 自动抽取·历史成交价·待甲方核对】"
安宝公司,3-118   割嘴 2#,13.00,CNY,2022-03-26,,contract,"来源文件：ziliao/安宝公司/VICTOR-GPN, 1-101,6290AC/AB22220  1-118.xls（工作表 Sheet1 第 12 行；合同号 AB22220；抬头需方 宁波安宝国际贸易有限公司；日期凭证：抬头签约时间）【tools/ziliao/extract_price_seeds.mjs 自动抽取·历史成交价·待甲方核对】"
安宝公司,Cutting nozzle G1-P 10/10 84g,9.15,CNY,2022-03-22,,contract,"来源文件：ziliao/安宝公司/G1-P/G1-P 圆壳/AB22206 出口产品供需合同-奉化一洲.xls（工作表 Sheet1 第 7 行；合同号 AB22206；抬头需方 宁波安宝国际贸易有限公司；日期凭证：抬头签约时间）；包装：包装：圆塑料盒产品标贴再入白盒，如右图

10只/1白盒，20白盒/1箱【tools/ziliao/extract_price_seeds.mjs 自动抽取·历史成交价·待甲方核对】"
安宝公司,Cutting nozzle G1-P 10/16 84g,9.15,CNY,2022-03-22,,contract,来源文件：ziliao/安宝公司/G1-P/G1-P 圆壳/AB22206 出口产品供需合同-奉化一洲.xls（工作表 Sheet1 第 8 行；合同号 AB22206；抬头需方 宁波安宝国际贸易有限公司；日期凭证：抬头签约时间）【tools/ziliao/extract_price_seeds.mjs 自动抽取·历史成交价·待甲方核对】
安宝公司,Cutting nozzle G1-P 10/20 84g,9.15,CNY,2022-03-22,,contract,来源文件：ziliao/安宝公司/G1-P/G1-P 圆壳/AB22206 出口产品供需合同-奉化一洲.xls（工作表 Sheet1 第 9 行；合同号 AB22206；抬头需方 宁波安宝国际贸易有限公司；日期凭证：抬头签约时间）【tools/ziliao/extract_price_seeds.mjs 自动抽取·历史成交价·待甲方核对】
安宝公司,"外嘴 PNM 2# 刻字内容规格与型号 
单只塑料袋包装 500只/箱 重32G",3.92,CNY,2022-03-05,,contract,来源文件：ziliao/安宝公司/旧订单资料/REDIUS俄罗斯/DOKA PNM/DOKA 订单/AB22153 出口产品供需合同-奉化一洲.xls（工作表 订单 第 7 行；合同号 AB22153；抬头需方 宁波安宝国际贸易有限公司；日期凭证：抬头签约时间）【tools/ziliao/extract_price_seeds.mjs 自动抽取·历史成交价·待甲方核对】
安宝公司,割嘴 6290-NFF Nº3,6.20,CNY,2022-02-28,,contract,来源文件：ziliao/安宝公司/有焊嘴订单/订单/AB22104 出口产品供需合同-奉化一洲.xls（工作表 订单 第 9 行；合同号 AB22104；抬头需方 宁波安宝国际贸易有限公司；日期凭证：抬头签约时间）【tools/ziliao/extract_price_seeds.mjs 自动抽取·历史成交价·待甲方核对】
安宝公司,割嘴 6290-NFF Nº4,6.20,CNY,2022-02-28,,contract,来源文件：ziliao/安宝公司/有焊嘴订单/订单/AB22104 出口产品供需合同-奉化一洲.xls（工作表 订单 第 10 行；合同号 AB22104；抬头需方 宁波安宝国际贸易有限公司；日期凭证：抬头签约时间）【tools/ziliao/extract_price_seeds.mjs 自动抽取·历史成交价·待甲方核对】
安宝公司,"割嘴 G1-P 16/10""",8.50,CNY,2022-02-28,,contract,来源文件：ziliao/安宝公司/有焊嘴订单/订单/AB22104 出口产品供需合同-奉化一洲.xls（工作表 订单 第 11 行；合同号 AB22104；抬头需方 宁波安宝国际贸易有限公司；日期凭证：抬头签约时间）【tools/ziliao/extract_price_seeds.mjs 自动抽取·历史成交价·待甲方核对】
安宝公司,割嘴 G11  Nº1,12.50,CNY,2022-02-28,,contract,来源文件：ziliao/安宝公司/有焊嘴订单/订单/AB22104 出口产品供需合同-奉化一洲.xls（工作表 订单 第 7 行；合同号 AB22104；抬头需方 宁波安宝国际贸易有限公司；日期凭证：抬头签约时间）【tools/ziliao/extract_price_seeds.mjs 自动抽取·历史成交价·待甲方核对】
安宝公司,割嘴 G11  Nº2,12.50,CNY,2022-02-28,,contract,来源文件：ziliao/安宝公司/有焊嘴订单/订单/AB22104 出口产品供需合同-奉化一洲.xls（工作表 订单 第 8 行；合同号 AB22104；抬头需方 宁波安宝国际贸易有限公司；日期凭证：抬头签约时间）【tools/ziliao/extract_price_seeds.mjs 自动抽取·历史成交价·待甲方核对】
安宝公司,1503 Cutting nozzles 10#,9.00,CNY,2022-02-25,,contract,"来源文件：ziliao/安宝公司/AIBO weld 1503,PNME/AB22101 出口产品供需合同-奉化一洲.xls（工作表 订单 第 10 行；合同号 AB22101；抬头需方 宁波安宝国际贸易有限公司；日期凭证：抬头签约时间）【tools/ziliao/extract_price_seeds.mjs 自动抽取·历史成交价·待甲方核对】"
安宝公司,1503 Cutting nozzles 4#,9.00,CNY,2022-02-25,,contract,"来源文件：ziliao/安宝公司/AIBO weld 1503,PNME/AB22101 出口产品供需合同-奉化一洲.xls（工作表 订单 第 7 行；合同号 AB22101；抬头需方 宁波安宝国际贸易有限公司；日期凭证：抬头签约时间）【tools/ziliao/extract_price_seeds.mjs 自动抽取·历史成交价·待甲方核对】"
安宝公司,1503 Cutting nozzles 6#,9.00,CNY,2022-02-25,,contract,"来源文件：ziliao/安宝公司/AIBO weld 1503,PNME/AB22101 出口产品供需合同-奉化一洲.xls（工作表 订单 第 8 行；合同号 AB22101；抬头需方 宁波安宝国际贸易有限公司；日期凭证：抬头签约时间）【tools/ziliao/extract_price_seeds.mjs 自动抽取·历史成交价·待甲方核对】"
安宝公司,1503 Cutting nozzles 8#,9.00,CNY,2022-02-25,,contract,"来源文件：ziliao/安宝公司/AIBO weld 1503,PNME/AB22101 出口产品供需合同-奉化一洲.xls（工作表 订单 第 9 行；合同号 AB22101；抬头需方 宁波安宝国际贸易有限公司；日期凭证：抬头签约时间）【tools/ziliao/extract_price_seeds.mjs 自动抽取·历史成交价·待甲方核对】"
安宝公司,101-1-1 乙炔割嘴,11.80,CNY,2022-02-22,,contract,"来源文件：ziliao/安宝公司/Weldsolutions不干胶/合同/2022前/AB22090 出口产品供需合同-奉化一洲.xls（工作表 订单 第 7 行；合同号 AB22090返单AB21781；抬头需方 宁波安宝国际贸易有限公司；日期凭证：抬头签约时间）；包装：标贴尺寸：80x16mm
塑料盒乙炔盖用红色【tools/ziliao/extract_price_seeds.mjs 自动抽取·历史成交价·待甲方核对】"
安宝公司,101-1-2 乙炔割嘴,11.80,CNY,2022-02-22,,contract,来源文件：ziliao/安宝公司/Weldsolutions不干胶/合同/2022前/AB22090 出口产品供需合同-奉化一洲.xls（工作表 订单 第 8 行；合同号 AB22090返单AB21781；抬头需方 宁波安宝国际贸易有限公司；日期凭证：抬头签约时间）【tools/ziliao/extract_price_seeds.mjs 自动抽取·历史成交价·待甲方核对】
安宝公司,101-1-3 乙炔割嘴,11.80,CNY,2022-02-22,,contract,来源文件：ziliao/安宝公司/Weldsolutions不干胶/合同/2022前/AB22090 出口产品供需合同-奉化一洲.xls（工作表 订单 第 9 行；合同号 AB22090返单AB21781；抬头需方 宁波安宝国际贸易有限公司；日期凭证：抬头签约时间）【tools/ziliao/extract_price_seeds.mjs 自动抽取·历史成交价·待甲方核对】
安宝公司,6290-NX-0 丙烷割嘴 49g,6.20,CNY,2022-02-22,,contract,"来源文件：ziliao/安宝公司/Weldsolutions不干胶/合同/2022前/AB22091 出口产品供需合同-奉化一洲.xls（工作表 订单 第 7 行；合同号 AB22091返单AB21781；抬头需方 宁波安宝国际贸易有限公司；日期凭证：抬头签约时间）；包装：标贴尺寸：80x16mm
塑料盒乙炔盖用红色【tools/ziliao/extract_price_seeds.mjs 自动抽取·历史成交价·待甲方核对】"
安宝公司,6290-NX-1 丙烷割嘴 49g,6.20,CNY,2022-02-22,,contract,"来源文件：ziliao/安宝公司/Weldsolutions不干胶/合同/2022前/AB22090 出口产品供需合同-奉化一洲.xls（工作表 订单 第 11 行；合同号 AB22090返单AB21781；抬头需方 宁波安宝国际贸易有限公司；日期凭证：抬头签约时间）；包装：标贴尺寸：80x16mm
丙烷塑料盒盖用深蓝色【tools/ziliao/extract_price_seeds.mjs 自动抽取·历史成交价·待甲方核对】"
安宝公司,6290-NX-2 丙烷割嘴 49g,6.20,CNY,2022-02-22,,contract,来源文件：ziliao/安宝公司/Weldsolutions不干胶/合同/2022前/AB22090 出口产品供需合同-奉化一洲.xls（工作表 订单 第 12 行；合同号 AB22090返单AB21781；抬头需方 宁波安宝国际贸易有限公司；日期凭证：抬头签约时间）【tools/ziliao/extract_price_seeds.mjs 自动抽取·历史成交价·待甲方核对】
安宝公司,6290-NX-3 丙烷割嘴 49g,6.20,CNY,2022-02-22,,contract,来源文件：ziliao/安宝公司/Weldsolutions不干胶/合同/2022前/AB22091 出口产品供需合同-奉化一洲.xls（工作表 订单 第 10 行；合同号 AB22091返单AB21781；抬头需方 宁波安宝国际贸易有限公司；日期凭证：抬头签约时间）【tools/ziliao/extract_price_seeds.mjs 自动抽取·历史成交价·待甲方核对】
安宝公司,"丙烷割嘴
代码：4193",8.50,CNY,2022-02-22,,contract,"来源文件：ziliao/安宝公司/Weldsolutions不干胶/合同/2022前/AB22090 出口产品供需合同-奉化一洲.xls（工作表 Sheet1 第 26 行；合同号 AB22090返单AB；抬头需方 宁波安宝国际贸易有限公司；日期凭证：抬头签约时间）；包装：标贴尺寸：80x16mm
塑料盒盖用黑色【tools/ziliao/extract_price_seeds.mjs 自动抽取·历史成交价·待甲方核对】"
安宝公司,"丙烷割嘴
代码：4194",8.50,CNY,2022-02-22,,contract,来源文件：ziliao/安宝公司/Weldsolutions不干胶/合同/2022前/AB22090 出口产品供需合同-奉化一洲.xls（工作表 Sheet1 第 27 行；合同号 AB22090返单AB；抬头需方 宁波安宝国际贸易有限公司；日期凭证：抬头签约时间）【tools/ziliao/extract_price_seeds.mjs 自动抽取·历史成交价·待甲方核对】
安宝公司,割嘴 6290-1乙炔割嘴 52g,8.60,CNY,2022-02-22,,contract,来源文件：ziliao/安宝公司/Weldsolutions不干胶/合同/2022前/AB22091 出口产品供需合同-奉化一洲.xls（工作表 订单 第 22 行；合同号 AB22091返单AB21781；抬头需方 宁波安宝国际贸易有限公司；日期凭证：抬头签约时间）【tools/ziliao/extract_price_seeds.mjs 自动抽取·历史成交价·待甲方核对】
安宝公司,割嘴 GPN-0,8.50,CNY,2022-02-22,,contract,来源文件：ziliao/安宝公司/Weldsolutions不干胶/合同/2022前/AB22091 出口产品供需合同-奉化一洲.xls（工作表 订单 第 16 行；合同号 AB22091返单AB21781；抬头需方 宁波安宝国际贸易有限公司；日期凭证：抬头签约时间）【tools/ziliao/extract_price_seeds.mjs 自动抽取·历史成交价·待甲方核对】
安宝公司,割嘴 GPN-1,8.50,CNY,2022-02-22,,contract,来源文件：ziliao/安宝公司/Weldsolutions不干胶/合同/2022前/AB22091 出口产品供需合同-奉化一洲.xls（工作表 订单 第 17 行；合同号 AB22091返单AB21781；抬头需方 宁波安宝国际贸易有限公司；日期凭证：抬头签约时间）【tools/ziliao/extract_price_seeds.mjs 自动抽取·历史成交价·待甲方核对】
安宝公司,割嘴 GPN-2,8.50,CNY,2022-02-22,,contract,"来源文件：ziliao/安宝公司/Weldsolutions不干胶/合同/2022前/AB22091 出口产品供需合同-奉化一洲.xls（工作表 订单 第 18 行；合同号 AB22091返单AB21781；抬头需方 宁波安宝国际贸易有限公司；日期凭证：抬头签约时间）；包装：标贴尺寸：80x16mm
塑料盒盖用深蓝色【tools/ziliao/extract_price_seeds.mjs 自动抽取·历史成交价·待甲方核对】"
安宝公司,割嘴 GPN-3,8.50,CNY,2022-02-22,,contract,来源文件：ziliao/安宝公司/Weldsolutions不干胶/合同/2022前/AB22091 出口产品供需合同-奉化一洲.xls（工作表 订单 第 19 行；合同号 AB22091返单AB21781；抬头需方 宁波安宝国际贸易有限公司；日期凭证：抬头签约时间）【tools/ziliao/extract_price_seeds.mjs 自动抽取·历史成交价·待甲方核对】
安宝公司,割嘴 GPN-5,8.50,CNY,2022-02-22,,contract,来源文件：ziliao/安宝公司/Weldsolutions不干胶/合同/2022前/AB22091 出口产品供需合同-奉化一洲.xls（工作表 订单 第 20 行；合同号 AB22091返单AB21781；抬头需方 宁波安宝国际贸易有限公司；日期凭证：抬头签约时间）【tools/ziliao/extract_price_seeds.mjs 自动抽取·历史成交价·待甲方核对】
安宝公司,割嘴 GPN-6,8.50,CNY,2022-02-22,,contract,来源文件：ziliao/安宝公司/Weldsolutions不干胶/合同/2022前/AB22091 出口产品供需合同-奉化一洲.xls（工作表 订单 第 21 行；合同号 AB22091返单AB21781；抬头需方 宁波安宝国际贸易有限公司；日期凭证：抬头签约时间）【tools/ziliao/extract_price_seeds.mjs 自动抽取·历史成交价·待甲方核对】
安宝公司,"乙炔割嘴1-101-2
代码：4191",11.80,CNY,2022-02-22,,contract,"来源文件：ziliao/安宝公司/Weldsolutions不干胶/合同/2022前/AB22090 出口产品供需合同-奉化一洲.xls（工作表 Sheet1 第 24 行；合同号 AB22090返单AB；抬头需方 宁波安宝国际贸易有限公司；日期凭证：抬头签约时间）；包装：标贴尺寸：80x16mm
塑料盒盖用红色【tools/ziliao/extract_price_seeds.mjs 自动抽取·历史成交价·待甲方核对】"
安宝公司,"乙炔割嘴1-101-3
代码：4192",11.80,CNY,2022-02-22,,contract,来源文件：ziliao/安宝公司/Weldsolutions不干胶/合同/2022前/AB22090 出口产品供需合同-奉化一洲.xls（工作表 Sheet1 第 25 行；合同号 AB22090返单AB；抬头需方 宁波安宝国际贸易有限公司；日期凭证：抬头签约时间）【tools/ziliao/extract_price_seeds.mjs 自动抽取·历史成交价·待甲方核对】
安宝公司,"HARRIS 丙烷割嘴6290-NX-0 53g
代码：4184",6.20,CNY,2022-02-22,,contract,"来源文件：ziliao/安宝公司/Weldsolutions不干胶/合同/2022前/AB22090 出口产品供需合同-奉化一洲.xls（工作表 Sheet1 第 19 行；合同号 AB22090返单AB；抬头需方 宁波安宝国际贸易有限公司；日期凭证：抬头签约时间）；包装：标贴尺寸：80x16mm
塑料盒盖用黑色【tools/ziliao/extract_price_seeds.mjs 自动抽取·历史成交价·待甲方核对】"
安宝公司,"HARRIS 丙烷割嘴6290-NX-2 53g
代码：4187",6.20,CNY,2022-02-22,,contract,来源文件：ziliao/安宝公司/Weldsolutions不干胶/合同/2022前/AB22090 出口产品供需合同-奉化一洲.xls（工作表 Sheet1 第 20 行；合同号 AB22090返单AB；抬头需方 宁波安宝国际贸易有限公司；日期凭证：抬头签约时间）【tools/ziliao/extract_price_seeds.mjs 自动抽取·历史成交价·待甲方核对】
安宝公司,"HARRIS 丙烷割嘴6290-NX-3 53g
代码：4188",6.20,CNY,2022-02-22,,contract,来源文件：ziliao/安宝公司/Weldsolutions不干胶/合同/2022前/AB22090 出口产品供需合同-奉化一洲.xls（工作表 Sheet1 第 21 行；合同号 AB22090返单AB；抬头需方 宁波安宝国际贸易有限公司；日期凭证：抬头签约时间）【tools/ziliao/extract_price_seeds.mjs 自动抽取·历史成交价·待甲方核对】
安宝公司,"HARRIS 乙炔割嘴6290-2 
代码：4210",8.60,CNY,2022-02-22,,contract,"来源文件：ziliao/安宝公司/Weldsolutions不干胶/合同/2022前/AB22090 出口产品供需合同-奉化一洲.xls（工作表 Sheet1 第 22 行；合同号 AB22090返单AB；抬头需方 宁波安宝国际贸易有限公司；日期凭证：抬头签约时间）；包装：标贴尺寸：80x16mm
塑料盒盖用红色【tools/ziliao/extract_price_seeds.mjs 自动抽取·历史成交价·待甲方核对】"
安宝公司,"HARRIS 乙炔割嘴6290-3 
代码：4027",8.60,CNY,2022-02-22,,contract,来源文件：ziliao/安宝公司/Weldsolutions不干胶/合同/2022前/AB22090 出口产品供需合同-奉化一洲.xls（工作表 Sheet1 第 23 行；合同号 AB22090返单AB；抬头需方 宁波安宝国际贸易有限公司；日期凭证：抬头签约时间）【tools/ziliao/extract_price_seeds.mjs 自动抽取·历史成交价·待甲方核对】
安宝公司,SC-12-3 乙炔割嘴,15.00,CNY,2022-02-22,,contract,来源文件：ziliao/安宝公司/Weldsolutions不干胶/合同/2022前/AB22091 出口产品供需合同-奉化一洲.xls（工作表 订单 第 15 行；合同号 AB22091返单AB21781；抬头需方 宁波安宝国际贸易有限公司；日期凭证：抬头签约时间）【tools/ziliao/extract_price_seeds.mjs 自动抽取·历史成交价·待甲方核对】
安宝公司,SC-50-A-0 丙烷割嘴 91.36g,14.00,CNY,2022-02-22,,contract,来源文件：ziliao/安宝公司/Weldsolutions不干胶/合同/2022前/AB22090 出口产品供需合同-奉化一洲.xls（工作表 订单 第 13 行；合同号 AB22090返单AB21781；抬头需方 宁波安宝国际贸易有限公司；日期凭证：抬头签约时间）【tools/ziliao/extract_price_seeds.mjs 自动抽取·历史成交价·待甲方核对】
安宝公司,SC-50-A-1 丙烷割嘴 91.36g,14.00,CNY,2022-02-22,,contract,来源文件：ziliao/安宝公司/Weldsolutions不干胶/合同/2022前/AB22090 出口产品供需合同-奉化一洲.xls（工作表 订单 第 14 行；合同号 AB22090返单AB21781；抬头需方 宁波安宝国际贸易有限公司；日期凭证：抬头签约时间）【tools/ziliao/extract_price_seeds.mjs 自动抽取·历史成交价·待甲方核对】
安宝公司,SC-50-A-2 丙烷割嘴 91.36g,14.00,CNY,2022-02-22,,contract,来源文件：ziliao/安宝公司/Weldsolutions不干胶/合同/2022前/AB22090 出口产品供需合同-奉化一洲.xls（工作表 订单 第 15 行；合同号 AB22090返单AB21781；抬头需方 宁波安宝国际贸易有限公司；日期凭证：抬头签约时间）【tools/ziliao/extract_price_seeds.mjs 自动抽取·历史成交价·待甲方核对】
安宝公司,SC-50-A-3 丙烷割嘴 91.36g,14.00,CNY,2022-02-22,,contract,来源文件：ziliao/安宝公司/Weldsolutions不干胶/合同/2022前/AB22091 出口产品供需合同-奉化一洲.xls（工作表 订单 第 12 行；合同号 AB22091返单AB21781；抬头需方 宁波安宝国际贸易有限公司；日期凭证：抬头签约时间）【tools/ziliao/extract_price_seeds.mjs 自动抽取·历史成交价·待甲方核对】
安宝公司,SC-50-A-5 丙烷割嘴 91.36g,14.00,CNY,2022-02-22,,contract,来源文件：ziliao/安宝公司/Weldsolutions不干胶/合同/2022前/AB22091 出口产品供需合同-奉化一洲.xls（工作表 订单 第 13 行；合同号 AB22091返单AB21781；抬头需方 宁波安宝国际贸易有限公司；日期凭证：抬头签约时间）【tools/ziliao/extract_price_seeds.mjs 自动抽取·历史成交价·待甲方核对】
安宝公司,SC-50-A-6 丙烷割嘴 91.36g,14.00,CNY,2022-02-22,,contract,来源文件：ziliao/安宝公司/Weldsolutions不干胶/合同/2022前/AB22091 出口产品供需合同-奉化一洲.xls（工作表 订单 第 14 行；合同号 AB22091返单AB21781；抬头需方 宁波安宝国际贸易有限公司；日期凭证：抬头签约时间）【tools/ziliao/extract_price_seeds.mjs 自动抽取·历史成交价·待甲方核对】
安宝公司,"smith 丙烷割嘴 SC-50-A-0 93g
代码：4154",14.00,CNY,2022-02-22,,contract,"来源文件：ziliao/安宝公司/Weldsolutions不干胶/合同/2022前/AB22090 出口产品供需合同-奉化一洲.xls（工作表 Sheet1 第 7 行；合同号 AB22090返单AB；抬头需方 宁波安宝国际贸易有限公司；日期凭证：抬头签约时间）；包装：标贴尺寸：80x16mm
塑料盒盖用黑色【tools/ziliao/extract_price_seeds.mjs 自动抽取·历史成交价·待甲方核对】"
安宝公司,"smith 丙烷割嘴 SC-50-A-1 93g
代码：4157",14.00,CNY,2022-02-22,,contract,来源文件：ziliao/安宝公司/Weldsolutions不干胶/合同/2022前/AB22090 出口产品供需合同-奉化一洲.xls（工作表 Sheet1 第 8 行；合同号 AB22090返单AB；抬头需方 宁波安宝国际贸易有限公司；日期凭证：抬头签约时间）【tools/ziliao/extract_price_seeds.mjs 自动抽取·历史成交价·待甲方核对】
安宝公司,"smith 丙烷割嘴 SC-50-A-2 93g
代码：4158",14.00,CNY,2022-02-22,,contract,来源文件：ziliao/安宝公司/Weldsolutions不干胶/合同/2022前/AB22090 出口产品供需合同-奉化一洲.xls（工作表 Sheet1 第 9 行；合同号 AB22090返单AB；抬头需方 宁波安宝国际贸易有限公司；日期凭证：抬头签约时间）【tools/ziliao/extract_price_seeds.mjs 自动抽取·历史成交价·待甲方核对】
安宝公司,"smith 丙烷割嘴 SC-50-A-3 93g
代码：4161",14.00,CNY,2022-02-22,,contract,来源文件：ziliao/安宝公司/Weldsolutions不干胶/合同/2022前/AB22090 出口产品供需合同-奉化一洲.xls（工作表 Sheet1 第 10 行；合同号 AB22090返单AB；抬头需方 宁波安宝国际贸易有限公司；日期凭证：抬头签约时间）【tools/ziliao/extract_price_seeds.mjs 自动抽取·历史成交价·待甲方核对】
安宝公司,"smith 丙烷割嘴 SC-50-A-4 93g
代码：4162",14.00,CNY,2022-02-22,,contract,来源文件：ziliao/安宝公司/Weldsolutions不干胶/合同/2022前/AB22090 出口产品供需合同-奉化一洲.xls（工作表 Sheet1 第 11 行；合同号 AB22090返单AB；抬头需方 宁波安宝国际贸易有限公司；日期凭证：抬头签约时间）【tools/ziliao/extract_price_seeds.mjs 自动抽取·历史成交价·待甲方核对】
安宝公司,"smith 丙烷割嘴 SC-50-A-5 93g
代码：4163",14.00,CNY,2022-02-22,,contract,来源文件：ziliao/安宝公司/Weldsolutions不干胶/合同/2022前/AB22090 出口产品供需合同-奉化一洲.xls（工作表 Sheet1 第 12 行；合同号 AB22090返单AB；抬头需方 宁波安宝国际贸易有限公司；日期凭证：抬头签约时间）【tools/ziliao/extract_price_seeds.mjs 自动抽取·历史成交价·待甲方核对】
安宝公司,"smith 丙烷割嘴 SC-50-A-7 93g
代码：4164",14.00,CNY,2022-02-22,,contract,来源文件：ziliao/安宝公司/Weldsolutions不干胶/合同/2022前/AB22090 出口产品供需合同-奉化一洲.xls（工作表 Sheet1 第 13 行；合同号 AB22090返单AB；抬头需方 宁波安宝国际贸易有限公司；日期凭证：抬头签约时间）【tools/ziliao/extract_price_seeds.mjs 自动抽取·历史成交价·待甲方核对】
安宝公司,"smith 乙炔割嘴 SC-12-0 103g
代码：4133",15.00,CNY,2022-02-22,,contract,"来源文件：ziliao/安宝公司/Weldsolutions不干胶/合同/2022前/AB22090 出口产品供需合同-奉化一洲.xls（工作表 Sheet1 第 14 行；合同号 AB22090返单AB；抬头需方 宁波安宝国际贸易有限公司；日期凭证：抬头签约时间）；包装：标贴尺寸：80x16mm
塑料盒盖用红色【tools/ziliao/extract_price_seeds.mjs 自动抽取·历史成交价·待甲方核对】"
安宝公司,"smith 乙炔割嘴 SC-12-1 103g
代码：4134",15.00,CNY,2022-02-22,,contract,来源文件：ziliao/安宝公司/Weldsolutions不干胶/合同/2022前/AB22090 出口产品供需合同-奉化一洲.xls（工作表 Sheet1 第 15 行；合同号 AB22090返单AB；抬头需方 宁波安宝国际贸易有限公司；日期凭证：抬头签约时间）【tools/ziliao/extract_price_seeds.mjs 自动抽取·历史成交价·待甲方核对】
安宝公司,"smith 乙炔割嘴 SC-12-2 103g
代码：4136",15.00,CNY,2022-02-22,,contract,来源文件：ziliao/安宝公司/Weldsolutions不干胶/合同/2022前/AB22090 出口产品供需合同-奉化一洲.xls（工作表 Sheet1 第 16 行；合同号 AB22090返单AB；抬头需方 宁波安宝国际贸易有限公司；日期凭证：抬头签约时间）【tools/ziliao/extract_price_seeds.mjs 自动抽取·历史成交价·待甲方核对】
安宝公司,"smith 乙炔割嘴 SC-12-3 103g
代码：4137",15.00,CNY,2022-02-22,,contract,来源文件：ziliao/安宝公司/Weldsolutions不干胶/合同/2022前/AB22090 出口产品供需合同-奉化一洲.xls（工作表 Sheet1 第 17 行；合同号 AB22090返单AB；抬头需方 宁波安宝国际贸易有限公司；日期凭证：抬头签约时间）【tools/ziliao/extract_price_seeds.mjs 自动抽取·历史成交价·待甲方核对】
安宝公司,"smith 乙炔割嘴 SC-12-5 103g
代码：4151",15.00,CNY,2022-02-22,,contract,来源文件：ziliao/安宝公司/Weldsolutions不干胶/合同/2022前/AB22090 出口产品供需合同-奉化一洲.xls（工作表 Sheet1 第 18 行；合同号 AB22090返单AB；抬头需方 宁波安宝国际贸易有限公司；日期凭证：抬头签约时间）【tools/ziliao/extract_price_seeds.mjs 自动抽取·历史成交价·待甲方核对】
安宝公司,"Gloor cutting nuzzle,5# 做足75g",8.00,CNY,2022-02-21,,contract,来源文件：ziliao/安宝公司/旧订单资料/GLOOR PNME/AB22088 出口产品供需合同-奉化一洲.xls（工作表 订单 第 7 行；合同号 AB22088；抬头需方 宁波安宝国际贸易有限公司；日期凭证：抬头签约时间）【tools/ziliao/extract_price_seeds.mjs 自动抽取·历史成交价·待甲方核对】
安宝公司,"Gloor cutting nuzzle,6# 做足75g",8.00,CNY,2022-02-21,,contract,来源文件：ziliao/安宝公司/旧订单资料/GLOOR PNME/AB22088 出口产品供需合同-奉化一洲.xls（工作表 订单 第 8 行；合同号 AB22088；抬头需方 宁波安宝国际贸易有限公司；日期凭证：抬头签约时间）【tools/ziliao/extract_price_seeds.mjs 自动抽取·历史成交价·待甲方核对】
安宝公司,"Gloor cutting nuzzle,7# 做足75g克",8.00,CNY,2022-02-21,,contract,来源文件：ziliao/安宝公司/旧订单资料/GLOOR PNME/AB22088 出口产品供需合同-奉化一洲.xls（工作表 订单 第 9 行；合同号 AB22088；抬头需方 宁波安宝国际贸易有限公司；日期凭证：抬头签约时间）【tools/ziliao/extract_price_seeds.mjs 自动抽取·历史成交价·待甲方核对】
安宝公司,"Gloor cutting nuzzle,8号$做足75g",8.00,CNY,2022-02-21,,contract,来源文件：ziliao/安宝公司/旧订单资料/GLOOR PNME/AB22088 出口产品供需合同-奉化一洲.xls（工作表 订单 第 10 行；合同号 AB22088；抬头需方 宁波安宝国际贸易有限公司；日期凭证：抬头签约时间）【tools/ziliao/extract_price_seeds.mjs 自动抽取·历史成交价·待甲方核对】
安宝公司,内嘴 P1，9槽刻字内容规格与型号，单只塑料袋包装，500只/箱 重42.5G,3.68,CNY,2022-02-18,,contract,来源文件：ziliao/安宝公司/旧订单资料/REDIUS俄罗斯/DOKA PNM/DOKA 订单/AB22082 出口产品供需合同-奉化一洲.xls（工作表 订单 第 7 行；合同号 AB22082返单AB21644；抬头需方 宁波安宝国际贸易有限公司；日期凭证：抬头签约时间）【tools/ziliao/extract_price_seeds.mjs 自动抽取·历史成交价·待甲方核对】
安宝公司,内嘴 P2，9槽刻字内容规格与型号，单只塑料袋包装，500只/箱 重42.5G,3.68,CNY,2022-02-18,,contract,来源文件：ziliao/安宝公司/旧订单资料/REDIUS俄罗斯/DOKA PNM/DOKA 订单/AB22082 出口产品供需合同-奉化一洲.xls（工作表 订单 第 8 行；合同号 AB22082返单AB21644；抬头需方 宁波安宝国际贸易有限公司；日期凭证：抬头签约时间）【tools/ziliao/extract_price_seeds.mjs 自动抽取·历史成交价·待甲方核对】
安宝公司,内嘴 P3，9槽刻字内容规格与型号，单只塑料袋包装，500只/箱 重42.5G,3.68,CNY,2022-02-18,,contract,来源文件：ziliao/安宝公司/旧订单资料/REDIUS俄罗斯/DOKA PNM/DOKA 订单/AB22082 出口产品供需合同-奉化一洲.xls（工作表 订单 第 9 行；合同号 AB22082返单AB21644；抬头需方 宁波安宝国际贸易有限公司；日期凭证：抬头签约时间）【tools/ziliao/extract_price_seeds.mjs 自动抽取·历史成交价·待甲方核对】
安宝公司,"外嘴 PNM1，刻字内容规格与型号，单只塑料袋包装，500只/箱,重32G",3.92,CNY,2022-02-18,,contract,来源文件：ziliao/安宝公司/旧订单资料/REDIUS俄罗斯/DOKA PNM/DOKA 订单/AB22082 出口产品供需合同-奉化一洲.xls（工作表 订单 第 10 行；合同号 AB22082返单AB21644；抬头需方 宁波安宝国际贸易有限公司；日期凭证：抬头签约时间）【tools/ziliao/extract_price_seeds.mjs 自动抽取·历史成交价·待甲方核对】
安宝公司,丙烷嘴 6290-NX 00#,6.20,CNY,2022-02-16,,contract,来源文件：ziliao/安宝公司/旧订单资料/LL0006 Carton No (nx)/AB22059 出口产品供需合同-奉化一洲(2).xls（工作表 Sheet1 第 7 行；合同号 AB22059；抬头需方 宁波安宝国际贸易有限公司；日期凭证：抬头签约时间）；包装：透明塑料盒包装 带不干胶封口【tools/ziliao/extract_price_seeds.mjs 自动抽取·历史成交价·待甲方核对】
安宝公司,丙烷嘴 6290-NX 01#,6.20,CNY,2022-02-16,,contract,来源文件：ziliao/安宝公司/旧订单资料/LL0006 Carton No (nx)/AB22059 出口产品供需合同-奉化一洲(2).xls（工作表 Sheet1 第 8 行；合同号 AB22059；抬头需方 宁波安宝国际贸易有限公司；日期凭证：抬头签约时间）【tools/ziliao/extract_price_seeds.mjs 自动抽取·历史成交价·待甲方核对】
安宝公司,丙烷嘴 6290-NX 02#,6.20,CNY,2022-02-16,,contract,来源文件：ziliao/安宝公司/旧订单资料/LL0006 Carton No (nx)/AB22059 出口产品供需合同-奉化一洲(2).xls（工作表 Sheet1 第 9 行；合同号 AB22059；抬头需方 宁波安宝国际贸易有限公司；日期凭证：抬头签约时间）【tools/ziliao/extract_price_seeds.mjs 自动抽取·历史成交价·待甲方核对】
安宝公司,丙烷嘴 6290-NX 03#,6.20,CNY,2022-02-16,,contract,来源文件：ziliao/安宝公司/旧订单资料/LL0006 Carton No (nx)/AB22059 出口产品供需合同-奉化一洲(2).xls（工作表 Sheet1 第 10 行；合同号 AB22059；抬头需方 宁波安宝国际贸易有限公司；日期凭证：抬头签约时间）【tools/ziliao/extract_price_seeds.mjs 自动抽取·历史成交价·待甲方核对】
安宝公司,"割嘴 G1-P 12/10"" 重78g",8.80,CNY,2022-02-14,,contract,来源文件：ziliao/安宝公司/G1-P/G1-P彩盒/AB22054 出口产品供需合同-奉化一洲.xls（工作表 Sheet1 第 9 行；合同号 AB22054；抬头需方 宁波安宝国际贸易有限公司；日期凭证：抬头签约时间）【tools/ziliao/extract_price_seeds.mjs 自动抽取·历史成交价·待甲方核对】
安宝公司,"割嘴 G1-P 16/10"" 重78g",8.80,CNY,2022-02-14,,contract,来源文件：ziliao/安宝公司/G1-P/G1-P彩盒/AB22054 出口产品供需合同-奉化一洲.xls（工作表 Sheet1 第 10 行；合同号 AB22054；抬头需方 宁波安宝国际贸易有限公司；日期凭证：抬头签约时间）【tools/ziliao/extract_price_seeds.mjs 自动抽取·历史成交价·待甲方核对】
安宝公司,"割嘴 G1-P 20/10"" 重78g",8.80,CNY,2022-02-14,,contract,来源文件：ziliao/安宝公司/G1-P/G1-P彩盒/AB22054 出口产品供需合同-奉化一洲.xls（工作表 Sheet1 第 11 行；合同号 AB22054；抬头需方 宁波安宝国际贸易有限公司；日期凭证：抬头签约时间）【tools/ziliao/extract_price_seeds.mjs 自动抽取·历史成交价·待甲方核对】
安宝公司,"割嘴 G1-P 25/10"" 重78g",8.80,CNY,2022-02-14,,contract,来源文件：ziliao/安宝公司/G1-P/G1-P彩盒/AB22054 出口产品供需合同-奉化一洲.xls（工作表 Sheet1 第 12 行；合同号 AB22054；抬头需方 宁波安宝国际贸易有限公司；日期凭证：抬头签约时间）【tools/ziliao/extract_price_seeds.mjs 自动抽取·历史成交价·待甲方核对】
安宝公司,"割嘴 G1-P 30/10"" 重78g",8.80,CNY,2022-02-14,,contract,来源文件：ziliao/安宝公司/G1-P/G1-P彩盒/AB22054 出口产品供需合同-奉化一洲.xls（工作表 Sheet1 第 13 行；合同号 AB22054；抬头需方 宁波安宝国际贸易有限公司；日期凭证：抬头签约时间）【tools/ziliao/extract_price_seeds.mjs 自动抽取·历史成交价·待甲方核对】
安宝公司,"割嘴 G1-P 7/10"" 重78g",8.80,CNY,2022-02-14,,contract,来源文件：ziliao/安宝公司/G1-P/G1-P彩盒/AB22054 出口产品供需合同-奉化一洲.xls（工作表 Sheet1 第 7 行；合同号 AB22054；抬头需方 宁波安宝国际贸易有限公司；日期凭证：抬头签约时间）【tools/ziliao/extract_price_seeds.mjs 自动抽取·历史成交价·待甲方核对】
安宝公司,"丙烷割嘴
代码：4193",8.50,CNY,2022-02-09,,contract,"来源文件：ziliao/安宝公司/INFAR不干胶/INFRA合同/2022/AB22050 出口产品供需合同-奉化一洲.xls（工作表 订单 第 26 行；合同号 返单AB21546返单AB21036；抬头需方 宁波安宝国际贸易有限公司；日期凭证：抬头签约时间）；包装：标贴尺寸：80x16mm
塑料盒盖用黑色【tools/ziliao/extract_price_seeds.mjs 自动抽取·历史成交价·待甲方核对】"
安宝公司,"丙烷割嘴
代码：4194",8.50,CNY,2022-02-09,,contract,来源文件：ziliao/安宝公司/INFAR不干胶/INFRA合同/2022/AB22050 出口产品供需合同-奉化一洲.xls（工作表 订单 第 27 行；合同号 返单AB21546返单AB21036；抬头需方 宁波安宝国际贸易有限公司；日期凭证：抬头签约时间）【tools/ziliao/extract_price_seeds.mjs 自动抽取·历史成交价·待甲方核对】
安宝公司,"乙炔割嘴1-101-2
代码：4191",11.80,CNY,2022-02-09,,contract,"来源文件：ziliao/安宝公司/INFAR不干胶/INFRA合同/2022/AB22050 出口产品供需合同-奉化一洲.xls（工作表 订单 第 24 行；合同号 返单AB21546返单AB21036；抬头需方 宁波安宝国际贸易有限公司；日期凭证：抬头签约时间）；包装：标贴尺寸：80x16mm
塑料盒盖用红色【tools/ziliao/extract_price_seeds.mjs 自动抽取·历史成交价·待甲方核对】"
安宝公司,"乙炔割嘴1-101-3
代码：4192",11.80,CNY,2022-02-09,,contract,来源文件：ziliao/安宝公司/INFAR不干胶/INFRA合同/2022/AB22050 出口产品供需合同-奉化一洲.xls（工作表 订单 第 25 行；合同号 返单AB21546返单AB21036；抬头需方 宁波安宝国际贸易有限公司；日期凭证：抬头签约时间）【tools/ziliao/extract_price_seeds.mjs 自动抽取·历史成交价·待甲方核对】
安宝公司,"HARRIS 丙烷割嘴6290-NX-0 53g
代码：4184",6.20,CNY,2022-02-09,,contract,"来源文件：ziliao/安宝公司/INFAR不干胶/INFRA合同/2022/AB22050 出口产品供需合同-奉化一洲.xls（工作表 订单 第 19 行；合同号 返单AB21546返单AB21036；抬头需方 宁波安宝国际贸易有限公司；日期凭证：抬头签约时间）；包装：标贴尺寸：80x16mm
塑料盒盖用黑色【tools/ziliao/extract_price_seeds.mjs 自动抽取·历史成交价·待甲方核对】"
安宝公司,"HARRIS 丙烷割嘴6290-NX-2 53g
代码：4187",6.20,CNY,2022-02-09,,contract,来源文件：ziliao/安宝公司/INFAR不干胶/INFRA合同/2022/AB22050 出口产品供需合同-奉化一洲.xls（工作表 订单 第 20 行；合同号 返单AB21546返单AB21036；抬头需方 宁波安宝国际贸易有限公司；日期凭证：抬头签约时间）【tools/ziliao/extract_price_seeds.mjs 自动抽取·历史成交价·待甲方核对】
安宝公司,"HARRIS 丙烷割嘴6290-NX-3 53g
代码：4188",6.20,CNY,2022-02-09,,contract,来源文件：ziliao/安宝公司/INFAR不干胶/INFRA合同/2022/AB22050 出口产品供需合同-奉化一洲.xls（工作表 订单 第 21 行；合同号 返单AB21546返单AB21036；抬头需方 宁波安宝国际贸易有限公司；日期凭证：抬头签约时间）【tools/ziliao/extract_price_seeds.mjs 自动抽取·历史成交价·待甲方核对】
安宝公司,"HARRIS 乙炔割嘴6290-2 
代码：4210",8.60,CNY,2022-02-09,,contract,"来源文件：ziliao/安宝公司/INFAR不干胶/INFRA合同/2022/AB22050 出口产品供需合同-奉化一洲.xls（工作表 订单 第 22 行；合同号 返单AB21546返单AB21036；抬头需方 宁波安宝国际贸易有限公司；日期凭证：抬头签约时间）；包装：标贴尺寸：80x16mm
塑料盒盖用红色【tools/ziliao/extract_price_seeds.mjs 自动抽取·历史成交价·待甲方核对】"
安宝公司,"HARRIS 乙炔割嘴6290-3 
代码：4027",8.60,CNY,2022-02-09,,contract,来源文件：ziliao/安宝公司/INFAR不干胶/INFRA合同/2022/AB22050 出口产品供需合同-奉化一洲.xls（工作表 订单 第 23 行；合同号 返单AB21546返单AB21036；抬头需方 宁波安宝国际贸易有限公司；日期凭证：抬头签约时间）【tools/ziliao/extract_price_seeds.mjs 自动抽取·历史成交价·待甲方核对】
安宝公司,"smith 丙烷割嘴 SC-50-A-0 93g
代码：4154",14.00,CNY,2022-02-09,,contract,"来源文件：ziliao/安宝公司/INFAR不干胶/INFRA合同/2022/AB22050 出口产品供需合同-奉化一洲.xls（工作表 订单 第 7 行；合同号 返单AB21546返单AB21036；抬头需方 宁波安宝国际贸易有限公司；日期凭证：抬头签约时间）；包装：标贴尺寸：80x16mm
塑料盒盖用黑色【tools/ziliao/extract_price_seeds.mjs 自动抽取·历史成交价·待甲方核对】"
安宝公司,"smith 丙烷割嘴 SC-50-A-1 93g
代码：4157",14.00,CNY,2022-02-09,,contract,来源文件：ziliao/安宝公司/INFAR不干胶/INFRA合同/2022/AB22050 出口产品供需合同-奉化一洲.xls（工作表 订单 第 8 行；合同号 返单AB21546返单AB21036；抬头需方 宁波安宝国际贸易有限公司；日期凭证：抬头签约时间）【tools/ziliao/extract_price_seeds.mjs 自动抽取·历史成交价·待甲方核对】
安宝公司,"smith 丙烷割嘴 SC-50-A-2 93g
代码：4158",14.00,CNY,2022-02-09,,contract,来源文件：ziliao/安宝公司/INFAR不干胶/INFRA合同/2022/AB22050 出口产品供需合同-奉化一洲.xls（工作表 订单 第 9 行；合同号 返单AB21546返单AB21036；抬头需方 宁波安宝国际贸易有限公司；日期凭证：抬头签约时间）【tools/ziliao/extract_price_seeds.mjs 自动抽取·历史成交价·待甲方核对】
安宝公司,"smith 丙烷割嘴 SC-50-A-3 93g
代码：4161",14.00,CNY,2022-02-09,,contract,来源文件：ziliao/安宝公司/INFAR不干胶/INFRA合同/2022/AB22050 出口产品供需合同-奉化一洲.xls（工作表 订单 第 10 行；合同号 返单AB21546返单AB21036；抬头需方 宁波安宝国际贸易有限公司；日期凭证：抬头签约时间）【tools/ziliao/extract_price_seeds.mjs 自动抽取·历史成交价·待甲方核对】
安宝公司,"smith 丙烷割嘴 SC-50-A-4 93g
代码：4162",14.00,CNY,2022-02-09,,contract,来源文件：ziliao/安宝公司/INFAR不干胶/INFRA合同/2022/AB22050 出口产品供需合同-奉化一洲.xls（工作表 订单 第 11 行；合同号 返单AB21546返单AB21036；抬头需方 宁波安宝国际贸易有限公司；日期凭证：抬头签约时间）【tools/ziliao/extract_price_seeds.mjs 自动抽取·历史成交价·待甲方核对】
安宝公司,"smith 丙烷割嘴 SC-50-A-5 93g
代码：4163",14.00,CNY,2022-02-09,,contract,来源文件：ziliao/安宝公司/INFAR不干胶/INFRA合同/2022/AB22050 出口产品供需合同-奉化一洲.xls（工作表 订单 第 12 行；合同号 返单AB21546返单AB21036；抬头需方 宁波安宝国际贸易有限公司；日期凭证：抬头签约时间）【tools/ziliao/extract_price_seeds.mjs 自动抽取·历史成交价·待甲方核对】
安宝公司,"smith 丙烷割嘴 SC-50-A-7 93g
代码：4164",14.00,CNY,2022-02-09,,contract,来源文件：ziliao/安宝公司/INFAR不干胶/INFRA合同/2022/AB22050 出口产品供需合同-奉化一洲.xls（工作表 订单 第 13 行；合同号 返单AB21546返单AB21036；抬头需方 宁波安宝国际贸易有限公司；日期凭证：抬头签约时间）【tools/ziliao/extract_price_seeds.mjs 自动抽取·历史成交价·待甲方核对】
安宝公司,"smith 乙炔割嘴 SC-12-0 103g
代码：4133",15.00,CNY,2022-02-09,,contract,"来源文件：ziliao/安宝公司/INFAR不干胶/INFRA合同/2022/AB22050 出口产品供需合同-奉化一洲.xls（工作表 订单 第 14 行；合同号 返单AB21546返单AB21036；抬头需方 宁波安宝国际贸易有限公司；日期凭证：抬头签约时间）；包装：标贴尺寸：80x16mm
塑料盒盖用红色【tools/ziliao/extract_price_seeds.mjs 自动抽取·历史成交价·待甲方核对】"
安宝公司,"smith 乙炔割嘴 SC-12-1 103g
代码：4134",15.00,CNY,2022-02-09,,contract,来源文件：ziliao/安宝公司/INFAR不干胶/INFRA合同/2022/AB22050 出口产品供需合同-奉化一洲.xls（工作表 订单 第 15 行；合同号 返单AB21546返单AB21036；抬头需方 宁波安宝国际贸易有限公司；日期凭证：抬头签约时间）【tools/ziliao/extract_price_seeds.mjs 自动抽取·历史成交价·待甲方核对】
安宝公司,"smith 乙炔割嘴 SC-12-2 103g
代码：4136",15.00,CNY,2022-02-09,,contract,来源文件：ziliao/安宝公司/INFAR不干胶/INFRA合同/2022/AB22050 出口产品供需合同-奉化一洲.xls（工作表 订单 第 16 行；合同号 返单AB21546返单AB21036；抬头需方 宁波安宝国际贸易有限公司；日期凭证：抬头签约时间）【tools/ziliao/extract_price_seeds.mjs 自动抽取·历史成交价·待甲方核对】
安宝公司,"smith 乙炔割嘴 SC-12-3 103g
代码：4137",15.00,CNY,2022-02-09,,contract,来源文件：ziliao/安宝公司/INFAR不干胶/INFRA合同/2022/AB22050 出口产品供需合同-奉化一洲.xls（工作表 订单 第 17 行；合同号 返单AB21546返单AB21036；抬头需方 宁波安宝国际贸易有限公司；日期凭证：抬头签约时间）【tools/ziliao/extract_price_seeds.mjs 自动抽取·历史成交价·待甲方核对】
安宝公司,"smith 乙炔割嘴 SC-12-5 103g
代码：4151",15.00,CNY,2022-02-09,,contract,来源文件：ziliao/安宝公司/INFAR不干胶/INFRA合同/2022/AB22050 出口产品供需合同-奉化一洲.xls（工作表 订单 第 18 行；合同号 返单AB21546返单AB21036；抬头需方 宁波安宝国际贸易有限公司；日期凭证：抬头签约时间）【tools/ziliao/extract_price_seeds.mjs 自动抽取·历史成交价·待甲方核对】
安宝公司,6290 乙炔 2#  塑料盒,9.00,CNY,2021-11-13,,contract,来源文件：ziliao/安宝公司/旧订单资料/GICOWELD/合同/AB211007 出口产品供需合同-奉化一洲.xls（工作表 订单 第 11 行；合同号 AB211007；抬头需方 宁波安宝国际贸易有限公司；日期凭证：抬头签约时间）【tools/ziliao/extract_price_seeds.mjs 自动抽取·历史成交价·待甲方核对】
安宝公司,6290 NX 2# 仿包装,6.00,CNY,2021-11-13,,contract,来源文件：ziliao/安宝公司/旧订单资料/GICOWELD/合同/AB211007 出口产品供需合同-奉化一洲.xls（工作表 订单 第 7 行；合同号 AB211007；抬头需方 宁波安宝国际贸易有限公司；日期凭证：抬头签约时间）【tools/ziliao/extract_price_seeds.mjs 自动抽取·历史成交价·待甲方核对】
安宝公司,"丙烷割嘴 GPN-3
代码：4194",8.50,CNY,2021-11-13,,contract,来源文件：ziliao/安宝公司/INFAR不干胶/INFRA合同/2021/AB21996 出口产品供需合同-一洲(1).xls（工作表 订单 第 17 行；合同号 AB21996返单AB21864；抬头需方 宁波安宝国际贸易有限公司；日期凭证：抬头签约时间）【tools/ziliao/extract_price_seeds.mjs 自动抽取·历史成交价·待甲方核对】
安宝公司,维克多款式 GPN  #0  仿,9.00,CNY,2021-11-13,,contract,来源文件：ziliao/安宝公司/旧订单资料/GICOWELD/合同/AB211007 出口产品供需合同-奉化一洲.xls（工作表 订单 第 8 行；合同号 AB211007；抬头需方 宁波安宝国际贸易有限公司；日期凭证：抬头签约时间）【tools/ziliao/extract_price_seeds.mjs 自动抽取·历史成交价·待甲方核对】
安宝公司,维克多款式 GPN  #2  仿,9.00,CNY,2021-11-13,,contract,来源文件：ziliao/安宝公司/旧订单资料/GICOWELD/合同/AB211007 出口产品供需合同-奉化一洲.xls（工作表 订单 第 9 行；合同号 AB211007；抬头需方 宁波安宝国际贸易有限公司；日期凭证：抬头签约时间）【tools/ziliao/extract_price_seeds.mjs 自动抽取·历史成交价·待甲方核对】
安宝公司,维克多款式 GPN  #6  仿,9.00,CNY,2021-11-13,,contract,来源文件：ziliao/安宝公司/旧订单资料/GICOWELD/合同/AB211007 出口产品供需合同-奉化一洲.xls（工作表 订单 第 10 行；合同号 AB211007；抬头需方 宁波安宝国际贸易有限公司；日期凭证：抬头签约时间）【tools/ziliao/extract_price_seeds.mjs 自动抽取·历史成交价·待甲方核对】
安宝公司,"乙炔割嘴1-101-2
代码：4191",11.80,CNY,2021-11-13,,contract,来源文件：ziliao/安宝公司/INFAR不干胶/INFRA合同/2021/AB21996 出口产品供需合同-一洲(1).xls（工作表 订单 第 16 行；合同号 AB21996返单AB21864；抬头需方 宁波安宝国际贸易有限公司；日期凭证：抬头签约时间）【tools/ziliao/extract_price_seeds.mjs 自动抽取·历史成交价·待甲方核对】
安宝公司,"HARRIS 丙烷割嘴6290-NX-0 53g
代码：4184",6.00,CNY,2021-11-13,,contract,来源文件：ziliao/安宝公司/INFAR不干胶/INFRA合同/2021/AB21996 出口产品供需合同-一洲(1).xls（工作表 订单 第 13 行；合同号 AB21996返单AB21864；抬头需方 宁波安宝国际贸易有限公司；日期凭证：抬头签约时间）【tools/ziliao/extract_price_seeds.mjs 自动抽取·历史成交价·待甲方核对】
安宝公司,"HARRIS 丙烷割嘴6290-NX-2 53g
代码：4187",6.00,CNY,2021-11-13,,contract,来源文件：ziliao/安宝公司/INFAR不干胶/INFRA合同/2021/AB21996 出口产品供需合同-一洲(1).xls（工作表 订单 第 14 行；合同号 AB21996返单AB21864；抬头需方 宁波安宝国际贸易有限公司；日期凭证：抬头签约时间）【tools/ziliao/extract_price_seeds.mjs 自动抽取·历史成交价·待甲方核对】
安宝公司,"HARRIS 乙炔割嘴6290-2 
代码：4210",8.60,CNY,2021-11-13,,contract,来源文件：ziliao/安宝公司/INFAR不干胶/INFRA合同/2021/AB21996 出口产品供需合同-一洲(1).xls（工作表 订单 第 15 行；合同号 AB21996返单AB21864；抬头需方 宁波安宝国际贸易有限公司；日期凭证：抬头签约时间）【tools/ziliao/extract_price_seeds.mjs 自动抽取·历史成交价·待甲方核对】
安宝公司,SC-50-A-0 丙烷割嘴 91.36g,13.50,CNY,2021-11-13,,contract,"来源文件：ziliao/安宝公司/Weldsolutions不干胶/合同/2022前/AB21997 出口产品供需合同-一洲.xls（工作表 订单 第 7 行；合同号 AB21997返单AB21781；抬头需方 宁波安宝国际贸易有限公司；日期凭证：抬头签约时间）；包装：包装要求：丙烷用深蓝色盖子
贴尺寸：80x16mm
要刻字：刻对应型号如图所示【tools/ziliao/extract_price_seeds.mjs 自动抽取·历史成交价·待甲方核对】"
安宝公司,SC-50-A-3 丙烷割嘴 91.36g,13.50,CNY,2021-11-13,,contract,来源文件：ziliao/安宝公司/Weldsolutions不干胶/合同/2022前/AB21997 出口产品供需合同-一洲.xls（工作表 订单 第 8 行；合同号 AB21997返单AB21781；抬头需方 宁波安宝国际贸易有限公司；日期凭证：抬头签约时间）【tools/ziliao/extract_price_seeds.mjs 自动抽取·历史成交价·待甲方核对】
安宝公司,"smith 丙烷割嘴 SC-50-A-2 93g
代码：4158",13.50,CNY,2021-11-13,,contract,来源文件：ziliao/安宝公司/INFAR不干胶/INFRA合同/2021/AB21996 出口产品供需合同-一洲(1).xls（工作表 订单 第 7 行；合同号 AB21996返单AB21864；抬头需方 宁波安宝国际贸易有限公司；日期凭证：抬头签约时间）【tools/ziliao/extract_price_seeds.mjs 自动抽取·历史成交价·待甲方核对】
安宝公司,"smith 丙烷割嘴 SC-50-A-3 93g
代码：4161",13.50,CNY,2021-11-13,,contract,来源文件：ziliao/安宝公司/INFAR不干胶/INFRA合同/2021/AB21996 出口产品供需合同-一洲(1).xls（工作表 订单 第 8 行；合同号 AB21996返单AB21864；抬头需方 宁波安宝国际贸易有限公司；日期凭证：抬头签约时间）【tools/ziliao/extract_price_seeds.mjs 自动抽取·历史成交价·待甲方核对】
安宝公司,"smith 丙烷割嘴 SC-50-A-7 93g
代码：4164",13.50,CNY,2021-11-13,,contract,来源文件：ziliao/安宝公司/INFAR不干胶/INFRA合同/2021/AB21996 出口产品供需合同-一洲(1).xls（工作表 订单 第 9 行；合同号 AB21996返单AB21864；抬头需方 宁波安宝国际贸易有限公司；日期凭证：抬头签约时间）【tools/ziliao/extract_price_seeds.mjs 自动抽取·历史成交价·待甲方核对】
安宝公司,"smith 乙炔割嘴 SC-12-1 103g
代码：4134",14.50,CNY,2021-11-13,,contract,来源文件：ziliao/安宝公司/INFAR不干胶/INFRA合同/2021/AB21996 出口产品供需合同-一洲(1).xls（工作表 订单 第 10 行；合同号 AB21996返单AB21864；抬头需方 宁波安宝国际贸易有限公司；日期凭证：抬头签约时间）【tools/ziliao/extract_price_seeds.mjs 自动抽取·历史成交价·待甲方核对】
安宝公司,"smith 乙炔割嘴 SC-12-2 103g
代码：4136",14.50,CNY,2021-11-13,,contract,来源文件：ziliao/安宝公司/INFAR不干胶/INFRA合同/2021/AB21996 出口产品供需合同-一洲(1).xls（工作表 订单 第 11 行；合同号 AB21996返单AB21864；抬头需方 宁波安宝国际贸易有限公司；日期凭证：抬头签约时间）【tools/ziliao/extract_price_seeds.mjs 自动抽取·历史成交价·待甲方核对】
安宝公司,"smith 乙炔割嘴 SC-12-4 103g
代码：4138",14.50,CNY,2021-11-13,,contract,来源文件：ziliao/安宝公司/INFAR不干胶/INFRA合同/2021/AB21996 出口产品供需合同-一洲(1).xls（工作表 订单 第 12 行；合同号 AB21996返单AB21864；抬头需方 宁波安宝国际贸易有限公司；日期凭证：抬头签约时间）【tools/ziliao/extract_price_seeds.mjs 自动抽取·历史成交价·待甲方核对】
安宝公司,GPN 割嘴 0#,8.50,CNY,2021-11-05,,contract,来源文件：ziliao/安宝公司/旧订单资料/M Haseeb victor GPN/AB21960 出口产品供需合同-奉化一洲.xls（工作表 订单 第 9 行；合同号 AB21960；抬头需方 宁波安宝国际贸易有限公司；日期凭证：抬头签约时间）【tools/ziliao/extract_price_seeds.mjs 自动抽取·历史成交价·待甲方核对】
安宝公司,GPN 割嘴 00#,8.50,CNY,2021-11-05,,contract,"来源文件：ziliao/安宝公司/旧订单资料/M Haseeb victor GPN/AB21960 出口产品供需合同-奉化一洲.xls（工作表 订单 第 7 行；合同号 AB21960；抬头需方 宁波安宝国际贸易有限公司；日期凭证：抬头签约时间）；包装：包装：仿包装（塑料盒+贴标）如下图

刻字：
头部也要刻字，如下图【tools/ziliao/extract_price_seeds.mjs 自动抽取·历史成交价·待甲方核对】"
安宝公司,GPN 割嘴 000#,8.50,CNY,2021-11-05,,contract,来源文件：ziliao/安宝公司/旧订单资料/M Haseeb victor GPN/AB21960 出口产品供需合同-奉化一洲.xls（工作表 订单 第 8 行；合同号 AB21960；抬头需方 宁波安宝国际贸易有限公司；日期凭证：抬头签约时间）【tools/ziliao/extract_price_seeds.mjs 自动抽取·历史成交价·待甲方核对】
安宝公司,GPN 割嘴 1#,8.50,CNY,2021-11-05,,contract,来源文件：ziliao/安宝公司/旧订单资料/M Haseeb victor GPN/AB21960 出口产品供需合同-奉化一洲.xls（工作表 订单 第 10 行；合同号 AB21960；抬头需方 宁波安宝国际贸易有限公司；日期凭证：抬头签约时间）【tools/ziliao/extract_price_seeds.mjs 自动抽取·历史成交价·待甲方核对】
安宝公司,GPN 割嘴 5#,8.50,CNY,2021-11-05,,contract,来源文件：ziliao/安宝公司/旧订单资料/M Haseeb victor GPN/AB21960 出口产品供需合同-奉化一洲.xls（工作表 订单 第 14 行；合同号 AB21960；抬头需方 宁波安宝国际贸易有限公司；日期凭证：抬头签约时间）【tools/ziliao/extract_price_seeds.mjs 自动抽取·历史成交价·待甲方核对】
安宝公司,GPN CUTTING NOZZLE 2#,8.50,CNY,2021-11-05,,contract,来源文件：ziliao/安宝公司/旧订单资料/M Haseeb victor GPN/AB21960 出口产品供需合同-奉化一洲.xls（工作表 订单 第 11 行；合同号 AB21960；抬头需方 宁波安宝国际贸易有限公司；日期凭证：抬头签约时间）【tools/ziliao/extract_price_seeds.mjs 自动抽取·历史成交价·待甲方核对】
安宝公司,GPN CUTTING NOZZLE 3#,8.50,CNY,2021-11-05,,contract,来源文件：ziliao/安宝公司/旧订单资料/M Haseeb victor GPN/AB21960 出口产品供需合同-奉化一洲.xls（工作表 订单 第 12 行；合同号 AB21960；抬头需方 宁波安宝国际贸易有限公司；日期凭证：抬头签约时间）【tools/ziliao/extract_price_seeds.mjs 自动抽取·历史成交价·待甲方核对】
安宝公司,GPN CUTTING NOZZLE 4#,8.50,CNY,2021-11-05,,contract,来源文件：ziliao/安宝公司/旧订单资料/M Haseeb victor GPN/AB21960 出口产品供需合同-奉化一洲.xls（工作表 订单 第 13 行；合同号 AB21960；抬头需方 宁波安宝国际贸易有限公司；日期凭证：抬头签约时间）【tools/ziliao/extract_price_seeds.mjs 自动抽取·历史成交价·待甲方核对】
安宝公司,"澳大利亚款式乙炔 割嘴 41-12
刻字内容：如右图所示41  12",12.00,CNY,2021-10-14,,contract,"来源文件：ziliao/安宝公司/HARRIS 6290-2AC, 41 原装/41合同/AB21902 出口产品供需合同-奉化一洲(1).xls（工作表 订单 第 7 行；合同号 AB21902返单AB20910；抬头需方 宁波安宝国际贸易有限公司；日期凭证：抬头签约时间）；包装：散装：但需确保运输途中不能损坏。【tools/ziliao/extract_price_seeds.mjs 自动抽取·历史成交价·待甲方核对】"
安宝公司,"澳大利亚款式乙炔 割嘴 41-15
刻字内容如图所示41  15",12.00,CNY,2021-10-14,,contract,"来源文件：ziliao/安宝公司/HARRIS 6290-2AC, 41 原装/41合同/AB21902 出口产品供需合同-奉化一洲(1).xls（工作表 订单 第 8 行；合同号 AB21902返单AB20910；抬头需方 宁波安宝国际贸易有限公司；日期凭证：抬头签约时间）【tools/ziliao/extract_price_seeds.mjs 自动抽取·历史成交价·待甲方核对】"
安宝公司,"内嘴 P2 9槽 重42.5g

刻字：内容规格+型号
包装：只/塑料袋 500只/箱",3.36,CNY,2021-10-14,,contract,来源文件：ziliao/安宝公司/旧订单资料/REDIUS俄罗斯/P#21420/AB21912 出口产品供需合同-奉化一洲.xls（工作表 订单 第 7 行；合同号 AB21912返单AB21144返单AB21116；抬头需方 宁波安宝国际贸易有限公司；日期凭证：抬头签约时间）【tools/ziliao/extract_price_seeds.mjs 自动抽取·历史成交价·待甲方核对】
安宝公司,割嘴 1-101 #0 仿包装,12.00,CNY,2021-10-11,,contract,"来源文件：ziliao/安宝公司/A. SH  AIR - OXY 里卡多/合同/2021/AB21875 出口产品供需合同-奉化一洲(1).xls（工作表 订单 第 31 行；合同号 AB21875返单AB21162；抬头需方 宁波安宝国际贸易有限公司；日期凭证：抬头签约时间）；包装：包装要求：塑料盒
贴标：VICTOR
对应塑料盖上刻字“VICTOR”




另注意，塑料盒盖子需要红/蓝区别 如下图【tools/ziliao/extract_price_seeds.mjs 自动抽取·历史成交价·待甲方核对】"
安宝公司,割嘴 1-101 #1 仿包装,12.00,CNY,2021-10-11,,contract,来源文件：ziliao/安宝公司/A. SH  AIR - OXY 里卡多/合同/2021/AB21875 出口产品供需合同-奉化一洲(1).xls（工作表 订单 第 32 行；合同号 AB21875返单AB21162；抬头需方 宁波安宝国际贸易有限公司；日期凭证：抬头签约时间）【tools/ziliao/extract_price_seeds.mjs 自动抽取·历史成交价·待甲方核对】
安宝公司,割嘴 1-101 #2 仿包装,12.00,CNY,2021-10-11,,contract,来源文件：ziliao/安宝公司/A. SH  AIR - OXY 里卡多/合同/2021/AB21875 出口产品供需合同-奉化一洲(1).xls（工作表 订单 第 33 行；合同号 AB21875返单AB21162；抬头需方 宁波安宝国际贸易有限公司；日期凭证：抬头签约时间）【tools/ziliao/extract_price_seeds.mjs 自动抽取·历史成交价·待甲方核对】
安宝公司,割嘴 1-101 #3 仿包装,12.00,CNY,2021-10-11,,contract,来源文件：ziliao/安宝公司/A. SH  AIR - OXY 里卡多/合同/2021/AB21875 出口产品供需合同-奉化一洲(1).xls（工作表 订单 第 34 行；合同号 AB21875返单AB21162；抬头需方 宁波安宝国际贸易有限公司；日期凭证：抬头签约时间）【tools/ziliao/extract_price_seeds.mjs 自动抽取·历史成交价·待甲方核对】
安宝公司,割嘴 1-101 #4 仿包装,12.00,CNY,2021-10-11,,contract,来源文件：ziliao/安宝公司/A. SH  AIR - OXY 里卡多/合同/2021/AB21875 出口产品供需合同-奉化一洲(1).xls（工作表 订单 第 35 行；合同号 AB21875返单AB21162；抬头需方 宁波安宝国际贸易有限公司；日期凭证：抬头签约时间）【tools/ziliao/extract_price_seeds.mjs 自动抽取·历史成交价·待甲方核对】
安宝公司,割嘴 1-101 #5 仿包装,12.00,CNY,2021-10-11,,contract,来源文件：ziliao/安宝公司/A. SH  AIR - OXY 里卡多/合同/2021/AB21875 出口产品供需合同-奉化一洲(1).xls（工作表 订单 第 36 行；合同号 AB21875返单AB21162；抬头需方 宁波安宝国际贸易有限公司；日期凭证：抬头签约时间）【tools/ziliao/extract_price_seeds.mjs 自动抽取·历史成交价·待甲方核对】
安宝公司,割嘴 1-101 #8 仿包装,12.00,CNY,2021-10-11,,contract,来源文件：ziliao/安宝公司/A. SH  AIR - OXY 里卡多/合同/2021/AB21875 出口产品供需合同-奉化一洲(1).xls（工作表 订单 第 37 行；合同号 AB21875返单AB21162；抬头需方 宁波安宝国际贸易有限公司；日期凭证：抬头签约时间）【tools/ziliao/extract_price_seeds.mjs 自动抽取·历史成交价·待甲方核对】
安宝公司,割嘴 GPN #0  塑料盖贴：GPN-0,9.00,CNY,2021-10-11,,contract,来源文件：ziliao/安宝公司/A. SH  AIR - OXY 里卡多/合同/2021/AB21875 出口产品供需合同-奉化一洲(1).xls（工作表 订单 第 8 行；合同号 AB21875返单AB21162；抬头需方 宁波安宝国际贸易有限公司；日期凭证：抬头签约时间）【tools/ziliao/extract_price_seeds.mjs 自动抽取·历史成交价·待甲方核对】
安宝公司,割嘴 GPN #0 仿包装,9.00,CNY,2021-10-11,,contract,来源文件：ziliao/安宝公司/A. SH  AIR - OXY 里卡多/合同/2021/AB21875 出口产品供需合同-奉化一洲(1).xls（工作表 订单 第 39 行；合同号 AB21875返单AB21162；抬头需方 宁波安宝国际贸易有限公司；日期凭证：抬头签约时间）【tools/ziliao/extract_price_seeds.mjs 自动抽取·历史成交价·待甲方核对】
安宝公司,割嘴 GPN #00 仿包装,9.00,CNY,2021-10-11,,contract,来源文件：ziliao/安宝公司/A. SH  AIR - OXY 里卡多/合同/2021/AB21875 出口产品供需合同-奉化一洲(1).xls（工作表 订单 第 38 行；合同号 AB21875返单AB21162；抬头需方 宁波安宝国际贸易有限公司；日期凭证：抬头签约时间）【tools/ziliao/extract_price_seeds.mjs 自动抽取·历史成交价·待甲方核对】
安宝公司,割嘴 GPN #00 塑料盖贴：GPN-00,9.00,CNY,2021-10-11,,contract,"来源文件：ziliao/安宝公司/A. SH  AIR - OXY 里卡多/合同/2021/AB21875 出口产品供需合同-奉化一洲(1).xls（工作表 订单 第 7 行；合同号 AB21875返单AB21162；抬头需方 宁波安宝国际贸易有限公司；日期凭证：抬头签约时间）；包装：包装要求：塑料盒
贴标：AIR IMETAN
对应塑料盖上贴型号标贴如图


另注意，塑料盒盖子需要红/蓝区别





















PNME嘴外套刻字是229及型号，东西是PNME标贴是229【tools/ziliao/extract_price_seeds.mjs 自动抽取·历史成交价·待甲方核对】"
安宝公司,割嘴 GPN #1  塑料盖贴：GPN-1,9.00,CNY,2021-10-11,,contract,来源文件：ziliao/安宝公司/A. SH  AIR - OXY 里卡多/合同/2021/AB21875 出口产品供需合同-奉化一洲(1).xls（工作表 订单 第 9 行；合同号 AB21875返单AB21162；抬头需方 宁波安宝国际贸易有限公司；日期凭证：抬头签约时间）【tools/ziliao/extract_price_seeds.mjs 自动抽取·历史成交价·待甲方核对】
安宝公司,割嘴 GPN #1 仿包装,9.00,CNY,2021-10-11,,contract,来源文件：ziliao/安宝公司/A. SH  AIR - OXY 里卡多/合同/2021/AB21875 出口产品供需合同-奉化一洲(1).xls（工作表 订单 第 40 行；合同号 AB21875返单AB21162；抬头需方 宁波安宝国际贸易有限公司；日期凭证：抬头签约时间）【tools/ziliao/extract_price_seeds.mjs 自动抽取·历史成交价·待甲方核对】
安宝公司,割嘴 GPN #2  塑料盖贴：GPN-2,9.00,CNY,2021-10-11,,contract,来源文件：ziliao/安宝公司/A. SH  AIR - OXY 里卡多/合同/2021/AB21875 出口产品供需合同-奉化一洲(1).xls（工作表 订单 第 10 行；合同号 AB21875返单AB21162；抬头需方 宁波安宝国际贸易有限公司；日期凭证：抬头签约时间）【tools/ziliao/extract_price_seeds.mjs 自动抽取·历史成交价·待甲方核对】
安宝公司,割嘴 GPN #2 仿包装,9.00,CNY,2021-10-11,,contract,来源文件：ziliao/安宝公司/A. SH  AIR - OXY 里卡多/合同/2021/AB21875 出口产品供需合同-奉化一洲(1).xls（工作表 订单 第 41 行；合同号 AB21875返单AB21162；抬头需方 宁波安宝国际贸易有限公司；日期凭证：抬头签约时间）【tools/ziliao/extract_price_seeds.mjs 自动抽取·历史成交价·待甲方核对】
安宝公司,割嘴 GPN #3  塑料盖贴：GPN-3,9.00,CNY,2021-10-11,,contract,来源文件：ziliao/安宝公司/A. SH  AIR - OXY 里卡多/合同/2021/AB21875 出口产品供需合同-奉化一洲(1).xls（工作表 订单 第 11 行；合同号 AB21875返单AB21162；抬头需方 宁波安宝国际贸易有限公司；日期凭证：抬头签约时间）【tools/ziliao/extract_price_seeds.mjs 自动抽取·历史成交价·待甲方核对】
安宝公司,割嘴 GPN #3 仿包装,9.00,CNY,2021-10-11,,contract,来源文件：ziliao/安宝公司/A. SH  AIR - OXY 里卡多/合同/2021/AB21875 出口产品供需合同-奉化一洲(1).xls（工作表 订单 第 42 行；合同号 AB21875返单AB21162；抬头需方 宁波安宝国际贸易有限公司；日期凭证：抬头签约时间）【tools/ziliao/extract_price_seeds.mjs 自动抽取·历史成交价·待甲方核对】
安宝公司,割嘴 GPN #4  塑料盖贴：GPN-4,9.00,CNY,2021-10-11,,contract,来源文件：ziliao/安宝公司/A. SH  AIR - OXY 里卡多/合同/2021/AB21875 出口产品供需合同-奉化一洲(1).xls（工作表 订单 第 12 行；合同号 AB21875返单AB21162；抬头需方 宁波安宝国际贸易有限公司；日期凭证：抬头签约时间）【tools/ziliao/extract_price_seeds.mjs 自动抽取·历史成交价·待甲方核对】
安宝公司,割嘴 GPN #4 仿包装,9.00,CNY,2021-10-11,,contract,来源文件：ziliao/安宝公司/A. SH  AIR - OXY 里卡多/合同/2021/AB21875 出口产品供需合同-奉化一洲(1).xls（工作表 订单 第 43 行；合同号 AB21875返单AB21162；抬头需方 宁波安宝国际贸易有限公司；日期凭证：抬头签约时间）【tools/ziliao/extract_price_seeds.mjs 自动抽取·历史成交价·待甲方核对】
安宝公司,割嘴 GPN #5  塑料盖贴：GPN-5,9.00,CNY,2021-10-11,,contract,来源文件：ziliao/安宝公司/A. SH  AIR - OXY 里卡多/合同/2021/AB21875 出口产品供需合同-奉化一洲(1).xls（工作表 订单 第 13 行；合同号 AB21875返单AB21162；抬头需方 宁波安宝国际贸易有限公司；日期凭证：抬头签约时间）【tools/ziliao/extract_price_seeds.mjs 自动抽取·历史成交价·待甲方核对】
安宝公司,割嘴 GPN #5 仿包装,9.00,CNY,2021-10-11,,contract,来源文件：ziliao/安宝公司/A. SH  AIR - OXY 里卡多/合同/2021/AB21875 出口产品供需合同-奉化一洲(1).xls（工作表 订单 第 44 行；合同号 AB21875返单AB21162；抬头需方 宁波安宝国际贸易有限公司；日期凭证：抬头签约时间）【tools/ziliao/extract_price_seeds.mjs 自动抽取·历史成交价·待甲方核对】
安宝公司,割嘴 GPN #6 仿包装,9.00,CNY,2021-10-11,,contract,来源文件：ziliao/安宝公司/A. SH  AIR - OXY 里卡多/合同/2021/AB21875 出口产品供需合同-奉化一洲(1).xls（工作表 订单 第 45 行；合同号 AB21875返单AB21162；抬头需方 宁波安宝国际贸易有限公司；日期凭证：抬头签约时间）【tools/ziliao/extract_price_seeds.mjs 自动抽取·历史成交价·待甲方核对】
安宝公司,割嘴 GPN #7 仿包装,9.00,CNY,2021-10-11,,contract,来源文件：ziliao/安宝公司/A. SH  AIR - OXY 里卡多/合同/2021/AB21875 出口产品供需合同-奉化一洲(1).xls（工作表 订单 第 46 行；合同号 AB21875返单AB21162；抬头需方 宁波安宝国际贸易有限公司；日期凭证：抬头签约时间）【tools/ziliao/extract_price_seeds.mjs 自动抽取·历史成交价·待甲方核对】
安宝公司,割嘴 GPN #8 仿包装,9.00,CNY,2021-10-11,,contract,来源文件：ziliao/安宝公司/A. SH  AIR - OXY 里卡多/合同/2021/AB21875 出口产品供需合同-奉化一洲(1).xls（工作表 订单 第 47 行；合同号 AB21875返单AB21162；抬头需方 宁波安宝国际贸易有限公司；日期凭证：抬头签约时间）【tools/ziliao/extract_price_seeds.mjs 自动抽取·历史成交价·待甲方核对】
安宝公司,"乙炔割嘴 1-101 #0
塑料盖贴：1-101 0",12.00,CNY,2021-10-11,,contract,来源文件：ziliao/安宝公司/A. SH  AIR - OXY 里卡多/合同/2021/AB21875 出口产品供需合同-奉化一洲(1).xls（工作表 订单 第 14 行；合同号 AB21875返单AB21162；抬头需方 宁波安宝国际贸易有限公司；日期凭证：抬头签约时间）【tools/ziliao/extract_price_seeds.mjs 自动抽取·历史成交价·待甲方核对】
安宝公司,"乙炔割嘴 1-101 #1
塑料盖贴：1-101 1",12.00,CNY,2021-10-11,,contract,来源文件：ziliao/安宝公司/A. SH  AIR - OXY 里卡多/合同/2021/AB21875 出口产品供需合同-奉化一洲(1).xls（工作表 订单 第 15 行；合同号 AB21875返单AB21162；抬头需方 宁波安宝国际贸易有限公司；日期凭证：抬头签约时间）【tools/ziliao/extract_price_seeds.mjs 自动抽取·历史成交价·待甲方核对】
安宝公司,"乙炔割嘴 1-101 #2
塑料盖贴：1-101 2",12.00,CNY,2021-10-11,,contract,来源文件：ziliao/安宝公司/A. SH  AIR - OXY 里卡多/合同/2021/AB21875 出口产品供需合同-奉化一洲(1).xls（工作表 订单 第 16 行；合同号 AB21875返单AB21162；抬头需方 宁波安宝国际贸易有限公司；日期凭证：抬头签约时间）【tools/ziliao/extract_price_seeds.mjs 自动抽取·历史成交价·待甲方核对】
安宝公司,"乙炔割嘴 1-101 #3
塑料盖贴：1-101 3",12.00,CNY,2021-10-11,,contract,来源文件：ziliao/安宝公司/A. SH  AIR - OXY 里卡多/合同/2021/AB21875 出口产品供需合同-奉化一洲(1).xls（工作表 订单 第 17 行；合同号 AB21875返单AB21162；抬头需方 宁波安宝国际贸易有限公司；日期凭证：抬头签约时间）【tools/ziliao/extract_price_seeds.mjs 自动抽取·历史成交价·待甲方核对】
安宝公司,"乙炔割嘴 1-101 #4
塑料盖贴：1-101 4",12.00,CNY,2021-10-11,,contract,来源文件：ziliao/安宝公司/A. SH  AIR - OXY 里卡多/合同/2021/AB21875 出口产品供需合同-奉化一洲(1).xls（工作表 订单 第 18 行；合同号 AB21875返单AB21162；抬头需方 宁波安宝国际贸易有限公司；日期凭证：抬头签约时间）【tools/ziliao/extract_price_seeds.mjs 自动抽取·历史成交价·待甲方核对】
安宝公司,乙炔割嘴 164 #0 塑料盖贴：164-0,14.00,CNY,2021-10-11,,contract,来源文件：ziliao/安宝公司/A. SH  AIR - OXY 里卡多/合同/2021/AB21875 出口产品供需合同-奉化一洲(1).xls（工作表 订单 第 19 行；合同号 AB21875返单AB21162；抬头需方 宁波安宝国际贸易有限公司；日期凭证：抬头签约时间）【tools/ziliao/extract_price_seeds.mjs 自动抽取·历史成交价·待甲方核对】
安宝公司,乙炔割嘴 164 #1 塑料盖贴：164-1,14.00,CNY,2021-10-11,,contract,来源文件：ziliao/安宝公司/A. SH  AIR - OXY 里卡多/合同/2021/AB21875 出口产品供需合同-奉化一洲(1).xls（工作表 订单 第 20 行；合同号 AB21875返单AB21162；抬头需方 宁波安宝国际贸易有限公司；日期凭证：抬头签约时间）【tools/ziliao/extract_price_seeds.mjs 自动抽取·历史成交价·待甲方核对】
安宝公司,乙炔割嘴 164 #2 塑料盖贴：164-2,14.00,CNY,2021-10-11,,contract,来源文件：ziliao/安宝公司/A. SH  AIR - OXY 里卡多/合同/2021/AB21875 出口产品供需合同-奉化一洲(1).xls（工作表 订单 第 21 行；合同号 AB21875返单AB21162；抬头需方 宁波安宝国际贸易有限公司；日期凭证：抬头签约时间）【tools/ziliao/extract_price_seeds.mjs 自动抽取·历史成交价·待甲方核对】
安宝公司,乙炔割嘴 164 #3 塑料盖贴：164-3,14.00,CNY,2021-10-11,,contract,来源文件：ziliao/安宝公司/A. SH  AIR - OXY 里卡多/合同/2021/AB21875 出口产品供需合同-奉化一洲(1).xls（工作表 订单 第 22 行；合同号 AB21875返单AB21162；抬头需方 宁波安宝国际贸易有限公司；日期凭证：抬头签约时间）【tools/ziliao/extract_price_seeds.mjs 自动抽取·历史成交价·待甲方核对】
安宝公司,乙炔割嘴 164 #4 塑料盖贴：164-4,14.00,CNY,2021-10-11,,contract,来源文件：ziliao/安宝公司/A. SH  AIR - OXY 里卡多/合同/2021/AB21875 出口产品供需合同-奉化一洲(1).xls（工作表 订单 第 23 行；合同号 AB21875返单AB21162；抬头需方 宁波安宝国际贸易有限公司；日期凭证：抬头签约时间）【tools/ziliao/extract_price_seeds.mjs 自动抽取·历史成交价·待甲方核对】
安宝公司,PNME割嘴 229 #0 塑料盖贴：229-0,8.00,CNY,2021-10-11,,contract,来源文件：ziliao/安宝公司/A. SH  AIR - OXY 里卡多/合同/2021/AB21875 出口产品供需合同-奉化一洲(1).xls（工作表 订单 第 24 行；合同号 AB21875返单AB21162；抬头需方 宁波安宝国际贸易有限公司；日期凭证：抬头签约时间）【tools/ziliao/extract_price_seeds.mjs 自动抽取·历史成交价·待甲方核对】
安宝公司,PNME割嘴 229 #1 塑料盖贴：229-1,8.00,CNY,2021-10-11,,contract,来源文件：ziliao/安宝公司/A. SH  AIR - OXY 里卡多/合同/2021/AB21875 出口产品供需合同-奉化一洲(1).xls（工作表 订单 第 25 行；合同号 AB21875返单AB21162；抬头需方 宁波安宝国际贸易有限公司；日期凭证：抬头签约时间）【tools/ziliao/extract_price_seeds.mjs 自动抽取·历史成交价·待甲方核对】
安宝公司,PNME割嘴 229 #2 塑料盖贴：229-2,8.00,CNY,2021-10-11,,contract,来源文件：ziliao/安宝公司/A. SH  AIR - OXY 里卡多/合同/2021/AB21875 出口产品供需合同-奉化一洲(1).xls（工作表 订单 第 26 行；合同号 AB21875返单AB21162；抬头需方 宁波安宝国际贸易有限公司；日期凭证：抬头签约时间）【tools/ziliao/extract_price_seeds.mjs 自动抽取·历史成交价·待甲方核对】
安宝公司,PNME割嘴 229 #3 塑料盖贴：229-3,8.00,CNY,2021-10-11,,contract,来源文件：ziliao/安宝公司/A. SH  AIR - OXY 里卡多/合同/2021/AB21875 出口产品供需合同-奉化一洲(1).xls（工作表 订单 第 27 行；合同号 AB21875返单AB21162；抬头需方 宁波安宝国际贸易有限公司；日期凭证：抬头签约时间）【tools/ziliao/extract_price_seeds.mjs 自动抽取·历史成交价·待甲方核对】
安宝公司,PNME割嘴 229 #4 塑料盖贴：229-4,8.00,CNY,2021-10-11,,contract,来源文件：ziliao/安宝公司/A. SH  AIR - OXY 里卡多/合同/2021/AB21875 出口产品供需合同-奉化一洲(1).xls（工作表 订单 第 28 行；合同号 AB21875返单AB21162；抬头需方 宁波安宝国际贸易有限公司；日期凭证：抬头签约时间）【tools/ziliao/extract_price_seeds.mjs 自动抽取·历史成交价·待甲方核对】
安宝公司,PNME割嘴 229 #5 塑料盖贴：229-5,8.00,CNY,2021-10-11,,contract,来源文件：ziliao/安宝公司/A. SH  AIR - OXY 里卡多/合同/2021/AB21875 出口产品供需合同-奉化一洲(1).xls（工作表 订单 第 29 行；合同号 AB21875返单AB21162；抬头需方 宁波安宝国际贸易有限公司；日期凭证：抬头签约时间）【tools/ziliao/extract_price_seeds.mjs 自动抽取·历史成交价·待甲方核对】
安宝公司,PNME割嘴 229 #6 塑料盖贴：229-6,8.00,CNY,2021-10-11,,contract,来源文件：ziliao/安宝公司/A. SH  AIR - OXY 里卡多/合同/2021/AB21875 出口产品供需合同-奉化一洲(1).xls（工作表 订单 第 30 行；合同号 AB21875返单AB21162；抬头需方 宁波安宝国际贸易有限公司；日期凭证：抬头签约时间）【tools/ziliao/extract_price_seeds.mjs 自动抽取·历史成交价·待甲方核对】
安宝公司,"割嘴 G1-P 10/10""",8.80,CNY,2021-10-09,,contract,来源文件：ziliao/安宝公司/G1-P/G1-P彩盒/AB21870 出口产品供需合同-奉化一洲.xls（工作表 订单 第 9 行；合同号 AB21870；抬头需方 宁波安宝国际贸易有限公司；日期凭证：抬头签约时间）【tools/ziliao/extract_price_seeds.mjs 自动抽取·历史成交价·待甲方核对】
安宝公司,"割嘴 G1-P 12/10""",8.80,CNY,2021-10-09,,contract,来源文件：ziliao/安宝公司/G1-P/G1-P彩盒/AB21870 出口产品供需合同-奉化一洲.xls（工作表 订单 第 8 行；合同号 AB21870；抬头需方 宁波安宝国际贸易有限公司；日期凭证：抬头签约时间）【tools/ziliao/extract_price_seeds.mjs 自动抽取·历史成交价·待甲方核对】
安宝公司,"割嘴 G1-P 16/10""",8.80,CNY,2021-10-09,,contract,来源文件：ziliao/安宝公司/G1-P/G1-P彩盒/AB21870 出口产品供需合同-奉化一洲.xls（工作表 订单 第 10 行；合同号 AB21870；抬头需方 宁波安宝国际贸易有限公司；日期凭证：抬头签约时间）【tools/ziliao/extract_price_seeds.mjs 自动抽取·历史成交价·待甲方核对】
安宝公司,"割嘴 G1-P 7/10""",8.80,CNY,2021-10-09,,contract,来源文件：ziliao/安宝公司/G1-P/G1-P彩盒/AB21870 出口产品供需合同-奉化一洲.xls（工作表 订单 第 7 行；合同号 AB21870；抬头需方 宁波安宝国际贸易有限公司；日期凭证：抬头签约时间）；包装：白盒包装【tools/ziliao/extract_price_seeds.mjs 自动抽取·历史成交价·待甲方核对】
安宝公司,"丙烷割嘴
代码：4193",8.50,CNY,2021-10-08,,contract,"来源文件：ziliao/安宝公司/INFAR不干胶/INFRA合同/2021/AB21864 出口产品供需合同-奉化一洲(2).xls（工作表 订单 第 30 行；合同号 AB21864返单AB21546返单AB21036；抬头需方 宁波安宝国际贸易有限公司；日期凭证：抬头签约时间）；包装：标贴尺寸：80x16mm
塑料盒盖用黑色【tools/ziliao/extract_price_seeds.mjs 自动抽取·历史成交价·待甲方核对】"
安宝公司,"丙烷割嘴
代码：4194",8.50,CNY,2021-10-08,,contract,来源文件：ziliao/安宝公司/INFAR不干胶/INFRA合同/2021/AB21864 出口产品供需合同-奉化一洲(2).xls（工作表 订单 第 31 行；合同号 AB21864返单AB21546返单AB21036；抬头需方 宁波安宝国际贸易有限公司；日期凭证：抬头签约时间）【tools/ziliao/extract_price_seeds.mjs 自动抽取·历史成交价·待甲方核对】
安宝公司,"乙炔割嘴1-101-1
代码：4190",11.80,CNY,2021-10-08,,contract,"来源文件：ziliao/安宝公司/INFAR不干胶/INFRA合同/2021/AB21864 出口产品供需合同-奉化一洲(2).xls（工作表 订单 第 27 行；合同号 AB21864返单AB21546返单AB21036；抬头需方 宁波安宝国际贸易有限公司；日期凭证：抬头签约时间）；包装：标贴尺寸：80x16mm
塑料盒盖用红色【tools/ziliao/extract_price_seeds.mjs 自动抽取·历史成交价·待甲方核对】"
安宝公司,"乙炔割嘴1-101-2
代码：4191",11.80,CNY,2021-10-08,,contract,来源文件：ziliao/安宝公司/INFAR不干胶/INFRA合同/2021/AB21864 出口产品供需合同-奉化一洲(2).xls（工作表 订单 第 28 行；合同号 AB21864返单AB21546返单AB21036；抬头需方 宁波安宝国际贸易有限公司；日期凭证：抬头签约时间）【tools/ziliao/extract_price_seeds.mjs 自动抽取·历史成交价·待甲方核对】
安宝公司,"乙炔割嘴1-101-3
代码：4192",11.80,CNY,2021-10-08,,contract,来源文件：ziliao/安宝公司/INFAR不干胶/INFRA合同/2021/AB21864 出口产品供需合同-奉化一洲(2).xls（工作表 订单 第 29 行；合同号 AB21864返单AB21546返单AB21036；抬头需方 宁波安宝国际贸易有限公司；日期凭证：抬头签约时间）【tools/ziliao/extract_price_seeds.mjs 自动抽取·历史成交价·待甲方核对】
安宝公司,"HARRIS 丙烷割嘴6290-NX-0 53g
代码：4184",6.00,CNY,2021-10-08,,contract,"来源文件：ziliao/安宝公司/INFAR不干胶/INFRA合同/2021/AB21864 出口产品供需合同-奉化一洲(2).xls（工作表 订单 第 20 行；合同号 AB21864返单AB21546返单AB21036；抬头需方 宁波安宝国际贸易有限公司；日期凭证：抬头签约时间）；包装：标贴尺寸：80x16mm
塑料盒盖用黑色【tools/ziliao/extract_price_seeds.mjs 自动抽取·历史成交价·待甲方核对】"
安宝公司,"HARRIS 丙烷割嘴6290-NX-1 53g
代码：4186",6.00,CNY,2021-10-08,,contract,来源文件：ziliao/安宝公司/INFAR不干胶/INFRA合同/2021/AB21864 出口产品供需合同-奉化一洲(2).xls（工作表 订单 第 21 行；合同号 AB21864返单AB21546返单AB21036；抬头需方 宁波安宝国际贸易有限公司；日期凭证：抬头签约时间）【tools/ziliao/extract_price_seeds.mjs 自动抽取·历史成交价·待甲方核对】
安宝公司,"HARRIS 丙烷割嘴6290-NX-2 53g
代码：4187",6.00,CNY,2021-10-08,,contract,来源文件：ziliao/安宝公司/INFAR不干胶/INFRA合同/2021/AB21864 出口产品供需合同-奉化一洲(2).xls（工作表 订单 第 22 行；合同号 AB21864返单AB21546返单AB21036；抬头需方 宁波安宝国际贸易有限公司；日期凭证：抬头签约时间）【tools/ziliao/extract_price_seeds.mjs 自动抽取·历史成交价·待甲方核对】
安宝公司,"HARRIS 丙烷割嘴6290-NX-3 53g
代码：4188",6.00,CNY,2021-10-08,,contract,来源文件：ziliao/安宝公司/INFAR不干胶/INFRA合同/2021/AB21864 出口产品供需合同-奉化一洲(2).xls（工作表 订单 第 23 行；合同号 AB21864返单AB21546返单AB21036；抬头需方 宁波安宝国际贸易有限公司；日期凭证：抬头签约时间）【tools/ziliao/extract_price_seeds.mjs 自动抽取·历史成交价·待甲方核对】
安宝公司,"HARRIS 乙炔割嘴6290-1 
代码：4208",8.60,CNY,2021-10-08,,contract,"来源文件：ziliao/安宝公司/INFAR不干胶/INFRA合同/2021/AB21864 出口产品供需合同-奉化一洲(2).xls（工作表 订单 第 24 行；合同号 AB21864返单AB21546返单AB21036；抬头需方 宁波安宝国际贸易有限公司；日期凭证：抬头签约时间）；包装：标贴尺寸：80x16mm
塑料盒盖用红色【tools/ziliao/extract_price_seeds.mjs 自动抽取·历史成交价·待甲方核对】"
安宝公司,"HARRIS 乙炔割嘴6290-2 
代码：4210",8.60,CNY,2021-10-08,,contract,来源文件：ziliao/安宝公司/INFAR不干胶/INFRA合同/2021/AB21864 出口产品供需合同-奉化一洲(2).xls（工作表 订单 第 25 行；合同号 AB21864返单AB21546返单AB21036；抬头需方 宁波安宝国际贸易有限公司；日期凭证：抬头签约时间）【tools/ziliao/extract_price_seeds.mjs 自动抽取·历史成交价·待甲方核对】
安宝公司,"HARRIS 乙炔割嘴6290-3 
代码：4027",8.60,CNY,2021-10-08,,contract,来源文件：ziliao/安宝公司/INFAR不干胶/INFRA合同/2021/AB21864 出口产品供需合同-奉化一洲(2).xls（工作表 订单 第 26 行；合同号 AB21864返单AB21546返单AB21036；抬头需方 宁波安宝国际贸易有限公司；日期凭证：抬头签约时间）【tools/ziliao/extract_price_seeds.mjs 自动抽取·历史成交价·待甲方核对】
安宝公司,"smith 丙烷割嘴 SC-50-A-0 93g
代码：4154",13.50,CNY,2021-10-08,,contract,"来源文件：ziliao/安宝公司/INFAR不干胶/INFRA合同/2021/AB21864 出口产品供需合同-奉化一洲(2).xls（工作表 订单 第 7 行；合同号 AB21864返单AB21546返单AB21036；抬头需方 宁波安宝国际贸易有限公司；日期凭证：抬头签约时间）；包装：标贴尺寸：80x16mm
塑料盒盖用黑色【tools/ziliao/extract_price_seeds.mjs 自动抽取·历史成交价·待甲方核对】"
安宝公司,"smith 丙烷割嘴 SC-50-A-1 93g
代码：4157",13.50,CNY,2021-10-08,,contract,来源文件：ziliao/安宝公司/INFAR不干胶/INFRA合同/2021/AB21864 出口产品供需合同-奉化一洲(2).xls（工作表 订单 第 8 行；合同号 AB21864返单AB21546返单AB21036；抬头需方 宁波安宝国际贸易有限公司；日期凭证：抬头签约时间）【tools/ziliao/extract_price_seeds.mjs 自动抽取·历史成交价·待甲方核对】
安宝公司,"smith 丙烷割嘴 SC-50-A-2 93g
代码：4158",13.50,CNY,2021-10-08,,contract,来源文件：ziliao/安宝公司/INFAR不干胶/INFRA合同/2021/AB21864 出口产品供需合同-奉化一洲(2).xls（工作表 订单 第 9 行；合同号 AB21864返单AB21546返单AB21036；抬头需方 宁波安宝国际贸易有限公司；日期凭证：抬头签约时间）【tools/ziliao/extract_price_seeds.mjs 自动抽取·历史成交价·待甲方核对】
安宝公司,"smith 丙烷割嘴 SC-50-A-3 93g
代码：4161",13.50,CNY,2021-10-08,,contract,来源文件：ziliao/安宝公司/INFAR不干胶/INFRA合同/2021/AB21864 出口产品供需合同-奉化一洲(2).xls（工作表 订单 第 10 行；合同号 AB21864返单AB21546返单AB21036；抬头需方 宁波安宝国际贸易有限公司；日期凭证：抬头签约时间）【tools/ziliao/extract_price_seeds.mjs 自动抽取·历史成交价·待甲方核对】
安宝公司,"smith 丙烷割嘴 SC-50-A-4 93g
代码：4162",13.50,CNY,2021-10-08,,contract,来源文件：ziliao/安宝公司/INFAR不干胶/INFRA合同/2021/AB21864 出口产品供需合同-奉化一洲(2).xls（工作表 订单 第 11 行；合同号 AB21864返单AB21546返单AB21036；抬头需方 宁波安宝国际贸易有限公司；日期凭证：抬头签约时间）【tools/ziliao/extract_price_seeds.mjs 自动抽取·历史成交价·待甲方核对】
安宝公司,"smith 丙烷割嘴 SC-50-A-5 93g
代码：4163",13.50,CNY,2021-10-08,,contract,来源文件：ziliao/安宝公司/INFAR不干胶/INFRA合同/2021/AB21864 出口产品供需合同-奉化一洲(2).xls（工作表 订单 第 12 行；合同号 AB21864返单AB21546返单AB21036；抬头需方 宁波安宝国际贸易有限公司；日期凭证：抬头签约时间）【tools/ziliao/extract_price_seeds.mjs 自动抽取·历史成交价·待甲方核对】
安宝公司,"smith 丙烷割嘴 SC-50-A-7 93g
代码：4164",13.50,CNY,2021-10-08,,contract,来源文件：ziliao/安宝公司/INFAR不干胶/INFRA合同/2021/AB21864 出口产品供需合同-奉化一洲(2).xls（工作表 订单 第 13 行；合同号 AB21864返单AB21546返单AB21036；抬头需方 宁波安宝国际贸易有限公司；日期凭证：抬头签约时间）【tools/ziliao/extract_price_seeds.mjs 自动抽取·历史成交价·待甲方核对】
安宝公司,"smith 乙炔割嘴 SC-12-0 103g
代码：4133",14.50,CNY,2021-10-08,,contract,"来源文件：ziliao/安宝公司/INFAR不干胶/INFRA合同/2021/AB21864 出口产品供需合同-奉化一洲(2).xls（工作表 订单 第 14 行；合同号 AB21864返单AB21546返单AB21036；抬头需方 宁波安宝国际贸易有限公司；日期凭证：抬头签约时间）；包装：标贴尺寸：80x16mm
塑料盒盖用红色【tools/ziliao/extract_price_seeds.mjs 自动抽取·历史成交价·待甲方核对】"
安宝公司,"smith 乙炔割嘴 SC-12-1 103g
代码：4134",14.50,CNY,2021-10-08,,contract,来源文件：ziliao/安宝公司/INFAR不干胶/INFRA合同/2021/AB21864 出口产品供需合同-奉化一洲(2).xls（工作表 订单 第 15 行；合同号 AB21864返单AB21546返单AB21036；抬头需方 宁波安宝国际贸易有限公司；日期凭证：抬头签约时间）【tools/ziliao/extract_price_seeds.mjs 自动抽取·历史成交价·待甲方核对】
安宝公司,"smith 乙炔割嘴 SC-12-2 103g
代码：4136",14.50,CNY,2021-10-08,,contract,来源文件：ziliao/安宝公司/INFAR不干胶/INFRA合同/2021/AB21864 出口产品供需合同-奉化一洲(2).xls（工作表 订单 第 16 行；合同号 AB21864返单AB21546返单AB21036；抬头需方 宁波安宝国际贸易有限公司；日期凭证：抬头签约时间）【tools/ziliao/extract_price_seeds.mjs 自动抽取·历史成交价·待甲方核对】
安宝公司,"smith 乙炔割嘴 SC-12-3 103g
代码：4137",14.50,CNY,2021-10-08,,contract,来源文件：ziliao/安宝公司/INFAR不干胶/INFRA合同/2021/AB21864 出口产品供需合同-奉化一洲(2).xls（工作表 订单 第 17 行；合同号 AB21864返单AB21546返单AB21036；抬头需方 宁波安宝国际贸易有限公司；日期凭证：抬头签约时间）【tools/ziliao/extract_price_seeds.mjs 自动抽取·历史成交价·待甲方核对】
安宝公司,"smith 乙炔割嘴 SC-12-4 103g
代码：4138",14.50,CNY,2021-10-08,,contract,来源文件：ziliao/安宝公司/INFAR不干胶/INFRA合同/2021/AB21864 出口产品供需合同-奉化一洲(2).xls（工作表 订单 第 18 行；合同号 AB21864返单AB21546返单AB21036；抬头需方 宁波安宝国际贸易有限公司；日期凭证：抬头签约时间）【tools/ziliao/extract_price_seeds.mjs 自动抽取·历史成交价·待甲方核对】
安宝公司,"smith 乙炔割嘴 SC-12-5 103g
代码：4151",14.50,CNY,2021-10-08,,contract,来源文件：ziliao/安宝公司/INFAR不干胶/INFRA合同/2021/AB21864 出口产品供需合同-奉化一洲(2).xls（工作表 订单 第 19 行；合同号 AB21864返单AB21546返单AB21036；抬头需方 宁波安宝国际贸易有限公司；日期凭证：抬头签约时间）【tools/ziliao/extract_price_seeds.mjs 自动抽取·历史成交价·待甲方核对】
安宝公司,1502割嘴#4,12.80,CNY,2021-09-15,,contract,"来源文件：ziliao/安宝公司/Technical Welding 1502,1503/订单/AB21790 出口产品供需合同-奉化一洲.xls（工作表 Sheet3 第 7 行；合同号 AB21790；抬头需方 宁波安宝国际贸易有限公司；日期凭证：抬头签约时间）【tools/ziliao/extract_price_seeds.mjs 自动抽取·历史成交价·待甲方核对】"
安宝公司,1502割嘴#6,12.80,CNY,2021-09-15,,contract,"来源文件：ziliao/安宝公司/Technical Welding 1502,1503/订单/AB21790 出口产品供需合同-奉化一洲.xls（工作表 Sheet3 第 8 行；合同号 AB21790；抬头需方 宁波安宝国际贸易有限公司；日期凭证：抬头签约时间）【tools/ziliao/extract_price_seeds.mjs 自动抽取·历史成交价·待甲方核对】"
安宝公司,1503割嘴#4,9.00,CNY,2021-09-15,,contract,"来源文件：ziliao/安宝公司/Technical Welding 1502,1503/订单/AB21790 出口产品供需合同-奉化一洲.xls（工作表 Sheet3 第 9 行；合同号 AB21790；抬头需方 宁波安宝国际贸易有限公司；日期凭证：抬头签约时间）【tools/ziliao/extract_price_seeds.mjs 自动抽取·历史成交价·待甲方核对】"
安宝公司,1503割嘴#6,9.00,CNY,2021-09-15,,contract,"来源文件：ziliao/安宝公司/Technical Welding 1502,1503/订单/AB21790 出口产品供需合同-奉化一洲.xls（工作表 Sheet3 第 10 行；合同号 AB21790；抬头需方 宁波安宝国际贸易有限公司；日期凭证：抬头签约时间）【tools/ziliao/extract_price_seeds.mjs 自动抽取·历史成交价·待甲方核对】"
安宝公司,1503割嘴#8,9.00,CNY,2021-09-15,,contract,"来源文件：ziliao/安宝公司/Technical Welding 1502,1503/订单/AB21790 出口产品供需合同-奉化一洲.xls（工作表 Sheet3 第 11 行；合同号 AB21790；抬头需方 宁波安宝国际贸易有限公司；日期凭证：抬头签约时间）【tools/ziliao/extract_price_seeds.mjs 自动抽取·历史成交价·待甲方核对】"
安宝公司,101-1-3 乙炔割嘴,11.50,CNY,2021-09-09,,contract,来源文件：ziliao/安宝公司/Weldsolutions不干胶/合同/2022前/AB21781 出口产品供需合同-奉化一洲.xls（工作表 订单 第 15 行；合同号 AB21781返单AB21403返单AB21323；抬头需方 宁波安宝国际贸易有限公司；日期凭证：抬头签约时间）【tools/ziliao/extract_price_seeds.mjs 自动抽取·历史成交价·待甲方核对】
安宝公司,101-1-4 乙炔割嘴,11.50,CNY,2021-09-09,,contract,来源文件：ziliao/安宝公司/Weldsolutions不干胶/合同/2022前/AB21781 出口产品供需合同-奉化一洲.xls（工作表 订单 第 16 行；合同号 AB21781返单AB21403返单AB21323；抬头需方 宁波安宝国际贸易有限公司；日期凭证：抬头签约时间）【tools/ziliao/extract_price_seeds.mjs 自动抽取·历史成交价·待甲方核对】
安宝公司,6290-NX-1 丙烷割嘴 49g,5.75,CNY,2021-09-09,,contract,"来源文件：ziliao/安宝公司/Weldsolutions不干胶/合同/2022前/AB21781 出口产品供需合同-奉化一洲.xls（工作表 订单 第 7 行；合同号 AB21781返单AB21403返单AB21323；抬头需方 宁波安宝国际贸易有限公司；日期凭证：抬头签约时间）；包装：标贴尺寸：80x16mm
塑料盒盖用蓝色【tools/ziliao/extract_price_seeds.mjs 自动抽取·历史成交价·待甲方核对】"
安宝公司,6290-NX-2 丙烷割嘴 49g,5.75,CNY,2021-09-09,,contract,来源文件：ziliao/安宝公司/Weldsolutions不干胶/合同/2022前/AB21781 出口产品供需合同-奉化一洲.xls（工作表 订单 第 8 行；合同号 AB21781返单AB21403返单AB21323；抬头需方 宁波安宝国际贸易有限公司；日期凭证：抬头签约时间）【tools/ziliao/extract_price_seeds.mjs 自动抽取·历史成交价·待甲方核对】
安宝公司,6290-NX-3 丙烷割嘴 49g,5.75,CNY,2021-09-09,,contract,来源文件：ziliao/安宝公司/Weldsolutions不干胶/合同/2022前/AB21781 出口产品供需合同-奉化一洲.xls（工作表 订单 第 9 行；合同号 AB21781返单AB21403返单AB21323；抬头需方 宁波安宝国际贸易有限公司；日期凭证：抬头签约时间）【tools/ziliao/extract_price_seeds.mjs 自动抽取·历史成交价·待甲方核对】
安宝公司,"丙烷割嘴
代码：4193",7.50,CNY,2021-09-09,,contract,"来源文件：ziliao/安宝公司/INFAR不干胶/INFRA合同/2021/AB21779 出口产品供需合同-奉化一洲.xls（工作表 订单 第 19 行；合同号 AB21779返单AB21546返单AB21036；抬头需方 宁波安宝国际贸易有限公司；日期凭证：抬头签约时间）；包装：标贴尺寸：80x16mm
塑料盒盖用黑色【tools/ziliao/extract_price_seeds.mjs 自动抽取·历史成交价·待甲方核对】"
安宝公司,"丙烷割嘴
代码：4194",7.50,CNY,2021-09-09,,contract,来源文件：ziliao/安宝公司/INFAR不干胶/INFRA合同/2021/AB21779 出口产品供需合同-奉化一洲.xls（工作表 订单 第 20 行；合同号 AB21779返单AB21546返单AB21036；抬头需方 宁波安宝国际贸易有限公司；日期凭证：抬头签约时间）【tools/ziliao/extract_price_seeds.mjs 自动抽取·历史成交价·待甲方核对】
安宝公司,"乙炔割嘴1-101-3
代码：4192",11.50,CNY,2021-09-09,,contract,"来源文件：ziliao/安宝公司/INFAR不干胶/INFRA合同/2021/AB21779 出口产品供需合同-奉化一洲.xls（工作表 订单 第 18 行；合同号 AB21779返单AB21546返单AB21036；抬头需方 宁波安宝国际贸易有限公司；日期凭证：抬头签约时间）；包装：标贴尺寸：80x16mm
塑料盒盖用红色【tools/ziliao/extract_price_seeds.mjs 自动抽取·历史成交价·待甲方核对】"
安宝公司,"HARRIS 丙烷割嘴6290-NX-1 53g
代码：4186",5.75,CNY,2021-09-09,,contract,"来源文件：ziliao/安宝公司/INFAR不干胶/INFRA合同/2021/AB21779 出口产品供需合同-奉化一洲.xls（工作表 订单 第 15 行；合同号 AB21779返单AB21546返单AB21036；抬头需方 宁波安宝国际贸易有限公司；日期凭证：抬头签约时间）；包装：标贴尺寸：80x16mm
塑料盒盖用黑色【tools/ziliao/extract_price_seeds.mjs 自动抽取·历史成交价·待甲方核对】"
安宝公司,"HARRIS 丙烷割嘴6290-NX-2 53g
代码：4187",5.75,CNY,2021-09-09,,contract,来源文件：ziliao/安宝公司/INFAR不干胶/INFRA合同/2021/AB21779 出口产品供需合同-奉化一洲.xls（工作表 订单 第 16 行；合同号 AB21779返单AB21546返单AB21036；抬头需方 宁波安宝国际贸易有限公司；日期凭证：抬头签约时间）【tools/ziliao/extract_price_seeds.mjs 自动抽取·历史成交价·待甲方核对】
安宝公司,"HARRIS 丙烷割嘴6290-NX-3 53g
代码：4188",5.75,CNY,2021-09-09,,contract,来源文件：ziliao/安宝公司/INFAR不干胶/INFRA合同/2021/AB21779 出口产品供需合同-奉化一洲.xls（工作表 订单 第 17 行；合同号 AB21779返单AB21546返单AB21036；抬头需方 宁波安宝国际贸易有限公司；日期凭证：抬头签约时间）【tools/ziliao/extract_price_seeds.mjs 自动抽取·历史成交价·待甲方核对】
安宝公司,SC-12-2 乙炔割嘴,13.50,CNY,2021-09-09,,contract,"来源文件：ziliao/安宝公司/Weldsolutions不干胶/合同/2022前/AB21781 出口产品供需合同-奉化一洲.xls（工作表 订单 第 14 行；合同号 AB21781返单AB21403返单AB21323；抬头需方 宁波安宝国际贸易有限公司；日期凭证：抬头签约时间）；包装：标贴尺寸：80x16mm
塑料盒盖用红色【tools/ziliao/extract_price_seeds.mjs 自动抽取·历史成交价·待甲方核对】"
安宝公司,SC-50-A-0 丙烷割嘴 91.36g,12.50,CNY,2021-09-09,,contract,来源文件：ziliao/安宝公司/Weldsolutions不干胶/合同/2022前/AB21781 出口产品供需合同-奉化一洲.xls（工作表 订单 第 10 行；合同号 AB21781返单AB21403返单AB21323；抬头需方 宁波安宝国际贸易有限公司；日期凭证：抬头签约时间）【tools/ziliao/extract_price_seeds.mjs 自动抽取·历史成交价·待甲方核对】
安宝公司,SC-50-A-1 丙烷割嘴 91.36g,12.50,CNY,2021-09-09,,contract,来源文件：ziliao/安宝公司/Weldsolutions不干胶/合同/2022前/AB21781 出口产品供需合同-奉化一洲.xls（工作表 订单 第 11 行；合同号 AB21781返单AB21403返单AB21323；抬头需方 宁波安宝国际贸易有限公司；日期凭证：抬头签约时间）【tools/ziliao/extract_price_seeds.mjs 自动抽取·历史成交价·待甲方核对】
安宝公司,SC-50-A-2 丙烷割嘴 91.36g,12.50,CNY,2021-09-09,,contract,来源文件：ziliao/安宝公司/Weldsolutions不干胶/合同/2022前/AB21781 出口产品供需合同-奉化一洲.xls（工作表 订单 第 12 行；合同号 AB21781返单AB21403返单AB21323；抬头需方 宁波安宝国际贸易有限公司；日期凭证：抬头签约时间）【tools/ziliao/extract_price_seeds.mjs 自动抽取·历史成交价·待甲方核对】
安宝公司,SC-50-A-3 丙烷割嘴 91.36g,12.50,CNY,2021-09-09,,contract,来源文件：ziliao/安宝公司/Weldsolutions不干胶/合同/2022前/AB21781 出口产品供需合同-奉化一洲.xls（工作表 订单 第 13 行；合同号 AB21781返单AB21403返单AB21323；抬头需方 宁波安宝国际贸易有限公司；日期凭证：抬头签约时间）【tools/ziliao/extract_price_seeds.mjs 自动抽取·历史成交价·待甲方核对】
安宝公司,"smith 丙烷割嘴 SC-50-A-0 93g
代码：4154",12.50,CNY,2021-09-09,,contract,"来源文件：ziliao/安宝公司/INFAR不干胶/INFRA合同/2021/AB21779 出口产品供需合同-奉化一洲.xls（工作表 订单 第 7 行；合同号 AB21779返单AB21546返单AB21036；抬头需方 宁波安宝国际贸易有限公司；日期凭证：抬头签约时间）；包装：标贴尺寸：80x16mm
塑料盒盖用黑色【tools/ziliao/extract_price_seeds.mjs 自动抽取·历史成交价·待甲方核对】"
安宝公司,"smith 丙烷割嘴 SC-50-A-1 93g
代码：4157",12.50,CNY,2021-09-09,,contract,来源文件：ziliao/安宝公司/INFAR不干胶/INFRA合同/2021/AB21779 出口产品供需合同-奉化一洲.xls（工作表 订单 第 8 行；合同号 AB21779返单AB21546返单AB21036；抬头需方 宁波安宝国际贸易有限公司；日期凭证：抬头签约时间）【tools/ziliao/extract_price_seeds.mjs 自动抽取·历史成交价·待甲方核对】
安宝公司,"smith 丙烷割嘴 SC-50-A-2 93g
代码：4158",12.50,CNY,2021-09-09,,contract,来源文件：ziliao/安宝公司/INFAR不干胶/INFRA合同/2021/AB21779 出口产品供需合同-奉化一洲.xls（工作表 订单 第 9 行；合同号 AB21779返单AB21546返单AB21036；抬头需方 宁波安宝国际贸易有限公司；日期凭证：抬头签约时间）【tools/ziliao/extract_price_seeds.mjs 自动抽取·历史成交价·待甲方核对】
安宝公司,"smith 丙烷割嘴 SC-50-A-4 93g
代码：4162",12.50,CNY,2021-09-09,,contract,来源文件：ziliao/安宝公司/INFAR不干胶/INFRA合同/2021/AB21779 出口产品供需合同-奉化一洲.xls（工作表 订单 第 10 行；合同号 AB21779返单AB21546返单AB21036；抬头需方 宁波安宝国际贸易有限公司；日期凭证：抬头签约时间）【tools/ziliao/extract_price_seeds.mjs 自动抽取·历史成交价·待甲方核对】
安宝公司,"smith 乙炔割嘴 SC-12-2 103g
代码：4136",13.50,CNY,2021-09-09,,contract,"来源文件：ziliao/安宝公司/INFAR不干胶/INFRA合同/2021/AB21779 出口产品供需合同-奉化一洲.xls（工作表 订单 第 11 行；合同号 AB21779返单AB21546返单AB21036；抬头需方 宁波安宝国际贸易有限公司；日期凭证：抬头签约时间）；包装：标贴尺寸：80x16mm
塑料盒盖用红色【tools/ziliao/extract_price_seeds.mjs 自动抽取·历史成交价·待甲方核对】"
安宝公司,"smith 乙炔割嘴 SC-12-3 103g
代码：4137",13.50,CNY,2021-09-09,,contract,来源文件：ziliao/安宝公司/INFAR不干胶/INFRA合同/2021/AB21779 出口产品供需合同-奉化一洲.xls（工作表 订单 第 12 行；合同号 AB21779返单AB21546返单AB21036；抬头需方 宁波安宝国际贸易有限公司；日期凭证：抬头签约时间）【tools/ziliao/extract_price_seeds.mjs 自动抽取·历史成交价·待甲方核对】
安宝公司,"smith 乙炔割嘴 SC-12-4 103g
代码：4138",13.50,CNY,2021-09-09,,contract,来源文件：ziliao/安宝公司/INFAR不干胶/INFRA合同/2021/AB21779 出口产品供需合同-奉化一洲.xls（工作表 订单 第 13 行；合同号 AB21779返单AB21546返单AB21036；抬头需方 宁波安宝国际贸易有限公司；日期凭证：抬头签约时间）【tools/ziliao/extract_price_seeds.mjs 自动抽取·历史成交价·待甲方核对】
安宝公司,"smith 乙炔割嘴 SC-12-5 103g
代码：4151",13.50,CNY,2021-09-09,,contract,来源文件：ziliao/安宝公司/INFAR不干胶/INFRA合同/2021/AB21779 出口产品供需合同-奉化一洲.xls（工作表 订单 第 14 行；合同号 AB21779返单AB21546返单AB21036；抬头需方 宁波安宝国际贸易有限公司；日期凭证：抬头签约时间）【tools/ziliao/extract_price_seeds.mjs 自动抽取·历史成交价·待甲方核对】
安宝公司,"丙烷切割喷嘴,1号
厚度：10-20mm
孔口：1.2",8.50,CNY,2021-08-13,,contract,"来源文件：ziliao/安宝公司/KLK  1-101. GPN/合同/AB2171308 出口产品供需合同-奉化一洲.xls（工作表 Sheet3 第 11 行；合同号 AB21713返单AB21493；抬头需方 宁波安宝国际贸易有限公司；日期凭证：抬头签约时间）；包装：塑料盒,贴不干胶，victor【tools/ziliao/extract_price_seeds.mjs 自动抽取·历史成交价·待甲方核对】"
安宝公司,"丙烷切割喷嘴,2号
厚度：20-40mm
孔口：1.5",8.50,CNY,2021-08-13,,contract,"来源文件：ziliao/安宝公司/KLK  1-101. GPN/合同/AB2171308 出口产品供需合同-奉化一洲.xls（工作表 Sheet3 第 12 行；合同号 AB21713返单AB21493；抬头需方 宁波安宝国际贸易有限公司；日期凭证：抬头签约时间）；包装：塑料盒,贴不干胶，victor【tools/ziliao/extract_price_seeds.mjs 自动抽取·历史成交价·待甲方核对】"
安宝公司,"乙炔切割喷嘴,1号
厚度：10-20mm
预热：0.7
孔口：1.2",11.50,CNY,2021-08-13,,contract,"来源文件：ziliao/安宝公司/KLK  1-101. GPN/合同/AB2171308 出口产品供需合同-奉化一洲.xls（工作表 Sheet3 第 7 行；合同号 AB21713返单AB21493；抬头需方 宁波安宝国际贸易有限公司；日期凭证：抬头签约时间）；包装：塑料盒,贴不干胶，victor【tools/ziliao/extract_price_seeds.mjs 自动抽取·历史成交价·待甲方核对】"
安宝公司,"乙炔切割喷嘴,2号
厚度：20-40mm
预热：0.8
孔口：1.5",11.50,CNY,2021-08-13,,contract,"来源文件：ziliao/安宝公司/KLK  1-101. GPN/合同/AB2171308 出口产品供需合同-奉化一洲.xls（工作表 Sheet3 第 8 行；合同号 AB21713返单AB21493；抬头需方 宁波安宝国际贸易有限公司；日期凭证：抬头签约时间）；包装：塑料盒,贴不干胶，victor【tools/ziliao/extract_price_seeds.mjs 自动抽取·历史成交价·待甲方核对】"
安宝公司,"乙炔切割喷嘴,3号
厚度：40-60mm
孔口：1.8",8.50,CNY,2021-08-13,,contract,"来源文件：ziliao/安宝公司/KLK  1-101. GPN/合同/AB2171308 出口产品供需合同-奉化一洲.xls（工作表 Sheet3 第 13 行；合同号 AB21713返单AB21493；抬头需方 宁波安宝国际贸易有限公司；日期凭证：抬头签约时间）；包装：塑料盒,贴不干胶，victor【tools/ziliao/extract_price_seeds.mjs 自动抽取·历史成交价·待甲方核对】"
安宝公司,"乙炔切割喷嘴,3号
厚度：40-60mm
预热：0.9
孔口：1.8",11.50,CNY,2021-08-13,,contract,"来源文件：ziliao/安宝公司/KLK  1-101. GPN/合同/AB2171308 出口产品供需合同-奉化一洲.xls（工作表 Sheet3 第 9 行；合同号 AB21713返单AB21493；抬头需方 宁波安宝国际贸易有限公司；日期凭证：抬头签约时间）；包装：塑料盒,贴不干胶，victor【tools/ziliao/extract_price_seeds.mjs 自动抽取·历史成交价·待甲方核对】"
安宝公司,1503 cutting nozzles #4镀铬,9.00,CNY,2021-08-05,,contract,"来源文件：ziliao/安宝公司/AIBO weld 1503,PNME/AB21700 出口产品供需合同-奉化一洲(1).xls（工作表 Sheet3 第 7 行；合同号 AB21700；抬头需方 宁波安宝国际贸易有限公司；日期凭证：抬头签约时间）【tools/ziliao/extract_price_seeds.mjs 自动抽取·历史成交价·待甲方核对】"
安宝公司,1503 cutting nozzles #6镀铬,9.00,CNY,2021-08-05,,contract,"来源文件：ziliao/安宝公司/AIBO weld 1503,PNME/AB21700 出口产品供需合同-奉化一洲(1).xls（工作表 Sheet3 第 8 行；合同号 AB21700；抬头需方 宁波安宝国际贸易有限公司；日期凭证：抬头签约时间）【tools/ziliao/extract_price_seeds.mjs 自动抽取·历史成交价·待甲方核对】"
安宝公司,1503 cutting nozzles #8镀铬,9.00,CNY,2021-08-05,,contract,"来源文件：ziliao/安宝公司/AIBO weld 1503,PNME/AB21700 出口产品供需合同-奉化一洲(1).xls（工作表 Sheet3 第 9 行；合同号 AB21700；抬头需方 宁波安宝国际贸易有限公司；日期凭证：抬头签约时间）【tools/ziliao/extract_price_seeds.mjs 自动抽取·历史成交价·待甲方核对】"
安宝公司,2W-PNME 1/16 10-75MM,7.20,CNY,2021-08-05,,contract,"来源文件：ziliao/安宝公司/AIBO weld 1503,PNME/AB21700 出口产品供需合同-奉化一洲(1).xls（工作表 Sheet3 第 12 行；合同号 AB21700；抬头需方 宁波安宝国际贸易有限公司；日期凭证：抬头签约时间）【tools/ziliao/extract_price_seeds.mjs 自动抽取·历史成交价·待甲方核对】"
安宝公司,2W-PNME 1/32 3-6MM,7.20,CNY,2021-08-05,,contract,"来源文件：ziliao/安宝公司/AIBO weld 1503,PNME/AB21700 出口产品供需合同-奉化一洲(1).xls（工作表 Sheet3 第 10 行；合同号 AB21700；抬头需方 宁波安宝国际贸易有限公司；日期凭证：抬头签约时间）【tools/ziliao/extract_price_seeds.mjs 自动抽取·历史成交价·待甲方核对】"
安宝公司,2W-PNME 3/64 5-12MM,7.20,CNY,2021-08-05,,contract,"来源文件：ziliao/安宝公司/AIBO weld 1503,PNME/AB21700 出口产品供需合同-奉化一洲(1).xls（工作表 Sheet3 第 11 行；合同号 AB21700；抬头需方 宁波安宝国际贸易有限公司；日期凭证：抬头签约时间）【tools/ziliao/extract_price_seeds.mjs 自动抽取·历史成交价·待甲方核对】"
安宝公司,PNME割嘴 1/16 贴不干胶标注尺寸,6.80,CNY,2021-07-30,,contract,来源文件：ziliao/安宝公司/KASTOR  PNME/AB21665 出口产品供需合同-奉化一洲.xls（工作表 Sheet3 第 9 行；合同号 AB21665；抬头需方 宁波安宝国际贸易有限公司；日期凭证：抬头签约时间）【tools/ziliao/extract_price_seeds.mjs 自动抽取·历史成交价·待甲方核对】
安宝公司,PNME割嘴 1/32 贴不干胶标注尺寸,6.80,CNY,2021-07-30,,contract,来源文件：ziliao/安宝公司/KASTOR  PNME/AB21665 出口产品供需合同-奉化一洲.xls（工作表 Sheet3 第 7 行；合同号 AB21665；抬头需方 宁波安宝国际贸易有限公司；日期凭证：抬头签约时间）【tools/ziliao/extract_price_seeds.mjs 自动抽取·历史成交价·待甲方核对】
安宝公司,PNME割嘴 3/64 贴不干胶标注尺寸,6.80,CNY,2021-07-30,,contract,来源文件：ziliao/安宝公司/KASTOR  PNME/AB21665 出口产品供需合同-奉化一洲.xls（工作表 Sheet3 第 8 行；合同号 AB21665；抬头需方 宁波安宝国际贸易有限公司；日期凭证：抬头签约时间）【tools/ziliao/extract_price_seeds.mjs 自动抽取·历史成交价·待甲方核对】
安宝公司,PNME割嘴 5/64 贴不干胶标注尺寸,6.80,CNY,2021-07-30,,contract,来源文件：ziliao/安宝公司/KASTOR  PNME/AB21665 出口产品供需合同-奉化一洲.xls（工作表 Sheet3 第 10 行；合同号 AB21665；抬头需方 宁波安宝国际贸易有限公司；日期凭证：抬头签约时间）【tools/ziliao/extract_price_seeds.mjs 自动抽取·历史成交价·待甲方核对】
安宝公司,"HARRIS 丙烷割嘴
6290-NX-0 4184 53G",5.75,CNY,2021-07-26,,contract,来源文件：ziliao/安宝公司/INFAR不干胶/INFRA合同/2021/AB21647 出口产品供需合同-奉化一洲.xls（工作表 Sheet3 第 16 行；合同号 AB21647返单AB21546返单AB21036；抬头需方 宁波安宝国际贸易有限公司；日期凭证：抬头签约时间）【tools/ziliao/extract_price_seeds.mjs 自动抽取·历史成交价·待甲方核对】
安宝公司,"HARRIS 丙烷割嘴
6290-NX-1 4186 53G",5.75,CNY,2021-07-26,,contract,来源文件：ziliao/安宝公司/INFAR不干胶/INFRA合同/2021/AB21647 出口产品供需合同-奉化一洲.xls（工作表 Sheet3 第 17 行；合同号 AB21647返单AB21546返单AB21036；抬头需方 宁波安宝国际贸易有限公司；日期凭证：抬头签约时间）【tools/ziliao/extract_price_seeds.mjs 自动抽取·历史成交价·待甲方核对】
安宝公司,"HARRIS 丙烷割嘴
6290-NX-2 4187 53G",5.75,CNY,2021-07-26,,contract,来源文件：ziliao/安宝公司/INFAR不干胶/INFRA合同/2021/AB21647 出口产品供需合同-奉化一洲.xls（工作表 Sheet3 第 18 行；合同号 AB21647返单AB21546返单AB21036；抬头需方 宁波安宝国际贸易有限公司；日期凭证：抬头签约时间）【tools/ziliao/extract_price_seeds.mjs 自动抽取·历史成交价·待甲方核对】
安宝公司,"HARRIS 乙炔割嘴
6290-0 4027",8.50,CNY,2021-07-26,,contract,来源文件：ziliao/安宝公司/INFAR不干胶/INFRA合同/2021/AB21647 出口产品供需合同-奉化一洲.xls（工作表 Sheet3 第 19 行；合同号 AB21647返单AB21546返单AB21036；抬头需方 宁波安宝国际贸易有限公司；日期凭证：抬头签约时间）【tools/ziliao/extract_price_seeds.mjs 自动抽取·历史成交价·待甲方核对】
安宝公司,"HARRIS 乙炔割嘴
6290-1 4208",8.50,CNY,2021-07-26,,contract,来源文件：ziliao/安宝公司/INFAR不干胶/INFRA合同/2021/AB21647 出口产品供需合同-奉化一洲.xls（工作表 Sheet3 第 20 行；合同号 AB21647返单AB21546返单AB21036；抬头需方 宁波安宝国际贸易有限公司；日期凭证：抬头签约时间）【tools/ziliao/extract_price_seeds.mjs 自动抽取·历史成交价·待甲方核对】
安宝公司,"HARRIS 乙炔割嘴
6290-2 4210",8.50,CNY,2021-07-26,,contract,来源文件：ziliao/安宝公司/INFAR不干胶/INFRA合同/2021/AB21647 出口产品供需合同-奉化一洲.xls（工作表 Sheet3 第 21 行；合同号 AB21647返单AB21546返单AB21036；抬头需方 宁波安宝国际贸易有限公司；日期凭证：抬头签约时间）【tools/ziliao/extract_price_seeds.mjs 自动抽取·历史成交价·待甲方核对】
安宝公司,"HARRIS 乙炔割嘴
6290-3 4027",8.50,CNY,2021-07-26,,contract,来源文件：ziliao/安宝公司/INFAR不干胶/INFRA合同/2021/AB21647 出口产品供需合同-奉化一洲.xls（工作表 Sheet3 第 22 行；合同号 AB21647返单AB21546返单AB21036；抬头需方 宁波安宝国际贸易有限公司；日期凭证：抬头签约时间）【tools/ziliao/extract_price_seeds.mjs 自动抽取·历史成交价·待甲方核对】
安宝公司,"smith 丙烷割嘴 
SC-50-A-0 4154 93G",12.50,CNY,2021-07-26,,contract,来源文件：ziliao/安宝公司/INFAR不干胶/INFRA合同/2021/AB21647 出口产品供需合同-奉化一洲.xls（工作表 Sheet3 第 7 行；合同号 AB21647返单AB21546返单AB21036；抬头需方 宁波安宝国际贸易有限公司；日期凭证：抬头签约时间）【tools/ziliao/extract_price_seeds.mjs 自动抽取·历史成交价·待甲方核对】
安宝公司,"smith 丙烷割嘴 
SC-50-A-1 4157 93G",12.50,CNY,2021-07-26,,contract,来源文件：ziliao/安宝公司/INFAR不干胶/INFRA合同/2021/AB21647 出口产品供需合同-奉化一洲.xls（工作表 Sheet3 第 8 行；合同号 AB21647返单AB21546返单AB21036；抬头需方 宁波安宝国际贸易有限公司；日期凭证：抬头签约时间）【tools/ziliao/extract_price_seeds.mjs 自动抽取·历史成交价·待甲方核对】
安宝公司,"smith 丙烷割嘴 
SC-50-A-2 4158 93G",12.50,CNY,2021-07-26,,contract,来源文件：ziliao/安宝公司/INFAR不干胶/INFRA合同/2021/AB21647 出口产品供需合同-奉化一洲.xls（工作表 Sheet3 第 9 行；合同号 AB21647返单AB21546返单AB21036；抬头需方 宁波安宝国际贸易有限公司；日期凭证：抬头签约时间）【tools/ziliao/extract_price_seeds.mjs 自动抽取·历史成交价·待甲方核对】
安宝公司,"smith 丙烷割嘴 
SC-50-A-2 4161 93G",12.50,CNY,2021-07-26,,contract,来源文件：ziliao/安宝公司/INFAR不干胶/INFRA合同/2021/AB21647 出口产品供需合同-奉化一洲.xls（工作表 Sheet3 第 10 行；合同号 AB21647返单AB21546返单AB21036；抬头需方 宁波安宝国际贸易有限公司；日期凭证：抬头签约时间）【tools/ziliao/extract_price_seeds.mjs 自动抽取·历史成交价·待甲方核对】
安宝公司,"smith 丙烷割嘴 
SC-50-A-2 4162 93G",12.50,CNY,2021-07-26,,contract,来源文件：ziliao/安宝公司/INFAR不干胶/INFRA合同/2021/AB21647 出口产品供需合同-奉化一洲.xls（工作表 Sheet3 第 11 行；合同号 AB21647返单AB21546返单AB21036；抬头需方 宁波安宝国际贸易有限公司；日期凭证：抬头签约时间）【tools/ziliao/extract_price_seeds.mjs 自动抽取·历史成交价·待甲方核对】
安宝公司,"smith 乙炔割嘴 
SC-12-2 4134 103G",13.50,CNY,2021-07-26,,contract,来源文件：ziliao/安宝公司/INFAR不干胶/INFRA合同/2021/AB21647 出口产品供需合同-奉化一洲.xls（工作表 Sheet3 第 12 行；合同号 AB21647返单AB21546返单AB21036；抬头需方 宁波安宝国际贸易有限公司；日期凭证：抬头签约时间）【tools/ziliao/extract_price_seeds.mjs 自动抽取·历史成交价·待甲方核对】
安宝公司,"smith 乙炔割嘴 
SC-12-2 4136 103G",13.50,CNY,2021-07-26,,contract,来源文件：ziliao/安宝公司/INFAR不干胶/INFRA合同/2021/AB21647 出口产品供需合同-奉化一洲.xls（工作表 Sheet3 第 13 行；合同号 AB21647返单AB21546返单AB21036；抬头需方 宁波安宝国际贸易有限公司；日期凭证：抬头签约时间）【tools/ziliao/extract_price_seeds.mjs 自动抽取·历史成交价·待甲方核对】
安宝公司,"smith 乙炔割嘴 
SC-12-2 4137 103G",13.50,CNY,2021-07-26,,contract,来源文件：ziliao/安宝公司/INFAR不干胶/INFRA合同/2021/AB21647 出口产品供需合同-奉化一洲.xls（工作表 Sheet3 第 14 行；合同号 AB21647返单AB21546返单AB21036；抬头需方 宁波安宝国际贸易有限公司；日期凭证：抬头签约时间）【tools/ziliao/extract_price_seeds.mjs 自动抽取·历史成交价·待甲方核对】
安宝公司,"smith 乙炔割嘴 
SC-12-2 4138 103G",13.50,CNY,2021-07-26,,contract,来源文件：ziliao/安宝公司/INFAR不干胶/INFRA合同/2021/AB21647 出口产品供需合同-奉化一洲.xls（工作表 Sheet3 第 15 行；合同号 AB21647返单AB21546返单AB21036；抬头需方 宁波安宝国际贸易有限公司；日期凭证：抬头签约时间）【tools/ziliao/extract_price_seeds.mjs 自动抽取·历史成交价·待甲方核对】
安宝公司,"VICTOR  乙炔割嘴
4190 1-101-1",11.50,CNY,2021-07-26,,contract,来源文件：ziliao/安宝公司/INFAR不干胶/INFRA合同/2021/AB21647 出口产品供需合同-奉化一洲.xls（工作表 Sheet3 第 23 行；合同号 AB21647返单AB21546返单AB21036；抬头需方 宁波安宝国际贸易有限公司；日期凭证：抬头签约时间）【tools/ziliao/extract_price_seeds.mjs 自动抽取·历史成交价·待甲方核对】
安宝公司,"VICTOR  乙炔割嘴
4191 1-101-2",11.50,CNY,2021-07-26,,contract,来源文件：ziliao/安宝公司/INFAR不干胶/INFRA合同/2021/AB21647 出口产品供需合同-奉化一洲.xls（工作表 Sheet3 第 24 行；合同号 AB21647返单AB21546返单AB21036；抬头需方 宁波安宝国际贸易有限公司；日期凭证：抬头签约时间）【tools/ziliao/extract_price_seeds.mjs 自动抽取·历史成交价·待甲方核对】
安宝公司,VICTOR  乙炔割嘴       4192 1-101-3,11.50,CNY,2021-07-26,,contract,来源文件：ziliao/安宝公司/INFAR不干胶/INFRA合同/2021/AB21647 出口产品供需合同-奉化一洲.xls（工作表 Sheet3 第 25 行；合同号 AB21647返单AB21546返单AB21036；抬头需方 宁波安宝国际贸易有限公司；日期凭证：抬头签约时间）【tools/ziliao/extract_price_seeds.mjs 自动抽取·历史成交价·待甲方核对】
安宝公司,"VICTOR 丙烷割嘴
4193 GPN-1",7.50,CNY,2021-07-26,,contract,来源文件：ziliao/安宝公司/INFAR不干胶/INFRA合同/2021/AB21647 出口产品供需合同-奉化一洲.xls（工作表 Sheet3 第 26 行；合同号 AB21647返单AB21546返单AB21036；抬头需方 宁波安宝国际贸易有限公司；日期凭证：抬头签约时间）【tools/ziliao/extract_price_seeds.mjs 自动抽取·历史成交价·待甲方核对】
安宝公司,"VICTOR 丙烷割嘴
4194 GPN-2",7.50,CNY,2021-07-26,,contract,来源文件：ziliao/安宝公司/INFAR不干胶/INFRA合同/2021/AB21647 出口产品供需合同-奉化一洲.xls（工作表 Sheet3 第 27 行；合同号 AB21647返单AB21546返单AB21036；抬头需方 宁波安宝国际贸易有限公司；日期凭证：抬头签约时间）【tools/ziliao/extract_price_seeds.mjs 自动抽取·历史成交价·待甲方核对】
安宝公司,TANAKA原装割嘴带原装刻字 #1号,9.00,CNY,2021-07-23,,contract,"来源文件：ziliao/安宝公司/旧订单资料/3051/AB21645 出口产品供需合同 奉化一洲(1).xls（工作表 Sheet3 第 7 行；合同号 AB21645；抬头需方 宁波安宝国际贸易有限公司；日期凭证：抬头签约时间）；包装：刻字要求如图所示











如图彩盒包装,要放说明书-常规的【tools/ziliao/extract_price_seeds.mjs 自动抽取·历史成交价·待甲方核对】"
安宝公司,TANAKA原装割嘴带原装刻字 #2号,9.00,CNY,2021-07-23,,contract,来源文件：ziliao/安宝公司/旧订单资料/3051/AB21645 出口产品供需合同 奉化一洲(1).xls（工作表 Sheet3 第 8 行；合同号 AB21645；抬头需方 宁波安宝国际贸易有限公司；日期凭证：抬头签约时间）【tools/ziliao/extract_price_seeds.mjs 自动抽取·历史成交价·待甲方核对】
安宝公司,TANAKA原装割嘴带原装刻字 #3号,9.00,CNY,2021-07-23,,contract,来源文件：ziliao/安宝公司/旧订单资料/3051/AB21645 出口产品供需合同 奉化一洲(1).xls（工作表 Sheet3 第 9 行；合同号 AB21645；抬头需方 宁波安宝国际贸易有限公司；日期凭证：抬头签约时间）【tools/ziliao/extract_price_seeds.mjs 自动抽取·历史成交价·待甲方核对】
安宝公司,TANAKA原装割嘴带原装刻字 #4号,9.00,CNY,2021-07-23,,contract,来源文件：ziliao/安宝公司/旧订单资料/3051/AB21645 出口产品供需合同 奉化一洲(1).xls（工作表 Sheet3 第 10 行；合同号 AB21645；抬头需方 宁波安宝国际贸易有限公司；日期凭证：抬头签约时间）【tools/ziliao/extract_price_seeds.mjs 自动抽取·历史成交价·待甲方核对】
安宝公司,割嘴 PNME 1/16 (MUREX彩盒，18槽） 75克,6.80,CNY,2021-07-07,,contract,来源文件：ziliao/安宝公司/旧订单资料/YAMATO-200/伊朗Rabin/出口产品供需合同 ABH21594 （一洲).xls（工作表 Sheet1 第 7 行；合同号 AB21594返单ABH20872；抬头需方 宁波安宝国际贸易有限公司；日期凭证：抬头签约时间）【tools/ziliao/extract_price_seeds.mjs 自动抽取·历史成交价·待甲方核对】
安宝公司,割嘴 PNME 3/64 (MUREX彩盒，18槽） 75克,6.80,CNY,2021-07-07,,contract,来源文件：ziliao/安宝公司/旧订单资料/YAMATO-200/伊朗Rabin/出口产品供需合同 ABH21594 （一洲).xls（工作表 Sheet1 第 9 行；合同号 AB21594返单ABH20872；抬头需方 宁波安宝国际贸易有限公司；日期凭证：抬头签约时间）【tools/ziliao/extract_price_seeds.mjs 自动抽取·历史成交价·待甲方核对】
安宝公司,割嘴 PNME 5/64 (MUREX彩盒，18槽） 75克,6.80,CNY,2021-07-07,,contract,来源文件：ziliao/安宝公司/旧订单资料/YAMATO-200/伊朗Rabin/出口产品供需合同 ABH21594 （一洲).xls（工作表 Sheet1 第 10 行；合同号 AB21594返单ABH20872；抬头需方 宁波安宝国际贸易有限公司；日期凭证：抬头签约时间）【tools/ziliao/extract_price_seeds.mjs 自动抽取·历史成交价·待甲方核对】
安宝公司,仿GPN割嘴,8.80,CNY,2021-06-21,,contract,来源文件：ziliao/安宝公司/旧订单资料/GICOWELD/合同/出口产品供需合同 AB21533（一州 )(1).xls（工作表 订单 第 7 行；合同号 ：AB21533返单AB19970返单号AB19320；抬头需方 宁波安宝国际贸易有限公司；日期凭证：抬头签约时间）【tools/ziliao/extract_price_seeds.mjs 自动抽取·历史成交价·待甲方核对】
安宝公司,GIOCWELD PNME,7.20,CNY,2021-06-21,,contract,来源文件：ziliao/安宝公司/旧订单资料/GICOWELD/合同/出口产品供需合同 AB21533（一州 )(1).xls（工作表 订单 第 10 行；合同号 ：AB21533返单AB19970返单号AB19320；抬头需方 宁波安宝国际贸易有限公司；日期凭证：抬头签约时间）【tools/ziliao/extract_price_seeds.mjs 自动抽取·历史成交价·待甲方核对】
安宝公司,"丙烷切割喷嘴,1号 厚度：10-20mm孔口：1.2",8.50,CNY,2021-06-04,,contract,"来源文件：ziliao/安宝公司/常规1-101,GPN 6290NX,G1-P,NFF/出口产品 供需合同 ABH21493（一洲）.xls（工作表 Sheet1 第 10 行；合同号 AB21493；抬头需方 宁波安宝国际贸易有限公司；日期凭证：抬头签约时间）【tools/ziliao/extract_price_seeds.mjs 自动抽取·历史成交价·待甲方核对】"
安宝公司,"丙烷切割喷嘴,2号 厚度：20-40mm 孔口：1.5",8.50,CNY,2021-06-04,,contract,"来源文件：ziliao/安宝公司/常规1-101,GPN 6290NX,G1-P,NFF/出口产品 供需合同 ABH21493（一洲）.xls（工作表 Sheet1 第 11 行；合同号 AB21493；抬头需方 宁波安宝国际贸易有限公司；日期凭证：抬头签约时间）【tools/ziliao/extract_price_seeds.mjs 自动抽取·历史成交价·待甲方核对】"
安宝公司,"丙烷切割喷嘴,3厚度：40-60mm 孔口：1.8",8.50,CNY,2021-06-04,,contract,"来源文件：ziliao/安宝公司/常规1-101,GPN 6290NX,G1-P,NFF/出口产品 供需合同 ABH21493（一洲）.xls（工作表 Sheet1 第 12 行；合同号 AB21493；抬头需方 宁波安宝国际贸易有限公司；日期凭证：抬头签约时间）【tools/ziliao/extract_price_seeds.mjs 自动抽取·历史成交价·待甲方核对】"
安宝公司,"乙炔切割喷嘴,1号 厚度：10-20mm 预热：0.7 孔口：1.2",11.50,CNY,2021-06-04,,contract,"来源文件：ziliao/安宝公司/常规1-101,GPN 6290NX,G1-P,NFF/出口产品 供需合同 ABH21493（一洲）.xls（工作表 Sheet1 第 7 行；合同号 AB21493；抬头需方 宁波安宝国际贸易有限公司；日期凭证：抬头签约时间）【tools/ziliao/extract_price_seeds.mjs 自动抽取·历史成交价·待甲方核对】"
安宝公司,"乙炔切割喷嘴,2号 厚度：20-40mm 预热：0.8 孔口：1.5",11.50,CNY,2021-06-04,,contract,"来源文件：ziliao/安宝公司/常规1-101,GPN 6290NX,G1-P,NFF/出口产品 供需合同 ABH21493（一洲）.xls（工作表 Sheet1 第 8 行；合同号 AB21493；抬头需方 宁波安宝国际贸易有限公司；日期凭证：抬头签约时间）【tools/ziliao/extract_price_seeds.mjs 自动抽取·历史成交价·待甲方核对】"
安宝公司,"乙炔切割喷嘴,3号 厚度：40-60mm 预热：0.9 孔口：1.8",11.50,CNY,2021-06-04,,contract,"来源文件：ziliao/安宝公司/常规1-101,GPN 6290NX,G1-P,NFF/出口产品 供需合同 ABH21493（一洲）.xls（工作表 Sheet1 第 9 行；合同号 AB21493；抬头需方 宁波安宝国际贸易有限公司；日期凭证：抬头签约时间）【tools/ziliao/extract_price_seeds.mjs 自动抽取·历史成交价·待甲方核对】"
安宝公司,"6290NFF 2 #   50克,外套电镀",6.00,CNY,2021-04-30,,contract,来源文件：ziliao/安宝公司/有焊嘴订单/订单/ABH21371 (一洲).xls（工作表 订单 第 9 行；合同号 AB21371返单AB20471；抬头需方 宁波安宝国际贸易有限公司；日期凭证：抬头签约时间）【tools/ziliao/extract_price_seeds.mjs 自动抽取·历史成交价·待甲方核对】
安宝公司,G11  Nº1,9.20,CNY,2021-04-30,,contract,来源文件：ziliao/安宝公司/有焊嘴订单/订单/ABH21371 (一洲).xls（工作表 订单 第 7 行；合同号 AB21371返单AB20471；抬头需方 宁波安宝国际贸易有限公司；日期凭证：抬头签约时间）【tools/ziliao/extract_price_seeds.mjs 自动抽取·历史成交价·待甲方核对】
安宝公司,G11  Nº2,9.20,CNY,2021-04-30,,contract,来源文件：ziliao/安宝公司/有焊嘴订单/订单/ABH21371 (一洲).xls（工作表 订单 第 8 行；合同号 AB21371返单AB20471；抬头需方 宁波安宝国际贸易有限公司；日期凭证：抬头签约时间）【tools/ziliao/extract_price_seeds.mjs 自动抽取·历史成交价·待甲方核对】
安宝公司,PNME 割嘴 1#,7.20,CNY,2021-04-30,,contract,来源文件：ziliao/安宝公司/有焊嘴订单/订单/ABH21371 (一洲).xls（工作表 订单 第 10 行；合同号 AB21371返单AB20471；抬头需方 宁波安宝国际贸易有限公司；日期凭证：抬头签约时间）【tools/ziliao/extract_price_seeds.mjs 自动抽取·历史成交价·待甲方核对】
安宝公司,PNME 割嘴 2#,7.20,CNY,2021-04-30,,contract,来源文件：ziliao/安宝公司/有焊嘴订单/订单/ABH21371 (一洲).xls（工作表 订单 第 11 行；合同号 AB21371返单AB20471；抬头需方 宁波安宝国际贸易有限公司；日期凭证：抬头签约时间）【tools/ziliao/extract_price_seeds.mjs 自动抽取·历史成交价·待甲方核对】
安宝公司,PNME 割嘴 3#,7.20,CNY,2021-04-30,,contract,来源文件：ziliao/安宝公司/有焊嘴订单/订单/ABH21371 (一洲).xls（工作表 订单 第 12 行；合同号 AB21371返单AB20471；抬头需方 宁波安宝国际贸易有限公司；日期凭证：抬头签约时间）【tools/ziliao/extract_price_seeds.mjs 自动抽取·历史成交价·待甲方核对】
安宝公司,PNME 割嘴 4#,7.20,CNY,2021-04-30,,contract,来源文件：ziliao/安宝公司/有焊嘴订单/订单/ABH21371 (一洲).xls（工作表 订单 第 13 行；合同号 AB21371返单AB20471；抬头需方 宁波安宝国际贸易有限公司；日期凭证：抬头签约时间）【tools/ziliao/extract_price_seeds.mjs 自动抽取·历史成交价·待甲方核对】
安宝公司,PNME 割嘴 5#,7.20,CNY,2021-04-30,,contract,来源文件：ziliao/安宝公司/有焊嘴订单/订单/ABH21371 (一洲).xls（工作表 订单 第 14 行；合同号 AB21371返单AB20471；抬头需方 宁波安宝国际贸易有限公司；日期凭证：抬头签约时间）【tools/ziliao/extract_price_seeds.mjs 自动抽取·历史成交价·待甲方核对】
安宝公司,PNME 割嘴 6#,7.20,CNY,2021-04-30,,contract,来源文件：ziliao/安宝公司/有焊嘴订单/订单/ABH21371 (一洲).xls（工作表 订单 第 15 行；合同号 AB21371返单AB20471；抬头需方 宁波安宝国际贸易有限公司；日期凭证：抬头签约时间）【tools/ziliao/extract_price_seeds.mjs 自动抽取·历史成交价·待甲方核对】
安宝公司,割嘴 PNME 1/16 (MUREX彩盒，18槽） 75克,5.75,CNY,2020-11-23,,contract,来源文件：ziliao/安宝公司/旧订单资料/YAMATO-200/伊朗Rabin/出口产品供需合同 abh20872 （一洲).xls（工作表 Sheet1 第 8 行；合同号 ABH20872  返单号ABH20246；抬头需方 宁波安宝国际贸易有限公司；日期凭证：抬头签约时间）【tools/ziliao/extract_price_seeds.mjs 自动抽取·历史成交价·待甲方核对】
安宝公司,割嘴 PNME 1/8 (MUREX彩盒，18槽） 75克,5.75,CNY,2020-11-23,,contract,来源文件：ziliao/安宝公司/旧订单资料/YAMATO-200/伊朗Rabin/出口产品供需合同 abh20872 （一洲).xls（工作表 Sheet1 第 7 行；合同号 ABH20872  返单号ABH20246；抬头需方 宁波安宝国际贸易有限公司；日期凭证：抬头签约时间）【tools/ziliao/extract_price_seeds.mjs 自动抽取·历史成交价·待甲方核对】
安宝公司,割嘴 PNME 3/64 (MUREX彩盒，18槽） 75克,5.75,CNY,2020-11-23,,contract,来源文件：ziliao/安宝公司/旧订单资料/YAMATO-200/伊朗Rabin/出口产品供需合同 abh20872 （一洲).xls（工作表 Sheet1 第 10 行；合同号 ABH20872  返单号ABH20246；抬头需方 宁波安宝国际贸易有限公司；日期凭证：抬头签约时间）【tools/ziliao/extract_price_seeds.mjs 自动抽取·历史成交价·待甲方核对】
安宝公司,割嘴1502,11.00,CNY,2020-09-01,,contract,"来源文件：ziliao/安宝公司/旧订单资料/有条码巴西1502,1503/出口产品供需合同 ab20587（一洲 )3.xls（工作表 订单 第 10 行；合同号 ：AB20587；抬头需方 宁波安宝国际贸易有限公司；日期凭证：抬头签约时间）【tools/ziliao/extract_price_seeds.mjs 自动抽取·历史成交价·待甲方核对】"
安宝公司,割嘴1503,7.30,CNY,2020-09-01,,contract,"来源文件：ziliao/安宝公司/旧订单资料/有条码巴西1502,1503/出口产品供需合同 ab20587（一洲 )3.xls（工作表 订单 第 11 行；合同号 ：AB20587；抬头需方 宁波安宝国际贸易有限公司；日期凭证：抬头签约时间）【tools/ziliao/extract_price_seeds.mjs 自动抽取·历史成交价·待甲方核对】"
安宝公司,106HC  7# 3.2mm  79g,10.00,CNY,2020-08-07,,contract,"来源文件：ziliao/安宝公司/AB24145 102HC,106HC/订单/出口产品供需合同 ab20531（一洲).xls（工作表 Sheet1 第 7 行；合同号 ABH20531返单号AB19512；抬头需方 宁波安宝国际贸易有限公司；日期凭证：抬头签约时间）【tools/ziliao/extract_price_seeds.mjs 自动抽取·历史成交价·待甲方核对】"
安宝公司,106HC  8# 4.0mm  79g,10.00,CNY,2020-08-07,,contract,"来源文件：ziliao/安宝公司/AB24145 102HC,106HC/订单/出口产品供需合同 ab20531（一洲).xls（工作表 Sheet1 第 8 行；合同号 ABH20531返单号AB19512；抬头需方 宁波安宝国际贸易有限公司；日期凭证：抬头签约时间）【tools/ziliao/extract_price_seeds.mjs 自动抽取·历史成交价·待甲方核对】"
安宝公司,6290NFF #2  45g,6.50,CNY,2020-08-07,,contract,"来源文件：ziliao/安宝公司/AB24145 102HC,106HC/订单/出口产品供需合同 ab20531（一洲).xls（工作表 Sheet1 第 9 行；合同号 ABH20531返单号AB19512；抬头需方 宁波安宝国际贸易有限公司；日期凭证：抬头签约时间）【tools/ziliao/extract_price_seeds.mjs 自动抽取·历史成交价·待甲方核对】"
安宝公司,6290NFF #3  45g,6.50,CNY,2020-08-07,,contract,"来源文件：ziliao/安宝公司/AB24145 102HC,106HC/订单/出口产品供需合同 ab20531（一洲).xls（工作表 Sheet1 第 10 行；合同号 ABH20531返单号AB19512；抬头需方 宁波安宝国际贸易有限公司；日期凭证：抬头签约时间）【tools/ziliao/extract_price_seeds.mjs 自动抽取·历史成交价·待甲方核对】"
安宝公司,6290NFF #4  45g,6.50,CNY,2020-08-07,,contract,"来源文件：ziliao/安宝公司/AB24145 102HC,106HC/订单/出口产品供需合同 ab20531（一洲).xls（工作表 Sheet1 第 11 行；合同号 ABH20531返单号AB19512；抬头需方 宁波安宝国际贸易有限公司；日期凭证：抬头签约时间）【tools/ziliao/extract_price_seeds.mjs 自动抽取·历史成交价·待甲方核对】"
安宝公司,割嘴 PNME 1/16 (MUREX彩盒，18槽） 75克,5.75,CNY,2020-07-09,,contract,来源文件：ziliao/安宝公司/旧订单资料/YAMATO-200/伊朗Rabin/出口产品供需合同 ABH20443 （一洲).xls（工作表 Sheet1 第 8 行；合同号 ABH20443  返单号ABH20246；抬头需方 宁波安宝国际贸易有限公司；日期凭证：抬头签约时间）【tools/ziliao/extract_price_seeds.mjs 自动抽取·历史成交价·待甲方核对】
安宝公司,割嘴 PNME 1/8 (MUREX彩盒，18槽） 75克,5.75,CNY,2020-07-09,,contract,来源文件：ziliao/安宝公司/旧订单资料/YAMATO-200/伊朗Rabin/出口产品供需合同 ABH20443 （一洲).xls（工作表 Sheet1 第 7 行；合同号 ABH20443  返单号ABH20246；抬头需方 宁波安宝国际贸易有限公司；日期凭证：抬头签约时间）【tools/ziliao/extract_price_seeds.mjs 自动抽取·历史成交价·待甲方核对】
安宝公司,割嘴 PNME 3/64 (MUREX彩盒，18槽） 75克,5.75,CNY,2020-07-09,,contract,来源文件：ziliao/安宝公司/旧订单资料/YAMATO-200/伊朗Rabin/出口产品供需合同 ABH20443 （一洲).xls（工作表 Sheet1 第 10 行；合同号 ABH20443  返单号ABH20246；抬头需方 宁波安宝国际贸易有限公司；日期凭证：抬头签约时间）【tools/ziliao/extract_price_seeds.mjs 自动抽取·历史成交价·待甲方核对】
安宝公司,106HC   0#,6.50,CNY,2020-07-03,,contract,"来源文件：ziliao/安宝公司/AB24145 102HC,106HC/订单/出口产品供需合同 AB20416 （一洲).xls（工作表 Sheet1 第 8 行；合同号 AB20416 同AB19512返单号；抬头需方 宁波安宝国际贸易有限公司；日期凭证：抬头签约时间）【tools/ziliao/extract_price_seeds.mjs 自动抽取·历史成交价·待甲方核对】"
安宝公司,106HC   00#,6.50,CNY,2020-07-03,,contract,"来源文件：ziliao/安宝公司/AB24145 102HC,106HC/订单/出口产品供需合同 AB20416 （一洲).xls（工作表 Sheet1 第 7 行；合同号 AB20416 同AB19512返单号；抬头需方 宁波安宝国际贸易有限公司；日期凭证：抬头签约时间）【tools/ziliao/extract_price_seeds.mjs 自动抽取·历史成交价·待甲方核对】"
安宝公司,106HC   1#,6.50,CNY,2020-07-03,,contract,"来源文件：ziliao/安宝公司/AB24145 102HC,106HC/订单/出口产品供需合同 AB20416 （一洲).xls（工作表 Sheet1 第 9 行；合同号 AB20416 同AB19512返单号；抬头需方 宁波安宝国际贸易有限公司；日期凭证：抬头签约时间）【tools/ziliao/extract_price_seeds.mjs 自动抽取·历史成交价·待甲方核对】"
安宝公司,106HC   2#,6.50,CNY,2020-07-03,,contract,"来源文件：ziliao/安宝公司/AB24145 102HC,106HC/订单/出口产品供需合同 AB20416 （一洲).xls（工作表 Sheet1 第 10 行；合同号 AB20416 同AB19512返单号；抬头需方 宁波安宝国际贸易有限公司；日期凭证：抬头签约时间）【tools/ziliao/extract_price_seeds.mjs 自动抽取·历史成交价·待甲方核对】"
安宝公司,106HC   3#,6.50,CNY,2020-07-03,,contract,"来源文件：ziliao/安宝公司/AB24145 102HC,106HC/订单/出口产品供需合同 AB20416 （一洲).xls（工作表 Sheet1 第 11 行；合同号 AB20416 同AB19512返单号；抬头需方 宁波安宝国际贸易有限公司；日期凭证：抬头签约时间）【tools/ziliao/extract_price_seeds.mjs 自动抽取·历史成交价·待甲方核对】"
安宝公司,106HC   4#,6.50,CNY,2020-07-03,,contract,"来源文件：ziliao/安宝公司/AB24145 102HC,106HC/订单/出口产品供需合同 AB20416 （一洲).xls（工作表 Sheet1 第 12 行；合同号 AB20416 同AB19512返单号；抬头需方 宁波安宝国际贸易有限公司；日期凭证：抬头签约时间）【tools/ziliao/extract_price_seeds.mjs 自动抽取·历史成交价·待甲方核对】"
安宝公司,106HC   5#,6.50,CNY,2020-07-03,,contract,"来源文件：ziliao/安宝公司/AB24145 102HC,106HC/订单/出口产品供需合同 AB20416 （一洲).xls（工作表 Sheet1 第 13 行；合同号 AB20416 同AB19512返单号；抬头需方 宁波安宝国际贸易有限公司；日期凭证：抬头签约时间）【tools/ziliao/extract_price_seeds.mjs 自动抽取·历史成交价·待甲方核对】"
安宝公司,106HC  10# 4.0mm  79g,10.00,CNY,2020-07-03,,contract,"来源文件：ziliao/安宝公司/AB24145 102HC,106HC/订单/出口产品供需合同 AB20416 （一洲).xls（工作表 Sheet1 第 16 行；合同号 AB20416 同AB19512返单号；抬头需方 宁波安宝国际贸易有限公司；日期凭证：抬头签约时间）【tools/ziliao/extract_price_seeds.mjs 自动抽取·历史成交价·待甲方核对】"
安宝公司,106HC  6# 4.0mm  79g,10.00,CNY,2020-07-03,,contract,"来源文件：ziliao/安宝公司/AB24145 102HC,106HC/订单/出口产品供需合同 AB20416 （一洲).xls（工作表 Sheet1 第 14 行；合同号 AB20416 同AB19512返单号；抬头需方 宁波安宝国际贸易有限公司；日期凭证：抬头签约时间）【tools/ziliao/extract_price_seeds.mjs 自动抽取·历史成交价·待甲方核对】"
安宝公司,106HC  8# 4.0mm  79g,10.00,CNY,2020-07-03,,contract,"来源文件：ziliao/安宝公司/AB24145 102HC,106HC/订单/出口产品供需合同 AB20416 （一洲).xls（工作表 Sheet1 第 15 行；合同号 AB20416 同AB19512返单号；抬头需方 宁波安宝国际贸易有限公司；日期凭证：抬头签约时间）【tools/ziliao/extract_price_seeds.mjs 自动抽取·历史成交价·待甲方核对】"
安宝公司,产品要求,12.50,CNY,2019-10-11,,contract,来源文件：ziliao/安宝公司/INFAR不干胶/INFRA合同/2019/出口产品供需合同ab19760 （一洲） .xlsx（工作表 PI 第 5 行；合同号 ABH19760；抬头需方 宁波安宝国际贸易有限公司；日期凭证：抬头签约时间）【tools/ziliao/extract_price_seeds.mjs 自动抽取·历史成交价·待甲方核对】
安宝公司,106HC  8# 4.0mm  79g,10.00,CNY,2019-07-07,,contract,"来源文件：ziliao/安宝公司/AB24145 102HC,106HC/订单/6290NFF,106HC-8 供需合同 ab19512（一洲).xls（工作表 Sheet1 第 7 行；合同号 AB19512返单号；抬头需方 宁波安宝国际贸易有限公司；日期凭证：抬头签约时间）【tools/ziliao/extract_price_seeds.mjs 自动抽取·历史成交价·待甲方核对】"
安宝公司,6290NFF #6  45g,6.50,CNY,2019-07-07,,contract,"来源文件：ziliao/安宝公司/AB24145 102HC,106HC/订单/6290NFF,106HC-8 供需合同 ab19512（一洲).xls（工作表 Sheet1 第 8 行；合同号 AB19512返单号；抬头需方 宁波安宝国际贸易有限公司；日期凭证：抬头签约时间）【tools/ziliao/extract_price_seeds.mjs 自动抽取·历史成交价·待甲方核对】"
安宝公司,1-101 0# 割嘴,11.00,CNY,,,contract,来源文件：ziliao/安宝公司/Weldsolutions不干胶/合同/2022前/出口产品供需合同ab20716(20年10月).xls（工作表 Sheet1 第 23 行；合同号 AB20716；抬头需方 宁波安宝国际贸易有限公司；日期凭证：无（已留空））【tools/ziliao/extract_price_seeds.mjs 自动抽取·历史成交价·待甲方核对】
安宝公司,Cutting nozzles Code:4027,7.90,CNY,,,contract,来源文件：ziliao/安宝公司/INFAR不干胶/INFRA合同/2021/出口产品供需合同ab21036（一洲）有重量  .xls（工作表 Sheet1 第 16 行；合同号 AB21036返单AB20903；抬头需方 宁波安宝国际贸易有限公司；日期凭证：无（已留空））【tools/ziliao/extract_price_seeds.mjs 自动抽取·历史成交价·待甲方核对】
安宝公司,"Cutting nozzles Code:4191 ,    73.2G",11.00,CNY,,,contract,来源文件：ziliao/安宝公司/INFAR不干胶/INFRA合同/2020/出口产品供需合同ab20903（一洲）有重量  .xls（工作表 Sheet1 第 12 行；合同号 AB20903返单AB20697；抬头需方 宁波安宝国际贸易有限公司；日期凭证：无（已留空））【tools/ziliao/extract_price_seeds.mjs 自动抽取·历史成交价·待甲方核对】
安宝公司,"Cutting nozzles Code:4192 ,    73.2G",11.00,CNY,,,contract,来源文件：ziliao/安宝公司/INFAR不干胶/INFRA合同/2021/出口产品供需合同ab21036（一洲）有重量  .xls（工作表 Sheet1 第 24 行；合同号 AB21036返单AB20903；抬头需方 宁波安宝国际贸易有限公司；日期凭证：无（已留空））【tools/ziliao/extract_price_seeds.mjs 自动抽取·历史成交价·待甲方核对】
安宝公司,Cutting nozzles Code:4193,7.15,CNY,,,contract,来源文件：ziliao/安宝公司/INFAR不干胶/INFRA合同/2021/出口产品供需合同ab21036（一洲）有重量  .xls（工作表 Sheet1 第 17 行；合同号 AB21036返单AB20903；抬头需方 宁波安宝国际贸易有限公司；日期凭证：无（已留空））【tools/ziliao/extract_price_seeds.mjs 自动抽取·历史成交价·待甲方核对】
安宝公司,Cutting nozzles Code:4194,7.15,CNY,,,contract,来源文件：ziliao/安宝公司/INFAR不干胶/INFRA合同/2021/出口产品供需合同ab21036（一洲）有重量  .xls（工作表 Sheet1 第 18 行；合同号 AB21036返单AB20903；抬头需方 宁波安宝国际贸易有限公司；日期凭证：无（已留空））【tools/ziliao/extract_price_seeds.mjs 自动抽取·历史成交价·待甲方核对】
安宝公司,GPN  割嘴,6.80,CNY,,,contract,来源文件：ziliao/安宝公司/Weldsolutions不干胶/合同/2022前/出口产品供需合同ab20716(20年10月).xls（工作表 Sheet1 第 17 行；合同号 AB20716；抬头需方 宁波安宝国际贸易有限公司；日期凭证：无（已留空））【tools/ziliao/extract_price_seeds.mjs 自动抽取·历史成交价·待甲方核对】
安宝公司,HARRIS 丙烷割嘴6290-NX-0,5.25,CNY,,,contract,来源文件：ziliao/安宝公司/INFAR不干胶/INFRA合同/2020/出口产品供需合同ab20903（一洲）有重量  .xls（工作表 Sheet1 第 13 行；合同号 AB20903返单AB20697；抬头需方 宁波安宝国际贸易有限公司；日期凭证：无（已留空））【tools/ziliao/extract_price_seeds.mjs 自动抽取·历史成交价·待甲方核对】
安宝公司,HARRIS 丙烷割嘴6290-NX-1,5.25,CNY,,,contract,来源文件：ziliao/安宝公司/INFAR不干胶/INFRA合同/2020/出口产品供需合同ab20903（一洲）有重量  .xls（工作表 Sheet1 第 14 行；合同号 AB20903返单AB20697；抬头需方 宁波安宝国际贸易有限公司；日期凭证：无（已留空））【tools/ziliao/extract_price_seeds.mjs 自动抽取·历史成交价·待甲方核对】
安宝公司,HARRIS 丙烷割嘴6290-NX-2,5.25,CNY,,,contract,来源文件：ziliao/安宝公司/INFAR不干胶/INFRA合同/2020/出口产品供需合同ab20903（一洲）有重量  .xls（工作表 Sheet1 第 15 行；合同号 AB20903返单AB20697；抬头需方 宁波安宝国际贸易有限公司；日期凭证：无（已留空））【tools/ziliao/extract_price_seeds.mjs 自动抽取·历史成交价·待甲方核对】
安宝公司,HARRIS 丙烷割嘴6290-NX-3,5.25,CNY,,,contract,来源文件：ziliao/安宝公司/INFAR不干胶/INFRA合同/2020/出口产品供需合同ab20903（一洲）有重量  .xls（工作表 Sheet1 第 16 行；合同号 AB20903返单AB20697；抬头需方 宁波安宝国际贸易有限公司；日期凭证：无（已留空））【tools/ziliao/extract_price_seeds.mjs 自动抽取·历史成交价·待甲方核对】
安宝公司,harris 乙炔割嘴 6290-1,7.50,CNY,,,contract,来源文件：ziliao/安宝公司/Weldsolutions不干胶/合同/2022前/出口产品供需合同ab20716(20年10月).xls（工作表 Sheet1 第 13 行；合同号 AB20716；抬头需方 宁波安宝国际贸易有限公司；日期凭证：无（已留空））【tools/ziliao/extract_price_seeds.mjs 自动抽取·历史成交价·待甲方核对】
安宝公司,harris 乙炔割嘴 6290-3,7.50,CNY,,,contract,来源文件：ziliao/安宝公司/Weldsolutions不干胶/合同/2022前/出口产品供需合同ab20716(20年10月).xls（工作表 Sheet1 第 14 行；合同号 AB20716；抬头需方 宁波安宝国际贸易有限公司；日期凭证：无（已留空））【tools/ziliao/extract_price_seeds.mjs 自动抽取·历史成交价·待甲方核对】
安宝公司,harris 乙炔割嘴 6290-42,7.50,CNY,,,contract,来源文件：ziliao/安宝公司/Weldsolutions不干胶/合同/2022前/出口产品供需合同ab20716(20年10月).xls（工作表 Sheet1 第 15 行；合同号 AB20716；抬头需方 宁波安宝国际贸易有限公司；日期凭证：无（已留空））【tools/ziliao/extract_price_seeds.mjs 自动抽取·历史成交价·待甲方核对】
安宝公司,harris 乙炔割嘴 6290-5,7.50,CNY,,,contract,来源文件：ziliao/安宝公司/Weldsolutions不干胶/合同/2022前/出口产品供需合同ab20716(20年10月).xls（工作表 Sheet1 第 16 行；合同号 AB20716；抬头需方 宁波安宝国际贸易有限公司；日期凭证：无（已留空））【tools/ziliao/extract_price_seeds.mjs 自动抽取·历史成交价·待甲方核对】
安宝公司,smith 丙烷割嘴 SC-50-A-0,11.55,CNY,,,contract,来源文件：ziliao/安宝公司/INFAR不干胶/INFRA合同/2020/出口产品供需合同ab20903（一洲）有重量  .xls（工作表 Sheet1 第 5 行；合同号 AB20903返单AB20697；抬头需方 宁波安宝国际贸易有限公司；日期凭证：无（已留空））【tools/ziliao/extract_price_seeds.mjs 自动抽取·历史成交价·待甲方核对】
安宝公司,smith 丙烷割嘴 SC-50-A-0 code:4154,10.70,CNY,,,contract,来源文件：ziliao/安宝公司/INFAR不干胶/INFRA合同/2020/出口产品供需合同ab20831 （一州）有重量  .xls（工作表 Sheet1 第 5 行；合同号 AB20831返单号AB20540；抬头需方 宁波安宝国际贸易有限公司；日期凭证：无（已留空））【tools/ziliao/extract_price_seeds.mjs 自动抽取·历史成交价·待甲方核对】
安宝公司,smith 丙烷割嘴 SC-50-A-1,11.55,CNY,,,contract,来源文件：ziliao/安宝公司/INFAR不干胶/INFRA合同/2021/出口产品供需合同ab21036（一洲）有重量  .xls（工作表 Sheet1 第 6 行；合同号 AB21036返单AB20903；抬头需方 宁波安宝国际贸易有限公司；日期凭证：无（已留空））【tools/ziliao/extract_price_seeds.mjs 自动抽取·历史成交价·待甲方核对】
安宝公司,smith 丙烷割嘴 SC-50-A-1 code:4157,10.70,CNY,,,contract,来源文件：ziliao/安宝公司/INFAR不干胶/INFRA合同/2020/出口产品供需合同ab20831 （一州）有重量  .xls（工作表 Sheet1 第 6 行；合同号 AB20831返单号AB20540；抬头需方 宁波安宝国际贸易有限公司；日期凭证：无（已留空））【tools/ziliao/extract_price_seeds.mjs 自动抽取·历史成交价·待甲方核对】
安宝公司,smith 丙烷割嘴 SC-50-A-2,11.55,CNY,,,contract,来源文件：ziliao/安宝公司/INFAR不干胶/INFRA合同/2020/出口产品供需合同ab20903（一洲）有重量  .xls（工作表 Sheet1 第 6 行；合同号 AB20903返单AB20697；抬头需方 宁波安宝国际贸易有限公司；日期凭证：无（已留空））【tools/ziliao/extract_price_seeds.mjs 自动抽取·历史成交价·待甲方核对】
安宝公司,smith 丙烷割嘴 SC-50-A-2 code:4158,10.70,CNY,,,contract,来源文件：ziliao/安宝公司/INFAR不干胶/INFRA合同/2020/出口产品供需合同ab20831 （一州）有重量  .xls（工作表 Sheet1 第 7 行；合同号 AB20831返单号AB20540；抬头需方 宁波安宝国际贸易有限公司；日期凭证：无（已留空））【tools/ziliao/extract_price_seeds.mjs 自动抽取·历史成交价·待甲方核对】
安宝公司,smith 丙烷割嘴 SC-50-A-3,11.55,CNY,,,contract,来源文件：ziliao/安宝公司/INFAR不干胶/INFRA合同/2021/出口产品供需合同ab21036（一洲）有重量  .xls（工作表 Sheet1 第 8 行；合同号 AB21036返单AB20903；抬头需方 宁波安宝国际贸易有限公司；日期凭证：无（已留空））【tools/ziliao/extract_price_seeds.mjs 自动抽取·历史成交价·待甲方核对】
安宝公司,smith 丙烷割嘴 SC-50-A-3 code:4161,10.70,CNY,,,contract,来源文件：ziliao/安宝公司/INFAR不干胶/INFRA合同/2020/出口产品供需合同ab20831 （一州）有重量  .xls（工作表 Sheet1 第 8 行；合同号 AB20831返单号AB20540；抬头需方 宁波安宝国际贸易有限公司；日期凭证：无（已留空））【tools/ziliao/extract_price_seeds.mjs 自动抽取·历史成交价·待甲方核对】
安宝公司,smith 丙烷割嘴 SC-50-A-4,11.55,CNY,,,contract,来源文件：ziliao/安宝公司/INFAR不干胶/INFRA合同/2020/出口产品供需合同ab20903（一洲）有重量  .xls（工作表 Sheet1 第 7 行；合同号 AB20903返单AB20697；抬头需方 宁波安宝国际贸易有限公司；日期凭证：无（已留空））【tools/ziliao/extract_price_seeds.mjs 自动抽取·历史成交价·待甲方核对】
安宝公司,smith 丙烷割嘴 SC-50-A-4 code:4162,10.70,CNY,,,contract,来源文件：ziliao/安宝公司/INFAR不干胶/INFRA合同/2020/出口产品供需合同ab20831 （一州）有重量  .xls（工作表 Sheet1 第 9 行；合同号 AB20831返单号AB20540；抬头需方 宁波安宝国际贸易有限公司；日期凭证：无（已留空））【tools/ziliao/extract_price_seeds.mjs 自动抽取·历史成交价·待甲方核对】
安宝公司,smith 丙烷割嘴 SC-50-A-7,11.55,CNY,,,contract,来源文件：ziliao/安宝公司/INFAR不干胶/INFRA合同/2021/出口产品供需合同ab21036（一洲）有重量  .xls（工作表 Sheet1 第 10 行；合同号 AB21036返单AB20903；抬头需方 宁波安宝国际贸易有限公司；日期凭证：无（已留空））【tools/ziliao/extract_price_seeds.mjs 自动抽取·历史成交价·待甲方核对】
安宝公司,smith 丙烷割嘴 SC-50-A-7 code:4164,10.70,CNY,,,contract,来源文件：ziliao/安宝公司/INFAR不干胶/INFRA合同/2020/出口产品供需合同ab20831 （一州）有重量  .xls（工作表 Sheet1 第 10 行；合同号 AB20831返单号AB20540；抬头需方 宁波安宝国际贸易有限公司；日期凭证：无（已留空））【tools/ziliao/extract_price_seeds.mjs 自动抽取·历史成交价·待甲方核对】
安宝公司,smith 乙炔割嘴 SC-12-0,12.60,CNY,,,contract,来源文件：ziliao/安宝公司/INFAR不干胶/INFRA合同/2021/出口产品供需合同ab21036（一洲）有重量  .xls（工作表 Sheet1 第 11 行；合同号 AB21036返单AB20903；抬头需方 宁波安宝国际贸易有限公司；日期凭证：无（已留空））【tools/ziliao/extract_price_seeds.mjs 自动抽取·历史成交价·待甲方核对】
安宝公司,smith 乙炔割嘴 SC-12-1,12.60,CNY,,,contract,来源文件：ziliao/安宝公司/INFAR不干胶/INFRA合同/2021/出口产品供需合同ab21036（一洲）有重量  .xls（工作表 Sheet1 第 12 行；合同号 AB21036返单AB20903；抬头需方 宁波安宝国际贸易有限公司；日期凭证：无（已留空））【tools/ziliao/extract_price_seeds.mjs 自动抽取·历史成交价·待甲方核对】
安宝公司,smith 乙炔割嘴 SC-12-2,12.60,CNY,,,contract,来源文件：ziliao/安宝公司/INFAR不干胶/INFRA合同/2020/出口产品供需合同ab20903（一洲）有重量  .xls（工作表 Sheet1 第 10 行；合同号 AB20903返单AB20697；抬头需方 宁波安宝国际贸易有限公司；日期凭证：无（已留空））【tools/ziliao/extract_price_seeds.mjs 自动抽取·历史成交价·待甲方核对】
安宝公司,smith 乙炔割嘴 SC-12-3,12.60,CNY,,,contract,来源文件：ziliao/安宝公司/INFAR不干胶/INFRA合同/2020/出口产品供需合同ab20903（一洲）有重量  .xls（工作表 Sheet1 第 11 行；合同号 AB20903返单AB20697；抬头需方 宁波安宝国际贸易有限公司；日期凭证：无（已留空））【tools/ziliao/extract_price_seeds.mjs 自动抽取·历史成交价·待甲方核对】
安宝公司,smith 乙炔割嘴 SC-12-4,12.60,CNY,,,contract,来源文件：ziliao/安宝公司/INFAR不干胶/INFRA合同/2021/出口产品供需合同ab21036（一洲）有重量  .xls（工作表 Sheet1 第 15 行；合同号 AB21036返单AB20903；抬头需方 宁波安宝国际贸易有限公司；日期凭证：无（已留空））【tools/ziliao/extract_price_seeds.mjs 自动抽取·历史成交价·待甲方核对】
安宝公司,smith 乙炔割嘴 SC-12-5,12.00,CNY,,,contract,来源文件：ziliao/安宝公司/Weldsolutions不干胶/合同/2022前/出口产品供需合同ab20716(20年10月).xls（工作表 Sheet1 第 12 行；合同号 AB20716；抬头需方 宁波安宝国际贸易有限公司；日期凭证：无（已留空））【tools/ziliao/extract_price_seeds.mjs 自动抽取·历史成交价·待甲方核对】
嵊州海田,6-MFA-1,28.60,CNY,2026-09-30,,doc,来源文件：嵊州海田/AMZ  1-101 JZWELD牌子/任江南采购单-MFA-1.doc（采购单 第 3 行起；合同号 YZ20260930；单据交货期 10/30；日期凭证：单据签定时间）【tools/ziliao/extract_price_seeds.mjs 自动抽取·历史成交价·待甲方核对】
嵊州海田,8-MFA-1,28.60,CNY,2026-09-30,,doc,来源文件：嵊州海田/AMZ  1-101 JZWELD牌子/任江南采购单-MFA-1.doc（采购单 第 3 行起；合同号 YZ20260930；单据交货期 10/30；日期凭证：单据签定时间）【tools/ziliao/extract_price_seeds.mjs 自动抽取·历史成交价·待甲方核对】
嵊州海田,0-W,16.00,CNY,2026-09-14,,doc,来源文件：嵊州海田/江南采购单/任江南采购单-VICTOR  MFA.doc（采购单 第 3 行起；合同号 YZ260914；单据交货期 10/13；日期凭证：签定时间(补年自合同号)）【tools/ziliao/extract_price_seeds.mjs 自动抽取·历史成交价·待甲方核对】
嵊州海田,1-W,16.00,CNY,2026-09-14,,doc,来源文件：嵊州海田/江南采购单/任江南采购单-VICTOR  MFA.doc（采购单 第 3 行起；合同号 YZ260914；单据交货期 10/13；日期凭证：签定时间(补年自合同号)）【tools/ziliao/extract_price_seeds.mjs 自动抽取·历史成交价·待甲方核对】
嵊州海田,10-MFA,54.00,CNY,2026-09-14,,doc,来源文件：嵊州海田/江南采购单/任江南采购单-VICTOR  MFA.doc（采购单 第 3 行起；合同号 YZ260914；单据交货期 10/13；日期凭证：签定时间(补年自合同号)）【tools/ziliao/extract_price_seeds.mjs 自动抽取·历史成交价·待甲方核对】
嵊州海田,12-MFA,54.00,CNY,2026-09-14,,doc,来源文件：嵊州海田/江南采购单/任江南采购单-VICTOR  MFA.doc（采购单 第 3 行起；合同号 YZ260914；单据交货期 10/13；日期凭证：签定时间(补年自合同号)）【tools/ziliao/extract_price_seeds.mjs 自动抽取·历史成交价·待甲方核对】
嵊州海田,2-W,17.00,CNY,2026-09-14,,doc,来源文件：嵊州海田/江南采购单/任江南采购单-VICTOR  MFA.doc（采购单 第 3 行起；合同号 YZ260914；单据交货期 10/13；日期凭证：签定时间(补年自合同号)）【tools/ziliao/extract_price_seeds.mjs 自动抽取·历史成交价·待甲方核对】
嵊州海田,3-W,20.00,CNY,2026-09-14,,doc,来源文件：嵊州海田/江南采购单/任江南采购单-VICTOR  MFA.doc（采购单 第 3 行起；合同号 YZ260914；单据交货期 10/13；日期凭证：签定时间(补年自合同号)）【tools/ziliao/extract_price_seeds.mjs 自动抽取·历史成交价·待甲方核对】
嵊州海田,4-W,20.60,CNY,2026-09-14,,doc,来源文件：嵊州海田/江南采购单/任江南采购单-VICTOR  MFA.doc（采购单 第 3 行起；合同号 YZ260914；单据交货期 10/13；日期凭证：签定时间(补年自合同号)）【tools/ziliao/extract_price_seeds.mjs 自动抽取·历史成交价·待甲方核对】
嵊州海田,6-MFA,45.00,CNY,2026-09-14,,doc,来源文件：嵊州海田/江南采购单/任江南采购单-VICTOR  MFA.doc（采购单 第 3 行起；合同号 YZ260914；单据交货期 10/13；日期凭证：签定时间(补年自合同号)）【tools/ziliao/extract_price_seeds.mjs 自动抽取·历史成交价·待甲方核对】
嵊州海田,8-MFA,45.00,CNY,2026-09-14,,doc,来源文件：嵊州海田/江南采购单/任江南采购单-VICTOR  MFA.doc（采购单 第 3 行起；合同号 YZ260914；单据交货期 10/13；日期凭证：签定时间(补年自合同号)）【tools/ziliao/extract_price_seeds.mjs 自动抽取·历史成交价·待甲方核对】
嵊州海田,0-W,16.00,CNY,2026-08-25,,doc,来源文件：嵊州海田/江南采购单/任江南采购单-VICTOR  W焊杆.doc（采购单 第 3 行起；合同号 YZ260825；单据交货期 9/25；日期凭证：签定时间(补年自合同号)）【tools/ziliao/extract_price_seeds.mjs 自动抽取·历史成交价·待甲方核对】
嵊州海田,1-W,16.00,CNY,2026-08-25,,doc,来源文件：嵊州海田/江南采购单/任江南采购单-VICTOR  W焊杆.doc（采购单 第 3 行起；合同号 YZ260825；单据交货期 9/25；日期凭证：签定时间(补年自合同号)）【tools/ziliao/extract_price_seeds.mjs 自动抽取·历史成交价·待甲方核对】
嵊州海田,2-W,17.00,CNY,2026-08-25,,doc,来源文件：嵊州海田/江南采购单/任江南采购单-VICTOR  W焊杆.doc（采购单 第 3 行起；合同号 YZ260825；单据交货期 9/25；日期凭证：签定时间(补年自合同号)）【tools/ziliao/extract_price_seeds.mjs 自动抽取·历史成交价·待甲方核对】
嵊州海田,3-W,20.00,CNY,2026-08-25,,doc,来源文件：嵊州海田/江南采购单/任江南采购单-VICTOR  W焊杆.doc（采购单 第 3 行起；合同号 YZ260825；单据交货期 9/25；日期凭证：签定时间(补年自合同号)）【tools/ziliao/extract_price_seeds.mjs 自动抽取·历史成交价·待甲方核对】
嵊州海田,4-W,20.60,CNY,2026-08-25,,doc,来源文件：嵊州海田/江南采购单/任江南采购单-VICTOR  W焊杆.doc（采购单 第 3 行起；合同号 YZ260825；单据交货期 9/25；日期凭证：签定时间(补年自合同号)）【tools/ziliao/extract_price_seeds.mjs 自动抽取·历史成交价·待甲方核对】
嵊州海田,5-W,26.40,CNY,2026-08-25,,doc,来源文件：嵊州海田/江南采购单/任江南采购单-VICTOR  W焊杆.doc（采购单 第 3 行起；合同号 YZ260825；单据交货期 9/25；日期凭证：签定时间(补年自合同号)）【tools/ziliao/extract_price_seeds.mjs 自动抽取·历史成交价·待甲方核对】
嵊州海田,6-W,28.10,CNY,2026-08-25,,doc,来源文件：嵊州海田/江南采购单/任江南采购单-VICTOR  W焊杆.doc（采购单 第 3 行起；合同号 YZ260825；单据交货期 9/25；日期凭证：签定时间(补年自合同号)）【tools/ziliao/extract_price_seeds.mjs 自动抽取·历史成交价·待甲方核对】
嵊州海田,7-W,29.10,CNY,2026-08-25,,doc,来源文件：嵊州海田/江南采购单/任江南采购单-VICTOR  W焊杆.doc（采购单 第 3 行起；合同号 YZ260825；单据交货期 9/25；日期凭证：签定时间(补年自合同号)）【tools/ziliao/extract_price_seeds.mjs 自动抽取·历史成交价·待甲方核对】
嵊州海田,8-W,30.10,CNY,2026-08-25,,doc,来源文件：嵊州海田/江南采购单/任江南采购单-VICTOR  W焊杆.doc（采购单 第 3 行起；合同号 YZ260825；单据交货期 9/25；日期凭证：签定时间(补年自合同号)）【tools/ziliao/extract_price_seeds.mjs 自动抽取·历史成交价·待甲方核对】
嵊州海田,1-W,17.80,CNY,2026-08-11,,doc,"来源文件：嵊州海田/AMZ  1-101 JZWELD牌子/任江南采购单 W, W-1, W-J.doc（采购单 第 3 行起；合同号 YZ20260811；单据交货期 8/30；日期凭证：单据签定时间）【tools/ziliao/extract_price_seeds.mjs 自动抽取·历史成交价·待甲方核对】"
嵊州海田,1-W-1,13.20,CNY,2026-08-11,,doc,"来源文件：嵊州海田/AMZ  1-101 JZWELD牌子/任江南采购单 W, W-1, W-J.doc（采购单 第 3 行起；合同号 YZ20260811；单据交货期 8/30；日期凭证：单据签定时间）【tools/ziliao/extract_price_seeds.mjs 自动抽取·历史成交价·待甲方核对】"
嵊州海田,1-W-J,11.60,CNY,2026-08-11,,doc,"来源文件：嵊州海田/AMZ  1-101 JZWELD牌子/任江南采购单 W, W-1, W-J.doc（采购单 第 3 行起；合同号 YZ20260811；单据交货期 8/30；日期凭证：单据签定时间）【tools/ziliao/extract_price_seeds.mjs 自动抽取·历史成交价·待甲方核对】"
嵊州海田,2-W,18.70,CNY,2026-08-11,,doc,"来源文件：嵊州海田/AMZ  1-101 JZWELD牌子/任江南采购单 W, W-1, W-J.doc（采购单 第 3 行起；合同号 YZ20260811；单据交货期 8/30；日期凭证：单据签定时间）【tools/ziliao/extract_price_seeds.mjs 自动抽取·历史成交价·待甲方核对】"
嵊州海田,2-W-1,13.20,CNY,2026-08-11,,doc,"来源文件：嵊州海田/AMZ  1-101 JZWELD牌子/任江南采购单 W, W-1, W-J.doc（采购单 第 3 行起；合同号 YZ20260811；单据交货期 8/30；日期凭证：单据签定时间）【tools/ziliao/extract_price_seeds.mjs 自动抽取·历史成交价·待甲方核对】"
嵊州海田,2-W-J,11.90,CNY,2026-08-11,,doc,"来源文件：嵊州海田/AMZ  1-101 JZWELD牌子/任江南采购单 W, W-1, W-J.doc（采购单 第 3 行起；合同号 YZ20260811；单据交货期 8/30；日期凭证：单据签定时间）【tools/ziliao/extract_price_seeds.mjs 自动抽取·历史成交价·待甲方核对】"
嵊州海田,3-W,21.00,CNY,2026-08-11,,doc,"来源文件：嵊州海田/AMZ  1-101 JZWELD牌子/任江南采购单 W, W-1, W-J.doc（采购单 第 3 行起；合同号 YZ20260811；单据交货期 8/30；日期凭证：单据签定时间）【tools/ziliao/extract_price_seeds.mjs 自动抽取·历史成交价·待甲方核对】"
嵊州海田,3-W-1,13.70,CNY,2026-08-11,,doc,"来源文件：嵊州海田/AMZ  1-101 JZWELD牌子/任江南采购单 W, W-1, W-J.doc（采购单 第 3 行起；合同号 YZ20260811；单据交货期 8/30；日期凭证：单据签定时间）【tools/ziliao/extract_price_seeds.mjs 自动抽取·历史成交价·待甲方核对】"
嵊州海田,3-W-J,11.90,CNY,2026-08-11,,doc,"来源文件：嵊州海田/AMZ  1-101 JZWELD牌子/任江南采购单 W, W-1, W-J.doc（采购单 第 3 行起；合同号 YZ20260811；单据交货期 8/30；日期凭证：单据签定时间）【tools/ziliao/extract_price_seeds.mjs 自动抽取·历史成交价·待甲方核对】"
嵊州海田,0-1-118,17.00,CNY,2026-08-08,,doc,来源文件：嵊州海田/AMZ  1-101 JZWELD牌子/邬贤炳1-118 采购单.doc（采购单 第 3 行起；合同号 260808；单据交货期 8/30；日期凭证：签定时间(补年自合同号)）【tools/ziliao/extract_price_seeds.mjs 自动抽取·历史成交价·待甲方核对】
嵊州海田,2-1-118,17.00,CNY,2026-08-08,,doc,来源文件：嵊州海田/AMZ  1-101 JZWELD牌子/邬贤炳1-118 采购单.doc（采购单 第 3 行起；合同号 260808；单据交货期 8/30；日期凭证：签定时间(补年自合同号)）【tools/ziliao/extract_price_seeds.mjs 自动抽取·历史成交价·待甲方核对】
嵊州海田,4-1-118,17.00,CNY,2026-08-08,,doc,来源文件：嵊州海田/AMZ  1-101 JZWELD牌子/邬贤炳1-118 采购单.doc（采购单 第 3 行起；合同号 260808；单据交货期 8/30；日期凭证：签定时间(补年自合同号)）【tools/ziliao/extract_price_seeds.mjs 自动抽取·历史成交价·待甲方核对】
嵊州海田,6-1-118,20.50,CNY,2026-08-08,,doc,来源文件：嵊州海田/AMZ  1-101 JZWELD牌子/邬贤炳1-118 采购单.doc（采购单 第 3 行起；合同号 260808；单据交货期 8/30；日期凭证：签定时间(补年自合同号)）【tools/ziliao/extract_price_seeds.mjs 自动抽取·历史成交价·待甲方核对】
嵊州海田,7-1-101,15.00,CNY,2026-08-08,,doc,来源文件：嵊州海田/AMZ  1-101 JZWELD牌子/邬贤炳1-118 采购单.doc（采购单 第 3 行起；合同号 260808；单据交货期 8/30；日期凭证：签定时间(补年自合同号)）【tools/ziliao/extract_price_seeds.mjs 自动抽取·历史成交价·待甲方核对】
嵊州海田,8-1-101,15.00,CNY,2026-08-08,,doc,来源文件：嵊州海田/AMZ  1-101 JZWELD牌子/邬贤炳1-118 采购单.doc（采购单 第 3 行起；合同号 260808；单据交货期 8/30；日期凭证：签定时间(补年自合同号)）【tools/ziliao/extract_price_seeds.mjs 自动抽取·历史成交价·待甲方核对】
嵊州海田,8-1-118,20.50,CNY,2026-08-08,,doc,来源文件：嵊州海田/AMZ  1-101 JZWELD牌子/邬贤炳1-118 采购单.doc（采购单 第 3 行起；合同号 260808；单据交货期 8/30；日期凭证：签定时间(补年自合同号)）【tools/ziliao/extract_price_seeds.mjs 自动抽取·历史成交价·待甲方核对】
嵊州海田,T20的杆子+连接器,135.00,CNY,2026-07-28,,doc,"来源文件：嵊州海田/EBD 1-101,T20, GPN MADE IN USA/T15T20杆子+连接器  采购单.doc（采购单 第 3 行起；合同号 YZ20260728；单据交货期 8/30；日期凭证：签定时间(补年自合同号)）【该行由列错位回填，产品名需人工核对】【tools/ziliao/extract_price_seeds.mjs 自动抽取·历史成交价·待甲方核对】"
嵊州海田,2-MFA-J,24.50,CNY,2026-06-30,,doc,来源文件：嵊州海田/AMZ  1-101 JZWELD牌子/任江南采购单-MFA-J.doc（采购单 第 3 行起；合同号 YZ20260630；单据交货期 7/30；日期凭证：单据签定时间）【tools/ziliao/extract_price_seeds.mjs 自动抽取·历史成交价·待甲方核对】
嵊州海田,4-MFA-J,25.50,CNY,2026-06-30,,doc,来源文件：嵊州海田/AMZ  1-101 JZWELD牌子/任江南采购单-MFA-J.doc（采购单 第 3 行起；合同号 YZ20260630；单据交货期 7/30；日期凭证：单据签定时间）【tools/ziliao/extract_price_seeds.mjs 自动抽取·历史成交价·待甲方核对】
嵊州海田,6-MFA-J,25.50,CNY,2026-06-30,,doc,来源文件：嵊州海田/AMZ  1-101 JZWELD牌子/任江南采购单-MFA-J.doc（采购单 第 3 行起；合同号 YZ20260630；单据交货期 7/30；日期凭证：单据签定时间）【tools/ziliao/extract_price_seeds.mjs 自动抽取·历史成交价·待甲方核对】
嵊州海田,配T15T20的杆子+连接器,42.30,CNY,2026-06-30,,doc,"来源文件：嵊州海田/IAS T15,T20,106HC 加热嘴 宋/T15T20杆子+连接器  采购单.doc（采购单 第 3 行起；合同号 YZ20260630；单据交货期 7/30；日期凭证：签定时间(补年自合同号)）【该行由列错位回填，产品名需人工核对】【tools/ziliao/extract_price_seeds.mjs 自动抽取·历史成交价·待甲方核对】"
嵊州海田,T15单嘴,63.00,CNY,2026-03-03,,doc,来源文件：嵊州海田/TCN GPN MADE IN USA T20加热嘴/任江南采购单.doc（采购单 第 3 行起；合同号 YZ20260303；单据交货期 4/5；日期凭证：签定时间(补年自合同号)）【tools/ziliao/extract_price_seeds.mjs 自动抽取·历史成交价·待甲方核对】
嵊州海田,T20单嘴,103.00,CNY,2026-03-03,,doc,来源文件：嵊州海田/TCN GPN MADE IN USA T20加热嘴/任江南采购单.doc（采购单 第 3 行起；合同号 YZ20260303；单据交货期 4/5；日期凭证：签定时间(补年自合同号)）【tools/ziliao/extract_price_seeds.mjs 自动抽取·历史成交价·待甲方核对】
嵊州海田,0-W-1,9.00,CNY,2026-01-07,,doc,来源文件：嵊州海田/江南采购单/任江南采购单-VICTOR 80V焊杆.doc（采购单 第 3 行起；合同号 YZ230907；日期凭证：单据签定时间）【tools/ziliao/extract_price_seeds.mjs 自动抽取·历史成交价·待甲方核对】
嵊州海田,1-W-1,12.10,CNY,2026-01-07,,doc,来源文件：嵊州海田/江南采购单/任江南采购单-VICTOR 80V焊杆.doc（采购单 第 3 行起；合同号 YZ230907；日期凭证：单据签定时间）【tools/ziliao/extract_price_seeds.mjs 自动抽取·历史成交价·待甲方核对】
嵊州海田,2-W-1,12.10,CNY,2026-01-07,,doc,来源文件：嵊州海田/江南采购单/任江南采购单-VICTOR 80V焊杆.doc（采购单 第 3 行起；合同号 YZ230907；日期凭证：单据签定时间）【tools/ziliao/extract_price_seeds.mjs 自动抽取·历史成交价·待甲方核对】
嵊州海田,3-W-1,10.00,CNY,2026-01-07,,doc,来源文件：嵊州海田/江南采购单/任江南采购单-VICTOR 80V焊杆.doc（采购单 第 3 行起；合同号 YZ230907；日期凭证：单据签定时间）【tools/ziliao/extract_price_seeds.mjs 自动抽取·历史成交价·待甲方核对】
嵊州海田,4-W-1,10.00,CNY,2026-01-07,,doc,来源文件：嵊州海田/江南采购单/任江南采购单-VICTOR 80V焊杆.doc（采购单 第 3 行起；合同号 YZ230907；日期凭证：单据签定时间）【tools/ziliao/extract_price_seeds.mjs 自动抽取·历史成交价·待甲方核对】
嵊州海田,5-W-1,11.00,CNY,2026-01-07,,doc,来源文件：嵊州海田/江南采购单/任江南采购单-VICTOR 80V焊杆.doc（采购单 第 3 行起；合同号 YZ230907；日期凭证：单据签定时间）【tools/ziliao/extract_price_seeds.mjs 自动抽取·历史成交价·待甲方核对】
嵊州海田,6-W-1,13.50,CNY,2026-01-07,,doc,来源文件：嵊州海田/江南采购单/任江南采购单-VICTOR 80V焊杆.doc（采购单 第 3 行起；合同号 YZ230907；日期凭证：单据签定时间）【tools/ziliao/extract_price_seeds.mjs 自动抽取·历史成交价·待甲方核对】
嵊州海田,7-W-1,13.50,CNY,2026-01-07,,doc,来源文件：嵊州海田/江南采购单/任江南采购单-VICTOR 80V焊杆.doc（采购单 第 3 行起；合同号 YZ230907；日期凭证：单据签定时间）【tools/ziliao/extract_price_seeds.mjs 自动抽取·历史成交价·待甲方核对】
嵊州海田,T15单嘴,63.00,CNY,2025-09-11,,doc,"来源文件：嵊州海田/IAS T15,T20,106HC 加热嘴 宋/任江南采购单.doc（采购单 第 3 行起；合同号 YZ20250911；单据交货期 10/25；日期凭证：签定时间(补年自合同号)）【tools/ziliao/extract_price_seeds.mjs 自动抽取·历史成交价·待甲方核对】"
嵊州海田,T20单嘴,103.00,CNY,2025-09-11,,doc,"来源文件：嵊州海田/IAS T15,T20,106HC 加热嘴 宋/任江南采购单.doc（采购单 第 3 行起；合同号 YZ20250911；单据交货期 10/25；日期凭证：签定时间(补年自合同号)）【tools/ziliao/extract_price_seeds.mjs 自动抽取·历史成交价·待甲方核对】"
嵊州海田,T15,63.00,CNY,2025-06-02,,doc,"来源文件：嵊州海田/22 IAM   T20 106HC金色字  宋/任江南采购单-T15,T20.doc（采购单 第 3 行起；合同号 YZ250602；单据交货期 6/30；日期凭证：签定时间(补年自合同号)）【tools/ziliao/extract_price_seeds.mjs 自动抽取·历史成交价·待甲方核对】"
嵊州海田,T20,103.00,CNY,2025-06-02,,doc,"来源文件：嵊州海田/22 IAM   T20 106HC金色字  宋/任江南采购单-T15,T20.doc（采购单 第 3 行起；合同号 YZ250602；单据交货期 6/30；日期凭证：签定时间(补年自合同号)）【tools/ziliao/extract_price_seeds.mjs 自动抽取·历史成交价·待甲方核对】"
嵊州海田,T20+管子+连接器,135.00,CNY,2025-06-02,,doc,"来源文件：嵊州海田/22 IAM   T20 106HC金色字  宋/任江南采购单-T15,T20.doc（采购单 第 3 行起；合同号 YZ250602；单据交货期 6/30；日期凭证：签定时间(补年自合同号)）【tools/ziliao/extract_price_seeds.mjs 自动抽取·历史成交价·待甲方核对】"
嵊州海田,0-W-1,9.00,CNY,2025-02-27,,doc,来源文件：嵊州海田/CZR 80V焊管 邢/任江南采购单-VICTOR 80V焊杆.doc（采购单 第 3 行起；合同号 YZ250227；单据交货期 3/27；日期凭证：签定时间(补年自合同号)）【tools/ziliao/extract_price_seeds.mjs 自动抽取·历史成交价·待甲方核对】
嵊州海田,1-W-1,9.00,CNY,2025-02-27,,doc,来源文件：嵊州海田/CZR 80V焊管 邢/任江南采购单-VICTOR 80V焊杆.doc（采购单 第 3 行起；合同号 YZ250227；单据交货期 3/27；日期凭证：签定时间(补年自合同号)）【tools/ziliao/extract_price_seeds.mjs 自动抽取·历史成交价·待甲方核对】
嵊州海田,4-W-1,10.00,CNY,2025-02-27,,doc,来源文件：嵊州海田/CZR 80V焊管 邢/任江南采购单-VICTOR 80V焊杆.doc（采购单 第 3 行起；合同号 YZ250227；单据交货期 3/27；日期凭证：签定时间(补年自合同号)）【tools/ziliao/extract_price_seeds.mjs 自动抽取·历史成交价·待甲方核对】
嵊州海田,5-W-1,11.00,CNY,2025-02-27,,doc,来源文件：嵊州海田/CZR 80V焊管 邢/任江南采购单-VICTOR 80V焊杆.doc（采购单 第 3 行起；合同号 YZ250227；单据交货期 3/27；日期凭证：签定时间(补年自合同号)）【tools/ziliao/extract_price_seeds.mjs 自动抽取·历史成交价·待甲方核对】
嵊州海田,6-W-1,13.50,CNY,2025-02-27,,doc,来源文件：嵊州海田/CZR 80V焊管 邢/任江南采购单-VICTOR 80V焊杆.doc（采购单 第 3 行起；合同号 YZ250227；单据交货期 3/27；日期凭证：签定时间(补年自合同号)）【tools/ziliao/extract_price_seeds.mjs 自动抽取·历史成交价·待甲方核对】
嵊州海田,7-W-1,13.50,CNY,2025-02-27,,doc,来源文件：嵊州海田/CZR 80V焊管 邢/任江南采购单-VICTOR 80V焊杆.doc（采购单 第 3 行起；合同号 YZ250227；单据交货期 3/27；日期凭证：签定时间(补年自合同号)）【tools/ziliao/extract_price_seeds.mjs 自动抽取·历史成交价·待甲方核对】
嵊州海田,"W,1-W,2-W 通用后部",9.00,CNY,2024-03-14,,doc,来源文件：嵊州海田/江南采购单/200V 后部采购单.doc（采购单 第 3 行起；合同号 YZ240314；单据交货期 3/30；日期凭证：签定时间(补年自合同号)）【该行由列错位回填，产品名需人工核对】【tools/ziliao/extract_price_seeds.mjs 自动抽取·历史成交价·待甲方核对】
嵊州海田,0-W,13.20,CNY,2024-03-01,,doc,"来源文件：嵊州海田/SNH ,UMA 1-101,GPN 宋/任江南采购单-VICTOR焊杆后部.doc（采购单 第 3 行起；合同号 YZ240301；单据交货期 3/30；日期凭证：签定时间(补年自合同号)）【tools/ziliao/extract_price_seeds.mjs 自动抽取·历史成交价·待甲方核对】"
嵊州海田,1-W,13.20,CNY,2024-03-01,,doc,"来源文件：嵊州海田/SNH ,UMA 1-101,GPN 宋/任江南采购单-VICTOR焊杆后部.doc（采购单 第 3 行起；合同号 YZ240301；单据交货期 3/30；日期凭证：签定时间(补年自合同号)）【tools/ziliao/extract_price_seeds.mjs 自动抽取·历史成交价·待甲方核对】"
嵊州海田,10-MFA,38.50,CNY,2024-03-01,,doc,"来源文件：嵊州海田/SNH ,UMA 1-101,GPN 宋/任江南采购单-VICTOR焊杆后部.doc（采购单 第 3 行起；合同号 YZ240301；单据交货期 3/30；日期凭证：签定时间(补年自合同号)）【tools/ziliao/extract_price_seeds.mjs 自动抽取·历史成交价·待甲方核对】"
嵊州海田,15-MFA,38.50,CNY,2024-03-01,,doc,"来源文件：嵊州海田/SNH ,UMA 1-101,GPN 宋/任江南采购单-VICTOR焊杆后部.doc（采购单 第 3 行起；合同号 YZ240301；单据交货期 3/30；日期凭证：签定时间(补年自合同号)）【tools/ziliao/extract_price_seeds.mjs 自动抽取·历史成交价·待甲方核对】"
嵊州海田,2-W,14.30,CNY,2024-03-01,,doc,"来源文件：嵊州海田/SNH ,UMA 1-101,GPN 宋/任江南采购单-VICTOR焊杆后部.doc（采购单 第 3 行起；合同号 YZ240301；单据交货期 3/30；日期凭证：签定时间(补年自合同号)）【tools/ziliao/extract_price_seeds.mjs 自动抽取·历史成交价·待甲方核对】"
嵊州海田,4-W,19.00,CNY,2024-03-01,,doc,"来源文件：嵊州海田/SNH ,UMA 1-101,GPN 宋/任江南采购单-VICTOR焊杆后部.doc（采购单 第 3 行起；合同号 YZ240301；单据交货期 3/30；日期凭证：签定时间(补年自合同号)）【tools/ziliao/extract_price_seeds.mjs 自动抽取·历史成交价·待甲方核对】"
嵊州海田,5-W,21.00,CNY,2024-03-01,,doc,"来源文件：嵊州海田/SNH ,UMA 1-101,GPN 宋/任江南采购单-VICTOR焊杆后部.doc（采购单 第 3 行起；合同号 YZ240301；单据交货期 3/30；日期凭证：签定时间(补年自合同号)）【tools/ziliao/extract_price_seeds.mjs 自动抽取·历史成交价·待甲方核对】"
嵊州海田,6-MFA,36.30,CNY,2024-03-01,,doc,"来源文件：嵊州海田/SNH ,UMA 1-101,GPN 宋/任江南采购单-VICTOR焊杆后部.doc（采购单 第 3 行起；合同号 YZ240301；单据交货期 3/30；日期凭证：签定时间(补年自合同号)）【tools/ziliao/extract_price_seeds.mjs 自动抽取·历史成交价·待甲方核对】"
嵊州海田,8-MFA,36.30,CNY,2024-03-01,,doc,"来源文件：嵊州海田/SNH ,UMA 1-101,GPN 宋/任江南采购单-VICTOR焊杆后部.doc（采购单 第 3 行起；合同号 YZ240301；单据交货期 3/30；日期凭证：签定时间(补年自合同号)）【tools/ziliao/extract_price_seeds.mjs 自动抽取·历史成交价·待甲方核对】"
嵊州海田,连接器,13.00,CNY,2023-04-28,,doc,"来源文件：嵊州海田/IAS T15,T20,106HC 加热嘴 宋/T20连接器.doc（其它单据 第 3 行起；合同号 YZ230428；单据交货期 5/20；日期凭证：签定时间(补年自合同号)）【tools/ziliao/extract_price_seeds.mjs 自动抽取·历史成交价·待甲方核对】"
嵊州海田,0-W,13.20,CNY,2023-03-22,,doc,"来源文件：嵊州海田/TSR HARRIS 6290NX,T20加热嘴/TSR GPN/任江南采购单-VICTOR焊杆.doc（采购单 第 3 行起；合同号 YZ230322；单据交货期 4/15；日期凭证：签定时间(补年自合同号)）【tools/ziliao/extract_price_seeds.mjs 自动抽取·历史成交价·待甲方核对】"
嵊州海田,1-W,13.20,CNY,2023-03-22,,doc,"来源文件：嵊州海田/TSR HARRIS 6290NX,T20加热嘴/TSR GPN/任江南采购单-VICTOR焊杆.doc（采购单 第 3 行起；合同号 YZ230322；单据交货期 4/15；日期凭证：签定时间(补年自合同号)）【tools/ziliao/extract_price_seeds.mjs 自动抽取·历史成交价·待甲方核对】"
嵊州海田,1-W-1,9.00,CNY,2023-03-22,,doc,"来源文件：嵊州海田/TSR HARRIS 6290NX,T20加热嘴/TSR GPN/任江南采购单-VICTOR焊杆.doc（采购单 第 3 行起；合同号 YZ230322；单据交货期 4/15；日期凭证：签定时间(补年自合同号)）【tools/ziliao/extract_price_seeds.mjs 自动抽取·历史成交价·待甲方核对】"
嵊州海田,2-W,14.30,CNY,2023-03-22,,doc,"来源文件：嵊州海田/TSR HARRIS 6290NX,T20加热嘴/TSR GPN/任江南采购单-VICTOR焊杆.doc（采购单 第 3 行起；合同号 YZ230322；单据交货期 4/15；日期凭证：签定时间(补年自合同号)）【tools/ziliao/extract_price_seeds.mjs 自动抽取·历史成交价·待甲方核对】"
嵊州海田,2-W-1,9.00,CNY,2023-03-22,,doc,"来源文件：嵊州海田/TSR HARRIS 6290NX,T20加热嘴/TSR GPN/任江南采购单-VICTOR焊杆.doc（采购单 第 3 行起；合同号 YZ230322；单据交货期 4/15；日期凭证：签定时间(补年自合同号)）【tools/ziliao/extract_price_seeds.mjs 自动抽取·历史成交价·待甲方核对】"
嵊州海田,3-W,16.50,CNY,2023-03-22,,doc,"来源文件：嵊州海田/TSR HARRIS 6290NX,T20加热嘴/TSR GPN/任江南采购单-VICTOR焊杆.doc（采购单 第 3 行起；合同号 YZ230322；单据交货期 4/15；日期凭证：签定时间(补年自合同号)）【tools/ziliao/extract_price_seeds.mjs 自动抽取·历史成交价·待甲方核对】"
嵊州海田,5-W,20.90,CNY,2023-03-22,,doc,"来源文件：嵊州海田/TSR HARRIS 6290NX,T20加热嘴/TSR GPN/任江南采购单-VICTOR焊杆.doc（采购单 第 3 行起；合同号 YZ230322；单据交货期 4/15；日期凭证：签定时间(补年自合同号)）【tools/ziliao/extract_price_seeds.mjs 自动抽取·历史成交价·待甲方核对】"
嵊州海田,2-W,14.30,CNY,2023-03-16,,doc,来源文件：嵊州海田/ECG C.E.O.A GPN  AGA NX 1-W/任江南采购单-VICTOR焊杆.doc（采购单 第 3 行起；合同号 YZ230316；单据交货期 4/15；日期凭证：签定时间(补年自合同号)）【tools/ziliao/extract_price_seeds.mjs 自动抽取·历史成交价·待甲方核对】
嵊州海田,0-W,13.20,CNY,2023-03-15,,doc,来源文件：嵊州海田/YMA  MFA W/任江南采购单-VICTOR焊杆.doc（采购单 第 3 行起；合同号 YZ230315；单据交货期 4/15；日期凭证：签定时间(补年自合同号)）【tools/ziliao/extract_price_seeds.mjs 自动抽取·历史成交价·待甲方核对】
嵊州海田,1-W,13.20,CNY,2023-03-15,,doc,来源文件：嵊州海田/YMA  MFA W/任江南采购单-VICTOR焊杆.doc（采购单 第 3 行起；合同号 YZ230315；单据交货期 4/15；日期凭证：签定时间(补年自合同号)）【tools/ziliao/extract_price_seeds.mjs 自动抽取·历史成交价·待甲方核对】
嵊州海田,10-MFA,38.50,CNY,2023-03-15,,doc,来源文件：嵊州海田/YMA  MFA W/任江南采购单-VICTOR焊杆.doc（采购单 第 3 行起；合同号 YZ230315；单据交货期 4/15；日期凭证：签定时间(补年自合同号)）【tools/ziliao/extract_price_seeds.mjs 自动抽取·历史成交价·待甲方核对】
嵊州海田,12-MFA,38.50,CNY,2023-03-15,,doc,来源文件：嵊州海田/YMA  MFA W/任江南采购单-VICTOR焊杆.doc（采购单 第 3 行起；合同号 YZ230315；单据交货期 4/15；日期凭证：签定时间(补年自合同号)）【tools/ziliao/extract_price_seeds.mjs 自动抽取·历史成交价·待甲方核对】
嵊州海田,2-W,14.30,CNY,2023-03-15,,doc,来源文件：嵊州海田/YMA  MFA W/任江南采购单-VICTOR焊杆.doc（采购单 第 3 行起；合同号 YZ230315；单据交货期 4/15；日期凭证：签定时间(补年自合同号)）【tools/ziliao/extract_price_seeds.mjs 自动抽取·历史成交价·待甲方核对】
嵊州海田,3-W,16.50,CNY,2023-03-15,,doc,来源文件：嵊州海田/YMA  MFA W/任江南采购单-VICTOR焊杆.doc（采购单 第 3 行起；合同号 YZ230315；单据交货期 4/15；日期凭证：签定时间(补年自合同号)）【tools/ziliao/extract_price_seeds.mjs 自动抽取·历史成交价·待甲方核对】
嵊州海田,5-W,20.90,CNY,2023-03-15,,doc,来源文件：嵊州海田/YMA  MFA W/任江南采购单-VICTOR焊杆.doc（采购单 第 3 行起；合同号 YZ230315；单据交货期 4/15；日期凭证：签定时间(补年自合同号)）【tools/ziliao/extract_price_seeds.mjs 自动抽取·历史成交价·待甲方核对】
嵊州海田,8-MFA,36.50,CNY,2023-03-15,,doc,来源文件：嵊州海田/YMA  MFA W/任江南采购单-VICTOR焊杆.doc（采购单 第 3 行起；合同号 YZ230315；单据交货期 4/15；日期凭证：签定时间(补年自合同号)）【tools/ziliao/extract_price_seeds.mjs 自动抽取·历史成交价·待甲方核对】
嵊州海田,0-W,13.20,CNY,2022-04-02,,doc,"来源文件：嵊州海田/21IIF03  VICTOR 1-101, GPN,0-7-W,MFA,MFN 宋/采购单.doc（采购单 第 3 行起；合同号 YZ20220402；单据交货期 5/10；日期凭证：合同号编码日期）【tools/ziliao/extract_price_seeds.mjs 自动抽取·历史成交价·待甲方核对】"
嵊州海田,1-W,13.20,CNY,2022-04-02,,doc,"来源文件：嵊州海田/21IIF03  VICTOR 1-101, GPN,0-7-W,MFA,MFN 宋/采购单.doc（采购单 第 3 行起；合同号 YZ20220402；单据交货期 5/10；日期凭证：合同号编码日期）【tools/ziliao/extract_price_seeds.mjs 自动抽取·历史成交价·待甲方核对】"
嵊州海田,10-MFA,38.50,CNY,2022-04-02,,doc,"来源文件：嵊州海田/21IIF03  VICTOR 1-101, GPN,0-7-W,MFA,MFN 宋/采购单.doc（采购单 第 3 行起；合同号 YZ20220402；单据交货期 5/10；日期凭证：合同号编码日期）【tools/ziliao/extract_price_seeds.mjs 自动抽取·历史成交价·待甲方核对】"
嵊州海田,10-MFN,39.00,CNY,2022-04-02,,doc,"来源文件：嵊州海田/21IIF03  VICTOR 1-101, GPN,0-7-W,MFA,MFN 宋/采购单.doc（采购单 第 3 行起；合同号 YZ20220402；单据交货期 5/10；日期凭证：合同号编码日期）【tools/ziliao/extract_price_seeds.mjs 自动抽取·历史成交价·待甲方核对】"
嵊州海田,12-MFA,38.50,CNY,2022-04-02,,doc,"来源文件：嵊州海田/21IIF03  VICTOR 1-101, GPN,0-7-W,MFA,MFN 宋/采购单.doc（采购单 第 3 行起；合同号 YZ20220402；单据交货期 5/10；日期凭证：合同号编码日期）【tools/ziliao/extract_price_seeds.mjs 自动抽取·历史成交价·待甲方核对】"
嵊州海田,12-MFN,39.00,CNY,2022-04-02,,doc,"来源文件：嵊州海田/21IIF03  VICTOR 1-101, GPN,0-7-W,MFA,MFN 宋/采购单.doc（采购单 第 3 行起；合同号 YZ20220402；单据交货期 5/10；日期凭证：合同号编码日期）【tools/ziliao/extract_price_seeds.mjs 自动抽取·历史成交价·待甲方核对】"
嵊州海田,15-MFA,38.50,CNY,2022-04-02,,doc,"来源文件：嵊州海田/21IIF03  VICTOR 1-101, GPN,0-7-W,MFA,MFN 宋/采购单.doc（采购单 第 3 行起；合同号 YZ20220402；单据交货期 5/10；日期凭证：合同号编码日期）【tools/ziliao/extract_price_seeds.mjs 自动抽取·历史成交价·待甲方核对】"
嵊州海田,15-MFN,39.00,CNY,2022-04-02,,doc,"来源文件：嵊州海田/21IIF03  VICTOR 1-101, GPN,0-7-W,MFA,MFN 宋/采购单.doc（采购单 第 3 行起；合同号 YZ20220402；单据交货期 5/10；日期凭证：合同号编码日期）【tools/ziliao/extract_price_seeds.mjs 自动抽取·历史成交价·待甲方核对】"
嵊州海田,2-W,14.30,CNY,2022-04-02,,doc,"来源文件：嵊州海田/21IIF03  VICTOR 1-101, GPN,0-7-W,MFA,MFN 宋/采购单.doc（采购单 第 3 行起；合同号 YZ20220402；单据交货期 5/10；日期凭证：合同号编码日期）【tools/ziliao/extract_price_seeds.mjs 自动抽取·历史成交价·待甲方核对】"
嵊州海田,3-W,16.50,CNY,2022-04-02,,doc,"来源文件：嵊州海田/21IIF03  VICTOR 1-101, GPN,0-7-W,MFA,MFN 宋/采购单.doc（采购单 第 3 行起；合同号 YZ20220402；单据交货期 5/10；日期凭证：合同号编码日期）【tools/ziliao/extract_price_seeds.mjs 自动抽取·历史成交价·待甲方核对】"
嵊州海田,4-W,18.70,CNY,2022-04-02,,doc,"来源文件：嵊州海田/21IIF03  VICTOR 1-101, GPN,0-7-W,MFA,MFN 宋/采购单.doc（采购单 第 3 行起；合同号 YZ20220402；单据交货期 5/10；日期凭证：合同号编码日期）【tools/ziliao/extract_price_seeds.mjs 自动抽取·历史成交价·待甲方核对】"
嵊州海田,5-W,20.90,CNY,2022-04-02,,doc,"来源文件：嵊州海田/21IIF03  VICTOR 1-101, GPN,0-7-W,MFA,MFN 宋/采购单.doc（采购单 第 3 行起；合同号 YZ20220402；单据交货期 5/10；日期凭证：合同号编码日期）【tools/ziliao/extract_price_seeds.mjs 自动抽取·历史成交价·待甲方核对】"
嵊州海田,6-W,20.90,CNY,2022-04-02,,doc,"来源文件：嵊州海田/21IIF03  VICTOR 1-101, GPN,0-7-W,MFA,MFN 宋/采购单.doc（采购单 第 3 行起；合同号 YZ20220402；单据交货期 5/10；日期凭证：合同号编码日期）【tools/ziliao/extract_price_seeds.mjs 自动抽取·历史成交价·待甲方核对】"
嵊州海田,7-W,20.90,CNY,2022-04-02,,doc,"来源文件：嵊州海田/21IIF03  VICTOR 1-101, GPN,0-7-W,MFA,MFN 宋/采购单.doc（采购单 第 3 行起；合同号 YZ20220402；单据交货期 5/10；日期凭证：合同号编码日期）【tools/ziliao/extract_price_seeds.mjs 自动抽取·历史成交价·待甲方核对】"
嵊州海田,8-MFA,36.30,CNY,2022-04-02,,doc,"来源文件：嵊州海田/21IIF03  VICTOR 1-101, GPN,0-7-W,MFA,MFN 宋/采购单.doc（采购单 第 3 行起；合同号 YZ20220402；单据交货期 5/10；日期凭证：合同号编码日期）【tools/ziliao/extract_price_seeds.mjs 自动抽取·历史成交价·待甲方核对】"
嵊州海田,8-MFN,37.00,CNY,2022-04-02,,doc,"来源文件：嵊州海田/21IIF03  VICTOR 1-101, GPN,0-7-W,MFA,MFN 宋/采购单.doc（采购单 第 3 行起；合同号 YZ20220402；单据交货期 5/10；日期凭证：合同号编码日期）【tools/ziliao/extract_price_seeds.mjs 自动抽取·历史成交价·待甲方核对】"
嵊州海田,AGA割嘴，2#，GIOCWELD包装和标签,10.00,CNY,2014-12-16,,doc,来源文件：嵊州海田/229/工矿产品购销合同_奉化市维克工具有限公司.doc（其它单据 第 3 行起；合同号 14EJC03；日期凭证：单据签定时间）【该行由列错位回填，产品名需人工核对】【tools/ziliao/extract_price_seeds.mjs 自动抽取·历史成交价·待甲方核对】
嵊州海田,"GPN, 1#，原装VICTOR包装和标签",8.50,CNY,2014-12-16,,doc,来源文件：嵊州海田/229/工矿产品购销合同_奉化市维克工具有限公司.doc（其它单据 第 3 行起；合同号 14EJC03；日期凭证：单据签定时间）【该行由列错位回填，产品名需人工核对】【tools/ziliao/extract_price_seeds.mjs 自动抽取·历史成交价·待甲方核对】
嵊州海田,"6290-NX, 1＃，原装HARRIS包装和刻字",6.50,CNY,2014-07-28,,doc,来源文件：嵊州海田/EJC02  订单要求(1)/订单/工矿产品购销合同_奉化市维克工具有限公司.doc（其它单据 第 3 行起；合同号 14EJC02；日期凭证：单据签定时间）【该行由列错位回填，产品名需人工核对】【tools/ziliao/extract_price_seeds.mjs 自动抽取·历史成交价·待甲方核对】
嵊州海田,"GPN, 2#，原装VICTOR包装和标签",8.50,CNY,2014-07-28,,doc,来源文件：嵊州海田/EJC02  订单要求(1)/订单/工矿产品购销合同_奉化市维克工具有限公司.doc（其它单据 第 3 行起；合同号 14EJC02；日期凭证：单据签定时间）【该行由列错位回填，产品名需人工核对】【tools/ziliao/extract_price_seeds.mjs 自动抽取·历史成交价·待甲方核对】
尤耐克,1-101 割嘴  1#,16.90,CNY,2026-09-16,,contract,来源文件：ziliao/尤耐克/CROSSWELD文件/合同/2026/UW260907468宁波一洲(1).xlsx（工作表 供需合同 第 9 行；合同号 UW260907468宁波一洲；抬头需方 宁波市尤耐克工具有限公司；日期凭证：抬头签约时间）【tools/ziliao/extract_price_seeds.mjs 自动抽取·历史成交价·待甲方核对】
尤耐克,1-101 割嘴  1#,16.90,CNY,2026-09-14,,contract,来源文件：ziliao/尤耐克/WESTON-3/合同/2026/UW260907459宁波一洲(1).xlsx（工作表 供需合同 第 9 行；合同号 UW260907459宁波一洲；抬头需方 宁波中基惠通集团股份有限公司；日期凭证：抬头签约时间）【tools/ziliao/extract_price_seeds.mjs 自动抽取·历史成交价·待甲方核对】
尤耐克,1-101 割嘴  1#,16.30,CNY,2026-08-31,,contract,来源文件：ziliao/尤耐克/JOVAL订单/JOVAL订单/UW260801399 应.xlsx（工作表 供需合同 第 9 行；合同号 UW260801399宁波一洲；抬头需方 宁波市尤耐克工具有限公司；日期凭证：抬头签约时间）【tools/ziliao/extract_price_seeds.mjs 自动抽取·历史成交价·待甲方核对】
尤耐克,1-101 割嘴  0#,16.30,CNY,2026-08-25,,contract,来源文件：ziliao/尤耐克/techweld1-101/订单/uw260807423宁波一洲(2).xlsx（工作表 供需合同 第 9 行；合同号 UW260807423宁波一洲；抬头需方 宁波市尤耐克工具有限公司；日期凭证：抬头签约时间）【tools/ziliao/extract_price_seeds.mjs 自动抽取·历史成交价·待甲方核对】
尤耐克,6290NX 割嘴 1#,7.00,CNY,2026-08-19,,contract,来源文件：ziliao/尤耐克/DAIDEN 叶/DAIDEN订单/2026/UW260801414宁波一洲.xlsx（工作表 供需合同 第 9 行；合同号 UW260801414宁波一洲；抬头需方 宁波市尤耐克工具有限公司；日期凭证：抬头签约时间）【tools/ziliao/extract_price_seeds.mjs 自动抽取·历史成交价·待甲方核对】
尤耐克,6290AC 割嘴 4#,7.40,CNY,2026-08-12,,contract,来源文件：ziliao/尤耐克/JOVAL订单/JOVAL订单/UW260701359 JOVAL  6290AC 应.xlsx（工作表 供需合同 第 9 行；合同号 UW260701359宁波一洲；抬头需方 宁波市尤耐克工具有限公司；日期凭证：抬头签约时间）【tools/ziliao/extract_price_seeds.mjs 自动抽取·历史成交价·待甲方核对】
尤耐克,1-101 割嘴  00#,16.30,CNY,2026-08-03,,contract,来源文件：ziliao/尤耐克/weldon/订单/2026/UW260701375宁波一洲(2).xlsx（工作表 供需合同 第 9 行；合同号 UW260701375宁波一洲；抬头需方 宁波中基惠通集团股份有限公司；日期凭证：抬头签约时间）【tools/ziliao/extract_price_seeds.mjs 自动抽取·历史成交价·待甲方核对】
尤耐克,1-101 割嘴  2#,16.30,CNY,2026-07-31,,contract,来源文件：ziliao/尤耐克/WESTON-3/合同/2026/UW260707380宁波一洲(1).xlsx（工作表 供需合同 第 9 行；合同号 UW260707380宁波一洲；抬头需方 宁波中基惠通集团股份有限公司；日期凭证：抬头签约时间）【tools/ziliao/extract_price_seeds.mjs 自动抽取·历史成交价·待甲方核对】
尤耐克,1-101 割嘴  3#,16.30,CNY,2026-07-31,,contract,来源文件：ziliao/尤耐克/WESTON-3/合同/2026/UW260707381宁波一洲(1).xlsx（工作表 供需合同 第 9 行；合同号 UW260707381宁波一洲；抬头需方 宁波中基惠通集团股份有限公司；日期凭证：抬头签约时间）【tools/ziliao/extract_price_seeds.mjs 自动抽取·历史成交价·待甲方核对】
尤耐克,1-101 割嘴  1#,16.30,CNY,2026-07-30,,contract,来源文件：ziliao/尤耐克/techweld1-101/订单/UW260707382宁波一洲(1).xlsx（工作表 供需合同 第 9 行；合同号 UW260707382宁波一洲；抬头需方 宁波市尤耐克工具有限公司；日期凭证：抬头签约时间）【tools/ziliao/extract_price_seeds.mjs 自动抽取·历史成交价·待甲方核对】
尤耐克,1-101 割嘴  3#,16.30,CNY,2026-07-21,,contract,来源文件：ziliao/尤耐克/WESTON-3/合同/2026/UW260707337配枪.xlsx（工作表 供需合同 第 9 行；合同号 UW260707337宁波一洲；抬头需方 宁波中基惠通集团股份有限公司；日期凭证：抬头签约时间）【tools/ziliao/extract_price_seeds.mjs 自动抽取·历史成交价·待甲方核对】
尤耐克,1-101 割嘴  1#,16.30,CNY,2026-07-13,,contract,来源文件：ziliao/尤耐克/WESTON-3/合同/2026/UW260707322宁波一洲(1).xlsx（工作表 供需合同 第 9 行；合同号 UW260707322宁波一洲；抬头需方 宁波中基惠通集团股份有限公司；日期凭证：抬头签约时间）【tools/ziliao/extract_price_seeds.mjs 自动抽取·历史成交价·待甲方核对】
尤耐克,SC50 割嘴 4#,16.30,CNY,2026-07-08,,contract,来源文件：ziliao/尤耐克/WESTON-3/合同/2026/UW260707317宁波一洲(1).xlsx（工作表 供需合同 第 9 行；合同号 UW260707317宁波一洲；抬头需方 宁波中基惠通集团股份有限公司；日期凭证：抬头签约时间）【tools/ziliao/extract_price_seeds.mjs 自动抽取·历史成交价·待甲方核对】
尤耐克,GPN 割嘴 2#,9.80,CNY,2026-05-25,,contract,来源文件：ziliao/尤耐克/JOVAL订单/JOVAL订单/UW260501250宁波一洲(2).xlsx（工作表 供需合同 第 9 行；合同号 UW260501250宁波一洲；抬头需方 宁波市尤耐克工具有限公司；日期凭证：抬头签约时间）【tools/ziliao/extract_price_seeds.mjs 自动抽取·历史成交价·待甲方核对】
尤耐克,3-101 割嘴 3#,12.00,CNY,2026-05-21,,contract,来源文件：ziliao/尤耐克/WESTON-3/合同/2026/UW260507234宁波一洲(1).xlsx（工作表 供需合同 第 9 行；合同号 UW260507234宁波一洲；抬头需方 宁波中基惠通集团股份有限公司；日期凭证：抬头签约时间）【tools/ziliao/extract_price_seeds.mjs 自动抽取·历史成交价·待甲方核对】
尤耐克,6290NFF 割嘴 1#,7.30,CNY,2026-05-21,,contract,"来源文件：ziliao/尤耐克/FERROLAN1502,1503/订单/UW260401194宁波一洲(1).xlsx（工作表 供需合同 第 9 行；合同号 UW260401194宁波一洲；抬头需方 宁波市尤耐克工具有限公司；日期凭证：抬头签约时间）【tools/ziliao/extract_price_seeds.mjs 自动抽取·历史成交价·待甲方核对】"
尤耐克,1-101 割嘴  1#,15.70,CNY,2026-03-17,,contract,来源文件：ziliao/尤耐克/WESTON-3/合同/2026/UW260307095宁波一洲(1).xlsx（工作表 供需合同 第 9 行；合同号 UW260307095宁波一洲；抬头需方 宁波中基惠通集团股份有限公司；日期凭证：抬头签约时间）【tools/ziliao/extract_price_seeds.mjs 自动抽取·历史成交价·待甲方核对】
尤耐克,SC50 割嘴 0#,15.80,CNY,2026-03-12,,contract,来源文件：ziliao/尤耐克/WESTON-3/合同/2026/UW260307109宁波一洲(1).xlsx（工作表 供需合同 第 9 行；合同号 UW260307109宁波一洲；抬头需方 宁波中基惠通集团股份有限公司；日期凭证：抬头签约时间）【tools/ziliao/extract_price_seeds.mjs 自动抽取·历史成交价·待甲方核对】
尤耐克,1503 割嘴 6#,9.40,CNY,2026-03-04,,contract,"来源文件：ziliao/尤耐克/FERROLAN1502,1503/订单/UW260201064宁波一洲(1).xlsx（工作表 供需合同 第 9 行；合同号 UW260201064宁波一洲；抬头需方 宁波市尤耐克工具有限公司；日期凭证：抬头签约时间）【tools/ziliao/extract_price_seeds.mjs 自动抽取·历史成交价·待甲方核对】"
尤耐克,1-101 割嘴  0#,15.70,CNY,2026-01-27,,contract,来源文件：ziliao/尤耐克/techweld1-101/订单/UW260107034宁波一洲(1).xlsx（工作表 供需合同 第 9 行；合同号 UW260107034宁波一洲；抬头需方 宁波市尤耐克工具有限公司；日期凭证：抬头签约时间）【tools/ziliao/extract_price_seeds.mjs 自动抽取·历史成交价·待甲方核对】
尤耐克,1-101 割嘴  4#,15.70,CNY,2026-01-21,,contract,"来源文件：ziliao/尤耐克/TACCTO METAWELD 1-101, GPN/合同/2026/UW260118019宁波一洲(1).xlsx（工作表 供需合同 第 9 行；合同号 UW260118019宁波一洲；抬头需方 宁波市尤耐克工具有限公司；日期凭证：抬头签约时间）【tools/ziliao/extract_price_seeds.mjs 自动抽取·历史成交价·待甲方核对】"
尤耐克,SC50 割嘴 4#,15.00,CNY,2025-12-24,,contract,来源文件：ziliao/尤耐克/WESTON-3/合同/2025/UW251207648宁波一洲(1).xlsx（工作表 供需合同 第 9 行；合同号 UW251207648宁波一洲；抬头需方 宁波中基惠通集团股份有限公司；日期凭证：抬头签约时间）【tools/ziliao/extract_price_seeds.mjs 自动抽取·历史成交价·待甲方核对】
尤耐克,1-101 割嘴  3#,13.20,CNY,2025-11-26,,contract,来源文件：ziliao/尤耐克/weldon/订单/TSUW251101013宁波一洲 (1).xlsx（工作表 供需合同 第 9 行；合同号 TSUW251101013宁波一洲；抬头需方 宁波中基惠通集团股份有限公司；日期凭证：抬头签约时间）【tools/ziliao/extract_price_seeds.mjs 自动抽取·历史成交价·待甲方核对】
尤耐克,1-101 割嘴  0#,13.80,CNY,2025-11-20,,contract,来源文件：ziliao/尤耐克/CROSSWELD文件/合同/2025/UW251107575宁波一洲.xlsx（工作表 供需合同 第 9 行；合同号 UW251107575宁波一洲；抬头需方 宁波市尤耐克工具有限公司；日期凭证：抬头签约时间）【tools/ziliao/extract_price_seeds.mjs 自动抽取·历史成交价·待甲方核对】
尤耐克,1-101 割嘴  0#,13.80,CNY,2025-11-07,,contract,来源文件：ziliao/尤耐克/SUA/SUA订单/UW251002559宁波一洲 .xlsx（工作表 供需合同 第 17 行；合同号 UW251002559宁波一洲；抬头需方 宁波中基惠通外贸服务有限公司；日期凭证：抬头签约时间）【tools/ziliao/extract_price_seeds.mjs 自动抽取·历史成交价·待甲方核对】
尤耐克,1-101 割嘴  00#,13.80,CNY,2025-11-07,,contract,来源文件：ziliao/尤耐克/SUA/SUA订单/UW251002559宁波一洲 .xlsx（工作表 供需合同 第 16 行；合同号 UW251002559宁波一洲；抬头需方 宁波中基惠通外贸服务有限公司；日期凭证：抬头签约时间）【tools/ziliao/extract_price_seeds.mjs 自动抽取·历史成交价·待甲方核对】
尤耐克,1-101 割嘴  1#,13.80,CNY,2025-11-07,,contract,来源文件：ziliao/尤耐克/SUA/SUA订单/UW251002559宁波一洲 .xlsx（工作表 供需合同 第 18 行；合同号 UW251002559宁波一洲；抬头需方 宁波中基惠通外贸服务有限公司；日期凭证：抬头签约时间）【tools/ziliao/extract_price_seeds.mjs 自动抽取·历史成交价·待甲方核对】
尤耐克,1-101 割嘴  2#,13.80,CNY,2025-11-07,,contract,来源文件：ziliao/尤耐克/SUA/SUA订单/UW251002559宁波一洲 .xlsx（工作表 供需合同 第 19 行；合同号 UW251002559宁波一洲；抬头需方 宁波中基惠通外贸服务有限公司；日期凭证：抬头签约时间）【tools/ziliao/extract_price_seeds.mjs 自动抽取·历史成交价·待甲方核对】
尤耐克,1-101 割嘴  3#,13.80,CNY,2025-11-07,,contract,来源文件：ziliao/尤耐克/SUA/SUA订单/UW251002559宁波一洲 .xlsx（工作表 供需合同 第 20 行；合同号 UW251002559宁波一洲；抬头需方 宁波中基惠通外贸服务有限公司；日期凭证：抬头签约时间）【tools/ziliao/extract_price_seeds.mjs 自动抽取·历史成交价·待甲方核对】
尤耐克,1-101 割嘴  4#,13.80,CNY,2025-11-07,,contract,来源文件：ziliao/尤耐克/SUA/SUA订单/UW251002559宁波一洲 .xlsx（工作表 供需合同 第 21 行；合同号 UW251002559宁波一洲；抬头需方 宁波中基惠通外贸服务有限公司；日期凭证：抬头签约时间）【tools/ziliao/extract_price_seeds.mjs 自动抽取·历史成交价·待甲方核对】
尤耐克,1-118 割嘴 0#,19.00,CNY,2025-11-07,,contract,来源文件：ziliao/尤耐克/SUA/SUA订单/UW251002559宁波一洲 .xlsx（工作表 供需合同 第 29 行；合同号 UW251002559宁波一洲；抬头需方 宁波中基惠通外贸服务有限公司；日期凭证：抬头签约时间）【tools/ziliao/extract_price_seeds.mjs 自动抽取·历史成交价·待甲方核对】
尤耐克,1-118 割嘴 2#,19.00,CNY,2025-11-07,,contract,来源文件：ziliao/尤耐克/SUA/SUA订单/UW251002559宁波一洲 .xlsx（工作表 供需合同 第 30 行；合同号 UW251002559宁波一洲；抬头需方 宁波中基惠通外贸服务有限公司；日期凭证：抬头签约时间）【tools/ziliao/extract_price_seeds.mjs 自动抽取·历史成交价·待甲方核对】
尤耐克,1-118 割嘴 4#,19.00,CNY,2025-11-07,,contract,来源文件：ziliao/尤耐克/SUA/SUA订单/UW251002559宁波一洲 .xlsx（工作表 供需合同 第 31 行；合同号 UW251002559宁波一洲；抬头需方 宁波中基惠通外贸服务有限公司；日期凭证：抬头签约时间）【tools/ziliao/extract_price_seeds.mjs 自动抽取·历史成交价·待甲方核对】
尤耐克,1-118 割嘴 6#,24.00,CNY,2025-11-07,,contract,来源文件：ziliao/尤耐克/SUA/SUA订单/UW251002559宁波一洲 .xlsx（工作表 供需合同 第 32 行；合同号 UW251002559宁波一洲；抬头需方 宁波中基惠通外贸服务有限公司；日期凭证：抬头签约时间）【tools/ziliao/extract_price_seeds.mjs 自动抽取·历史成交价·待甲方核对】
尤耐克,1-118 割嘴 8#,24.00,CNY,2025-11-07,,contract,来源文件：ziliao/尤耐克/SUA/SUA订单/UW251002559宁波一洲 .xlsx（工作表 供需合同 第 33 行；合同号 UW251002559宁波一洲；抬头需方 宁波中基惠通外贸服务有限公司；日期凭证：抬头签约时间）【tools/ziliao/extract_price_seeds.mjs 自动抽取·历史成交价·待甲方核对】
尤耐克,3-101 割嘴 0#,10.20,CNY,2025-11-07,,contract,来源文件：ziliao/尤耐克/SUA/SUA订单/UW251002559宁波一洲 .xlsx（工作表 供需合同 第 10 行；合同号 UW251002559宁波一洲；抬头需方 宁波中基惠通外贸服务有限公司；日期凭证：抬头签约时间）【tools/ziliao/extract_price_seeds.mjs 自动抽取·历史成交价·待甲方核对】
尤耐克,3-101 割嘴 00#,10.20,CNY,2025-11-07,,contract,来源文件：ziliao/尤耐克/SUA/SUA订单/UW251002559宁波一洲 .xlsx（工作表 供需合同 第 9 行；合同号 UW251002559宁波一洲；抬头需方 宁波中基惠通外贸服务有限公司；日期凭证：抬头签约时间）【tools/ziliao/extract_price_seeds.mjs 自动抽取·历史成交价·待甲方核对】
尤耐克,3-101 割嘴 1#,10.20,CNY,2025-11-07,,contract,来源文件：ziliao/尤耐克/SUA/SUA订单/UW251002559宁波一洲 .xlsx（工作表 供需合同 第 11 行；合同号 UW251002559宁波一洲；抬头需方 宁波中基惠通外贸服务有限公司；日期凭证：抬头签约时间）【tools/ziliao/extract_price_seeds.mjs 自动抽取·历史成交价·待甲方核对】
尤耐克,3-101 割嘴 3#,10.20,CNY,2025-11-07,,contract,来源文件：ziliao/尤耐克/SUA/SUA订单/UW251002559宁波一洲 .xlsx（工作表 供需合同 第 12 行；合同号 UW251002559宁波一洲；抬头需方 宁波中基惠通外贸服务有限公司；日期凭证：抬头签约时间）【tools/ziliao/extract_price_seeds.mjs 自动抽取·历史成交价·待甲方核对】
尤耐克,3-GPN 割嘴 1#,8.00,CNY,2025-11-07,,contract,来源文件：ziliao/尤耐克/SUA/SUA订单/UW251002559宁波一洲 .xlsx（工作表 供需合同 第 13 行；合同号 UW251002559宁波一洲；抬头需方 宁波中基惠通外贸服务有限公司；日期凭证：抬头签约时间）【tools/ziliao/extract_price_seeds.mjs 自动抽取·历史成交价·待甲方核对】
尤耐克,3-GPN 割嘴 2#,8.00,CNY,2025-11-07,,contract,来源文件：ziliao/尤耐克/SUA/SUA订单/UW251002559宁波一洲 .xlsx（工作表 供需合同 第 14 行；合同号 UW251002559宁波一洲；抬头需方 宁波中基惠通外贸服务有限公司；日期凭证：抬头签约时间）【tools/ziliao/extract_price_seeds.mjs 自动抽取·历史成交价·待甲方核对】
尤耐克,3-GPN 割嘴 3#,8.00,CNY,2025-11-07,,contract,来源文件：ziliao/尤耐克/SUA/SUA订单/UW251002559宁波一洲 .xlsx（工作表 供需合同 第 15 行；合同号 UW251002559宁波一洲；抬头需方 宁波中基惠通外贸服务有限公司；日期凭证：抬头签约时间）【tools/ziliao/extract_price_seeds.mjs 自动抽取·历史成交价·待甲方核对】
尤耐克,3-GPN 割嘴 4#,8.00,CNY,2025-11-07,,contract,来源文件：ziliao/尤耐克/SUA/SUA订单/UW251002559宁波一洲 .xlsx（工作表 供需合同 第 61 行；合同号 UW251002559宁波一洲；抬头需方 宁波中基惠通外贸服务有限公司；日期凭证：抬头签约时间）【tools/ziliao/extract_price_seeds.mjs 自动抽取·历史成交价·待甲方核对】
尤耐克,6290 割嘴 00#,10.20,CNY,2025-11-07,,contract,来源文件：ziliao/尤耐克/SUA/SUA订单/UW251002559宁波一洲 .xlsx（工作表 供需合同 第 47 行；合同号 UW251002559宁波一洲；抬头需方 宁波中基惠通外贸服务有限公司；日期凭证：抬头签约时间）【tools/ziliao/extract_price_seeds.mjs 自动抽取·历史成交价·待甲方核对】
尤耐克,6290 割嘴 000#,10.20,CNY,2025-11-07,,contract,来源文件：ziliao/尤耐克/SUA/SUA订单/UW251002559宁波一洲 .xlsx（工作表 供需合同 第 46 行；合同号 UW251002559宁波一洲；抬头需方 宁波中基惠通外贸服务有限公司；日期凭证：抬头签约时间）【tools/ziliao/extract_price_seeds.mjs 自动抽取·历史成交价·待甲方核对】
尤耐克,6290 割嘴 1#,10.20,CNY,2025-11-07,,contract,来源文件：ziliao/尤耐克/SUA/SUA订单/UW251002559宁波一洲 .xlsx（工作表 供需合同 第 48 行；合同号 UW251002559宁波一洲；抬头需方 宁波中基惠通外贸服务有限公司；日期凭证：抬头签约时间）【tools/ziliao/extract_price_seeds.mjs 自动抽取·历史成交价·待甲方核对】
尤耐克,6290NX 割嘴 00#,6.20,CNY,2025-11-07,,contract,来源文件：ziliao/尤耐克/SUA/SUA订单/UW251002559宁波一洲 .xlsx（工作表 供需合同 第 49 行；合同号 UW251002559宁波一洲；抬头需方 宁波中基惠通外贸服务有限公司；日期凭证：抬头签约时间）【tools/ziliao/extract_price_seeds.mjs 自动抽取·历史成交价·待甲方核对】
尤耐克,6290NX 割嘴 1#,6.20,CNY,2025-11-07,,contract,来源文件：ziliao/尤耐克/SUA/SUA订单/UW251002559宁波一洲 .xlsx（工作表 供需合同 第 50 行；合同号 UW251002559宁波一洲；抬头需方 宁波中基惠通外贸服务有限公司；日期凭证：抬头签约时间）【tools/ziliao/extract_price_seeds.mjs 自动抽取·历史成交价·待甲方核对】
尤耐克,6290NX 割嘴 2#,6.20,CNY,2025-11-07,,contract,来源文件：ziliao/尤耐克/SUA/SUA订单/UW251002559宁波一洲 .xlsx（工作表 供需合同 第 51 行；合同号 UW251002559宁波一洲；抬头需方 宁波中基惠通外贸服务有限公司；日期凭证：抬头签约时间）【tools/ziliao/extract_price_seeds.mjs 自动抽取·历史成交价·待甲方核对】
尤耐克,6290NX 割嘴 3#,6.20,CNY,2025-11-07,,contract,来源文件：ziliao/尤耐克/SUA/SUA订单/UW251002559宁波一洲 .xlsx（工作表 供需合同 第 52 行；合同号 UW251002559宁波一洲；抬头需方 宁波中基惠通外贸服务有限公司；日期凭证：抬头签约时间）【tools/ziliao/extract_price_seeds.mjs 自动抽取·历史成交价·待甲方核对】
尤耐克,ANME 割嘴  7/64,15.20,CNY,2025-11-07,,contract,来源文件：ziliao/尤耐克/SUA/SUA订单/UW251002559宁波一洲 .xlsx（工作表 供需合同 第 65 行；合同号 UW251002559宁波一洲；抬头需方 宁波中基惠通外贸服务有限公司；日期凭证：抬头签约时间）【tools/ziliao/extract_price_seeds.mjs 自动抽取·历史成交价·待甲方核对】
尤耐克,ANME 割嘴 1/32,15.20,CNY,2025-11-07,,contract,来源文件：ziliao/尤耐克/SUA/SUA订单/UW251002559宁波一洲 .xlsx（工作表 供需合同 第 63 行；合同号 UW251002559宁波一洲；抬头需方 宁波中基惠通外贸服务有限公司；日期凭证：抬头签约时间）【tools/ziliao/extract_price_seeds.mjs 自动抽取·历史成交价·待甲方核对】
尤耐克,ANME 割嘴 1/64,15.20,CNY,2025-11-07,,contract,来源文件：ziliao/尤耐克/SUA/SUA订单/UW251002559宁波一洲 .xlsx（工作表 供需合同 第 62 行；合同号 UW251002559宁波一洲；抬头需方 宁波中基惠通外贸服务有限公司；日期凭证：抬头签约时间）【tools/ziliao/extract_price_seeds.mjs 自动抽取·历史成交价·待甲方核对】
尤耐克,ANME 割嘴 1/8,15.20,CNY,2025-11-07,,contract,来源文件：ziliao/尤耐克/SUA/SUA订单/UW251002559宁波一洲 .xlsx（工作表 供需合同 第 66 行；合同号 UW251002559宁波一洲；抬头需方 宁波中基惠通外贸服务有限公司；日期凭证：抬头签约时间）【tools/ziliao/extract_price_seeds.mjs 自动抽取·历史成交价·待甲方核对】
尤耐克,ANME 割嘴 3/32,15.20,CNY,2025-11-07,,contract,来源文件：ziliao/尤耐克/SUA/SUA订单/UW251002559宁波一洲 .xlsx（工作表 供需合同 第 64 行；合同号 UW251002559宁波一洲；抬头需方 宁波中基惠通外贸服务有限公司；日期凭证：抬头签约时间）【tools/ziliao/extract_price_seeds.mjs 自动抽取·历史成交价·待甲方核对】
尤耐克,GPN 割嘴 0#,8.90,CNY,2025-11-07,,contract,来源文件：ziliao/尤耐克/SUA/SUA订单/UW251002559宁波一洲 .xlsx（工作表 供需合同 第 23 行；合同号 UW251002559宁波一洲；抬头需方 宁波中基惠通外贸服务有限公司；日期凭证：抬头签约时间）【tools/ziliao/extract_price_seeds.mjs 自动抽取·历史成交价·待甲方核对】
尤耐克,GPN 割嘴 00#,8.90,CNY,2025-11-07,,contract,来源文件：ziliao/尤耐克/SUA/SUA订单/UW251002559宁波一洲 .xlsx（工作表 供需合同 第 22 行；合同号 UW251002559宁波一洲；抬头需方 宁波中基惠通外贸服务有限公司；日期凭证：抬头签约时间）【tools/ziliao/extract_price_seeds.mjs 自动抽取·历史成交价·待甲方核对】
尤耐克,GPN 割嘴 1#,8.90,CNY,2025-11-07,,contract,来源文件：ziliao/尤耐克/SUA/SUA订单/UW251002559宁波一洲 .xlsx（工作表 供需合同 第 24 行；合同号 UW251002559宁波一洲；抬头需方 宁波中基惠通外贸服务有限公司；日期凭证：抬头签约时间）【tools/ziliao/extract_price_seeds.mjs 自动抽取·历史成交价·待甲方核对】
尤耐克,GPN 割嘴 3#,8.90,CNY,2025-11-07,,contract,来源文件：ziliao/尤耐克/SUA/SUA订单/UW251002559宁波一洲 .xlsx（工作表 供需合同 第 25 行；合同号 UW251002559宁波一洲；抬头需方 宁波中基惠通外贸服务有限公司；日期凭证：抬头签约时间）【tools/ziliao/extract_price_seeds.mjs 自动抽取·历史成交价·待甲方核对】
尤耐克,GPN 割嘴 4#,8.90,CNY,2025-11-07,,contract,来源文件：ziliao/尤耐克/SUA/SUA订单/UW251002559宁波一洲 .xlsx（工作表 供需合同 第 26 行；合同号 UW251002559宁波一洲；抬头需方 宁波中基惠通外贸服务有限公司；日期凭证：抬头签约时间）【tools/ziliao/extract_price_seeds.mjs 自动抽取·历史成交价·待甲方核对】
尤耐克,GPN 割嘴 5#,8.90,CNY,2025-11-07,,contract,来源文件：ziliao/尤耐克/SUA/SUA订单/UW251002559宁波一洲 .xlsx（工作表 供需合同 第 27 行；合同号 UW251002559宁波一洲；抬头需方 宁波中基惠通外贸服务有限公司；日期凭证：抬头签约时间）【tools/ziliao/extract_price_seeds.mjs 自动抽取·历史成交价·待甲方核对】
尤耐克,GPN 割嘴 6#,8.90,CNY,2025-11-07,,contract,来源文件：ziliao/尤耐克/SUA/SUA订单/UW251002559宁波一洲 .xlsx（工作表 供需合同 第 28 行；合同号 UW251002559宁波一洲；抬头需方 宁波中基惠通外贸服务有限公司；日期凭证：抬头签约时间）【tools/ziliao/extract_price_seeds.mjs 自动抽取·历史成交价·待甲方核对】
尤耐克,HPN 割嘴 1#,9.90,CNY,2025-11-07,,contract,来源文件：ziliao/尤耐克/SUA/SUA订单/UW251002559宁波一洲 .xlsx（工作表 供需合同 第 34 行；合同号 UW251002559宁波一洲；抬头需方 宁波中基惠通外贸服务有限公司；日期凭证：抬头签约时间）【tools/ziliao/extract_price_seeds.mjs 自动抽取·历史成交价·待甲方核对】
尤耐克,HPN 割嘴 10#,11.00,CNY,2025-11-07,,contract,来源文件：ziliao/尤耐克/SUA/SUA订单/UW251002559宁波一洲 .xlsx（工作表 供需合同 第 43 行；合同号 UW251002559宁波一洲；抬头需方 宁波中基惠通外贸服务有限公司；日期凭证：抬头签约时间）【tools/ziliao/extract_price_seeds.mjs 自动抽取·历史成交价·待甲方核对】
尤耐克,HPN 割嘴 11#,11.00,CNY,2025-11-07,,contract,来源文件：ziliao/尤耐克/SUA/SUA订单/UW251002559宁波一洲 .xlsx（工作表 供需合同 第 44 行；合同号 UW251002559宁波一洲；抬头需方 宁波中基惠通外贸服务有限公司；日期凭证：抬头签约时间）【tools/ziliao/extract_price_seeds.mjs 自动抽取·历史成交价·待甲方核对】
尤耐克,HPN 割嘴 12#,11.00,CNY,2025-11-07,,contract,来源文件：ziliao/尤耐克/SUA/SUA订单/UW251002559宁波一洲 .xlsx（工作表 供需合同 第 45 行；合同号 UW251002559宁波一洲；抬头需方 宁波中基惠通外贸服务有限公司；日期凭证：抬头签约时间）【tools/ziliao/extract_price_seeds.mjs 自动抽取·历史成交价·待甲方核对】
尤耐克,HPN 割嘴 2#,9.90,CNY,2025-11-07,,contract,来源文件：ziliao/尤耐克/SUA/SUA订单/UW251002559宁波一洲 .xlsx（工作表 供需合同 第 35 行；合同号 UW251002559宁波一洲；抬头需方 宁波中基惠通外贸服务有限公司；日期凭证：抬头签约时间）【tools/ziliao/extract_price_seeds.mjs 自动抽取·历史成交价·待甲方核对】
尤耐克,HPN 割嘴 3#,9.90,CNY,2025-11-07,,contract,来源文件：ziliao/尤耐克/SUA/SUA订单/UW251002559宁波一洲 .xlsx（工作表 供需合同 第 36 行；合同号 UW251002559宁波一洲；抬头需方 宁波中基惠通外贸服务有限公司；日期凭证：抬头签约时间）【tools/ziliao/extract_price_seeds.mjs 自动抽取·历史成交价·待甲方核对】
尤耐克,HPN 割嘴 4#,9.90,CNY,2025-11-07,,contract,来源文件：ziliao/尤耐克/SUA/SUA订单/UW251002559宁波一洲 .xlsx（工作表 供需合同 第 37 行；合同号 UW251002559宁波一洲；抬头需方 宁波中基惠通外贸服务有限公司；日期凭证：抬头签约时间）【tools/ziliao/extract_price_seeds.mjs 自动抽取·历史成交价·待甲方核对】
尤耐克,HPN 割嘴 5#,9.90,CNY,2025-11-07,,contract,来源文件：ziliao/尤耐克/SUA/SUA订单/UW251002559宁波一洲 .xlsx（工作表 供需合同 第 38 行；合同号 UW251002559宁波一洲；抬头需方 宁波中基惠通外贸服务有限公司；日期凭证：抬头签约时间）【tools/ziliao/extract_price_seeds.mjs 自动抽取·历史成交价·待甲方核对】
尤耐克,HPN 割嘴 6#,11.00,CNY,2025-11-07,,contract,来源文件：ziliao/尤耐克/SUA/SUA订单/UW251002559宁波一洲 .xlsx（工作表 供需合同 第 39 行；合同号 UW251002559宁波一洲；抬头需方 宁波中基惠通外贸服务有限公司；日期凭证：抬头签约时间）【tools/ziliao/extract_price_seeds.mjs 自动抽取·历史成交价·待甲方核对】
尤耐克,HPN 割嘴 7#,11.00,CNY,2025-11-07,,contract,来源文件：ziliao/尤耐克/SUA/SUA订单/UW251002559宁波一洲 .xlsx（工作表 供需合同 第 40 行；合同号 UW251002559宁波一洲；抬头需方 宁波中基惠通外贸服务有限公司；日期凭证：抬头签约时间）【tools/ziliao/extract_price_seeds.mjs 自动抽取·历史成交价·待甲方核对】
尤耐克,HPN 割嘴 8#,11.00,CNY,2025-11-07,,contract,来源文件：ziliao/尤耐克/SUA/SUA订单/UW251002559宁波一洲 .xlsx（工作表 供需合同 第 41 行；合同号 UW251002559宁波一洲；抬头需方 宁波中基惠通外贸服务有限公司；日期凭证：抬头签约时间）【tools/ziliao/extract_price_seeds.mjs 自动抽取·历史成交价·待甲方核对】
尤耐克,HPN 割嘴 9#,11.00,CNY,2025-11-07,,contract,来源文件：ziliao/尤耐克/SUA/SUA订单/UW251002559宁波一洲 .xlsx（工作表 供需合同 第 42 行；合同号 UW251002559宁波一洲；抬头需方 宁波中基惠通外贸服务有限公司；日期凭证：抬头签约时间）【tools/ziliao/extract_price_seeds.mjs 自动抽取·历史成交价·待甲方核对】
尤耐克,MC40 割嘴 0#,14.50,CNY,2025-11-07,,contract,来源文件：ziliao/尤耐克/SUA/SUA订单/UW251002559宁波一洲 .xlsx（工作表 供需合同 第 54 行；合同号 UW251002559宁波一洲；抬头需方 宁波中基惠通外贸服务有限公司；日期凭证：抬头签约时间）【tools/ziliao/extract_price_seeds.mjs 自动抽取·历史成交价·待甲方核对】
尤耐克,MC40 割嘴 00#,14.50,CNY,2025-11-07,,contract,来源文件：ziliao/尤耐克/SUA/SUA订单/UW251002559宁波一洲 .xlsx（工作表 供需合同 第 53 行；合同号 UW251002559宁波一洲；抬头需方 宁波中基惠通外贸服务有限公司；日期凭证：抬头签约时间）【tools/ziliao/extract_price_seeds.mjs 自动抽取·历史成交价·待甲方核对】
尤耐克,PNME18 割嘴 1/16,8.60,CNY,2025-11-07,,contract,来源文件：ziliao/尤耐克/SUA/SUA订单/UW251002559宁波一洲 .xlsx（工作表 供需合同 第 68 行；合同号 UW251002559宁波一洲；抬头需方 宁波中基惠通外贸服务有限公司；日期凭证：抬头签约时间）【tools/ziliao/extract_price_seeds.mjs 自动抽取·历史成交价·待甲方核对】
尤耐克,PNME18 割嘴 3/32,8.60,CNY,2025-11-07,,contract,来源文件：ziliao/尤耐克/SUA/SUA订单/UW251002559宁波一洲 .xlsx（工作表 供需合同 第 70 行；合同号 UW251002559宁波一洲；抬头需方 宁波中基惠通外贸服务有限公司；日期凭证：抬头签约时间）【tools/ziliao/extract_price_seeds.mjs 自动抽取·历史成交价·待甲方核对】
尤耐克,PNME18 割嘴 3/64,8.60,CNY,2025-11-07,,contract,来源文件：ziliao/尤耐克/SUA/SUA订单/UW251002559宁波一洲 .xlsx（工作表 供需合同 第 67 行；合同号 UW251002559宁波一洲；抬头需方 宁波中基惠通外贸服务有限公司；日期凭证：抬头签约时间）【tools/ziliao/extract_price_seeds.mjs 自动抽取·历史成交价·待甲方核对】
尤耐克,PNME18 割嘴 5/64,8.60,CNY,2025-11-07,,contract,来源文件：ziliao/尤耐克/SUA/SUA订单/UW251002559宁波一洲 .xlsx（工作表 供需合同 第 69 行；合同号 UW251002559宁波一洲；抬头需方 宁波中基惠通外贸服务有限公司；日期凭证：抬头签约时间）【tools/ziliao/extract_price_seeds.mjs 自动抽取·历史成交价·待甲方核对】
尤耐克,PNME18 割嘴 7/64,8.60,CNY,2025-11-07,,contract,来源文件：ziliao/尤耐克/SUA/SUA订单/UW251002559宁波一洲 .xlsx（工作表 供需合同 第 71 行；合同号 UW251002559宁波一洲；抬头需方 宁波中基惠通外贸服务有限公司；日期凭证：抬头签约时间）【tools/ziliao/extract_price_seeds.mjs 自动抽取·历史成交价·待甲方核对】
尤耐克,SC50 割嘴 2#,15.50,CNY,2025-11-07,,contract,来源文件：ziliao/尤耐克/SUA/SUA订单/UW251002559宁波一洲 .xlsx（工作表 供需合同 第 55 行；合同号 UW251002559宁波一洲；抬头需方 宁波中基惠通外贸服务有限公司；日期凭证：抬头签约时间）【tools/ziliao/extract_price_seeds.mjs 自动抽取·历史成交价·待甲方核对】
尤耐克,SC50 割嘴 3#,15.50,CNY,2025-11-07,,contract,来源文件：ziliao/尤耐克/SUA/SUA订单/UW251002559宁波一洲 .xlsx（工作表 供需合同 第 56 行；合同号 UW251002559宁波一洲；抬头需方 宁波中基惠通外贸服务有限公司；日期凭证：抬头签约时间）【tools/ziliao/extract_price_seeds.mjs 自动抽取·历史成交价·待甲方核对】
尤耐克,SC50 割嘴 4#,15.50,CNY,2025-11-07,,contract,来源文件：ziliao/尤耐克/SUA/SUA订单/UW251002559宁波一洲 .xlsx（工作表 供需合同 第 57 行；合同号 UW251002559宁波一洲；抬头需方 宁波中基惠通外贸服务有限公司；日期凭证：抬头签约时间）【tools/ziliao/extract_price_seeds.mjs 自动抽取·历史成交价·待甲方核对】
尤耐克,SC50 割嘴 5#,15.50,CNY,2025-11-07,,contract,来源文件：ziliao/尤耐克/SUA/SUA订单/UW251002559宁波一洲 .xlsx（工作表 供需合同 第 58 行；合同号 UW251002559宁波一洲；抬头需方 宁波中基惠通外贸服务有限公司；日期凭证：抬头签约时间）【tools/ziliao/extract_price_seeds.mjs 自动抽取·历史成交价·待甲方核对】
尤耐克,SC50 割嘴 6#,15.50,CNY,2025-11-07,,contract,来源文件：ziliao/尤耐克/SUA/SUA订单/UW251002559宁波一洲 .xlsx（工作表 供需合同 第 59 行；合同号 UW251002559宁波一洲；抬头需方 宁波中基惠通外贸服务有限公司；日期凭证：抬头签约时间）【tools/ziliao/extract_price_seeds.mjs 自动抽取·历史成交价·待甲方核对】
尤耐克,SC50 割嘴 7#,15.50,CNY,2025-11-07,,contract,来源文件：ziliao/尤耐克/SUA/SUA订单/UW251002559宁波一洲 .xlsx（工作表 供需合同 第 60 行；合同号 UW251002559宁波一洲；抬头需方 宁波中基惠通外贸服务有限公司；日期凭证：抬头签约时间）【tools/ziliao/extract_price_seeds.mjs 自动抽取·历史成交价·待甲方核对】
尤耐克,44 割嘴 12#,8.50,CNY,2025-10-27,,contract,来源文件：ziliao/尤耐克/DAIDEN 叶/DAIDEN订单/2025前/UW251001544宁波一洲.xlsx（工作表 供需合同 第 9 行；合同号 UW251001544宁波一洲；抬头需方 宁波市尤耐克工具有限公司；日期凭证：抬头签约时间）【tools/ziliao/extract_price_seeds.mjs 自动抽取·历史成交价·待甲方核对】
尤耐克,1-101 割嘴  0#,13.80,CNY,2025-10-23,,contract,来源文件：ziliao/尤耐克/weldon/订单/UW251001533宁波一洲.xlsx（工作表 供需合同 第 9 行；合同号 UW251001533宁波一洲；抬头需方 宁波中基惠通集团股份有限公司；日期凭证：抬头签约时间）【tools/ziliao/extract_price_seeds.mjs 自动抽取·历史成交价·待甲方核对】
尤耐克,3-101 割嘴 0#,10.20,CNY,2025-10-10,,contract,来源文件：ziliao/尤耐克/常规 3-101 姚/UW251001509宁波一洲.xlsx（工作表 供需合同 第 9 行；合同号 UW251001509宁波一洲；抬头需方 宁波中基惠通集团股份有限公司；日期凭证：抬头签约时间）【tools/ziliao/extract_price_seeds.mjs 自动抽取·历史成交价·待甲方核对】
尤耐克,3-101 割嘴 1#,10.20,CNY,2025-10-10,,contract,来源文件：ziliao/尤耐克/常规 3-101 姚/UW251001509宁波一洲.xlsx（工作表 供需合同 第 11 行；合同号 UW251001509宁波一洲；抬头需方 宁波中基惠通集团股份有限公司；日期凭证：抬头签约时间）【tools/ziliao/extract_price_seeds.mjs 自动抽取·历史成交价·待甲方核对】
尤耐克,3-101 割嘴 2#,10.20,CNY,2025-10-10,,contract,来源文件：ziliao/尤耐克/常规 3-101 姚/UW251001509宁波一洲.xlsx（工作表 供需合同 第 10 行；合同号 UW251001509宁波一洲；抬头需方 宁波中基惠通集团股份有限公司；日期凭证：抬头签约时间）【tools/ziliao/extract_price_seeds.mjs 自动抽取·历史成交价·待甲方核对】
尤耐克,6290NX 割嘴 2#,6.50,CNY,2025-09-30,,contract,来源文件：ziliao/尤耐克/KLIQ NX 不干胶/UW250902440宁波一洲.xlsx（工作表 供需合同 第 9 行；合同号 UW250902440宁波一洲；抬头需方 宁波市尤耐克工具有限公司；日期凭证：抬头签约时间）【tools/ziliao/extract_price_seeds.mjs 自动抽取·历史成交价·待甲方核对】
尤耐克,1-101 割嘴  00#,13.20,CNY,2025-09-05,,contract,"来源文件：ziliao/尤耐克/TACCTO METAWELD 1-101, GPN/合同/UW250918429宁波一洲.xlsx（工作表 供需合同 第 9 行；合同号 UW250918429宁波一洲；抬头需方 宁波市尤耐克工具有限公司；日期凭证：抬头签约时间）【tools/ziliao/extract_price_seeds.mjs 自动抽取·历史成交价·待甲方核对】"
尤耐克,1-101 割嘴  0#,13.20,CNY,2025-08-18,,contract,来源文件：ziliao/尤耐克/techweld1-101/订单/UW250807403宁波一洲.xlsx（工作表 供需合同 第 9 行；合同号 UW250807403宁波一洲；抬头需方 宁波市尤耐克工具有限公司；日期凭证：抬头签约时间）【tools/ziliao/extract_price_seeds.mjs 自动抽取·历史成交价·待甲方核对】
尤耐克,6290 割嘴 1#,9.70,CNY,2025-07-29,,contract,来源文件：ziliao/尤耐克/H HOUSE 6290NX/合同/uw250705341宁波一洲.xlsx（工作表 供需合同 第 9 行；合同号 UW250705341宁波一洲；抬头需方 宁波市尤耐克工具有限公司；日期凭证：抬头签约时间）【tools/ziliao/extract_price_seeds.mjs 自动抽取·历史成交价·待甲方核对】
尤耐克,1503 割嘴 6#,9.15,CNY,2025-07-10,,contract,"来源文件：ziliao/尤耐克/FERROLAN1502,1503/订单/UW250601300宁波一洲.xlsx（工作表 供需合同 第 9 行；合同号 UW250601300宁波一洲；抬头需方 宁波市尤耐克工具有限公司；日期凭证：抬头签约时间）【tools/ziliao/extract_price_seeds.mjs 自动抽取·历史成交价·待甲方核对】"
尤耐克,1-101 割嘴  00#,13.20,CNY,2025-07-01,,contract,"来源文件：ziliao/尤耐克/TACCTO METAWELD 1-101, GPN/合同/UW250618276宁波一洲.xlsx（工作表 供需合同 第 9 行；合同号 UW250618276宁波一洲；抬头需方 NINGBO UNITED TOOLS CO LTD；日期凭证：抬头签约时间）【tools/ziliao/extract_price_seeds.mjs 自动抽取·历史成交价·待甲方核对】"
尤耐克,6290AC 割嘴 2#,6.20,CNY,2025-06-27,,contract,来源文件：ziliao/尤耐克/DAIDEN 叶/DAIDEN订单/2025前/UW250601272宁波一洲(1).xlsx（工作表 供需合同 第 9 行；合同号 UW250601272宁波一洲；抬头需方 宁波市尤耐克工具有限公司；日期凭证：抬头签约时间）【tools/ziliao/extract_price_seeds.mjs 自动抽取·历史成交价·待甲方核对】
尤耐克,363/376割嘴0#,9.50,CNY,2025-05-23,,contract,"来源文件：ziliao/尤耐克/275 叶, 倪 363/363  倪/UW250520236宁波一洲.xlsx（工作表 供需合同 第 9 行；合同号 UW250520236宁波一洲；抬头需方 宁波市尤耐克工具有限公司；日期凭证：抬头签约时间）【tools/ziliao/extract_price_seeds.mjs 自动抽取·历史成交价·待甲方核对】"
尤耐克,1-101 割嘴  3#,13.20,CNY,2025-05-21,,contract,来源文件：ziliao/尤耐克/weldon/订单/UW250501211宁波一洲 (1).xlsx（工作表 供需合同 第 9 行；合同号 UW250501211宁波一洲；抬头需方 宁波中基惠通集团股份有限公司；日期凭证：抬头签约时间）【tools/ziliao/extract_price_seeds.mjs 自动抽取·历史成交价·待甲方核对】
尤耐克,1502 割嘴 6#,14.10,CNY,2025-05-14,,contract,"来源文件：ziliao/尤耐克/FERROLAN1502,1503/订单/UW250401157宁波一洲.xlsx（工作表 供需合同 第 9 行；合同号 UW250401157宁波一洲；抬头需方 宁波市尤耐克工具有限公司；日期凭证：抬头签约时间）【tools/ziliao/extract_price_seeds.mjs 自动抽取·历史成交价·待甲方核对】"
尤耐克,1-101 割嘴  0#,13.20,CNY,2025-03-14,,contract,"来源文件：ziliao/尤耐克/TACCTO METAWELD 1-101, GPN/合同/UW250318098宁波一洲.xlsx（工作表 供需合同 第 10 行；合同号 UW250318098宁波一洲；抬头需方 NINGBO UNITED TOOLS CO LTD；日期凭证：抬头签约时间）【tools/ziliao/extract_price_seeds.mjs 自动抽取·历史成交价·待甲方核对】"
尤耐克,1-101 割嘴  0#,13.20,CNY,2025-02-18,,contract,来源文件：ziliao/尤耐克/weldon/订单/UW250201050宁波一洲.xlsx（工作表 供需合同 第 10 行；合同号 UW250201050宁波一洲；抬头需方 宁波中基惠通集团股份有限公司；日期凭证：抬头签约时间）【tools/ziliao/extract_price_seeds.mjs 自动抽取·历史成交价·待甲方核对】
尤耐克,6290NX 割嘴 0#,6.00,CNY,2024-12-27,,contract,来源文件：ziliao/尤耐克/H HOUSE 6290NX/合同/UW241205589宁波一洲.xlsx（工作表 供需合同 第 10 行；合同号 UW241205589宁波一洲；抬头需方 宁波市尤耐克工具有限公司；日期凭证：抬头签约时间）【tools/ziliao/extract_price_seeds.mjs 自动抽取·历史成交价·待甲方核对】
尤耐克,1-101 割嘴  1#,12.60,CNY,2024-11-25,,contract,来源文件：ziliao/尤耐克/CROSSWELD文件/合同/UW241107562宁波一洲.xlsx（工作表 供需合同 第 10 行；合同号 UW241107562宁波一洲；抬头需方 宁波市尤耐克工具有限公司；日期凭证：抬头签约时间）【tools/ziliao/extract_price_seeds.mjs 自动抽取·历史成交价·待甲方核对】
尤耐克,1-101 割嘴  1#,13.20,CNY,2024-10-15,,contract,来源文件：ziliao/尤耐克/techweld1-101/订单/UW241007465宁波一洲.xlsx（工作表 供需合同 第 10 行；合同号 UW241007465宁波一洲；抬头需方 宁波市尤耐克工具有限公司；日期凭证：抬头签约时间）【tools/ziliao/extract_price_seeds.mjs 自动抽取·历史成交价·待甲方核对】
尤耐克,1-101 割嘴  0#,13.20,CNY,2024-09-27,,contract,"来源文件：ziliao/尤耐克/TACCTO METAWELD 1-101, GPN/合同/UW240918450宁波一洲.xlsx（工作表 供需合同 第 10 行；合同号 UW240918450宁波一洲；抬头需方 NINGBO UNITED TOOLS CO LTD；日期凭证：抬头签约时间）【tools/ziliao/extract_price_seeds.mjs 自动抽取·历史成交价·待甲方核对】"
尤耐克,1-101 割嘴  2#,12.60,CNY,2024-09-14,,contract,来源文件：ziliao/尤耐克/WESTON-3/合同/2024/LGC240907418宁波一洲.xlsx（工作表 供需合同 第 10 行；合同号 LGC240907418宁波一洲；抬头需方 宁波中基惠通集团股份有限公司；日期凭证：抬头签约时间）【tools/ziliao/extract_price_seeds.mjs 自动抽取·历史成交价·待甲方核对】
尤耐克,1-101 割嘴  0#,12.60,CNY,2024-09-10,,contract,来源文件：ziliao/尤耐克/weldon/订单/LGC240801389宁波一洲.xlsx（工作表 供需合同 第 10 行；合同号 LGC240801389宁波一洲；抬头需方 宁波中基惠通集团股份有限公司；日期凭证：抬头签约时间）【tools/ziliao/extract_price_seeds.mjs 自动抽取·历史成交价·待甲方核对】
尤耐克,44 割嘴 15#,8.00,CNY,2024-09-10,,contract,来源文件：ziliao/尤耐克/DAIDEN 叶/DAIDEN订单/2025前/LGC240901394宁波一洲.xlsx（工作表 供需合同 第 10 行；合同号 LGC240901394宁波一洲；抬头需方 宁波市尤耐克工具有限公司；日期凭证：抬头签约时间）【tools/ziliao/extract_price_seeds.mjs 自动抽取·历史成交价·待甲方核对】
尤耐克,SC12 割嘴 2#,15.70,CNY,2024-08-30,,contract,来源文件：ziliao/尤耐克/WESTON-3/合同/2024/LGC240807376宁波一洲.xlsx（工作表 供需合同 第 10 行；合同号 LGC240807376宁波一洲；抬头需方 宁波中基惠通集团股份有限公司；日期凭证：抬头签约时间）【tools/ziliao/extract_price_seeds.mjs 自动抽取·历史成交价·待甲方核对】
尤耐克,41 割嘴 8#,12.60,CNY,2024-08-28,,contract,来源文件：ziliao/尤耐克/DAIDEN 叶/DAIDEN订单/2025前/LGC240801386宁波一洲.xlsx（工作表 供需合同 第 10 行；合同号 LGC240801386宁波一洲；抬头需方 宁波市尤耐克工具有限公司；日期凭证：抬头签约时间）【tools/ziliao/extract_price_seeds.mjs 自动抽取·历史成交价·待甲方核对】
尤耐克,1-101 割嘴  4#,12.50,CNY,2024-08-01,,contract,来源文件：ziliao/尤耐克/WESTON-3/合同/2024/LGC240707331宁波一洲.xlsx（工作表 供需合同 第 10 行；合同号 LGC240707331宁波一洲；抬头需方 宁波中基惠通集团股份有限公司；日期凭证：抬头签约时间）【tools/ziliao/extract_price_seeds.mjs 自动抽取·历史成交价·待甲方核对】
尤耐克,1-101 割嘴  0#,13.20,CNY,2024-06-05,,contract,来源文件：ziliao/尤耐克/WESTON-3/合同/2024/LGC240507238宁波一洲.xlsx（工作表 供需合同 第 10 行；合同号 LGC240507238宁波一洲；抬头需方 宁波中基惠通集团股份有限公司；日期凭证：抬头签约时间）【tools/ziliao/extract_price_seeds.mjs 自动抽取·历史成交价·待甲方核对】
尤耐克,41 割嘴 8#,13.20,CNY,2024-05-10,,contract,来源文件：ziliao/尤耐克/DAIDEN 叶/DAIDEN订单/2025前/LGC240401176宁波一洲.xlsx（工作表 供需合同 第 10 行；合同号 LGC240401176宁波一洲；抬头需方 宁波市尤耐克工具有限公司；日期凭证：抬头签约时间）【tools/ziliao/extract_price_seeds.mjs 自动抽取·历史成交价·待甲方核对】
尤耐克,1-101 割嘴  00#,12.00,CNY,2023-12-25,,contract,"来源文件：ziliao/尤耐克/TACCTO METAWELD 1-101, GPN/合同/LGC231118523宁波一洲.xlsx（工作表 供需合同 第 10 行；合同号 LGC231118523宁波一洲；抬头需方 NINGBO UNITED TOOLS CO LTD；日期凭证：抬头签约时间）【tools/ziliao/extract_price_seeds.mjs 自动抽取·历史成交价·待甲方核对】"
尤耐克,6290AC 割嘴 2#,7.50,CNY,2023-12-14,,contract,"来源文件：ziliao/尤耐克/41,6290AC原装/lgc231201579宁波一洲.xlsx（工作表 供需合同 第 10 行；合同号 LGC231201579宁波一洲；抬头需方 NINGBO UNITED TOOLS CO LTD；日期凭证：抬头签约时间）【tools/ziliao/extract_price_seeds.mjs 自动抽取·历史成交价·待甲方核对】"
尤耐克,1502 割嘴 2#,12.60,CNY,2023-11-08,,contract,"来源文件：ziliao/尤耐克/BARBOSA 1502,1503,NFF/订单/LGC231107516宁波一洲.xlsx（工作表 供需合同 第 10 行；合同号 LGC231107516宁波一洲；抬头需方 宁波市尤耐克工具有限公司；日期凭证：抬头签约时间）【tools/ziliao/extract_price_seeds.mjs 自动抽取·历史成交价·待甲方核对】"
尤耐克,261 割嘴 0#,7.50,CNY,2023-11-06,,contract,来源文件：ziliao/尤耐克/OKILA改不干胶/OKILA订单/UW231101511宁波一洲.xlsx（工作表 供需合同 第 10 行；合同号 LGC231101511宁波一洲；抬头需方 宁波市尤耐克工具有限公司；日期凭证：抬头签约时间）【tools/ziliao/extract_price_seeds.mjs 自动抽取·历史成交价·待甲方核对】
尤耐克,1-101 割嘴  1#,12.00,CNY,2023-10-30,,contract,来源文件：ziliao/尤耐克/techweld1-101/订单/LGC231007487宁波一洲.xlsx（工作表 供需合同 第 10 行；合同号 LGC231007487宁波一洲；抬头需方 宁波市尤耐克工具有限公司；日期凭证：抬头签约时间）【tools/ziliao/extract_price_seeds.mjs 自动抽取·历史成交价·待甲方核对】
尤耐克,6290 割嘴 0#,8.80,CNY,2023-09-21,,contract,来源文件：ziliao/尤耐克/WOLFRAM 6290/LGC230922434宁波一洲.xlsx（工作表 供需合同 第 10 行；合同号 LGC230922434宁波一洲；抬头需方 宁波市尤耐克工具有限公司；日期凭证：抬头签约时间）【tools/ziliao/extract_price_seeds.mjs 自动抽取·历史成交价·待甲方核对】
尤耐克,1503 割嘴 4#,8.60,CNY,2023-05-15,,contract,来源文件：ziliao/尤耐克/常规 1503/LGC230422163宁波一洲.xlsx（工作表 供需合同 第 10 行；合同号 LGC230422163宁波一洲；抬头需方 宁波市尤耐克工具有限公司；日期凭证：抬头签约时间）【tools/ziliao/extract_price_seeds.mjs 自动抽取·历史成交价·待甲方核对】
尤耐克,SC50 割嘴 2#,15.00,CNY,2023-03-21,,contract,来源文件：ziliao/尤耐克/WESTON-3/合同/2023/LGC230307112宁波一洲.xlsx（工作表 供需合同 第 10 行；合同号 LGC230307112宁波一洲；抬头需方 宁波中基惠通集团股份有限公司；日期凭证：抬头签约时间）【tools/ziliao/extract_price_seeds.mjs 自动抽取·历史成交价·待甲方核对】
尤耐克,1-101 割嘴  1#,12.00,CNY,2023-03-06,,contract,"来源文件：ziliao/尤耐克/IMECA, 1-101,GPN,小叶/LGC230218045宁波一洲.xlsx（工作表 供需合同 第 10 行；合同号 LGC230218045宁波一洲；抬头需方 宁波中基惠通集团股份有限公司；日期凭证：抬头签约时间）【tools/ziliao/extract_price_seeds.mjs 自动抽取·历史成交价·待甲方核对】"
尤耐克,1-101 割嘴  00#,12.00,CNY,2023-03-01,,contract,"来源文件：ziliao/尤耐克/TACCTO METAWELD 1-101, GPN/合同/LGC230218055宁波一洲.xlsx（工作表 供需合同 第 10 行；合同号 LGC230218055宁波一洲；抬头需方 NINGBO UNITED TOOLS CO LTD；日期凭证：抬头签约时间）【tools/ziliao/extract_price_seeds.mjs 自动抽取·历史成交价·待甲方核对】"
尤耐克,GPN 割嘴 3#,8.20,CNY,2023-02-17,,contract,来源文件：ziliao/尤耐克/CROSSWELD文件/合同/LGC230207057宁波一洲.xlsx（工作表 供需合同 第 10 行；合同号 LGC230207057宁波一洲；抬头需方 宁波市尤耐克工具有限公司；日期凭证：抬头签约时间）【tools/ziliao/extract_price_seeds.mjs 自动抽取·历史成交价·待甲方核对】
尤耐克,261 割嘴 1#,8.30,CNY,2023-01-03,,contract,来源文件：ziliao/尤耐克/OKILA改不干胶/OKILA订单/UW230101001宁波一洲.xlsx（工作表 供需合同 第 10 行；合同号 LGC230101001宁波一洲；抬头需方 宁波市尤耐克工具有限公司；日期凭证：抬头签约时间）【tools/ziliao/extract_price_seeds.mjs 自动抽取·历史成交价·待甲方核对】
尤耐克,261 割嘴 1#,8.30,CNY,2022-10-25,,contract,来源文件：ziliao/尤耐克/OKILA改不干胶/OKILA订单/UW21001385宁波一洲.xlsx（工作表 供需合同 第 10 行；合同号 LGC21001385宁波一洲；抬头需方 宁波市尤耐克工具有限公司；日期凭证：抬头签约时间）【tools/ziliao/extract_price_seeds.mjs 自动抽取·历史成交价·待甲方核对】
尤耐克,6290 割嘴 00#,8.80,CNY,2022-10-24,,contract,"来源文件：ziliao/尤耐克/SCH 6290,NX 小周/UW21001370宁波一洲.xlsx（工作表 供需合同 第 10 行；合同号 LGC21001370宁波一洲；抬头需方 宁波市尤耐克工具有限公司；日期凭证：抬头签约时间）【tools/ziliao/extract_price_seeds.mjs 自动抽取·历史成交价·待甲方核对】"
尤耐克,1502 割嘴 4#,12.50,CNY,2022-10-13,,contract,"来源文件：ziliao/尤耐克/BARBOSA 1502,1503,NFF/订单/lgc21007379宁波一洲.xlsx（工作表 供需合同 第 10 行；合同号 LGC21007379宁波一洲；抬头需方 宁波市尤耐克工具有限公司；日期凭证：抬头签约时间）【tools/ziliao/extract_price_seeds.mjs 自动抽取·历史成交价·待甲方核对】"
尤耐克,1503 割嘴 4#,8.50,CNY,2022-08-15,,contract,来源文件：ziliao/尤耐克/常规 1503/LGC22822290宁波一洲.xlsx（工作表 供需合同 第 10 行；合同号 LGC22822290宁波一洲；抬头需方 宁波市尤耐克工具有限公司；日期凭证：抬头签约时间）【tools/ziliao/extract_price_seeds.mjs 自动抽取·历史成交价·待甲方核对】
尤耐克,1502 割嘴 2#,12.50,CNY,2022-08-11,,contract,来源文件：ziliao/尤耐克/ECOSOLDE-1502 应/LGC22501183宁波一洲.xlsx（工作表 供需合同 第 10 行；合同号 LGC22501183宁波一洲；抬头需方 宁波中基惠通外贸服务有限公司；日期凭证：抬头签约时间）【tools/ziliao/extract_price_seeds.mjs 自动抽取·历史成交价·待甲方核对】
尤耐克,261 割嘴 0#,8.30,CNY,2022-08-02,,contract,来源文件：ziliao/尤耐克/OKILA改不干胶/OKILA订单/LGC22701263宁波一洲.xlsx（工作表 供需合同 第 10 行；合同号 LGC22701263宁波一洲；抬头需方 宁波市尤耐克工具有限公司；日期凭证：抬头签约时间）【tools/ziliao/extract_price_seeds.mjs 自动抽取·历史成交价·待甲方核对】
尤耐克,1502 割嘴 2#,12.50,CNY,2022-07-29,,contract,来源文件：ziliao/尤耐克/GRANSOLDA(1502.1503)/合同/LGC22701264宁波一洲.xlsx（工作表 供需合同 第 10 行；合同号 LGC22701264宁波一洲；抬头需方 NINGBO UNITED TOOLS CO LTD；日期凭证：抬头签约时间）【tools/ziliao/extract_price_seeds.mjs 自动抽取·历史成交价·待甲方核对】
尤耐克,6290NX 割嘴 1#,5.80,CNY,2022-07-22,,contract,来源文件：ziliao/尤耐克/新俄罗斯/订单/UW22701251宁波一洲.xlsx（工作表 供需合同 第 10 行；合同号 LGC22701251宁波一洲；抬头需方 宁波市尤耐克工具有限公司；日期凭证：抬头签约时间）【tools/ziliao/extract_price_seeds.mjs 自动抽取·历史成交价·待甲方核对】
尤耐克,261 割嘴 1#,8.40,CNY,2022-05-16,,contract,来源文件：ziliao/尤耐克/OKILA改不干胶/OKILA订单/LGC22501161-宁波一洲.xlsx（工作表 尤耐克供需合同 第 10 行；合同号 LGC22501161-宁波一洲；抬头需方 宁波尤耐克工具有限公司；日期凭证：抬头签约时间）【tools/ziliao/extract_price_seeds.mjs 自动抽取·历史成交价·待甲方核对】
尤耐克,6290 割嘴 00#,8.80,CNY,2022-05-11,,contract,"来源文件：ziliao/尤耐克/SCH 6290,NX 小周/LGC22401120-宁波一洲.xls（工作表 尤耐克供需合同 第 10 行；合同号 LGC22401120-宁波一洲；抬头需方 宁波尤耐克工具有限公司；日期凭证：抬头签约时间）【tools/ziliao/extract_price_seeds.mjs 自动抽取·历史成交价·待甲方核对】"
尤耐克,6290 割嘴 1#,8.80,CNY,2022-04-08,,contract,"来源文件：ziliao/尤耐克/FUJIMA,HOYOMA-NX/HOYOMA-6290NX/LGC22301114-宁波一洲.xls（工作表 尤耐克供需合同 第 10 行；合同号 LGC22301114-宁波一洲；抬头需方 宁波市尤耐克工具有限公司；日期凭证：抬头签约时间）【tools/ziliao/extract_price_seeds.mjs 自动抽取·历史成交价·待甲方核对】"
尤耐克,1-101 割嘴 00#,12.00,CNY,2022-03-28,,contract,"来源文件：ziliao/尤耐克/带五角星, UWELD/LGC22308095-宁波一洲.xls（工作表 尤耐克供需合同 第 10 行；合同号 LGC22308095-宁波一洲；抬头需方 宁波尤耐克工具有限公司；日期凭证：抬头签约时间）【tools/ziliao/extract_price_seeds.mjs 自动抽取·历史成交价·待甲方核对】"
尤耐克,261 割嘴 0#,8.50,CNY,2022-03-15,,contract,来源文件：ziliao/尤耐克/OKILA改不干胶/OKILA订单/LGC22301089-宁波一洲.xlsx（工作表 尤耐克供需合同 第 10 行；合同号 LGC22301089-宁波一洲；抬头需方 宁波尤耐克工具有限公司；日期凭证：抬头签约时间）【tools/ziliao/extract_price_seeds.mjs 自动抽取·历史成交价·待甲方核对】
尤耐克,3-101 割嘴 000#,8.80,CNY,2022-03-07,,contract,来源文件：ziliao/尤耐克/SUA/SUA订单/LGC22302066-宁波一洲.xls（工作表 尤耐克供需合同 第 10 行；合同号 LGC22302066-宁波一洲；抬头需方 宁波中基惠通外贸服务有限公司；日期凭证：抬头签约时间）【tools/ziliao/extract_price_seeds.mjs 自动抽取·历史成交价·待甲方核对】
尤耐克,106D7割嘴1#,13.50,CNY,2022-02-23,,contract,来源文件：ziliao/尤耐克/ROTHWELD/106D7 ROTHWELD/LGC20105016-宁波一洲.xls（工作表 尤耐克供需合同 第 10 行；合同号 LGC20105016-宁波一洲；抬头需方 宁波中基惠通外贸服务有限公司；日期凭证：抬头签约时间）【tools/ziliao/extract_price_seeds.mjs 自动抽取·历史成交价·待甲方核对】
尤耐克,PNME18 割嘴 1/16,7.90,CNY,2021-12-22,,contract,来源文件：ziliao/尤耐克/MTL/MTL合同/LGC11201438-宁波一洲.xls（工作表 尤耐克供需合同 第 10 行；合同号 LGC11201438-宁波一洲；抬头需方 NINGBO UNITED TOOLS CO LTD；日期凭证：抬头签约时间）【tools/ziliao/extract_price_seeds.mjs 自动抽取·历史成交价·待甲方核对】
尤耐克,1-101 割嘴 2#,11.80,CNY,2021-09-30,,contract,来源文件：ziliao/尤耐克/OKILA改不干胶/OKILA订单/LGC10901358-宁波一洲(1).xlsx（工作表 尤耐克供需合同 第 10 行；合同号 LGC10901358-宁波一洲；抬头需方 宁波尤耐克工具有限公司；日期凭证：抬头签约时间）【tools/ziliao/extract_price_seeds.mjs 自动抽取·历史成交价·待甲方核对】
尤耐克,1-101 割嘴 2#,11.80,CNY,2021-08-18,,contract,来源文件：ziliao/尤耐克/OKILA改不干胶/OKILA订单/LGC10801310-宁波一洲.xlsx（工作表 尤耐克供需合同 第 10 行；合同号 LGC10801310-宁波一洲；抬头需方 宁波尤耐克工具有限公司；日期凭证：抬头签约时间）【tools/ziliao/extract_price_seeds.mjs 自动抽取·历史成交价·待甲方核对】
尤耐克,PNM 割嘴 1/16,7.20,CNY,2021-08-06,,contract,来源文件：ziliao/尤耐克/新俄罗斯/订单/LGC10701275-宁波一洲.xlsx（工作表 尤耐克供需合同 第 10 行；合同号 LGC10701275-宁波一洲；抬头需方 宁波尤耐克工具有限公司；日期凭证：抬头签约时间）【tools/ziliao/extract_price_seeds.mjs 自动抽取·历史成交价·待甲方核对】
尤耐克,6290NX 割嘴 00#,6.00,CNY,2021-07-07,,contract,来源文件：ziliao/尤耐克/新俄罗斯/订单/LGC10601211-宁波一洲.xlsx（工作表 尤耐克供需合同 第 10 行；合同号 LGC10601211-宁波一洲；抬头需方 宁波尤耐克工具有限公司；日期凭证：抬头签约时间）【tools/ziliao/extract_price_seeds.mjs 自动抽取·历史成交价·待甲方核对】
尤耐克,164 割嘴 1#,13.00,CNY,2021-07-01,,contract,来源文件：ziliao/尤耐克/OKILA改不干胶/OKILA订单/LGC10601239-宁波一洲.xlsx（工作表 尤耐克供需合同 第 10 行；合同号 LGC10601239-宁波一洲；抬头需方 宁波尤耐克工具有限公司；日期凭证：抬头签约时间）【tools/ziliao/extract_price_seeds.mjs 自动抽取·历史成交价·待甲方核对】
尤耐克,6290AC 割嘴 2#,7.00,CNY,2021-05-08,,contract,来源文件：ziliao/尤耐克/SUA/SUA订单/LGC10502167-宁波一洲.xls（工作表 尤耐克供需合同 第 10 行；合同号 LGC10502167-宁波一洲；抬头需方 宁波中基惠通外贸服务有限公司；日期凭证：抬头签约时间）【tools/ziliao/extract_price_seeds.mjs 自动抽取·历史成交价·待甲方核对】
尤耐克,ANME 割嘴 1/16,13.00,CNY,2021-05-06,,contract,来源文件：ziliao/尤耐克/IRON S.R.L 双三角/GOLVER S.R.L/LGC10508165-宁波一洲.xls（工作表 尤耐克供需合同 第 10 行；合同号 LGC10508165-宁波一洲；抬头需方 宁波尤耐克工具有限公司；日期凭证：抬头签约时间）【tools/ziliao/extract_price_seeds.mjs 自动抽取·历史成交价·待甲方核对】
尤耐克,6290 割嘴 3#,8.80,CNY,2021-04-26,,contract,来源文件：ziliao/尤耐克/IRON S.R.L 双三角/订单/LGC10408136-宁波一洲.xls（工作表 尤耐克供需合同 第 10 行；合同号 LGC10408136-宁波一洲；抬头需方 宁波尤耐克工具有限公司；日期凭证：抬头签约时间）【tools/ziliao/extract_price_seeds.mjs 自动抽取·历史成交价·待甲方核对】
尤耐克,164 割嘴 4#,12.80,CNY,2021-04-22,,contract,来源文件：ziliao/尤耐克/OKILA改不干胶/OKILA订单/LGC10401123-宁波一洲.xlsx（工作表 尤耐克供需合同 第 10 行；合同号 LGC10401123-宁波一洲；抬头需方 宁波尤耐克工具有限公司；日期凭证：抬头签约时间）【tools/ziliao/extract_price_seeds.mjs 自动抽取·历史成交价·待甲方核对】
尤耐克,GPN 割嘴 1#,8.25,CNY,2021-03-22,,contract,来源文件：ziliao/尤耐克/OKILA改不干胶/OKILA订单/LGC10301097-宁波一洲.xls（工作表 尤耐克供需合同 第 10 行；合同号 LGC10301097-宁波一洲；抬头需方 宁波尤耐克工具有限公司；日期凭证：抬头签约时间）【tools/ziliao/extract_price_seeds.mjs 自动抽取·历史成交价·待甲方核对】
尤耐克,G1-P 割嘴 12/10,7.50,CNY,2020-12-15,,contract,来源文件：ziliao/尤耐克/FERROLAN G1-P/lgc21001389-宁波一洲.xls（工作表 尤耐克供需合同 第 10 行；合同号 LGC21001389-宁波一洲；抬头需方 宁波市尤耐克工具有 限公司；日期凭证：抬头签约时间）【tools/ziliao/extract_price_seeds.mjs 自动抽取·历史成交价·待甲方核对】
尤耐克,6290 割嘴 0#,8.50,CNY,2020-11-16,,contract,来源文件：ziliao/尤耐克/IRON S.R.L 双三角/GOLVER S.R.L/lgc21008381-宁波一洲.xls（工作表 尤耐克供需合同 第 10 行；合同号 LGC21008381-宁波一洲；抬头需方 宁波市尤耐克工具有 限公司；日期凭证：抬头签约时间）【tools/ziliao/extract_price_seeds.mjs 自动抽取·历史成交价·待甲方核对】
尤耐克,1-101 割嘴 4#,11.00,CNY,2020-11-06,,contract,来源文件：ziliao/尤耐克/JOVAL订单/JOVAL订单/LGC20901301-宁波一洲.xls（工作表 尤耐克供需合同 第 9 行；合同号 LGC20901301-宁波一洲；抬头需方 宁波市尤耐克工具有 限公司；日期凭证：抬头签约时间）【tools/ziliao/extract_price_seeds.mjs 自动抽取·历史成交价·待甲方核对】
尤耐克,1-101 割嘴 0#,11.00,CNY,2020-05-21,,contract,来源文件：ziliao/尤耐克/旧订单/10个自封袋/07156-一洲.xls（工作表 尤耐克供需合同 第 10 行；合同号 LGC20507156-宁波一洲；抬头需方 宁波市尤耐克工具有 限公司；日期凭证：抬头签约时间）【tools/ziliao/extract_price_seeds.mjs 自动抽取·历史成交价·待甲方核对】
尤耐克,6290NX 割嘴 2#,6.00,CNY,2020-03-20,,contract,来源文件：ziliao/尤耐克/KLIQ NX 不干胶/lgc20102019-宁波一洲.xlsx（工作表 尤耐克供需合同 第 10 行；合同号 LGC20102019-宁波一洲；抬头需方 宁波中基惠通外贸服务有限公司；日期凭证：抬头签约时间）【tools/ziliao/extract_price_seeds.mjs 自动抽取·历史成交价·待甲方核对】
尤耐克,1-101 割嘴 1#,11.00,CNY,2020-02-19,,contract,来源文件：ziliao/尤耐克/JOVAL订单/JOVAL订单/lgc91101438-宁波一洲.xls（工作表 尤耐克供需合同 第 13 行；合同号 LGC91101438-宁波一洲；抬头需方 宁波市尤耐克工具有 限公司；日期凭证：抬头签约时间）【tools/ziliao/extract_price_seeds.mjs 自动抽取·历史成交价·待甲方核对】
尤耐克,1-101 割嘴 2#,11.00,CNY,2020-02-19,,contract,来源文件：ziliao/尤耐克/JOVAL订单/JOVAL订单/lgc91101438-宁波一洲.xls（工作表 尤耐克供需合同 第 14 行；合同号 LGC91101438-宁波一洲；抬头需方 宁波市尤耐克工具有 限公司；日期凭证：抬头签约时间）【tools/ziliao/extract_price_seeds.mjs 自动抽取·历史成交价·待甲方核对】
尤耐克,1-101 割嘴 3#,11.00,CNY,2020-02-19,,contract,来源文件：ziliao/尤耐克/JOVAL订单/JOVAL订单/lgc91101438-宁波一洲.xls（工作表 尤耐克供需合同 第 15 行；合同号 LGC91101438-宁波一洲；抬头需方 宁波市尤耐克工具有 限公司；日期凭证：抬头签约时间）【tools/ziliao/extract_price_seeds.mjs 自动抽取·历史成交价·待甲方核对】
尤耐克,GPN 割嘴 1#,8.00,CNY,2020-02-19,,contract,来源文件：ziliao/尤耐克/JOVAL订单/JOVAL订单/lgc91101438-宁波一洲.xls（工作表 尤耐克供需合同 第 10 行；合同号 LGC91101438-宁波一洲；抬头需方 宁波市尤耐克工具有 限公司；日期凭证：抬头签约时间）【tools/ziliao/extract_price_seeds.mjs 自动抽取·历史成交价·待甲方核对】
尤耐克,GPN 割嘴 2#,8.00,CNY,2020-02-19,,contract,来源文件：ziliao/尤耐克/JOVAL订单/JOVAL订单/lgc91101438-宁波一洲.xls（工作表 尤耐克供需合同 第 11 行；合同号 LGC91101438-宁波一洲；抬头需方 宁波市尤耐克工具有 限公司；日期凭证：抬头签约时间）【tools/ziliao/extract_price_seeds.mjs 自动抽取·历史成交价·待甲方核对】
尤耐克,GPN 割嘴 3#,8.00,CNY,2020-02-19,,contract,来源文件：ziliao/尤耐克/JOVAL订单/JOVAL订单/lgc91101438-宁波一洲.xls（工作表 尤耐克供需合同 第 12 行；合同号 LGC91101438-宁波一洲；抬头需方 宁波市尤耐克工具有 限公司；日期凭证：抬头签约时间）【tools/ziliao/extract_price_seeds.mjs 自动抽取·历史成交价·待甲方核对】
尤耐克,102HC 割嘴 0#,11.00,CNY,2019-11-21,,contract,来源文件：ziliao/尤耐克/旧订单/AV-VN2014/LGC91105458-宁波一洲.xls（工作表 尤耐克供需合同 第 10 行；合同号 LGC91105458-宁波一洲；抬头需方 NINGBO UNITED TOOLS CO LTD；日期凭证：抬头签约时间）【tools/ziliao/extract_price_seeds.mjs 自动抽取·历史成交价·待甲方核对】
尤耐克,41 割嘴 8#,11.00,CNY,2019-10-14,,contract,"来源文件：ziliao/尤耐克/旧订单/TOPGUN-41,44/LGC91016388-宁波一洲.xls（工作表 尤耐克供需合同 第 10 行；合同号 LGC91016388-宁波一洲；抬头需方 NINGBO UNITED TOOLS CO LTD；日期凭证：抬头签约时间）【tools/ziliao/extract_price_seeds.mjs 自动抽取·历史成交价·待甲方核对】"
尤耐克,1-101 割嘴  0#,12.00,CNY,,,contract,来源文件：ziliao/尤耐克/OKILA改不干胶/OKILA订单/UW230201047-4宁波一洲.xlsx（工作表 供需合同 第 10 行；合同号 LGC230201047-4宁波一洲；抬头需方 宁波市尤耐克工具有限公司；日期凭证：无（已留空））【tools/ziliao/extract_price_seeds.mjs 自动抽取·历史成交价·待甲方核对】
尤耐克,1-101 割嘴  00#,13.20,CNY,,,contract,"来源文件：ziliao/尤耐克/TACCTO METAWELD 1-101, GPN/合同/LGC240418190宁波一洲.xlsx（工作表 供需合同 第 10 行；合同号 LGC240418190宁波一洲；抬头需方 NINGBO UNITED TOOLS CO LTD；日期凭证：无（已留空））【tools/ziliao/extract_price_seeds.mjs 自动抽取·历史成交价·待甲方核对】"
尤耐克,1-101 割嘴  000#,12.80,CNY,,,contract,来源文件：ziliao/尤耐克/SUA/SUA订单/UW241002467宁波一洲(1).xlsx（工作表 供需合同 第 20 行；合同号 UW241002467宁波一洲；抬头需方 宁波中基惠通外贸服务有限公司；日期凭证：无（已留空））【tools/ziliao/extract_price_seeds.mjs 自动抽取·历史成交价·待甲方核对】
尤耐克,1-101 割嘴  2#,12.00,CNY,,,contract,来源文件：ziliao/尤耐克/WESTON-3/合同/2023/LGC231007475宁波一洲.xlsx（工作表 供需合同 第 10 行；合同号 LGC231007475宁波一洲；抬头需方 宁波中基惠通集团股份有限公司；日期凭证：无（已留空））【tools/ziliao/extract_price_seeds.mjs 自动抽取·历史成交价·待甲方核对】
尤耐克,1-101 割嘴  3#,13.20,CNY,,,contract,来源文件：ziliao/尤耐克/CROSSWELD文件/合同/2025/UW250707328宁波一洲 (1).xlsx（工作表 供需合同 第 9 行；合同号 UW250707328宁波一洲；抬头需方 宁波市尤耐克工具有限公司；日期凭证：无（已留空））【tools/ziliao/extract_price_seeds.mjs 自动抽取·历史成交价·待甲方核对】
尤耐克,1-101 割嘴  4#,13.80,CNY,,,contract,来源文件：ziliao/尤耐克/SUA/SUA订单/uw251002559（原订单）.xlsx（工作表 供需合同 第 22 行；合同号 UW251002559宁波一洲；抬头需方 宁波中基惠通外贸服务有限公司；日期凭证：无（已留空））【tools/ziliao/extract_price_seeds.mjs 自动抽取·历史成交价·待甲方核对】
尤耐克,1-101 割嘴 1#,11.80,CNY,,,contract,"来源文件：ziliao/尤耐克/FUJIMA,HOYOMA-NX/FUJIMA 1-101,GPN/LGC10301082-宁波一洲.xls（工作表 尤耐克供需合同 第 10 行；合同号 LGC10301082-宁波一洲；抬头需方 宁波市尤耐克工具有限公司；日期凭证：无（已留空））【tools/ziliao/extract_price_seeds.mjs 自动抽取·历史成交价·待甲方核对】"
尤耐克,1-101 割嘴 5#,12.00,CNY,,,contract,来源文件：ziliao/尤耐克/OKILA改不干胶/OKILA订单/LGC22101027-宁波一洲.xls（工作表 尤耐克供需合同 第 10 行；合同号 LGC22101027-宁波一洲；抬头需方 宁波尤耐克工具有限公司；日期凭证：无（已留空））【tools/ziliao/extract_price_seeds.mjs 自动抽取·历史成交价·待甲方核对】
尤耐克,1-118 割嘴 0#,18.00,CNY,,,contract,来源文件：ziliao/尤耐克/SUA/SUA订单/UW241002467宁波一洲(1).xlsx（工作表 供需合同 第 29 行；合同号 UW241002467宁波一洲；抬头需方 宁波中基惠通外贸服务有限公司；日期凭证：无（已留空））【tools/ziliao/extract_price_seeds.mjs 自动抽取·历史成交价·待甲方核对】
尤耐克,1-118 割嘴 2#,18.00,CNY,,,contract,来源文件：ziliao/尤耐克/SUA/SUA订单/UW241002467宁波一洲(1).xlsx（工作表 供需合同 第 30 行；合同号 UW241002467宁波一洲；抬头需方 宁波中基惠通外贸服务有限公司；日期凭证：无（已留空））【tools/ziliao/extract_price_seeds.mjs 自动抽取·历史成交价·待甲方核对】
尤耐克,1-118 割嘴 4#,18.00,CNY,,,contract,来源文件：ziliao/尤耐克/SUA/SUA订单/UW241002467宁波一洲(1).xlsx（工作表 供需合同 第 31 行；合同号 UW241002467宁波一洲；抬头需方 宁波中基惠通外贸服务有限公司；日期凭证：无（已留空））【tools/ziliao/extract_price_seeds.mjs 自动抽取·历史成交价·待甲方核对】
尤耐克,1-118 割嘴 6#,22.00,CNY,,,contract,来源文件：ziliao/尤耐克/SUA/SUA订单/UW241002467宁波一洲(1).xlsx（工作表 供需合同 第 32 行；合同号 UW241002467宁波一洲；抬头需方 宁波中基惠通外贸服务有限公司；日期凭证：无（已留空））【tools/ziliao/extract_price_seeds.mjs 自动抽取·历史成交价·待甲方核对】
尤耐克,1-118 割嘴 8#,22.00,CNY,,,contract,来源文件：ziliao/尤耐克/SUA/SUA订单/UW241002467宁波一洲(1).xlsx（工作表 供需合同 第 33 行；合同号 UW241002467宁波一洲；抬头需方 宁波中基惠通外贸服务有限公司；日期凭证：无（已留空））【tools/ziliao/extract_price_seeds.mjs 自动抽取·历史成交价·待甲方核对】
尤耐克,1502 割嘴 10#,12.30,CNY,,,contract,"来源文件：ziliao/尤耐克/FERROLAN1502,1503/订单/LGC10307071-宁波一洲-1.xlsx（工作表 尤耐克供需合同 第 10 行；合同号 LGC10307071-宁波一洲-1；抬头需方 NINGBO UNITED TOOLS CO LTD；日期凭证：无（已留空））【tools/ziliao/extract_price_seeds.mjs 自动抽取·历史成交价·待甲方核对】"
尤耐克,1502 割嘴 2#,12.80,CNY,,,contract,"来源文件：ziliao/尤耐克/BARBOSA 1502,1503,NFF/订单/LGC240207066宁波一洲.xlsx（工作表 供需合同 第 10 行；合同号 LGC240207066宁波一洲；抬头需方 宁波市尤耐克工具有限公司；日期凭证：无（已留空））【tools/ziliao/extract_price_seeds.mjs 自动抽取·历史成交价·待甲方核对】"
尤耐克,1502 割嘴 4#,11.80,CNY,,,contract,"来源文件：ziliao/尤耐克/FERROLAN1502,1503/订单/LGC10307071-宁波一洲.xlsx（工作表 尤耐克供需合同 第 10 行；合同号 LGC10307071-宁波一洲；抬头需方 NINGBO UNITED TOOLS CO LTD；日期凭证：无（已留空））【tools/ziliao/extract_price_seeds.mjs 自动抽取·历史成交价·待甲方核对】"
尤耐克,1502 割嘴 6#,12.50,CNY,,,contract,"来源文件：ziliao/尤耐克/FERROLAN1502,1503/订单/LGC22307065-宁波一洲.xlsx（工作表 尤耐克供需合同 第 10 行；合同号 LGC22307065-宁波一洲；抬头需方 宁波尤耐克工具有限公司；日期凭证：无（已留空））【tools/ziliao/extract_price_seeds.mjs 自动抽取·历史成交价·待甲方核对】"
尤耐克,1503 割嘴 4#,8.60,CNY,,,contract,来源文件：ziliao/尤耐克/常规1503 庆/LGC231022489宁波一洲.xlsx（工作表 供需合同 第 10 行；合同号 LGC231022489宁波一洲；抬头需方 宁波市尤耐克工具有限公司；日期凭证：无（已留空））【tools/ziliao/extract_price_seeds.mjs 自动抽取·历史成交价·待甲方核对】
尤耐克,1503 割嘴 6#,8.60,CNY,,,contract,"来源文件：ziliao/尤耐克/FERROLAN1502,1503/订单/LGC230307126宁波一洲.xlsx（工作表 供需合同 第 10 行；合同号 LGC230307126宁波一洲；抬头需方 宁波市尤耐克工具有限公司；日期凭证：无（已留空））【tools/ziliao/extract_price_seeds.mjs 自动抽取·历史成交价·待甲方核对】"
尤耐克,1503/1534 割嘴 12#,8.00,CNY,,,contract,来源文件：ziliao/尤耐克/GRANSOLDA(1502.1503)/合同/LGC21201440-宁波一洲.xlsx（工作表 尤耐克供需合同 第 10 行；合同号 LGC21201440-宁波一洲；抬头需方 NINGBO UNITED TOOLS CO LTD；日期凭证：无（已留空））【tools/ziliao/extract_price_seeds.mjs 自动抽取·历史成交价·待甲方核对】
尤耐克,1503/1534 割嘴 2#,8.80,CNY,,,contract,来源文件：ziliao/尤耐克/GRANSOLDA(1502.1503)/合同/LGC10401163-宁波一洲.xlsx（工作表 尤耐克供需合同 第 10 行；合同号 LGC10401163-宁波一洲；抬头需方 宁波中基惠通外贸服务有限公司；日期凭证：无（已留空））【tools/ziliao/extract_price_seeds.mjs 自动抽取·历史成交价·待甲方核对】
尤耐克,1503/1534 割嘴 4#,8.80,CNY,,,contract,"来源文件：ziliao/尤耐克/FERROLAN1502,1503/订单/LGC10807289-宁波一洲.xlsx（工作表 尤耐克供需合同 第 10 行；合同号 LGC10807289-宁波一洲；抬头需方 宁波尤耐克工具有限公司；日期凭证：无（已留空））【tools/ziliao/extract_price_seeds.mjs 自动抽取·历史成交价·待甲方核对】"
尤耐克,164 割嘴 1#,13.50,CNY,,,contract,来源文件：ziliao/尤耐克/OKILA改不干胶/OKILA订单/UW230601247宁波一洲.xlsx（工作表 供需合同 第 10 行；合同号 LGC230601247宁波一洲；抬头需方 宁波市尤耐克工具有限公司；日期凭证：无（已留空））【tools/ziliao/extract_price_seeds.mjs 自动抽取·历史成交价·待甲方核对】
尤耐克,164 割嘴 2#,14.50,CNY,,,contract,"来源文件：ziliao/尤耐克/275 叶, 倪 363/363  倪/UW240720292宁波一洲(1).xlsx（工作表 供需合同 第 10 行；合同号 UW240720292宁波一洲；抬头需方 宁波市尤耐克工具有限公司；日期凭证：无（已留空））【tools/ziliao/extract_price_seeds.mjs 自动抽取·历史成交价·待甲方核对】"
尤耐克,164 割嘴 4#,13.80,CNY,,,contract,来源文件：ziliao/尤耐克/OKILA改不干胶/OKILA订单/UW230201047-3宁波一洲.xlsx（工作表 供需合同 第 10 行；合同号 LGC230201047-3宁波一洲；抬头需方 宁波市尤耐克工具有限公司；日期凭证：无（已留空））【tools/ziliao/extract_price_seeds.mjs 自动抽取·历史成交价·待甲方核对】
尤耐克,261 割嘴 0#,8.00,CNY,,,contract,来源文件：ziliao/尤耐克/OKILA改不干胶/OKILA订单/UW240901455宁波一洲.xlsx（工作表 供需合同 第 10 行；合同号 UW240901455宁波一洲；抬头需方 宁波市尤耐克工具有限公司；日期凭证：无（已留空））【tools/ziliao/extract_price_seeds.mjs 自动抽取·历史成交价·待甲方核对】
尤耐克,261 割嘴 1#,8.30,CNY,,,contract,来源文件：ziliao/尤耐克/OKILA改不干胶/OKILA订单/UW21101428-1宁波一洲.xlsx（工作表 供需合同 第 10 行；合同号 LGC21101428-宁波一洲；抬头需方 宁波市尤耐克工具有限公司；日期凭证：无（已留空））【tools/ziliao/extract_price_seeds.mjs 自动抽取·历史成交价·待甲方核对】
尤耐克,3-101 割嘴 0#,9.70,CNY,,,contract,来源文件：ziliao/尤耐克/WESTON-3/合同/2025/UW250407146宁波一洲-1.xlsx（工作表 供需合同 第 9 行；合同号 UW250407146宁波一洲-1；抬头需方 宁波中基惠通集团股份有限公司；日期凭证：无（已留空））【tools/ziliao/extract_price_seeds.mjs 自动抽取·历史成交价·待甲方核对】
尤耐克,3-101 割嘴 00#,9.20,CNY,,,contract,来源文件：ziliao/尤耐克/SUA/SUA订单/UW241002467宁波一洲(1).xlsx（工作表 供需合同 第 11 行；合同号 UW241002467宁波一洲；抬头需方 宁波中基惠通外贸服务有限公司；日期凭证：无（已留空））【tools/ziliao/extract_price_seeds.mjs 自动抽取·历史成交价·待甲方核对】
尤耐克,3-101 割嘴 000#,8.80,CNY,,,contract,来源文件：ziliao/尤耐克/SUA/SUA订单/LGC10901351-宁波一洲.xls（工作表 尤耐克供需合同 第 10 行；合同号 LGC10901351-宁波一洲；抬头需方 宁波中基惠通外贸服务有限公司；日期凭证：无（已留空））【tools/ziliao/extract_price_seeds.mjs 自动抽取·历史成交价·待甲方核对】
尤耐克,3-101 割嘴 1#,8.80,CNY,,,contract,来源文件：ziliao/尤耐克/SUA/SUA订单/LGC10202041-宁波一洲.xls（工作表 尤耐克供需合同 第 10 行；合同号 LGC10202041-宁波一洲；抬头需方 宁波中基惠通外贸服务有限公司；日期凭证：无（已留空））【tools/ziliao/extract_price_seeds.mjs 自动抽取·历史成交价·待甲方核对】
尤耐克,3-101 割嘴 2#,9.20,CNY,,,contract,来源文件：ziliao/尤耐克/SUA/SUA订单/UW241002467宁波一洲(1).xlsx（工作表 供需合同 第 14 行；合同号 UW241002467宁波一洲；抬头需方 宁波中基惠通外贸服务有限公司；日期凭证：无（已留空））【tools/ziliao/extract_price_seeds.mjs 自动抽取·历史成交价·待甲方核对】
尤耐克,3-101 割嘴 3#,9.70,CNY,,,contract,来源文件：ziliao/尤耐克/WESTON-3/合同/2025/UW250707340宁波一洲.xlsx（工作表 供需合同 第 9 行；合同号 UW250707340宁波一洲；抬头需方 宁波中基惠通集团股份有限公司；日期凭证：无（已留空））【tools/ziliao/extract_price_seeds.mjs 自动抽取·历史成交价·待甲方核对】
尤耐克,3-101 割嘴 4#,9.20,CNY,,,contract,来源文件：ziliao/尤耐克/SUA/SUA订单/UW241002467宁波一洲(1).xlsx（工作表 供需合同 第 16 行；合同号 UW241002467宁波一洲；抬头需方 宁波中基惠通外贸服务有限公司；日期凭证：无（已留空））【tools/ziliao/extract_price_seeds.mjs 自动抽取·历史成交价·待甲方核对】
尤耐克,3-GPN 割嘴 0#,7.80,CNY,,,contract,来源文件：ziliao/尤耐克/SUA/SUA订单/UW241002467宁波一洲(1).xlsx（工作表 供需合同 第 17 行；合同号 UW241002467宁波一洲；抬头需方 宁波中基惠通外贸服务有限公司；日期凭证：无（已留空））【tools/ziliao/extract_price_seeds.mjs 自动抽取·历史成交价·待甲方核对】
尤耐克,3-GPN 割嘴 1#,7.80,CNY,,,contract,来源文件：ziliao/尤耐克/SUA/SUA订单/UW241002467宁波一洲(1).xlsx（工作表 供需合同 第 18 行；合同号 UW241002467宁波一洲；抬头需方 宁波中基惠通外贸服务有限公司；日期凭证：无（已留空））【tools/ziliao/extract_price_seeds.mjs 自动抽取·历史成交价·待甲方核对】
尤耐克,3-GPN 割嘴 2#,7.00,CNY,,,contract,来源文件：ziliao/尤耐克/WESTON-3/合同/2023/LGC230507229宁波一洲.xlsx（工作表 供需合同 第 10 行；合同号 LGC230507229宁波一洲；抬头需方 NINGBO UNITED TOOLS CO LTD；日期凭证：无（已留空））【tools/ziliao/extract_price_seeds.mjs 自动抽取·历史成交价·待甲方核对】
尤耐克,3-GPN 割嘴 3#,8.40,CNY,,,contract,来源文件：ziliao/尤耐克/SUA/SUA订单/LGC240302109宁波一洲.xlsx（工作表 供需合同 第 12 行；合同号 LGC240302109宁波一洲；抬头需方 宁波中基惠通外贸服务有限公司；日期凭证：无（已留空））【tools/ziliao/extract_price_seeds.mjs 自动抽取·历史成交价·待甲方核对】
尤耐克,3-GPN 割嘴 4#,8.00,CNY,,,contract,来源文件：ziliao/尤耐克/SUA/SUA订单/uw251002559（原订单）.xlsx（工作表 供需合同 第 16 行；合同号 UW251002559宁波一洲；抬头需方 宁波中基惠通外贸服务有限公司；日期凭证：无（已留空））【tools/ziliao/extract_price_seeds.mjs 自动抽取·历史成交价·待甲方核对】
尤耐克,363/376割嘴0#,10.80,CNY,,,contract,"来源文件：ziliao/尤耐克/275 叶, 倪 363/363  倪/UW260120044宁波一洲.xlsx（工作表 供需合同 第 9 行；合同号 UW260120044宁波一洲；抬头需方 宁波市尤耐克工具有限公司；日期凭证：无（已留空））【tools/ziliao/extract_price_seeds.mjs 自动抽取·历史成交价·待甲方核对】"
尤耐克,363割嘴1#,10.80,CNY,,,contract,"来源文件：ziliao/尤耐克/275 叶, 倪 363/363  倪/UW260120044宁波一洲.xlsx（工作表 供需合同 第 10 行；合同号 UW260120044宁波一洲；抬头需方 宁波市尤耐克工具有限公司；日期凭证：无（已留空））【tools/ziliao/extract_price_seeds.mjs 自动抽取·历史成交价·待甲方核对】"
尤耐克,363割嘴2#,10.80,CNY,,,contract,"来源文件：ziliao/尤耐克/275 叶, 倪 363/363  倪/UW260120044宁波一洲.xlsx（工作表 供需合同 第 11 行；合同号 UW260120044宁波一洲；抬头需方 宁波市尤耐克工具有限公司；日期凭证：无（已留空））【tools/ziliao/extract_price_seeds.mjs 自动抽取·历史成交价·待甲方核对】"
尤耐克,363割嘴3#,10.80,CNY,,,contract,"来源文件：ziliao/尤耐克/275 叶, 倪 363/363  倪/UW260120044宁波一洲.xlsx（工作表 供需合同 第 12 行；合同号 UW260120044宁波一洲；抬头需方 宁波市尤耐克工具有限公司；日期凭证：无（已留空））【tools/ziliao/extract_price_seeds.mjs 自动抽取·历史成交价·待甲方核对】"
尤耐克,363割嘴4#,10.80,CNY,,,contract,"来源文件：ziliao/尤耐克/275 叶, 倪 363/363  倪/UW260120044宁波一洲.xlsx（工作表 供需合同 第 13 行；合同号 UW260120044宁波一洲；抬头需方 宁波市尤耐克工具有限公司；日期凭证：无（已留空））【tools/ziliao/extract_price_seeds.mjs 自动抽取·历史成交价·待甲方核对】"
尤耐克,363割嘴5#,10.80,CNY,,,contract,"来源文件：ziliao/尤耐克/275 叶, 倪 363/363  倪/UW260120044宁波一洲.xlsx（工作表 供需合同 第 14 行；合同号 UW260120044宁波一洲；抬头需方 宁波市尤耐克工具有限公司；日期凭证：无（已留空））【tools/ziliao/extract_price_seeds.mjs 自动抽取·历史成交价·待甲方核对】"
尤耐克,363割嘴6#,10.80,CNY,,,contract,"来源文件：ziliao/尤耐克/275 叶, 倪 363/363  倪/UW260120044宁波一洲.xlsx（工作表 供需合同 第 15 行；合同号 UW260120044宁波一洲；抬头需方 宁波市尤耐克工具有限公司；日期凭证：无（已留空））【tools/ziliao/extract_price_seeds.mjs 自动抽取·历史成交价·待甲方核对】"
尤耐克,41 割嘴 12#,12.60,CNY,,,contract,来源文件：ziliao/尤耐克/DAIDEN 叶/DAIDEN订单/2025前/UW250101021宁波一洲 (1).xlsx（工作表 供需合同 第 10 行；合同号 UW250101021宁波一洲；抬头需方 宁波市尤耐克工具有限公司；日期凭证：无（已留空））【tools/ziliao/extract_price_seeds.mjs 自动抽取·历史成交价·待甲方核对】
尤耐克,41 割嘴 8#,13.60,CNY,,,contract,来源文件：ziliao/尤耐克/DAIDEN 叶/DAIDEN订单/2025前/UW250901483宁波一洲.xlsx（工作表 供需合同 第 9 行；合同号 UW250901483宁波一洲；抬头需方 宁波市尤耐克工具有限公司；日期凭证：无（已留空））【tools/ziliao/extract_price_seeds.mjs 自动抽取·历史成交价·待甲方核对】
尤耐克,44 割嘴 8#,8.40,CNY,,,contract,来源文件：ziliao/尤耐克/DAIDEN 叶/DAIDEN订单/2026/UW260201057宁波一洲.xlsx（工作表 供需合同 第 9 行；合同号 UW260201057宁波一洲；抬头需方 宁波市尤耐克工具有限公司；日期凭证：无（已留空））【tools/ziliao/extract_price_seeds.mjs 自动抽取·历史成交价·待甲方核对】
尤耐克,6290 割嘴 0#,9.00,CNY,,,contract,来源文件：ziliao/尤耐克/OKILA改不干胶/OKILA订单/UW240301103宁波一洲 - 副本.xlsx（工作表 供需合同 第 10 行；合同号 LGC240301103宁波一洲；抬头需方 宁波市尤耐克工具有限公司；日期凭证：无（已留空））【tools/ziliao/extract_price_seeds.mjs 自动抽取·历史成交价·待甲方核对】
尤耐克,6290 割嘴 00#,9.20,CNY,,,contract,来源文件：ziliao/尤耐克/SUA/SUA订单/UW241002467宁波一洲(1).xlsx（工作表 供需合同 第 35 行；合同号 UW241002467宁波一洲；抬头需方 宁波中基惠通外贸服务有限公司；日期凭证：无（已留空））【tools/ziliao/extract_price_seeds.mjs 自动抽取·历史成交价·待甲方核对】
尤耐克,6290 割嘴 000#,9.00,CNY,,,contract,来源文件：ziliao/尤耐克/SUA/SUA订单/LGC240302109宁波一洲.xlsx（工作表 供需合同 第 17 行；合同号 LGC240302109宁波一洲；抬头需方 宁波中基惠通外贸服务有限公司；日期凭证：无（已留空））【tools/ziliao/extract_price_seeds.mjs 自动抽取·历史成交价·待甲方核对】
尤耐克,6290 割嘴 1#,9.70,CNY,,,contract,来源文件：ziliao/尤耐克/DAIDEN 叶/DAIDEN订单/2025前/uw250701344宁波一洲.xlsx（工作表 供需合同 第 9 行；合同号 UW250701344宁波一洲；抬头需方 宁波市尤耐克工具有限公司；日期凭证：无（已留空））【tools/ziliao/extract_price_seeds.mjs 自动抽取·历史成交价·待甲方核对】
尤耐克,6290 割嘴 2#,9.20,CNY,,,contract,来源文件：ziliao/尤耐克/SUA/SUA订单/UW241002467宁波一洲(1).xlsx（工作表 供需合同 第 36 行；合同号 UW241002467宁波一洲；抬头需方 宁波中基惠通外贸服务有限公司；日期凭证：无（已留空））【tools/ziliao/extract_price_seeds.mjs 自动抽取·历史成交价·待甲方核对】
尤耐克,6290 割嘴 3#,8.80,CNY,,,contract,来源文件：ziliao/尤耐克/H HOUSE 6290NX/合同/lgc230505222宁波一洲.xlsx（工作表 供需合同 第 10 行；合同号 LGC230505222宁波一洲；抬头需方 宁波市尤耐克工具有限公司；日期凭证：无（已留空））【tools/ziliao/extract_price_seeds.mjs 自动抽取·历史成交价·待甲方核对】
尤耐克,6290 割嘴 4#,8.80,CNY,,,contract,来源文件：ziliao/尤耐克/IRON S.R.L 双三角/LGC10908356-宁波一洲 - 1.xls（工作表 尤耐克供需合同 第 10 行；合同号 LGC10908356-宁波一洲-1；抬头需方 宁波尤耐克工具有限公司；日期凭证：无（已留空））【tools/ziliao/extract_price_seeds.mjs 自动抽取·历史成交价·待甲方核对】
尤耐克,6290AC 割嘴 2#,7.00,CNY,,,contract,来源文件：ziliao/尤耐克/POWERHOUSE 6290/UW260701369宁波一洲(1).xlsx（工作表 供需合同 第 9 行；合同号 UW260701369宁波一洲；抬头需方 宁波市尤耐克工具有限公司；日期凭证：无（已留空））【tools/ziliao/extract_price_seeds.mjs 自动抽取·历史成交价·待甲方核对】
尤耐克,6290AC 割嘴 4#,7.00,CNY,,,contract,来源文件：ziliao/尤耐克/KLIQ NX 不干胶/LGC10102012-宁波一洲.xls（工作表 尤耐克供需合同 第 10 行；合同号 LGC10102012-宁波一洲；抬头需方 宁波中基惠通外贸服务有限公司；日期凭证：无（已留空））【tools/ziliao/extract_price_seeds.mjs 自动抽取·历史成交价·待甲方核对】
尤耐克,6290NFF 割嘴 0#,6.20,CNY,,,contract,来源文件：ziliao/尤耐克/旧订单/NUSAC/LGC10403056-宁波一洲.xls（工作表 尤耐克供需合同 第 10 行；合同号 LGC10403056-宁波一洲；抬头需方 宁波尤焊焊接科技有限公司；日期凭证：无（已留空））【tools/ziliao/extract_price_seeds.mjs 自动抽取·历史成交价·待甲方核对】
尤耐克,6290NX 割嘴 0#,6.10,CNY,,,contract,来源文件：ziliao/尤耐克/SUA/SUA订单/UW241002467宁波一洲(1).xlsx（工作表 供需合同 第 37 行；合同号 UW241002467宁波一洲；抬头需方 宁波中基惠通外贸服务有限公司；日期凭证：无（已留空））【tools/ziliao/extract_price_seeds.mjs 自动抽取·历史成交价·待甲方核对】
尤耐克,6290NX 割嘴 00#,6.00,CNY,,,contract,来源文件：ziliao/尤耐克/ROTHWELD/LGC10405129-宁波一洲.xls（工作表 尤耐克供需合同 第 10 行；合同号 LGC10405129-宁波一洲；抬头需方 宁波中基惠通外贸服务有限公司；日期凭证：无（已留空））【tools/ziliao/extract_price_seeds.mjs 自动抽取·历史成交价·待甲方核对】
尤耐克,6290NX 割嘴 000#,6.30,CNY,,,contract,来源文件：ziliao/尤耐克/阿庆6290NX/LGC10807321-宁波一洲.xlsx（工作表 尤耐克供需合同 第 10 行；合同号 LGC10807321-宁波一洲；抬头需方 宁波尤耐克工具有限公司；日期凭证：无（已留空））【tools/ziliao/extract_price_seeds.mjs 自动抽取·历史成交价·待甲方核对】
尤耐克,6290NX 割嘴 1#,6.00,CNY,,,contract,来源文件：ziliao/尤耐克/IRON S.R.L 双三角/订单/LGC10208042-宁波一洲.xls（工作表 尤耐克供需合同 第 10 行；合同号 LGC10208042-宁波一洲；抬头需方 宁波市尤耐克工具有 限公司；日期凭证：无（已留空））【tools/ziliao/extract_price_seeds.mjs 自动抽取·历史成交价·待甲方核对】
尤耐克,6290NX 割嘴 2#,6.20,CNY,,,contract,来源文件：ziliao/尤耐克/DAIDEN 叶/DAIDEN订单/2025前/UW251101595宁波一洲.xlsx（工作表 供需合同 第 9 行；合同号 UW251101595宁波一洲；抬头需方 宁波市尤耐克工具有限公司；日期凭证：无（已留空））【tools/ziliao/extract_price_seeds.mjs 自动抽取·历史成交价·待甲方核对】
尤耐克,6290NX 割嘴 3#,6.00,CNY,,,contract,来源文件：ziliao/尤耐克/SUA/SUA订单/LGC240302109宁波一洲.xlsx（工作表 供需合同 第 31 行；合同号 LGC240302109宁波一洲；抬头需方 宁波中基惠通外贸服务有限公司；日期凭证：无（已留空））【tools/ziliao/extract_price_seeds.mjs 自动抽取·历史成交价·待甲方核对】
尤耐克,6290NX 割嘴 5#,6.00,CNY,,,contract,来源文件：ziliao/尤耐克/SUA/SUA订单/LGC240302109宁波一洲.xlsx（工作表 供需合同 第 32 行；合同号 LGC240302109宁波一洲；抬头需方 宁波中基惠通外贸服务有限公司；日期凭证：无（已留空））【tools/ziliao/extract_price_seeds.mjs 自动抽取·历史成交价·待甲方核对】
尤耐克,6290NX 割嘴 6#,6.00,CNY,,,contract,来源文件：ziliao/尤耐克/SUA/SUA订单/LGC240302109宁波一洲.xlsx（工作表 供需合同 第 33 行；合同号 LGC240302109宁波一洲；抬头需方 宁波中基惠通外贸服务有限公司；日期凭证：无（已留空））【tools/ziliao/extract_price_seeds.mjs 自动抽取·历史成交价·待甲方核对】
尤耐克,ANME 割嘴 1/16,14.20,CNY,,,contract,来源文件：ziliao/尤耐克/SUA/SUA订单/UW241002467宁波一洲(1).xlsx（工作表 供需合同 第 39 行；合同号 UW241002467宁波一洲；抬头需方 宁波中基惠通外贸服务有限公司；日期凭证：无（已留空））【tools/ziliao/extract_price_seeds.mjs 自动抽取·历史成交价·待甲方核对】
尤耐克,GPN 割嘴 0#,8.90,CNY,,,contract,来源文件：ziliao/尤耐克/SUA/SUA订单/uw251002559（原订单）.xlsx（工作表 供需合同 第 24 行；合同号 UW251002559宁波一洲；抬头需方 宁波中基惠通外贸服务有限公司；日期凭证：无（已留空））【tools/ziliao/extract_price_seeds.mjs 自动抽取·历史成交价·待甲方核对】
尤耐克,GPN 割嘴 00#,8.90,CNY,,,contract,来源文件：ziliao/尤耐克/SUA/SUA订单/uw251002559（原订单）.xlsx（工作表 供需合同 第 23 行；合同号 UW251002559宁波一洲；抬头需方 宁波中基惠通外贸服务有限公司；日期凭证：无（已留空））【tools/ziliao/extract_price_seeds.mjs 自动抽取·历史成交价·待甲方核对】
尤耐克,GPN 割嘴 1#,8.80,CNY,,,contract,来源文件：ziliao/尤耐克/EQUIPGAS/LGC10322107-宁波一洲.xlsx（工作表 尤耐克供需合同 第 10 行；合同号 LGC10322107-宁波一洲；抬头需方 NINGBO UNITED TOOLS CO LTD；日期凭证：无（已留空））【tools/ziliao/extract_price_seeds.mjs 自动抽取·历史成交价·待甲方核对】
尤耐克,GPN 割嘴 2#,8.20,CNY,,,contract,来源文件：ziliao/尤耐克/CUTTWELD GPN 倪/2026合同。/UW250720327宁波一洲.xlsx（工作表 供需合同 第 10 行；合同号 UW250720327宁波一洲；抬头需方 宁波市尤耐克工具有限公司；日期凭证：无（已留空））【tools/ziliao/extract_price_seeds.mjs 自动抽取·历史成交价·待甲方核对】
尤耐克,GPN 割嘴 3#,8.20,CNY,,,contract,来源文件：ziliao/尤耐克/CUTTWELD GPN 倪/2026合同。/UW250720327宁波一洲.xlsx（工作表 供需合同 第 11 行；合同号 UW250720327宁波一洲；抬头需方 宁波市尤耐克工具有限公司；日期凭证：无（已留空））【tools/ziliao/extract_price_seeds.mjs 自动抽取·历史成交价·待甲方核对】
尤耐克,GPN 割嘴 4#,8.20,CNY,,,contract,来源文件：ziliao/尤耐克/CUTTWELD GPN 倪/2026合同。/UW250720327宁波一洲.xlsx（工作表 供需合同 第 12 行；合同号 UW250720327宁波一洲；抬头需方 宁波市尤耐克工具有限公司；日期凭证：无（已留空））【tools/ziliao/extract_price_seeds.mjs 自动抽取·历史成交价·待甲方核对】
尤耐克,GPN 割嘴 5#,8.20,CNY,,,contract,来源文件：ziliao/尤耐克/CUTTWELD GPN 倪/2026合同。/UW250720327宁波一洲.xlsx（工作表 供需合同 第 13 行；合同号 UW250720327宁波一洲；抬头需方 宁波市尤耐克工具有限公司；日期凭证：无（已留空））【tools/ziliao/extract_price_seeds.mjs 自动抽取·历史成交价·待甲方核对】
尤耐克,GPN 割嘴 6#,8.20,CNY,,,contract,来源文件：ziliao/尤耐克/CUTTWELD GPN 倪/2026合同。/UW250720327宁波一洲.xlsx（工作表 供需合同 第 14 行；合同号 UW250720327宁波一洲；抬头需方 宁波市尤耐克工具有限公司；日期凭证：无（已留空））【tools/ziliao/extract_price_seeds.mjs 自动抽取·历史成交价·待甲方核对】
尤耐克,GPN 割嘴 8#,8.20,CNY,,,contract,来源文件：ziliao/尤耐克/CUTTWELD GPN 倪/2026合同。/UW250720327宁波一洲.xlsx（工作表 供需合同 第 15 行；合同号 UW250720327宁波一洲；抬头需方 宁波市尤耐克工具有限公司；日期凭证：无（已留空））【tools/ziliao/extract_price_seeds.mjs 自动抽取·历史成交价·待甲方核对】
尤耐克,HPN 割嘴 1#,9.90,CNY,,,contract,来源文件：ziliao/尤耐克/SUA/SUA订单/uw251002559（原订单）.xlsx（工作表 供需合同 第 35 行；合同号 UW251002559宁波一洲；抬头需方 宁波中基惠通外贸服务有限公司；日期凭证：无（已留空））【tools/ziliao/extract_price_seeds.mjs 自动抽取·历史成交价·待甲方核对】
尤耐克,HPN 割嘴 10#,11.00,CNY,,,contract,来源文件：ziliao/尤耐克/SUA/SUA订单/uw251002559（原订单）.xlsx（工作表 供需合同 第 44 行；合同号 UW251002559宁波一洲；抬头需方 宁波中基惠通外贸服务有限公司；日期凭证：无（已留空））【tools/ziliao/extract_price_seeds.mjs 自动抽取·历史成交价·待甲方核对】
尤耐克,HPN 割嘴 11#,11.00,CNY,,,contract,来源文件：ziliao/尤耐克/SUA/SUA订单/uw251002559（原订单）.xlsx（工作表 供需合同 第 45 行；合同号 UW251002559宁波一洲；抬头需方 宁波中基惠通外贸服务有限公司；日期凭证：无（已留空））【tools/ziliao/extract_price_seeds.mjs 自动抽取·历史成交价·待甲方核对】
尤耐克,HPN 割嘴 12#,11.00,CNY,,,contract,来源文件：ziliao/尤耐克/SUA/SUA订单/uw251002559（原订单）.xlsx（工作表 供需合同 第 46 行；合同号 UW251002559宁波一洲；抬头需方 宁波中基惠通外贸服务有限公司；日期凭证：无（已留空））【tools/ziliao/extract_price_seeds.mjs 自动抽取·历史成交价·待甲方核对】
尤耐克,HPN 割嘴 2#,9.90,CNY,,,contract,来源文件：ziliao/尤耐克/SUA/SUA订单/uw251002559（原订单）.xlsx（工作表 供需合同 第 36 行；合同号 UW251002559宁波一洲；抬头需方 宁波中基惠通外贸服务有限公司；日期凭证：无（已留空））【tools/ziliao/extract_price_seeds.mjs 自动抽取·历史成交价·待甲方核对】
尤耐克,HPN 割嘴 3#,9.90,CNY,,,contract,来源文件：ziliao/尤耐克/SUA/SUA订单/uw251002559（原订单）.xlsx（工作表 供需合同 第 37 行；合同号 UW251002559宁波一洲；抬头需方 宁波中基惠通外贸服务有限公司；日期凭证：无（已留空））【tools/ziliao/extract_price_seeds.mjs 自动抽取·历史成交价·待甲方核对】
尤耐克,HPN 割嘴 4#,9.90,CNY,,,contract,来源文件：ziliao/尤耐克/SUA/SUA订单/uw251002559（原订单）.xlsx（工作表 供需合同 第 38 行；合同号 UW251002559宁波一洲；抬头需方 宁波中基惠通外贸服务有限公司；日期凭证：无（已留空））【tools/ziliao/extract_price_seeds.mjs 自动抽取·历史成交价·待甲方核对】
尤耐克,HPN 割嘴 5#,9.90,CNY,,,contract,来源文件：ziliao/尤耐克/SUA/SUA订单/uw251002559（原订单）.xlsx（工作表 供需合同 第 39 行；合同号 UW251002559宁波一洲；抬头需方 宁波中基惠通外贸服务有限公司；日期凭证：无（已留空））【tools/ziliao/extract_price_seeds.mjs 自动抽取·历史成交价·待甲方核对】
尤耐克,HPN 割嘴 6#,11.00,CNY,,,contract,来源文件：ziliao/尤耐克/SUA/SUA订单/uw251002559（原订单）.xlsx（工作表 供需合同 第 40 行；合同号 UW251002559宁波一洲；抬头需方 宁波中基惠通外贸服务有限公司；日期凭证：无（已留空））【tools/ziliao/extract_price_seeds.mjs 自动抽取·历史成交价·待甲方核对】
尤耐克,HPN 割嘴 7#,11.00,CNY,,,contract,来源文件：ziliao/尤耐克/SUA/SUA订单/uw251002559（原订单）.xlsx（工作表 供需合同 第 41 行；合同号 UW251002559宁波一洲；抬头需方 宁波中基惠通外贸服务有限公司；日期凭证：无（已留空））【tools/ziliao/extract_price_seeds.mjs 自动抽取·历史成交价·待甲方核对】
尤耐克,HPN 割嘴 8#,11.00,CNY,,,contract,来源文件：ziliao/尤耐克/SUA/SUA订单/uw251002559（原订单）.xlsx（工作表 供需合同 第 42 行；合同号 UW251002559宁波一洲；抬头需方 宁波中基惠通外贸服务有限公司；日期凭证：无（已留空））【tools/ziliao/extract_price_seeds.mjs 自动抽取·历史成交价·待甲方核对】
尤耐克,HPN 割嘴 9#,11.00,CNY,,,contract,来源文件：ziliao/尤耐克/SUA/SUA订单/uw251002559（原订单）.xlsx（工作表 供需合同 第 43 行；合同号 UW251002559宁波一洲；抬头需方 宁波中基惠通外贸服务有限公司；日期凭证：无（已留空））【tools/ziliao/extract_price_seeds.mjs 自动抽取·历史成交价·待甲方核对】
尤耐克,MC12 割嘴 00#,15.00,CNY,,,contract,来源文件：ziliao/尤耐克/SUA/SUA订单/UW241002467宁波一洲(1).xlsx（工作表 供需合同 第 41 行；合同号 UW241002467宁波一洲；抬头需方 宁波中基惠通外贸服务有限公司；日期凭证：无（已留空））【tools/ziliao/extract_price_seeds.mjs 自动抽取·历史成交价·待甲方核对】
尤耐克,MC12 割嘴 1#,15.00,CNY,,,contract,来源文件：ziliao/尤耐克/SUA/SUA订单/UW241002467宁波一洲(1).xlsx（工作表 供需合同 第 42 行；合同号 UW241002467宁波一洲；抬头需方 宁波中基惠通外贸服务有限公司；日期凭证：无（已留空））【tools/ziliao/extract_price_seeds.mjs 自动抽取·历史成交价·待甲方核对】
尤耐克,MC12 割嘴 2#,15.00,CNY,,,contract,来源文件：ziliao/尤耐克/SUA/SUA订单/UW241002467宁波一洲(1).xlsx（工作表 供需合同 第 43 行；合同号 UW241002467宁波一洲；抬头需方 宁波中基惠通外贸服务有限公司；日期凭证：无（已留空））【tools/ziliao/extract_price_seeds.mjs 自动抽取·历史成交价·待甲方核对】
尤耐克,MC12 割嘴 3#,15.00,CNY,,,contract,来源文件：ziliao/尤耐克/SUA/SUA订单/UW241002467宁波一洲(1).xlsx（工作表 供需合同 第 44 行；合同号 UW241002467宁波一洲；抬头需方 宁波中基惠通外贸服务有限公司；日期凭证：无（已留空））【tools/ziliao/extract_price_seeds.mjs 自动抽取·历史成交价·待甲方核对】
尤耐克,MC12 割嘴 4#,15.00,CNY,,,contract,来源文件：ziliao/尤耐克/SUA/SUA订单/UW241002467宁波一洲(1).xlsx（工作表 供需合同 第 45 行；合同号 UW241002467宁波一洲；抬头需方 宁波中基惠通外贸服务有限公司；日期凭证：无（已留空））【tools/ziliao/extract_price_seeds.mjs 自动抽取·历史成交价·待甲方核对】
尤耐克,MC40 割嘴 0#,14.50,CNY,,,contract,来源文件：ziliao/尤耐克/SUA/SUA订单/uw251002559（原订单）.xlsx（工作表 供需合同 第 55 行；合同号 UW251002559宁波一洲；抬头需方 宁波中基惠通外贸服务有限公司；日期凭证：无（已留空））【tools/ziliao/extract_price_seeds.mjs 自动抽取·历史成交价·待甲方核对】
尤耐克,MC40 割嘴 00#,14.50,CNY,,,contract,来源文件：ziliao/尤耐克/SUA/SUA订单/uw251002559（原订单）.xlsx（工作表 供需合同 第 54 行；合同号 UW251002559宁波一洲；抬头需方 宁波中基惠通外贸服务有限公司；日期凭证：无（已留空））【tools/ziliao/extract_price_seeds.mjs 自动抽取·历史成交价·待甲方核对】
尤耐克,MC40 割嘴 2#,14.50,CNY,,,contract,来源文件：ziliao/尤耐克/SUA/SUA订单/UW241002467宁波一洲(1).xlsx（工作表 供需合同 第 46 行；合同号 UW241002467宁波一洲；抬头需方 宁波中基惠通外贸服务有限公司；日期凭证：无（已留空））【tools/ziliao/extract_price_seeds.mjs 自动抽取·历史成交价·待甲方核对】
尤耐克,MC40 割嘴 3#,14.50,CNY,,,contract,来源文件：ziliao/尤耐克/SUA/SUA订单/UW241002467宁波一洲(1).xlsx（工作表 供需合同 第 47 行；合同号 UW241002467宁波一洲；抬头需方 宁波中基惠通外贸服务有限公司；日期凭证：无（已留空））【tools/ziliao/extract_price_seeds.mjs 自动抽取·历史成交价·待甲方核对】
尤耐克,PNM 割嘴 1/16,7.26,CNY,,,contract,来源文件：ziliao/尤耐克/新俄罗斯/订单/LGC10301074-宁波一洲.xls（工作表 尤耐克供需合同 第 10 行；合同号 LGC10301074-宁波一洲；抬头需方 宁波尤耐克工具有限公司；日期凭证：无（已留空））【tools/ziliao/extract_price_seeds.mjs 自动抽取·历史成交价·待甲方核对】
尤耐克,PNME18 割嘴 1/16,7.90,CNY,,,contract,来源文件：ziliao/尤耐克/MTL/MTL合同/LGC10801299-宁波一洲.xls（工作表 尤耐克供需合同 第 10 行；合同号 LGC10801299-宁波一洲；抬头需方 NINGBO UNITED TOOLS CO LTD；日期凭证：无（已留空））【tools/ziliao/extract_price_seeds.mjs 自动抽取·历史成交价·待甲方核对】
尤耐克,SC12 割嘴 0#,17.40,CNY,,,contract,"来源文件：ziliao/尤耐克/JOSTEIN WELDING SC12,SC50 应/UW250908477宁波一洲.xlsx（工作表 供需合同 第 9 行；合同号 UW250908477宁波一洲；抬头需方 宁波中基惠通集团股份有限公司；日期凭证：无（已留空））【tools/ziliao/extract_price_seeds.mjs 自动抽取·历史成交价·待甲方核对】"
尤耐克,SC12 割嘴 1#,15.00,CNY,,,contract,来源文件：ziliao/尤耐克/WESTON-3/合同/2023/LGC230607262宁波一洲.xlsx（工作表 供需合同 第 10 行；合同号 LGC230607262宁波一洲；抬头需方 宁波中基惠通集团股份有限公司；日期凭证：无（已留空））【tools/ziliao/extract_price_seeds.mjs 自动抽取·历史成交价·待甲方核对】
尤耐克,SC12 割嘴 2#,15.50,CNY,,,contract,来源文件：ziliao/尤耐克/SUA/SUA订单/UW241002467宁波一洲(1).xlsx（工作表 供需合同 第 49 行；合同号 UW241002467宁波一洲；抬头需方 宁波中基惠通外贸服务有限公司；日期凭证：无（已留空））【tools/ziliao/extract_price_seeds.mjs 自动抽取·历史成交价·待甲方核对】
尤耐克,SC12 割嘴 3#,15.00,CNY,,,contract,来源文件：ziliao/尤耐克/WESTON-3/合同/2023/LGC231007474宁波一洲.xlsx（工作表 供需合同 第 10 行；合同号 LGC231007474宁波一洲；抬头需方 宁波市尤耐克工具有限公司；日期凭证：无（已留空））【tools/ziliao/extract_price_seeds.mjs 自动抽取·历史成交价·待甲方核对】
尤耐克,SC12 割嘴 4#,16.50,CNY,,,contract,来源文件：ziliao/尤耐克/WESTON-3/合同/2025/UW250907434宁波一洲 (1).xlsx（工作表 供需合同 第 9 行；合同号 UW250907434宁波一洲；抬头需方 宁波中基惠通集团股份有限公司；日期凭证：无（已留空））【tools/ziliao/extract_price_seeds.mjs 自动抽取·历史成交价·待甲方核对】
尤耐克,SC50 割嘴 2#,15.00,CNY,,,contract,来源文件：ziliao/尤耐克/SUA/SUA订单/UW241002467宁波一洲(1).xlsx（工作表 供需合同 第 51 行；合同号 UW241002467宁波一洲；抬头需方 宁波中基惠通外贸服务有限公司；日期凭证：无（已留空））【tools/ziliao/extract_price_seeds.mjs 自动抽取·历史成交价·待甲方核对】
尤耐克,SC50 割嘴 3#,15.00,CNY,,,contract,来源文件：ziliao/尤耐克/SUA/SUA订单/UW241002467宁波一洲(1).xlsx（工作表 供需合同 第 40 行；合同号 UW241002467宁波一洲；抬头需方 宁波中基惠通外贸服务有限公司；日期凭证：无（已留空））【tools/ziliao/extract_price_seeds.mjs 自动抽取·历史成交价·待甲方核对】
尤耐克,SC50 割嘴 4#,14.40,CNY,,,contract,来源文件：ziliao/尤耐克/SUA/SUA订单/LGC240302109宁波一洲.xlsx（工作表 供需合同 第 21 行；合同号 LGC240302109宁波一洲；抬头需方 宁波中基惠通外贸服务有限公司；日期凭证：无（已留空））【tools/ziliao/extract_price_seeds.mjs 自动抽取·历史成交价·待甲方核对】
尤耐克,SC50 割嘴 5#,15.50,CNY,,,contract,来源文件：ziliao/尤耐克/SUA/SUA订单/uw251002559（原订单）.xlsx（工作表 供需合同 第 59 行；合同号 UW251002559宁波一洲；抬头需方 宁波中基惠通外贸服务有限公司；日期凭证：无（已留空））【tools/ziliao/extract_price_seeds.mjs 自动抽取·历史成交价·待甲方核对】
尤耐克,SC50 割嘴 6#,15.50,CNY,,,contract,来源文件：ziliao/尤耐克/SUA/SUA订单/uw251002559（原订单）.xlsx（工作表 供需合同 第 60 行；合同号 UW251002559宁波一洲；抬头需方 宁波中基惠通外贸服务有限公司；日期凭证：无（已留空））【tools/ziliao/extract_price_seeds.mjs 自动抽取·历史成交价·待甲方核对】
尤耐克,SC50 割嘴 7#,15.50,CNY,,,contract,来源文件：ziliao/尤耐克/WESTON-3/合同/2025/UW251007524宁波一洲.xlsx（工作表 供需合同 第 9 行；合同号 UW251007524宁波一洲；抬头需方 宁波中基惠通集团股份有限公司；日期凭证：无（已留空））【tools/ziliao/extract_price_seeds.mjs 自动抽取·历史成交价·待甲方核对】
正恒公司,GK3-00,9.70,CNY,2026-09-17,,doc,来源文件：正恒公司/106D7镀铬采购单.doc（采购单 第 3 行起；合同号 YZ260917；单据交货期 10/17；日期凭证：签定时间(补年自合同号)）【tools/ziliao/extract_price_seeds.mjs 自动抽取·历史成交价·待甲方核对】
正恒公司,GK3-00,8.50,CNY,2024-07-29,,doc,来源文件：正恒公司/106D7采购单-2.doc（采购单 第 3 行起；合同号 YZ240729；单据交货期 8/29；日期凭证：签定时间(补年自合同号)）【tools/ziliao/extract_price_seeds.mjs 自动抽取·历史成交价·待甲方核对】
正恒公司,GK3-000,8.20,CNY,2021-03-11,,doc,来源文件：正恒公司/114字订单小朱/114字 小朱订单/106D7镀铬采购单.doc（采购单 第 3 行起；合同号 YZ210311；单据交货期 4/10；日期凭证：签定时间(补年自合同号)）【tools/ziliao/extract_price_seeds.mjs 自动抽取·历史成交价·待甲方核对】
