分组指纹,数字指纹（逐字符）,尺寸分组号,写法,出现次数,来源文件数,来源示例文件,建议动作
0gpn,0,0gpn#0,0-GPN,26,26,"嵊州海田/21IIF03  VICTOR 1-101, GPN,0-7-W,MFA,MFN 宋/VICTOR GPN 生产计划单.doc",同型号不同尺寸（数字部分含前导零/位数/号数不一致）→ **不合并，各自建档**（甲方更正：0-GPN 与 00-GPN 是不同尺寸）
0gpn,00,0gpn#00,00-GPN,14,14,"嵊州海田/21IIF03  VICTOR 1-101, GPN,0-7-W,MFA,MFN 宋/VICTOR GPN 生产计划单.doc",同型号不同尺寸（数字部分含前导零/位数/号数不一致）→ **不合并，各自建档**（甲方更正：0-GPN 与 00-GPN 是不同尺寸）
0gpn,000,0gpn#000,000-GPN,2,2,"嵊州海田/21IIF03  VICTOR 1-101, GPN,0-7-W,MFA,MFN 宋/VICTOR GPN 生产计划单.doc",同型号不同尺寸（数字部分含前导零/位数/号数不一致）→ **不合并，各自建档**（甲方更正：0-GPN 与 00-GPN 是不同尺寸）
106hc,106-0,106hc#106-0,106HC   0#,1,1,"ziliao/安宝公司/AB24145 102HC,106HC/订单/出口产品供需合同 AB20416 （一洲).xls",同型号不同尺寸（数字部分含前导零/位数/号数不一致）→ **不合并，各自建档**（甲方更正：0-GPN 与 00-GPN 是不同尺寸）
106hc,106-00,106hc#106-00,106HC   00#,1,1,"ziliao/安宝公司/AB24145 102HC,106HC/订单/出口产品供需合同 AB20416 （一洲).xls",同型号不同尺寸（数字部分含前导零/位数/号数不一致）→ **不合并，各自建档**（甲方更正：0-GPN 与 00-GPN 是不同尺寸）
106hc,106-1,106hc#106-1,106HC   1#,1,1,"ziliao/安宝公司/AB24145 102HC,106HC/订单/出口产品供需合同 AB20416 （一洲).xls",同型号不同尺寸（数字部分含前导零/位数/号数不一致）→ **不合并，各自建档**（甲方更正：0-GPN 与 00-GPN 是不同尺寸）
106hc,106-2,106hc#106-2,106HC   2#,1,1,"ziliao/安宝公司/AB24145 102HC,106HC/订单/出口产品供需合同 AB20416 （一洲).xls",同型号不同尺寸（数字部分含前导零/位数/号数不一致）→ **不合并，各自建档**（甲方更正：0-GPN 与 00-GPN 是不同尺寸）
106hc,106-3,106hc#106-3,106HC   3#,1,1,"ziliao/安宝公司/AB24145 102HC,106HC/订单/出口产品供需合同 AB20416 （一洲).xls",同型号不同尺寸（数字部分含前导零/位数/号数不一致）→ **不合并，各自建档**（甲方更正：0-GPN 与 00-GPN 是不同尺寸）
106hc,106-4,106hc#106-4,106HC   4#,1,1,"ziliao/安宝公司/AB24145 102HC,106HC/订单/出口产品供需合同 AB20416 （一洲).xls",同型号不同尺寸（数字部分含前导零/位数/号数不一致）→ **不合并，各自建档**（甲方更正：0-GPN 与 00-GPN 是不同尺寸）
106hc,106-5,106hc#106-5,106HC   5#,1,1,"ziliao/安宝公司/AB24145 102HC,106HC/订单/出口产品供需合同 AB20416 （一洲).xls",同型号不同尺寸（数字部分含前导零/位数/号数不一致）→ **不合并，各自建档**（甲方更正：0-GPN 与 00-GPN 是不同尺寸）
106hc0,106-0,106hc0#106-0,106HC-0,6,6,"嵊州海田/伊朗106HC,GPN贴不干胶/106HC生产计划单MADE IN JAPAN.doc",同型号不同尺寸（数字部分含前导零/位数/号数不一致）→ **不合并，各自建档**（甲方更正：0-GPN 与 00-GPN 是不同尺寸）
106hc0,106-00,106hc0#106-00,106HC-00,5,4,"嵊州海田/HOVU-HCM-VN,      A.C.L/78克重PNME生产计划单-1.doc",同型号不同尺寸（数字部分含前导零/位数/号数不一致）→ **不合并，各自建档**（甲方更正：0-GPN 与 00-GPN 是不同尺寸）
106hcmm79g,106-10-4-0-79,106hcmm79g#106-10-4-0-79,106HC  10# 4.0mm  79g,1,1,"ziliao/安宝公司/AB24145 102HC,106HC/订单/出口产品供需合同 AB20416 （一洲).xls",同型号不同尺寸（数字部分含前导零/位数/号数不一致）→ **不合并，各自建档**（甲方更正：0-GPN 与 00-GPN 是不同尺寸）
106hcmm79g,106-6-4-0-79,106hcmm79g#106-6-4-0-79,106HC  6# 4.0mm  79g,1,1,"ziliao/安宝公司/AB24145 102HC,106HC/订单/出口产品供需合同 AB20416 （一洲).xls",同型号不同尺寸（数字部分含前导零/位数/号数不一致）→ **不合并，各自建档**（甲方更正：0-GPN 与 00-GPN 是不同尺寸）
106hcmm79g,106-7-3-2-79,106hcmm79g#106-7-3-2-79,106HC  7# 3.2mm  79g,1,1,"ziliao/安宝公司/AB24145 102HC,106HC/订单/出口产品供需合同 ab20531（一洲).xls",同型号不同尺寸（数字部分含前导零/位数/号数不一致）→ **不合并，各自建档**（甲方更正：0-GPN 与 00-GPN 是不同尺寸）
106hcmm79g,106-8-4-0-79,106hcmm79g#106-8-4-0-79,106HC  8# 4.0mm  79g,3,3,"ziliao/安宝公司/AB24145 102HC,106HC/订单/6290NFF,106HC-8 供需合同 ab19512（一洲).xls",同型号不同尺寸（数字部分含前导零/位数/号数不一致）→ **不合并，各自建档**（甲方更正：0-GPN 与 00-GPN 是不同尺寸）
1101,0-1-101,1101#0-1-101,0-1-101,59,59,"嵊州海田/21IIF03  VICTOR 1-101, GPN,0-7-W,MFA,MFN 宋/VICTOR GPN 生产计划单.doc",同型号不同尺寸（数字部分含前导零/位数/号数不一致）→ **不合并，各自建档**（甲方更正：0-GPN 与 00-GPN 是不同尺寸）
1101,00-1-101,1101#00-1-101,00-1-101,17,17,"嵊州海田/21IIF03  VICTOR 1-101, GPN,0-7-W,MFA,MFN 宋/VICTOR GPN 生产计划单.doc",同型号不同尺寸（数字部分含前导零/位数/号数不一致）→ **不合并，各自建档**（甲方更正：0-GPN 与 00-GPN 是不同尺寸）
1101,000-1-101,1101#000-1-101,000-1-101,2,2,"嵊州海田/21IIF03  VICTOR 1-101, GPN,0-7-W,MFA,MFN 宋/VICTOR GPN 生产计划单.doc",同型号不同尺寸（数字部分含前导零/位数/号数不一致）→ **不合并，各自建档**（甲方更正：0-GPN 与 00-GPN 是不同尺寸）
1101割嘴,1-101-0,1101割嘴#1-101-0,1-101 割嘴  0#,38,38,ziliao/尤耐克/1-101泡壳小应/LGC230319082宁波一洲.xlsx,同型号不同尺寸（数字部分含前导零/位数/号数不一致）→ **不合并，各自建档**（甲方更正：0-GPN 与 00-GPN 是不同尺寸）
1101割嘴,1-101-00,1101割嘴#1-101-00,1-101 割嘴  00#,22,22,ziliao/尤耐克/CROSSWELD文件/合同/2025/UW250307093宁波一洲.xlsx,同型号不同尺寸（数字部分含前导零/位数/号数不一致）→ **不合并，各自建档**（甲方更正：0-GPN 与 00-GPN 是不同尺寸）
1101割嘴,1-101-000,1101割嘴#1-101-000,1-101 割嘴  000#,2,2,ziliao/尤耐克/SUA/SUA订单/LGC240302109宁波一洲.xlsx,同型号不同尺寸（数字部分含前导零/位数/号数不一致）→ **不合并，各自建档**（甲方更正：0-GPN 与 00-GPN 是不同尺寸）
1101割嘴,1-101-1,1101割嘴#1-101-1,1-101 割嘴  1#,29,29,ziliao/尤耐克/CROSSWELD文件/合同/2025/UW250407175宁波一洲.xlsx,同型号不同尺寸（数字部分含前导零/位数/号数不一致）→ **不合并，各自建档**（甲方更正：0-GPN 与 00-GPN 是不同尺寸）
1101割嘴,1-101-2,1101割嘴#1-101-2,1-101 割嘴  2#,13,13,ziliao/尤耐克/CROSSWELD文件/合同/LGC230507212宁波一洲.xlsx,同型号不同尺寸（数字部分含前导零/位数/号数不一致）→ **不合并，各自建档**（甲方更正：0-GPN 与 00-GPN 是不同尺寸）
1101割嘴,1-101-3,1101割嘴#1-101-3,1-101 割嘴  3#,13,13,ziliao/尤耐克/CROSSWELD文件/合同/2025/UW250607285宁波一洲.xlsx,同型号不同尺寸（数字部分含前导零/位数/号数不一致）→ **不合并，各自建档**（甲方更正：0-GPN 与 00-GPN 是不同尺寸）
1101割嘴,1-101-4,1101割嘴#1-101-4,1-101 割嘴 4#,5,5,ziliao/尤耐克/JOVAL订单/JOVAL订单/LGC20901301-宁波一洲.xls,同型号不同尺寸（数字部分含前导零/位数/号数不一致）→ **不合并，各自建档**（甲方更正：0-GPN 与 00-GPN 是不同尺寸）
1101割嘴,1-101-5,1101割嘴#1-101-5,1-101 割嘴 5#,1,1,ziliao/尤耐克/OKILA改不干胶/OKILA订单/LGC22101027-宁波一洲.xls,同型号不同尺寸（数字部分含前导零/位数/号数不一致）→ **不合并，各自建档**（甲方更正：0-GPN 与 00-GPN 是不同尺寸）
1118割嘴,1-118-0,1118割嘴#1-118-0,1-118   割嘴 0#,4,4,"ziliao/安宝公司/VICTOR-GPN, 1-101,6290AC/AB22220  1-118.xls",同型号不同尺寸（数字部分含前导零/位数/号数不一致）→ **不合并，各自建档**（甲方更正：0-GPN 与 00-GPN 是不同尺寸）
1118割嘴,1-118-2,1118割嘴#1-118-2,1-118   割嘴 2#,4,4,"ziliao/安宝公司/VICTOR-GPN, 1-101,6290AC/AB22220  1-118.xls",同型号不同尺寸（数字部分含前导零/位数/号数不一致）→ **不合并，各自建档**（甲方更正：0-GPN 与 00-GPN 是不同尺寸）
1118割嘴,1-118-4,1118割嘴#1-118-4,1-118   割嘴 4#,4,4,"ziliao/安宝公司/VICTOR-GPN, 1-101,6290AC/AB22220  1-118.xls",同型号不同尺寸（数字部分含前导零/位数/号数不一致）→ **不合并，各自建档**（甲方更正：0-GPN 与 00-GPN 是不同尺寸）
1118割嘴,1-118-6,1118割嘴#1-118-6,1-118   割嘴 6#,4,4,"ziliao/安宝公司/VICTOR-GPN, 1-101,6290AC/AB22220  1-118.xls",同型号不同尺寸（数字部分含前导零/位数/号数不一致）→ **不合并，各自建档**（甲方更正：0-GPN 与 00-GPN 是不同尺寸）
1118割嘴,1-118-8,1118割嘴#1-118-8,1-118   割嘴 8#,4,4,"ziliao/安宝公司/VICTOR-GPN, 1-101,6290AC/AB22220  1-118.xls",同型号不同尺寸（数字部分含前导零/位数/号数不一致）→ **不合并，各自建档**（甲方更正：0-GPN 与 00-GPN 是不同尺寸）
1502割嘴,1502-10,1502割嘴#1502-10,1502 割嘴 10#,2,2,"ziliao/尤耐克/FERROLAN1502,1503/订单/LGC10307071-宁波一洲-1.xlsx",同型号不同尺寸（数字部分含前导零/位数/号数不一致）→ **不合并，各自建档**（甲方更正：0-GPN 与 00-GPN 是不同尺寸）
1502割嘴,1502-2,1502割嘴#1502-2,1502 割嘴 2#,4,4,"ziliao/尤耐克/BARBOSA 1502,1503,NFF/订单/LGC231107516宁波一洲.xlsx",同型号不同尺寸（数字部分含前导零/位数/号数不一致）→ **不合并，各自建档**（甲方更正：0-GPN 与 00-GPN 是不同尺寸）
1502割嘴,1502-4,1502割嘴#1502-4,1502 割嘴 4#,11,11,"ziliao/尤耐克/BARBOSA 1502,1503,NFF/订单/LGC230307107宁波一洲.xlsx",同型号不同尺寸（数字部分含前导零/位数/号数不一致）→ **不合并，各自建档**（甲方更正：0-GPN 与 00-GPN 是不同尺寸）
1502割嘴,1502-4,1502割嘴#1502-4,1502割嘴#4,1,1,"ziliao/安宝公司/Technical Welding 1502,1503/订单/AB21790 出口产品供需合同-奉化一洲.xls",同型号不同尺寸（数字部分含前导零/位数/号数不一致）→ **不合并，各自建档**（甲方更正：0-GPN 与 00-GPN 是不同尺寸）
1502割嘴,1502-6,1502割嘴#1502-6,1502 割嘴 6#,5,5,ziliao/尤耐克/ECOSOLDE-1502 应/uw230601282宁波一洲.xlsx,同型号不同尺寸（数字部分含前导零/位数/号数不一致）→ **不合并，各自建档**（甲方更正：0-GPN 与 00-GPN 是不同尺寸）
1502割嘴,1502-6,1502割嘴#1502-6,1502割嘴#6,1,1,"ziliao/安宝公司/Technical Welding 1502,1503/订单/AB21790 出口产品供需合同-奉化一洲.xls",同型号不同尺寸（数字部分含前导零/位数/号数不一致）→ **不合并，各自建档**（甲方更正：0-GPN 与 00-GPN 是不同尺寸）
1502乙炔割嘴,1502-10,1502乙炔割嘴#1502-10,"1502乙炔割嘴 #10
包装：塑料盒贴型号",5,5,"ziliao/安宝公司/Technical Welding 1502,1503/订单/AB22315 出口产品供需合同-奉化一洲.xls",同型号不同尺寸（数字部分含前导零/位数/号数不一致）→ **不合并，各自建档**（甲方更正：0-GPN 与 00-GPN 是不同尺寸）
1502乙炔割嘴,1502-12,1502乙炔割嘴#1502-12,"1502乙炔割嘴 #12
包装：塑料盒贴型号",5,5,"ziliao/安宝公司/Technical Welding 1502,1503/订单/AB22315 出口产品供需合同-奉化一洲.xls",同型号不同尺寸（数字部分含前导零/位数/号数不一致）→ **不合并，各自建档**（甲方更正：0-GPN 与 00-GPN 是不同尺寸）
1502乙炔割嘴,1502-4,1502乙炔割嘴#1502-4,"1502乙炔割嘴 #4
包装：塑料盒贴型号",5,5,"ziliao/安宝公司/Technical Welding 1502,1503/订单/AB22391 出口产品供需合同-奉化一洲.xls",同型号不同尺寸（数字部分含前导零/位数/号数不一致）→ **不合并，各自建档**（甲方更正：0-GPN 与 00-GPN 是不同尺寸）
1502乙炔割嘴,1502-6,1502乙炔割嘴#1502-6,"1502乙炔割嘴 #6
包装：塑料盒贴型号",5,5,"ziliao/安宝公司/Technical Welding 1502,1503/订单/AB22391 出口产品供需合同-奉化一洲.xls",同型号不同尺寸（数字部分含前导零/位数/号数不一致）→ **不合并，各自建档**（甲方更正：0-GPN 与 00-GPN 是不同尺寸）
1502乙炔割嘴,1502-8,1502乙炔割嘴#1502-8,"1502乙炔割嘴 #8
包装：塑料盒贴型号",5,5,"ziliao/安宝公司/Technical Welding 1502,1503/订单/AB22391 出口产品供需合同-奉化一洲.xls",同型号不同尺寸（数字部分含前导零/位数/号数不一致）→ **不合并，各自建档**（甲方更正：0-GPN 与 00-GPN 是不同尺寸）
15031534割嘴,1503-1534-12,15031534割嘴#1503-1534-12,1503/1534 割嘴 12#,1,1,ziliao/尤耐克/GRANSOLDA(1502.1503)/合同/LGC21201440-宁波一洲.xlsx,同型号不同尺寸（数字部分含前导零/位数/号数不一致）→ **不合并，各自建档**（甲方更正：0-GPN 与 00-GPN 是不同尺寸）
15031534割嘴,1503-1534-2,15031534割嘴#1503-1534-2,1503/1534 割嘴 2#,1,1,ziliao/尤耐克/GRANSOLDA(1502.1503)/合同/LGC10401163-宁波一洲.xlsx,同型号不同尺寸（数字部分含前导零/位数/号数不一致）→ **不合并，各自建档**（甲方更正：0-GPN 与 00-GPN 是不同尺寸）
15031534割嘴,1503-1534-4,15031534割嘴#1503-1534-4,1503/1534 割嘴 4#,1,1,"ziliao/尤耐克/FERROLAN1502,1503/订单/LGC10807289-宁波一洲.xlsx",同型号不同尺寸（数字部分含前导零/位数/号数不一致）→ **不合并，各自建档**（甲方更正：0-GPN 与 00-GPN 是不同尺寸）
1503丙烷割嘴,1503-10,1503丙烷割嘴#1503-10,"1503丙烷割嘴 #10
包装：塑料盒贴型号",5,5,"ziliao/安宝公司/Technical Welding 1502,1503/订单/AB22315 出口产品供需合同-奉化一洲.xls",同型号不同尺寸（数字部分含前导零/位数/号数不一致）→ **不合并，各自建档**（甲方更正：0-GPN 与 00-GPN 是不同尺寸）
1503丙烷割嘴,1503-12,1503丙烷割嘴#1503-12,"1503丙烷割嘴 #12
包装：塑料盒贴型号",5,5,"ziliao/安宝公司/Technical Welding 1502,1503/订单/AB22315 出口产品供需合同-奉化一洲.xls",同型号不同尺寸（数字部分含前导零/位数/号数不一致）→ **不合并，各自建档**（甲方更正：0-GPN 与 00-GPN 是不同尺寸）
1503丙烷割嘴,1503-4,1503丙烷割嘴#1503-4,"1503丙烷割嘴 #4
包装：塑料盒贴型号",4,4,"ziliao/安宝公司/Technical Welding 1502,1503/订单/AB22315 出口产品供需合同-奉化一洲.xls",同型号不同尺寸（数字部分含前导零/位数/号数不一致）→ **不合并，各自建档**（甲方更正：0-GPN 与 00-GPN 是不同尺寸）
1503丙烷割嘴,1503-4,1503丙烷割嘴#1503-4,"1503丙烷割嘴 #4
包装：塑料盒+型号不干胶",1,1,ziliao/安宝公司/有焊嘴订单/订单/AB22879 出口产品供需合同-奉化一洲(1).xls,同型号不同尺寸（数字部分含前导零/位数/号数不一致）→ **不合并，各自建档**（甲方更正：0-GPN 与 00-GPN 是不同尺寸）
1503丙烷割嘴,1503-6,1503丙烷割嘴#1503-6,"1503丙烷割嘴 #6
包装：塑料盒贴型号",5,5,"ziliao/安宝公司/Technical Welding 1502,1503/订单/AB22315 出口产品供需合同-奉化一洲.xls",同型号不同尺寸（数字部分含前导零/位数/号数不一致）→ **不合并，各自建档**（甲方更正：0-GPN 与 00-GPN 是不同尺寸）
1503丙烷割嘴,1503-6,1503丙烷割嘴#1503-6,"1503丙烷割嘴 #6
包装：塑料盒+型号不干胶",1,1,ziliao/安宝公司/有焊嘴订单/订单/AB22879 出口产品供需合同-奉化一洲(1).xls,同型号不同尺寸（数字部分含前导零/位数/号数不一致）→ **不合并，各自建档**（甲方更正：0-GPN 与 00-GPN 是不同尺寸）
1503丙烷割嘴,1503-8,1503丙烷割嘴#1503-8,"1503丙烷割嘴 #8
包装：塑料盒贴型号",4,4,"ziliao/安宝公司/Technical Welding 1502,1503/订单/AB22315 出口产品供需合同-奉化一洲.xls",同型号不同尺寸（数字部分含前导零/位数/号数不一致）→ **不合并，各自建档**（甲方更正：0-GPN 与 00-GPN 是不同尺寸）
1503丙烷割嘴,1503-8,1503丙烷割嘴#1503-8,"1503丙烷割嘴 #8
包装：塑料盒+型号不干胶",1,1,ziliao/安宝公司/有焊嘴订单/订单/AB22879 出口产品供需合同-奉化一洲(1).xls,同型号不同尺寸（数字部分含前导零/位数/号数不一致）→ **不合并，各自建档**（甲方更正：0-GPN 与 00-GPN 是不同尺寸）
1503割嘴,1503-4,1503割嘴#1503-4,1503 割嘴 4#,4,4,ziliao/尤耐克/常规 1503/LGC22822290宁波一洲.xlsx,同型号不同尺寸（数字部分含前导零/位数/号数不一致）→ **不合并，各自建档**（甲方更正：0-GPN 与 00-GPN 是不同尺寸）
1503割嘴,1503-4,1503割嘴#1503-4,1503割嘴#4,1,1,"ziliao/安宝公司/Technical Welding 1502,1503/订单/AB21790 出口产品供需合同-奉化一洲.xls",同型号不同尺寸（数字部分含前导零/位数/号数不一致）→ **不合并，各自建档**（甲方更正：0-GPN 与 00-GPN 是不同尺寸）
1503割嘴,1503-6,1503割嘴#1503-6,1503 割嘴 6#,3,3,"ziliao/尤耐克/FERROLAN1502,1503/订单/LGC230307126宁波一洲.xlsx",同型号不同尺寸（数字部分含前导零/位数/号数不一致）→ **不合并，各自建档**（甲方更正：0-GPN 与 00-GPN 是不同尺寸）
1503割嘴,1503-6,1503割嘴#1503-6,1503割嘴#6,1,1,"ziliao/安宝公司/Technical Welding 1502,1503/订单/AB21790 出口产品供需合同-奉化一洲.xls",同型号不同尺寸（数字部分含前导零/位数/号数不一致）→ **不合并，各自建档**（甲方更正：0-GPN 与 00-GPN 是不同尺寸）
1503割嘴,1503-8,1503割嘴#1503-8,1503割嘴#8,1,1,"ziliao/安宝公司/Technical Welding 1502,1503/订单/AB21790 出口产品供需合同-奉化一洲.xls",同型号不同尺寸（数字部分含前导零/位数/号数不一致）→ **不合并，各自建档**（甲方更正：0-GPN 与 00-GPN 是不同尺寸）
1503cuttingnozzles,1503-10,1503cuttingnozzles#1503-10,1503 Cutting nozzles 10#,1,1,"ziliao/安宝公司/AIBO weld 1503,PNME/AB22101 出口产品供需合同-奉化一洲.xls",同型号不同尺寸（数字部分含前导零/位数/号数不一致）→ **不合并，各自建档**（甲方更正：0-GPN 与 00-GPN 是不同尺寸）
1503cuttingnozzles,1503-4,1503cuttingnozzles#1503-4,1503 Cutting nozzles 4#,1,1,"ziliao/安宝公司/AIBO weld 1503,PNME/AB22101 出口产品供需合同-奉化一洲.xls",同型号不同尺寸（数字部分含前导零/位数/号数不一致）→ **不合并，各自建档**（甲方更正：0-GPN 与 00-GPN 是不同尺寸）
1503cuttingnozzles,1503-6,1503cuttingnozzles#1503-6,1503 Cutting nozzles 6#,1,1,"ziliao/安宝公司/AIBO weld 1503,PNME/AB22101 出口产品供需合同-奉化一洲.xls",同型号不同尺寸（数字部分含前导零/位数/号数不一致）→ **不合并，各自建档**（甲方更正：0-GPN 与 00-GPN 是不同尺寸）
1503cuttingnozzles,1503-8,1503cuttingnozzles#1503-8,1503 Cutting nozzles 8#,1,1,"ziliao/安宝公司/AIBO weld 1503,PNME/AB22101 出口产品供需合同-奉化一洲.xls",同型号不同尺寸（数字部分含前导零/位数/号数不一致）→ **不合并，各自建档**（甲方更正：0-GPN 与 00-GPN 是不同尺寸）
1503cuttingnozzles镀铬,1503-4,1503cuttingnozzles镀铬#1503-4,1503 cutting nozzles #4镀铬,1,1,"ziliao/安宝公司/AIBO weld 1503,PNME/AB21700 出口产品供需合同-奉化一洲(1).xls",同型号不同尺寸（数字部分含前导零/位数/号数不一致）→ **不合并，各自建档**（甲方更正：0-GPN 与 00-GPN 是不同尺寸）
1503cuttingnozzles镀铬,1503-6,1503cuttingnozzles镀铬#1503-6,1503 cutting nozzles #6镀铬,1,1,"ziliao/安宝公司/AIBO weld 1503,PNME/AB21700 出口产品供需合同-奉化一洲(1).xls",同型号不同尺寸（数字部分含前导零/位数/号数不一致）→ **不合并，各自建档**（甲方更正：0-GPN 与 00-GPN 是不同尺寸）
1503cuttingnozzles镀铬,1503-8,1503cuttingnozzles镀铬#1503-8,1503 cutting nozzles #8镀铬,1,1,"ziliao/安宝公司/AIBO weld 1503,PNME/AB21700 出口产品供需合同-奉化一洲(1).xls",同型号不同尺寸（数字部分含前导零/位数/号数不一致）→ **不合并，各自建档**（甲方更正：0-GPN 与 00-GPN 是不同尺寸）
164割嘴,164-1,164割嘴#164-1,164 割嘴 1#,2,2,ziliao/尤耐克/OKILA改不干胶/OKILA订单/LGC10601239-宁波一洲.xlsx,同型号不同尺寸（数字部分含前导零/位数/号数不一致）→ **不合并，各自建档**（甲方更正：0-GPN 与 00-GPN 是不同尺寸）
164割嘴,164-2,164割嘴#164-2,164 割嘴 2#,1,1,"ziliao/尤耐克/275 叶, 倪 363/363  倪/UW240720292宁波一洲(1).xlsx",同型号不同尺寸（数字部分含前导零/位数/号数不一致）→ **不合并，各自建档**（甲方更正：0-GPN 与 00-GPN 是不同尺寸）
164割嘴,164-4,164割嘴#164-4,164 割嘴 4#,2,2,ziliao/尤耐克/OKILA改不干胶/OKILA订单/LGC10401123-宁波一洲.xlsx,同型号不同尺寸（数字部分含前导零/位数/号数不一致）→ **不合并，各自建档**（甲方更正：0-GPN 与 00-GPN 是不同尺寸）
261割嘴,261-0,261割嘴#261-0,261 割嘴 0#,4,4,ziliao/尤耐克/OKILA改不干胶/OKILA订单/LGC22301089-宁波一洲.xlsx,同型号不同尺寸（数字部分含前导零/位数/号数不一致）→ **不合并，各自建档**（甲方更正：0-GPN 与 00-GPN 是不同尺寸）
261割嘴,261-1,261割嘴#261-1,261 割嘴 1#,4,4,ziliao/尤耐克/OKILA改不干胶/OKILA订单/LGC22501161-宁波一洲.xlsx,同型号不同尺寸（数字部分含前导零/位数/号数不一致）→ **不合并，各自建档**（甲方更正：0-GPN 与 00-GPN 是不同尺寸）
2w1503丙烷割嘴,2-1503-10,2w1503丙烷割嘴#2-1503-10,"2W-1503丙烷割嘴 #10 刻字：中性
不电镀
包装：塑料盒贴型号如右图",1,1,ziliao/安宝公司/EAGLEE CAJA 巴拉圭1503/AB22946 出口产品供需合同-奉化一洲(1).xls,同型号不同尺寸（数字部分含前导零/位数/号数不一致）→ **不合并，各自建档**（甲方更正：0-GPN 与 00-GPN 是不同尺寸）
2w1503丙烷割嘴,2-1503-12,2w1503丙烷割嘴#2-1503-12,"2W-1503丙烷割嘴 #12 刻字：中性
不电镀
包装：塑料盒贴型号如右图",1,1,ziliao/安宝公司/EAGLEE CAJA 巴拉圭1503/AB22946 出口产品供需合同-奉化一洲(1).xls,同型号不同尺寸（数字部分含前导零/位数/号数不一致）→ **不合并，各自建档**（甲方更正：0-GPN 与 00-GPN 是不同尺寸）
2w1503丙烷割嘴,2-1503-2,2w1503丙烷割嘴#2-1503-2,"2W-1503丙烷割嘴 #2  刻字：中性
不电镀
包装：塑料盒贴型号如右图",1,1,ziliao/安宝公司/EAGLEE CAJA 巴拉圭1503/AB22946 出口产品供需合同-奉化一洲(1).xls,同型号不同尺寸（数字部分含前导零/位数/号数不一致）→ **不合并，各自建档**（甲方更正：0-GPN 与 00-GPN 是不同尺寸）
2w1503丙烷割嘴,2-1503-4,2w1503丙烷割嘴#2-1503-4,"2W-1503丙烷割嘴 #4  刻字：中性
不电镀
包装：塑料盒贴型号如右图",1,1,ziliao/安宝公司/EAGLEE CAJA 巴拉圭1503/AB22946 出口产品供需合同-奉化一洲(1).xls,同型号不同尺寸（数字部分含前导零/位数/号数不一致）→ **不合并，各自建档**（甲方更正：0-GPN 与 00-GPN 是不同尺寸）
2w1503丙烷割嘴,2-1503-6,2w1503丙烷割嘴#2-1503-6,"2W-1503丙烷割嘴 #6  刻字：中性
不电镀
包装：塑料盒贴型号如右图",1,1,ziliao/安宝公司/EAGLEE CAJA 巴拉圭1503/AB22946 出口产品供需合同-奉化一洲(1).xls,同型号不同尺寸（数字部分含前导零/位数/号数不一致）→ **不合并，各自建档**（甲方更正：0-GPN 与 00-GPN 是不同尺寸）
2w1503丙烷割嘴,2-1503-8,2w1503丙烷割嘴#2-1503-8,"2W-1503丙烷割嘴 #8  刻字：中性
不电镀
包装：塑料盒贴型号如右图",1,1,ziliao/安宝公司/EAGLEE CAJA 巴拉圭1503/AB22946 出口产品供需合同-奉化一洲(1).xls,同型号不同尺寸（数字部分含前导零/位数/号数不一致）→ **不合并，各自建档**（甲方更正：0-GPN 与 00-GPN 是不同尺寸）
2wgpn丙烷割嘴gpn,2-1,2wgpn丙烷割嘴gpn#2-1,2W-GPN丙烷割嘴 GPN 1#,1,1,ziliao/安宝公司/有焊嘴订单/订单/AB22879 出口产品供需合同-奉化一洲(1).xls,同型号不同尺寸（数字部分含前导零/位数/号数不一致）→ **不合并，各自建档**（甲方更正：0-GPN 与 00-GPN 是不同尺寸）
2wgpn丙烷割嘴gpn,2-2,2wgpn丙烷割嘴gpn#2-2,2W-GPN丙烷割嘴 GPN 2#,1,1,ziliao/安宝公司/有焊嘴订单/订单/AB22879 出口产品供需合同-奉化一洲(1).xls,同型号不同尺寸（数字部分含前导零/位数/号数不一致）→ **不合并，各自建档**（甲方更正：0-GPN 与 00-GPN 是不同尺寸）
2wgpn丙烷割嘴gpn,2-3,2wgpn丙烷割嘴gpn#2-3,2W-GPN丙烷割嘴 GPN 3#,1,1,ziliao/安宝公司/有焊嘴订单/订单/AB22879 出口产品供需合同-奉化一洲(1).xls,同型号不同尺寸（数字部分含前导零/位数/号数不一致）→ **不合并，各自建档**（甲方更正：0-GPN 与 00-GPN 是不同尺寸）
2wgpn丙烷割嘴gpn,2-4,2wgpn丙烷割嘴gpn#2-4,2W-GPN丙烷割嘴 GPN 4#,1,1,ziliao/安宝公司/有焊嘴订单/订单/AB22879 出口产品供需合同-奉化一洲(1).xls,同型号不同尺寸（数字部分含前导零/位数/号数不一致）→ **不合并，各自建档**（甲方更正：0-GPN 与 00-GPN 是不同尺寸）
2wx11n丙烷割嘴g,2-11-11-1,2wx11n丙烷割嘴g#2-11-11-1,2W-X11N 丙烷割嘴 G11 1#,1,1,ziliao/安宝公司/有焊嘴订单/订单/AB22879 出口产品供需合同-奉化一洲(1).xls,同型号不同尺寸（数字部分含前导零/位数/号数不一致）→ **不合并，各自建档**（甲方更正：0-GPN 与 00-GPN 是不同尺寸）
2wx11n丙烷割嘴g,2-11-11-1,2wx11n丙烷割嘴g#2-11-11-1,"2W-X11N 丙烷割嘴 G11 1#

包装+刻字：常规中性",1,1,ziliao/安宝公司/有焊嘴订单/订单/2026/AB26539.xls,同型号不同尺寸（数字部分含前导零/位数/号数不一致）→ **不合并，各自建档**（甲方更正：0-GPN 与 00-GPN 是不同尺寸）
2wx11n丙烷割嘴g,2-11-11-2,2wx11n丙烷割嘴g#2-11-11-2,"2W-X11N 丙烷割嘴 G11 2#

包装+刻字：常规中性",3,3,ziliao/安宝公司/有焊嘴订单/订单/2026/AB26539.xls,同型号不同尺寸（数字部分含前导零/位数/号数不一致）→ **不合并，各自建档**（甲方更正：0-GPN 与 00-GPN 是不同尺寸）
2wx11n丙烷割嘴g,2-11-11-2,2wx11n丙烷割嘴g#2-11-11-2,2W-X11N 丙烷割嘴 G11 2#,2,2,ziliao/安宝公司/有焊嘴订单/订单/AB22879 出口产品供需合同-奉化一洲(1).xls,同型号不同尺寸（数字部分含前导零/位数/号数不一致）→ **不合并，各自建档**（甲方更正：0-GPN 与 00-GPN 是不同尺寸）
2wx11n丙烷割嘴g,2-11-11-3,2wx11n丙烷割嘴g#2-11-11-3,2W-X11N 丙烷割嘴 G11 3#,1,1,ziliao/安宝公司/有焊嘴订单/订单/AB22879 出口产品供需合同-奉化一洲(1).xls,同型号不同尺寸（数字部分含前导零/位数/号数不一致）→ **不合并，各自建档**（甲方更正：0-GPN 与 00-GPN 是不同尺寸）
3101割嘴,3-101-0,3101割嘴#3-101-0,3-101 割嘴 0#,5,5,ziliao/尤耐克/SUA/SUA订单/UW241002467宁波一洲(1).xlsx,同型号不同尺寸（数字部分含前导零/位数/号数不一致）→ **不合并，各自建档**（甲方更正：0-GPN 与 00-GPN 是不同尺寸）
3101割嘴,3-101-00,3101割嘴#3-101-00,3-101 割嘴 00#,4,4,ziliao/尤耐克/SUA/SUA订单/LGC240302109宁波一洲.xlsx,同型号不同尺寸（数字部分含前导零/位数/号数不一致）→ **不合并，各自建档**（甲方更正：0-GPN 与 00-GPN 是不同尺寸）
3101割嘴,3-101-000,3101割嘴#3-101-000,3-101 割嘴 000#,6,6,ziliao/尤耐克/SUA/SUA订单/LGC10901351-宁波一洲.xls,同型号不同尺寸（数字部分含前导零/位数/号数不一致）→ **不合并，各自建档**（甲方更正：0-GPN 与 00-GPN 是不同尺寸）
3101割嘴,3-101-1,3101割嘴#3-101-1,3-101 割嘴 1#,8,7,ziliao/尤耐克/SUA/SUA订单/LGC10202041-宁波一洲.xls,同型号不同尺寸（数字部分含前导零/位数/号数不一致）→ **不合并，各自建档**（甲方更正：0-GPN 与 00-GPN 是不同尺寸）
3101割嘴,3-101-2,3101割嘴#3-101-2,3-101 割嘴 2#,2,2,ziliao/尤耐克/SUA/SUA订单/UW241002467宁波一洲(1).xlsx,同型号不同尺寸（数字部分含前导零/位数/号数不一致）→ **不合并，各自建档**（甲方更正：0-GPN 与 00-GPN 是不同尺寸）
3101割嘴,3-101-3,3101割嘴#3-101-3,3-101 割嘴 3#,5,5,ziliao/尤耐克/SUA/SUA订单/UW241002467宁波一洲(1).xlsx,同型号不同尺寸（数字部分含前导零/位数/号数不一致）→ **不合并，各自建档**（甲方更正：0-GPN 与 00-GPN 是不同尺寸）
3101割嘴,3-101-4,3101割嘴#3-101-4,3-101 割嘴 4#,1,1,ziliao/尤耐克/SUA/SUA订单/UW241002467宁波一洲(1).xlsx,同型号不同尺寸（数字部分含前导零/位数/号数不一致）→ **不合并，各自建档**（甲方更正：0-GPN 与 00-GPN 是不同尺寸）
363割嘴,363-1,363割嘴#363-1,363割嘴1#,1,1,"ziliao/尤耐克/275 叶, 倪 363/363  倪/UW260120044宁波一洲.xlsx",同型号不同尺寸（数字部分含前导零/位数/号数不一致）→ **不合并，各自建档**（甲方更正：0-GPN 与 00-GPN 是不同尺寸）
363割嘴,363-2,363割嘴#363-2,363割嘴2#,1,1,"ziliao/尤耐克/275 叶, 倪 363/363  倪/UW260120044宁波一洲.xlsx",同型号不同尺寸（数字部分含前导零/位数/号数不一致）→ **不合并，各自建档**（甲方更正：0-GPN 与 00-GPN 是不同尺寸）
363割嘴,363-3,363割嘴#363-3,363割嘴3#,1,1,"ziliao/尤耐克/275 叶, 倪 363/363  倪/UW260120044宁波一洲.xlsx",同型号不同尺寸（数字部分含前导零/位数/号数不一致）→ **不合并，各自建档**（甲方更正：0-GPN 与 00-GPN 是不同尺寸）
363割嘴,363-4,363割嘴#363-4,363割嘴4#,1,1,"ziliao/尤耐克/275 叶, 倪 363/363  倪/UW260120044宁波一洲.xlsx",同型号不同尺寸（数字部分含前导零/位数/号数不一致）→ **不合并，各自建档**（甲方更正：0-GPN 与 00-GPN 是不同尺寸）
363割嘴,363-5,363割嘴#363-5,363割嘴5#,1,1,"ziliao/尤耐克/275 叶, 倪 363/363  倪/UW260120044宁波一洲.xlsx",同型号不同尺寸（数字部分含前导零/位数/号数不一致）→ **不合并，各自建档**（甲方更正：0-GPN 与 00-GPN 是不同尺寸）
363割嘴,363-6,363割嘴#363-6,363割嘴6#,1,1,"ziliao/尤耐克/275 叶, 倪 363/363  倪/UW260120044宁波一洲.xlsx",同型号不同尺寸（数字部分含前导零/位数/号数不一致）→ **不合并，各自建档**（甲方更正：0-GPN 与 00-GPN 是不同尺寸）
3gpn割嘴,3-0,3gpn割嘴#3-0,3-GPN 割嘴 0#,2,2,ziliao/尤耐克/SUA/SUA订单/LGC240302109宁波一洲.xlsx,同型号不同尺寸（数字部分含前导零/位数/号数不一致）→ **不合并，各自建档**（甲方更正：0-GPN 与 00-GPN 是不同尺寸）
3gpn割嘴,3-1,3gpn割嘴#3-1,3-GPN 割嘴 1#,4,4,ziliao/尤耐克/SUA/SUA订单/LGC240302109宁波一洲.xlsx,同型号不同尺寸（数字部分含前导零/位数/号数不一致）→ **不合并，各自建档**（甲方更正：0-GPN 与 00-GPN 是不同尺寸）
3gpn割嘴,3-2,3gpn割嘴#3-2,3-GPN 割嘴 2#,5,5,ziliao/尤耐克/SUA/SUA订单/LGC240302109宁波一洲.xlsx,同型号不同尺寸（数字部分含前导零/位数/号数不一致）→ **不合并，各自建档**（甲方更正：0-GPN 与 00-GPN 是不同尺寸）
3gpn割嘴,3-3,3gpn割嘴#3-3,3-GPN 割嘴 3#,3,3,ziliao/尤耐克/SUA/SUA订单/LGC240302109宁波一洲.xlsx,同型号不同尺寸（数字部分含前导零/位数/号数不一致）→ **不合并，各自建档**（甲方更正：0-GPN 与 00-GPN 是不同尺寸）
3gpn割嘴,3-4,3gpn割嘴#3-4,3-GPN 割嘴 4#,2,2,ziliao/尤耐克/SUA/SUA订单/UW251002559宁波一洲 .xlsx,同型号不同尺寸（数字部分含前导零/位数/号数不一致）→ **不合并，各自建档**（甲方更正：0-GPN 与 00-GPN 是不同尺寸）
3w,000-3,3w#000-3,000-3-W,1,1,"嵊州海田/PFG,PGA, PGS GPN 1-101 宋/VICTOR GPN 生产计划单.doc",同型号不同尺寸（数字部分含前导零/位数/号数不一致）→ **不合并，各自建档**（甲方更正：0-GPN 与 00-GPN 是不同尺寸）
3w,3,3w#3,3-W,19,19,"嵊州海田/21IIF03  VICTOR 1-101, GPN,0-7-W,MFA,MFN 宋/采购单.doc",同型号不同尺寸（数字部分含前导零/位数/号数不一致）→ **不合并，各自建档**（甲方更正：0-GPN 与 00-GPN 是不同尺寸）
41割嘴,41-12,41割嘴#41-12,41 割嘴 12#,4,4,ziliao/尤耐克/DAIDEN 叶/DAIDEN订单/2025前/UW241101520宁波一洲.xlsx,同型号不同尺寸（数字部分含前导零/位数/号数不一致）→ **不合并，各自建档**（甲方更正：0-GPN 与 00-GPN 是不同尺寸）
41割嘴,41-8,41割嘴#41-8,41 割嘴 8#,4,4,ziliao/尤耐克/DAIDEN 叶/DAIDEN订单/2025前/LGC240401176宁波一洲.xlsx,同型号不同尺寸（数字部分含前导零/位数/号数不一致）→ **不合并，各自建档**（甲方更正：0-GPN 与 00-GPN 是不同尺寸）
44割嘴,44-12,44割嘴#44-12,44 割嘴 12#,1,1,ziliao/尤耐克/DAIDEN 叶/DAIDEN订单/2025前/UW251001544宁波一洲.xlsx,同型号不同尺寸（数字部分含前导零/位数/号数不一致）→ **不合并，各自建档**（甲方更正：0-GPN 与 00-GPN 是不同尺寸）
44割嘴,44-15,44割嘴#44-15,44 割嘴 15#,1,1,ziliao/尤耐克/DAIDEN 叶/DAIDEN订单/2025前/LGC240901394宁波一洲.xlsx,同型号不同尺寸（数字部分含前导零/位数/号数不一致）→ **不合并，各自建档**（甲方更正：0-GPN 与 00-GPN 是不同尺寸）
44割嘴,44-8,44割嘴#44-8,44 割嘴 8#,1,1,ziliao/尤耐克/DAIDEN 叶/DAIDEN订单/2026/UW260201057宁波一洲.xlsx,同型号不同尺寸（数字部分含前导零/位数/号数不一致）→ **不合并，各自建档**（甲方更正：0-GPN 与 00-GPN 是不同尺寸）
6290割嘴,6290-0,6290割嘴#6290-0,6290 割嘴 0#,6,6,ziliao/尤耐克/H HOUSE 6290NX/合同/LGC21105406宁波一洲.xlsx,同型号不同尺寸（数字部分含前导零/位数/号数不一致）→ **不合并，各自建档**（甲方更正：0-GPN 与 00-GPN 是不同尺寸）
6290割嘴,6290-00,6290割嘴#6290-00,6290 割嘴 00#,5,5,"ziliao/尤耐克/SCH 6290,NX 小周/LGC22401120-宁波一洲.xls",同型号不同尺寸（数字部分含前导零/位数/号数不一致）→ **不合并，各自建档**（甲方更正：0-GPN 与 00-GPN 是不同尺寸）
6290割嘴,6290-000,6290割嘴#6290-000,6290 割嘴 000#,3,3,ziliao/尤耐克/SUA/SUA订单/LGC240302109宁波一洲.xlsx,同型号不同尺寸（数字部分含前导零/位数/号数不一致）→ **不合并，各自建档**（甲方更正：0-GPN 与 00-GPN 是不同尺寸）
6290割嘴,6290-1,6290割嘴#6290-1,6290 割嘴 1#,9,9,ziliao/尤耐克/DAIDEN 叶/DAIDEN订单/2025前/uw250701344宁波一洲.xlsx,同型号不同尺寸（数字部分含前导零/位数/号数不一致）→ **不合并，各自建档**（甲方更正：0-GPN 与 00-GPN 是不同尺寸）
6290割嘴,6290-2,6290割嘴#6290-2,6290 割嘴 2#,1,1,ziliao/尤耐克/SUA/SUA订单/UW241002467宁波一洲(1).xlsx,同型号不同尺寸（数字部分含前导零/位数/号数不一致）→ **不合并，各自建档**（甲方更正：0-GPN 与 00-GPN 是不同尺寸）
6290割嘴,6290-3,6290割嘴#6290-3,6290 割嘴 3#,3,3,ziliao/尤耐克/H HOUSE 6290NX/合同/lgc230505222宁波一洲.xlsx,同型号不同尺寸（数字部分含前导零/位数/号数不一致）→ **不合并，各自建档**（甲方更正：0-GPN 与 00-GPN 是不同尺寸）
6290割嘴,6290-4,6290割嘴#6290-4,6290 割嘴 4#,1,1,ziliao/尤耐克/IRON S.R.L 双三角/LGC10908356-宁波一洲 - 1.xls,同型号不同尺寸（数字部分含前导零/位数/号数不一致）→ **不合并，各自建档**（甲方更正：0-GPN 与 00-GPN 是不同尺寸）
6290ac割嘴,6290-2,6290ac割嘴#6290-2,6290AC 割嘴 2#,7,7,"ziliao/尤耐克/41,6290AC原装/lgc231201579宁波一洲.xlsx",同型号不同尺寸（数字部分含前导零/位数/号数不一致）→ **不合并，各自建档**（甲方更正：0-GPN 与 00-GPN 是不同尺寸）
6290ac割嘴,6290-4,6290ac割嘴#6290-4,6290AC 割嘴 4#,2,2,ziliao/尤耐克/JOVAL订单/JOVAL订单/UW260701359 JOVAL  6290AC 应.xlsx,同型号不同尺寸（数字部分含前导零/位数/号数不一致）→ **不合并，各自建档**（甲方更正：0-GPN 与 00-GPN 是不同尺寸）
6290nff0,6290-0,6290nff0#6290-0,6290NFF-0,1,1,"嵊州海田/21IIF03  VICTOR 1-101, GPN,0-7-W,MFA,MFN 宋/6290AC HARRIS生产计划单.doc",同型号不同尺寸（数字部分含前导零/位数/号数不一致）→ **不合并，各自建档**（甲方更正：0-GPN 与 00-GPN 是不同尺寸）
6290nff0,6290-00,6290nff0#6290-00,6290NFF-00,1,1,"嵊州海田/21IIF03  VICTOR 1-101, GPN,0-7-W,MFA,MFN 宋/6290AC HARRIS生产计划单.doc",同型号不同尺寸（数字部分含前导零/位数/号数不一致）→ **不合并，各自建档**（甲方更正：0-GPN 与 00-GPN 是不同尺寸）
6290nff割嘴,6290-0,6290nff割嘴#6290-0,6290NFF 割嘴 0#,1,1,ziliao/尤耐克/旧订单/NUSAC/LGC10403056-宁波一洲.xls,同型号不同尺寸（数字部分含前导零/位数/号数不一致）→ **不合并，各自建档**（甲方更正：0-GPN 与 00-GPN 是不同尺寸）
6290nff割嘴,6290-1,6290nff割嘴#6290-1,6290NFF 割嘴 1#,1,1,"ziliao/尤耐克/FERROLAN1502,1503/订单/UW260401194宁波一洲(1).xlsx",同型号不同尺寸（数字部分含前导零/位数/号数不一致）→ **不合并，各自建档**（甲方更正：0-GPN 与 00-GPN 是不同尺寸）
6290nffg,6290-2-45,6290nffg#6290-2-45,6290NFF #2  45g,1,1,"ziliao/安宝公司/AB24145 102HC,106HC/订单/出口产品供需合同 ab20531（一洲).xls",同型号不同尺寸（数字部分含前导零/位数/号数不一致）→ **不合并，各自建档**（甲方更正：0-GPN 与 00-GPN 是不同尺寸）
6290nffg,6290-3-45,6290nffg#6290-3-45,6290NFF #3  45g,1,1,"ziliao/安宝公司/AB24145 102HC,106HC/订单/出口产品供需合同 ab20531（一洲).xls",同型号不同尺寸（数字部分含前导零/位数/号数不一致）→ **不合并，各自建档**（甲方更正：0-GPN 与 00-GPN 是不同尺寸）
6290nffg,6290-4-45,6290nffg#6290-4-45,6290NFF #4  45g,1,1,"ziliao/安宝公司/AB24145 102HC,106HC/订单/出口产品供需合同 ab20531（一洲).xls",同型号不同尺寸（数字部分含前导零/位数/号数不一致）→ **不合并，各自建档**（甲方更正：0-GPN 与 00-GPN 是不同尺寸）
6290nffg,6290-6-45,6290nffg#6290-6-45,6290NFF #6  45g,1,1,"ziliao/安宝公司/AB24145 102HC,106HC/订单/6290NFF,106HC-8 供需合同 ab19512（一洲).xls",同型号不同尺寸（数字部分含前导零/位数/号数不一致）→ **不合并，各自建档**（甲方更正：0-GPN 与 00-GPN 是不同尺寸）
6290nx0,6290-0,6290nx0#6290-0,6290NX-0,20,20,嵊州海田/22 IAM   T20 106HC金色字  宋/HARRIS 6290NX生产计划单.doc,同型号不同尺寸（数字部分含前导零/位数/号数不一致）→ **不合并，各自建档**（甲方更正：0-GPN 与 00-GPN 是不同尺寸）
6290nx0,6290-00,6290nx0#6290-00,6290NX-00,7,7,嵊州海田/CTG NX 邢/常规生产计划单.doc,同型号不同尺寸（数字部分含前导零/位数/号数不一致）→ **不合并，各自建档**（甲方更正：0-GPN 与 00-GPN 是不同尺寸）
6290nx0,6290-000,6290nx0#6290-000,6290NX-000,2,2,"正恒公司/665字,有106D7,项高健/106D7镀铬,塑壳,生产计划单.doc",同型号不同尺寸（数字部分含前导零/位数/号数不一致）→ **不合并，各自建档**（甲方更正：0-GPN 与 00-GPN 是不同尺寸）
6290nx割嘴,6290-0,6290nx割嘴#6290-0,6290NX 割嘴 0#,3,3,ziliao/尤耐克/H HOUSE 6290NX/合同/UW241205589宁波一洲.xlsx,同型号不同尺寸（数字部分含前导零/位数/号数不一致）→ **不合并，各自建档**（甲方更正：0-GPN 与 00-GPN 是不同尺寸）
6290nx割嘴,6290-00,6290nx割嘴#6290-00,6290NX 割嘴 00#,4,4,ziliao/尤耐克/ROTHWELD/LGC10405129-宁波一洲.xls,同型号不同尺寸（数字部分含前导零/位数/号数不一致）→ **不合并，各自建档**（甲方更正：0-GPN 与 00-GPN 是不同尺寸）
6290nx割嘴,6290-000,6290nx割嘴#6290-000,6290NX 割嘴 000#,1,1,ziliao/尤耐克/阿庆6290NX/LGC10807321-宁波一洲.xlsx,同型号不同尺寸（数字部分含前导零/位数/号数不一致）→ **不合并，各自建档**（甲方更正：0-GPN 与 00-GPN 是不同尺寸）
6290nx割嘴,6290-1,6290nx割嘴#6290-1,6290NX 割嘴 1#,6,6,ziliao/尤耐克/DAIDEN 叶/DAIDEN订单/2026/UW260801414宁波一洲.xlsx,同型号不同尺寸（数字部分含前导零/位数/号数不一致）→ **不合并，各自建档**（甲方更正：0-GPN 与 00-GPN 是不同尺寸）
6290nx割嘴,6290-2,6290nx割嘴#6290-2,6290NX 割嘴 2#,6,6,ziliao/尤耐克/DAIDEN 叶/DAIDEN订单/2025前/UW251101595宁波一洲.xlsx,同型号不同尺寸（数字部分含前导零/位数/号数不一致）→ **不合并，各自建档**（甲方更正：0-GPN 与 00-GPN 是不同尺寸）
6290nx割嘴,6290-3,6290nx割嘴#6290-3,6290NX 割嘴 3#,3,3,ziliao/尤耐克/SUA/SUA订单/LGC240302109宁波一洲.xlsx,同型号不同尺寸（数字部分含前导零/位数/号数不一致）→ **不合并，各自建档**（甲方更正：0-GPN 与 00-GPN 是不同尺寸）
6290nx割嘴,6290-5,6290nx割嘴#6290-5,6290NX 割嘴 5#,1,1,ziliao/尤耐克/SUA/SUA订单/LGC240302109宁波一洲.xlsx,同型号不同尺寸（数字部分含前导零/位数/号数不一致）→ **不合并，各自建档**（甲方更正：0-GPN 与 00-GPN 是不同尺寸）
6290nx割嘴,6290-6,6290nx割嘴#6290-6,6290NX 割嘴 6#,1,1,ziliao/尤耐克/SUA/SUA订单/LGC240302109宁波一洲.xlsx,同型号不同尺寸（数字部分含前导零/位数/号数不一致）→ **不合并，各自建档**（甲方更正：0-GPN 与 00-GPN 是不同尺寸）
6290vvc0,6290-0,6290vvc0#6290-0,6290VVC-0,1,1,嵊州海田/HARRIS VVC 生产计划单.doc,同型号不同尺寸（数字部分含前导零/位数/号数不一致）→ **不合并，各自建档**（甲方更正：0-GPN 与 00-GPN 是不同尺寸）
6290vvc0,6290-00,6290vvc0#6290-00,6290VVC-00,1,1,嵊州海田/HARRIS VVC 生产计划单.doc,同型号不同尺寸（数字部分含前导零/位数/号数不一致）→ **不合并，各自建档**（甲方更正：0-GPN 与 00-GPN 是不同尺寸）
6290vvc0,6290-000,6290vvc0#6290-000,6290VVC-000,1,1,嵊州海田/HARRIS VVC 生产计划单.doc,同型号不同尺寸（数字部分含前导零/位数/号数不一致）→ **不合并，各自建档**（甲方更正：0-GPN 与 00-GPN 是不同尺寸）
澳大利亚款式乙炔割嘴4106,41-06-41-06,澳大利亚款式乙炔割嘴4106#41-06-41-06,"澳大利亚款式乙炔 割嘴 41-06
刻字内容：如右图所示41   06",1,1,"ziliao/安宝公司/HARRIS 6290-2AC, 41 原装/41合同/AB22683 出口产品供需合同-奉化一洲.xls",同型号不同尺寸（数字部分含前导零/位数/号数不一致）→ **不合并，各自建档**（甲方更正：0-GPN 与 00-GPN 是不同尺寸）
澳大利亚款式乙炔割嘴4106,41-06-41-08,澳大利亚款式乙炔割嘴4106#41-06-41-08,"澳大利亚款式乙炔 割嘴 41-06
刻字内容如图所示41   08",1,1,"ziliao/安宝公司/HARRIS 6290-2AC, 41 原装/41合同/AB22683 出口产品供需合同-奉化一洲.xls",同型号不同尺寸（数字部分含前导零/位数/号数不一致）→ **不合并，各自建档**（甲方更正：0-GPN 与 00-GPN 是不同尺寸）
澳大利亚款式乙炔割嘴418,41-8-41-12,澳大利亚款式乙炔割嘴418#41-8-41-12,"澳大利亚款式乙炔 割嘴 41-8
刻字内容：如右图所示41  12",4,4,"ziliao/安宝公司/HARRIS 6290-2AC, 41 原装/41合同/AB23717 出口产品供需合同-奉化一洲.xls",同型号不同尺寸（数字部分含前导零/位数/号数不一致）→ **不合并，各自建档**（甲方更正：0-GPN 与 00-GPN 是不同尺寸）
澳大利亚款式乙炔割嘴418,41-8-41-15,澳大利亚款式乙炔割嘴418#41-8-41-15,"澳大利亚款式乙炔 割嘴 41-8
刻字内容如图所示41  15",4,4,"ziliao/安宝公司/HARRIS 6290-2AC, 41 原装/41合同/AB23717 出口产品供需合同-奉化一洲.xls",同型号不同尺寸（数字部分含前导零/位数/号数不一致）→ **不合并，各自建档**（甲方更正：0-GPN 与 00-GPN 是不同尺寸）
丙烷割嘴106d,106-7-2,丙烷割嘴106d#106-7-2,丙烷割嘴 106 D7 #2,2,2,"ziliao/安宝公司/106D7,102HC发商丘/不印made  in japan/AB23744 出口产品供需合同-一洲.xls",同型号不同尺寸（数字部分含前导零/位数/号数不一致）→ **不合并，各自建档**（甲方更正：0-GPN 与 00-GPN 是不同尺寸）
丙烷割嘴106d,106-7-3,丙烷割嘴106d#106-7-3,丙烷割嘴 106 D7 #3,1,1,"ziliao/安宝公司/106D7,102HC发商丘/不印made  in japan/AB23744 出口产品供需合同-一洲.xls",同型号不同尺寸（数字部分含前导零/位数/号数不一致）→ **不合并，各自建档**（甲方更正：0-GPN 与 00-GPN 是不同尺寸）
丙烷割嘴106hc,106-1,丙烷割嘴106hc#106-1,"丙烷割嘴 106HC 1#
包装：彩卡+泡壳+说明书",2,2,"ziliao/安宝公司/HQF 41 6290NX/41, NX, 6290/2026/ab26699.xls",同型号不同尺寸（数字部分含前导零/位数/号数不一致）→ **不合并，各自建档**（甲方更正：0-GPN 与 00-GPN 是不同尺寸）
丙烷割嘴106hc,106-2,丙烷割嘴106hc#106-2,"丙烷割嘴 106HC 2#
包装：彩卡+泡壳+说明书",2,2,"ziliao/安宝公司/HQF 41 6290NX/41, NX, 6290/2026/ab26699.xls",同型号不同尺寸（数字部分含前导零/位数/号数不一致）→ **不合并，各自建档**（甲方更正：0-GPN 与 00-GPN 是不同尺寸）
丙烷割嘴106hc,106-2,丙烷割嘴106hc#106-2,"丙烷割嘴 106HC 2#  塑料盒包装
包装：彩卡+泡壳+说明书",1,1,"ziliao/安宝公司/HQF 41 6290NX/41, NX, 6290/AB25453 出口产品供需合同-一洲(1).xls",同型号不同尺寸（数字部分含前导零/位数/号数不一致）→ **不合并，各自建档**（甲方更正：0-GPN 与 00-GPN 是不同尺寸）
丙烷割嘴106hc,106-3,丙烷割嘴106hc#106-3,"丙烷割嘴 106HC 3#
包装：彩卡+泡壳+说明书",2,2,"ziliao/安宝公司/HQF 41 6290NX/41, NX, 6290/2026/ab26699.xls",同型号不同尺寸（数字部分含前导零/位数/号数不一致）→ **不合并，各自建档**（甲方更正：0-GPN 与 00-GPN 是不同尺寸）
丙烷割嘴106hc,106-4,丙烷割嘴106hc#106-4,"丙烷割嘴 106HC 4#
包装：彩卡+泡壳+说明书",2,2,"ziliao/安宝公司/HQF 41 6290NX/41, NX, 6290/2026/ab26699.xls",同型号不同尺寸（数字部分含前导零/位数/号数不一致）→ **不合并，各自建档**（甲方更正：0-GPN 与 00-GPN 是不同尺寸）
丙烷割嘴106hc,106-4,丙烷割嘴106hc#106-4,"丙烷割嘴 106HC 4#  塑料盒包装
包装：彩卡+泡壳+说明书",1,1,"ziliao/安宝公司/HQF 41 6290NX/41, NX, 6290/AB25453 出口产品供需合同-一洲(1).xls",同型号不同尺寸（数字部分含前导零/位数/号数不一致）→ **不合并，各自建档**（甲方更正：0-GPN 与 00-GPN 是不同尺寸）
丙烷割嘴1gpn,1-0,丙烷割嘴1gpn#1-0,丙烷割嘴 1-GPN #0,1,1,"ziliao/安宝公司/常规1-101,GPN 6290NX,G1-P,NFF/AB25951 出口产品供需合同-一洲(1).xls",同型号不同尺寸（数字部分含前导零/位数/号数不一致）→ **不合并，各自建档**（甲方更正：0-GPN 与 00-GPN 是不同尺寸）
丙烷割嘴1gpn,1-1,丙烷割嘴1gpn#1-1,丙烷割嘴 1-GPN #1,1,1,"ziliao/安宝公司/常规1-101,GPN 6290NX,G1-P,NFF/AB25951 出口产品供需合同-一洲(1).xls",同型号不同尺寸（数字部分含前导零/位数/号数不一致）→ **不合并，各自建档**（甲方更正：0-GPN 与 00-GPN 是不同尺寸）
丙烷割嘴1gpn,1-2,丙烷割嘴1gpn#1-2,丙烷割嘴 1-GPN #2,1,1,"ziliao/安宝公司/常规1-101,GPN 6290NX,G1-P,NFF/AB25951 出口产品供需合同-一洲(1).xls",同型号不同尺寸（数字部分含前导零/位数/号数不一致）→ **不合并，各自建档**（甲方更正：0-GPN 与 00-GPN 是不同尺寸）
丙烷割嘴1gpn,1-3,丙烷割嘴1gpn#1-3,丙烷割嘴 1-GPN #3,1,1,"ziliao/安宝公司/常规1-101,GPN 6290NX,G1-P,NFF/AB25951 出口产品供需合同-一洲(1).xls",同型号不同尺寸（数字部分含前导零/位数/号数不一致）→ **不合并，各自建档**（甲方更正：0-GPN 与 00-GPN 是不同尺寸）
丙烷割嘴1gpn,1-4,丙烷割嘴1gpn#1-4,丙烷割嘴 1-GPN #4,1,1,"ziliao/安宝公司/常规1-101,GPN 6290NX,G1-P,NFF/AB25951 出口产品供需合同-一洲(1).xls",同型号不同尺寸（数字部分含前导零/位数/号数不一致）→ **不合并，各自建档**（甲方更正：0-GPN 与 00-GPN 是不同尺寸）
丙烷割嘴3gpn,3-0,丙烷割嘴3gpn#3-0,丙烷割嘴 3-GPN 0#,1,1,"ziliao/安宝公司/常规1-101,GPN 6290NX,G1-P,NFF/AB25951 出口产品供需合同-一洲(1).xls",同型号不同尺寸（数字部分含前导零/位数/号数不一致）→ **不合并，各自建档**（甲方更正：0-GPN 与 00-GPN 是不同尺寸）
丙烷割嘴3gpn,3-1,丙烷割嘴3gpn#3-1,丙烷割嘴 3-GPN #1,1,1,ziliao/安宝公司/A. SH  AIR - OXY 里卡多/合同/2025/AB25565 出口产品供需合同-奉化一洲.xls,同型号不同尺寸（数字部分含前导零/位数/号数不一致）→ **不合并，各自建档**（甲方更正：0-GPN 与 00-GPN 是不同尺寸）
丙烷割嘴3gpn,3-1,丙烷割嘴3gpn#3-1,丙烷割嘴 3-GPN 1#,1,1,"ziliao/安宝公司/常规1-101,GPN 6290NX,G1-P,NFF/AB25951 出口产品供需合同-一洲(1).xls",同型号不同尺寸（数字部分含前导零/位数/号数不一致）→ **不合并，各自建档**（甲方更正：0-GPN 与 00-GPN 是不同尺寸）
丙烷割嘴3gpn,3-2,丙烷割嘴3gpn#3-2,丙烷割嘴 3-GPN #2,1,1,ziliao/安宝公司/A. SH  AIR - OXY 里卡多/合同/2025/AB25565 出口产品供需合同-奉化一洲.xls,同型号不同尺寸（数字部分含前导零/位数/号数不一致）→ **不合并，各自建档**（甲方更正：0-GPN 与 00-GPN 是不同尺寸）
丙烷割嘴3gpn,3-2,丙烷割嘴3gpn#3-2,丙烷割嘴 3-GPN 2#,1,1,"ziliao/安宝公司/常规1-101,GPN 6290NX,G1-P,NFF/AB25951 出口产品供需合同-一洲(1).xls",同型号不同尺寸（数字部分含前导零/位数/号数不一致）→ **不合并，各自建档**（甲方更正：0-GPN 与 00-GPN 是不同尺寸）
丙烷割嘴3gpn,3-4,丙烷割嘴3gpn#3-4,丙烷割嘴 3-GPN 4#,1,1,"ziliao/安宝公司/常规1-101,GPN 6290NX,G1-P,NFF/AB25951 出口产品供需合同-一洲(1).xls",同型号不同尺寸（数字部分含前导零/位数/号数不一致）→ **不合并，各自建档**（甲方更正：0-GPN 与 00-GPN 是不同尺寸）
丙烷割嘴6290nff,6290-2,丙烷割嘴6290nff#6290-2,丙烷割嘴 6290-NFF-2#,2,2,"ziliao/安宝公司/MAXES 仿NX,106HC,GPN/订单/AB24092 出口产品供需合同-奉化一洲.xls",同型号不同尺寸（数字部分含前导零/位数/号数不一致）→ **不合并，各自建档**（甲方更正：0-GPN 与 00-GPN 是不同尺寸）
丙烷割嘴6290nff,6290-3,丙烷割嘴6290nff#6290-3,丙烷割嘴 6290-NFF-3#,2,2,"ziliao/安宝公司/MAXES 仿NX,106HC,GPN/订单/AB24092 出口产品供需合同-奉化一洲.xls",同型号不同尺寸（数字部分含前导零/位数/号数不一致）→ **不合并，各自建档**（甲方更正：0-GPN 与 00-GPN 是不同尺寸）
丙烷割嘴6290nff,6290-4,丙烷割嘴6290nff#6290-4,丙烷割嘴 6290-NFF-4#,2,2,"ziliao/安宝公司/MAXES 仿NX,106HC,GPN/订单/AB24092 出口产品供需合同-奉化一洲.xls",同型号不同尺寸（数字部分含前导零/位数/号数不一致）→ **不合并，各自建档**（甲方更正：0-GPN 与 00-GPN 是不同尺寸）
丙烷割嘴6290nff,6290-5,丙烷割嘴6290nff#6290-5,丙烷割嘴 6290-NFF-5#,2,2,"ziliao/安宝公司/MAXES 仿NX,106HC,GPN/订单/AB24092 出口产品供需合同-奉化一洲.xls",同型号不同尺寸（数字部分含前导零/位数/号数不一致）→ **不合并，各自建档**（甲方更正：0-GPN 与 00-GPN 是不同尺寸）
丙烷割嘴6290nff,6290-6,丙烷割嘴6290nff#6290-6,丙烷割嘴 6290-NFF-6#,2,2,"ziliao/安宝公司/MAXES 仿NX,106HC,GPN/订单/AB24092 出口产品供需合同-奉化一洲.xls",同型号不同尺寸（数字部分含前导零/位数/号数不一致）→ **不合并，各自建档**（甲方更正：0-GPN 与 00-GPN 是不同尺寸）
丙烷割嘴6290nff重51g足量,6290-1-51,丙烷割嘴6290nff重51g足量#6290-1-51,丙烷割嘴 6290-NFF-1# 重51g足量,2,2,"ziliao/安宝公司/HARRIS 6290-2AC, 41 原装/HARRIS 6290NFF/AB23585 出口产品供需合同-奉化一洲.xls",同型号不同尺寸（数字部分含前导零/位数/号数不一致）→ **不合并，各自建档**（甲方更正：0-GPN 与 00-GPN 是不同尺寸）
丙烷割嘴6290nff重51g足量,6290-2-51,丙烷割嘴6290nff重51g足量#6290-2-51,丙烷割嘴 6290-NFF-2# 重51g足量,2,2,"ziliao/安宝公司/HARRIS 6290-2AC, 41 原装/HARRIS 6290NFF/AB23585 出口产品供需合同-奉化一洲.xls",同型号不同尺寸（数字部分含前导零/位数/号数不一致）→ **不合并，各自建档**（甲方更正：0-GPN 与 00-GPN 是不同尺寸）
丙烷割嘴6290nff重51g足量,6290-3-51,丙烷割嘴6290nff重51g足量#6290-3-51,丙烷割嘴 6290-NFF-3# 重51g足量,2,2,"ziliao/安宝公司/HARRIS 6290-2AC, 41 原装/HARRIS 6290NFF/AB23585 出口产品供需合同-奉化一洲.xls",同型号不同尺寸（数字部分含前导零/位数/号数不一致）→ **不合并，各自建档**（甲方更正：0-GPN 与 00-GPN 是不同尺寸）
丙烷割嘴6290nff重51g足量,6290-4-51,丙烷割嘴6290nff重51g足量#6290-4-51,丙烷割嘴 6290-NFF-4# 重51g足量,2,2,"ziliao/安宝公司/HARRIS 6290-2AC, 41 原装/HARRIS 6290NFF/AB23585 出口产品供需合同-奉化一洲.xls",同型号不同尺寸（数字部分含前导零/位数/号数不一致）→ **不合并，各自建档**（甲方更正：0-GPN 与 00-GPN 是不同尺寸）
丙烷割嘴6290nff重51g足量,6290-5-51,丙烷割嘴6290nff重51g足量#6290-5-51,丙烷割嘴 6290-NFF-5# 重51g足量,2,2,"ziliao/安宝公司/HARRIS 6290-2AC, 41 原装/HARRIS 6290NFF/AB23585 出口产品供需合同-奉化一洲.xls",同型号不同尺寸（数字部分含前导零/位数/号数不一致）→ **不合并，各自建档**（甲方更正：0-GPN 与 00-GPN 是不同尺寸）
丙烷割嘴6290nff重51g足量,6290-6-51,丙烷割嘴6290nff重51g足量#6290-6-51,丙烷割嘴 6290-NFF-6# 重51g足量,2,2,"ziliao/安宝公司/HARRIS 6290-2AC, 41 原装/HARRIS 6290NFF/AB23585 出口产品供需合同-奉化一洲.xls",同型号不同尺寸（数字部分含前导零/位数/号数不一致）→ **不合并，各自建档**（甲方更正：0-GPN 与 00-GPN 是不同尺寸）
丙烷割嘴6290nx,6290-0,丙烷割嘴6290nx#6290-0,丙烷割嘴 6290NX-0#,1,1,"ziliao/安宝公司/常规1-101,GPN 6290NX,G1-P,NFF/AB22866 出口产品供需合同-一洲.xls",同型号不同尺寸（数字部分含前导零/位数/号数不一致）→ **不合并，各自建档**（甲方更正：0-GPN 与 00-GPN 是不同尺寸）
丙烷割嘴6290nx,6290-0,丙烷割嘴6290nx#6290-0,"丙烷割嘴6290NX 0# 刻字：中性常规

包装：如右图类似对应型号",1,1,ziliao/安宝公司/WT 6290NX/ab25861 出口产品供需合同-奉化一洲(1).xls,同型号不同尺寸（数字部分含前导零/位数/号数不一致）→ **不合并，各自建档**（甲方更正：0-GPN 与 00-GPN 是不同尺寸）
丙烷割嘴6290nx,6290-00,丙烷割嘴6290nx#6290-00,"丙烷割嘴6290NX 00# 刻字：中性常规

包装：如右图类似对应型号",1,1,ziliao/安宝公司/WT 6290NX/ab25861 出口产品供需合同-奉化一洲(1).xls,同型号不同尺寸（数字部分含前导零/位数/号数不一致）→ **不合并，各自建档**（甲方更正：0-GPN 与 00-GPN 是不同尺寸）
丙烷割嘴6290nx,6290-00-10-1,丙烷割嘴6290nx#6290-00-10-1,"丙烷割嘴 6290-NX-00# 刻字：要OKI字样
要求：火焰要调长一点 
包装：塑料盒+不干胶 10只1白盒+白盒不干胶",1,1,ziliao/安宝公司/旧订单资料/OKI   LCT  NX/AB23629 出口产品供需合同-一洲.xls,同型号不同尺寸（数字部分含前导零/位数/号数不一致）→ **不合并，各自建档**（甲方更正：0-GPN 与 00-GPN 是不同尺寸）
丙烷割嘴6290nx,6290-1,丙烷割嘴6290nx#6290-1,"丙烷割嘴 6290-NX 1#
刻字：中性常规

包装：如右图所示",1,1,ziliao/安宝公司/NJ 6290NX/AB23534 出口产品供需合同-奉化一洲.xls,同型号不同尺寸（数字部分含前导零/位数/号数不一致）→ **不合并，各自建档**（甲方更正：0-GPN 与 00-GPN 是不同尺寸）
丙烷割嘴6290nx,6290-1,丙烷割嘴6290nx#6290-1,"丙烷割嘴 6290NX-1#
刻字中性

包装：中性塑料盒+中性不干胶",1,1,ziliao/安宝公司/F&G 订单/ab23779 出口产品供需合同-一洲(1).xls,同型号不同尺寸（数字部分含前导零/位数/号数不一致）→ **不合并，各自建档**（甲方更正：0-GPN 与 00-GPN 是不同尺寸）
丙烷割嘴6290nx,6290-1,丙烷割嘴6290nx#6290-1,"丙烷割嘴6290NX 1# 刻字：中性常规

包装：如右图类似对应型号",1,1,ziliao/安宝公司/WT 6290NX/ab25861 出口产品供需合同-奉化一洲(1).xls,同型号不同尺寸（数字部分含前导零/位数/号数不一致）→ **不合并，各自建档**（甲方更正：0-GPN 与 00-GPN 是不同尺寸）
丙烷割嘴6290nx,6290-1-10-1,丙烷割嘴6290nx#6290-1-10-1,"丙烷割嘴 6290-NX-1# 刻字：要OKI字样
要求：火焰要调长一点 
包装：塑料盒+不干胶 10只1白盒+白盒不干胶",1,1,ziliao/安宝公司/旧订单资料/OKI   LCT  NX/AB23629 出口产品供需合同-一洲.xls,同型号不同尺寸（数字部分含前导零/位数/号数不一致）→ **不合并，各自建档**（甲方更正：0-GPN 与 00-GPN 是不同尺寸）
丙烷割嘴6290nx,6290-2,丙烷割嘴6290nx#6290-2,"丙烷割嘴 6290-NX 2#
刻字：中性常规

包装：如右图所示",1,1,ziliao/安宝公司/NJ 6290NX/AB23534 出口产品供需合同-奉化一洲.xls,同型号不同尺寸（数字部分含前导零/位数/号数不一致）→ **不合并，各自建档**（甲方更正：0-GPN 与 00-GPN 是不同尺寸）
丙烷割嘴6290nx,6290-2,丙烷割嘴6290nx#6290-2,丙烷割嘴 6290-NX-2#,1,1,"ziliao/安宝公司/MAXES 仿NX,106HC,GPN/订单/AB22997 出口产品供需合同-奉化一洲.xls",同型号不同尺寸（数字部分含前导零/位数/号数不一致）→ **不合并，各自建档**（甲方更正：0-GPN 与 00-GPN 是不同尺寸）
丙烷割嘴6290nx,6290-2,丙烷割嘴6290nx#6290-2,"丙烷割嘴6290NX 2# 刻字：中性常规

包装：如右图类似对应型号",1,1,ziliao/安宝公司/WT 6290NX/ab25861 出口产品供需合同-奉化一洲(1).xls,同型号不同尺寸（数字部分含前导零/位数/号数不一致）→ **不合并，各自建档**（甲方更正：0-GPN 与 00-GPN 是不同尺寸）
丙烷割嘴6290nx,6290-2-10-1,丙烷割嘴6290nx#6290-2-10-1,"丙烷割嘴 6290-NX-2# 刻字：要OKI字样
要求：火焰要调长一点 
包装：塑料盒+不干胶 10只1白盒+白盒不干胶",1,1,ziliao/安宝公司/旧订单资料/OKI   LCT  NX/AB23629 出口产品供需合同-一洲.xls,同型号不同尺寸（数字部分含前导零/位数/号数不一致）→ **不合并，各自建档**（甲方更正：0-GPN 与 00-GPN 是不同尺寸）
丙烷割嘴6290nx,6290-3,丙烷割嘴6290nx#6290-3,丙烷割嘴 6290-NX-3#,1,1,"ziliao/安宝公司/MAXES 仿NX,106HC,GPN/订单/AB22997 出口产品供需合同-奉化一洲.xls",同型号不同尺寸（数字部分含前导零/位数/号数不一致）→ **不合并，各自建档**（甲方更正：0-GPN 与 00-GPN 是不同尺寸）
丙烷割嘴6290nx,6290-3,丙烷割嘴6290nx#6290-3,"丙烷割嘴6290NX 3# 刻字：中性常规

包装：如右图类似对应型号",1,1,ziliao/安宝公司/WT 6290NX/ab25861 出口产品供需合同-奉化一洲(1).xls,同型号不同尺寸（数字部分含前导零/位数/号数不一致）→ **不合并，各自建档**（甲方更正：0-GPN 与 00-GPN 是不同尺寸）
丙烷割嘴6290nx,6290-3-10-1,丙烷割嘴6290nx#6290-3-10-1,"丙烷割嘴 6290-NX-3# 刻字：要OKI字样
要求：火焰要调长一点 
包装：塑料盒+不干胶 10只1白盒+白盒不干胶",1,1,ziliao/安宝公司/旧订单资料/OKI   LCT  NX/AB23629 出口产品供需合同-一洲.xls,同型号不同尺寸（数字部分含前导零/位数/号数不一致）→ **不合并，各自建档**（甲方更正：0-GPN 与 00-GPN 是不同尺寸）
丙烷割嘴6290nx,6290-4,丙烷割嘴6290nx#6290-4,丙烷割嘴 6290-NX-4#,1,1,"ziliao/安宝公司/MAXES 仿NX,106HC,GPN/订单/AB22997 出口产品供需合同-奉化一洲.xls",同型号不同尺寸（数字部分含前导零/位数/号数不一致）→ **不合并，各自建档**（甲方更正：0-GPN 与 00-GPN 是不同尺寸）
丙烷割嘴6290nx,6290-5,丙烷割嘴6290nx#6290-5,丙烷割嘴 6290-NX-5#,1,1,"ziliao/安宝公司/MAXES 仿NX,106HC,GPN/订单/AB22997 出口产品供需合同-奉化一洲.xls",同型号不同尺寸（数字部分含前导零/位数/号数不一致）→ **不合并，各自建档**（甲方更正：0-GPN 与 00-GPN 是不同尺寸）
丙烷割嘴6290nx,6290-6,丙烷割嘴6290nx#6290-6,丙烷割嘴 6290-NX-6#,1,1,"ziliao/安宝公司/MAXES 仿NX,106HC,GPN/订单/AB22997 出口产品供需合同-奉化一洲.xls",同型号不同尺寸（数字部分含前导零/位数/号数不一致）→ **不合并，各自建档**（甲方更正：0-GPN 与 00-GPN 是不同尺寸）
丙烷割嘴6290nx重41克,6290-1-41,丙烷割嘴6290nx重41克#6290-1-41,"丙烷割嘴 6290NX-1# 重41克
刻字：规格型号 包装：塑料盒+贴纸",1,1,ziliao/安宝公司/Ansorg/AB25457 出口产品供需合同-奉化一洲.xls,同型号不同尺寸（数字部分含前导零/位数/号数不一致）→ **不合并，各自建档**（甲方更正：0-GPN 与 00-GPN 是不同尺寸）
丙烷割嘴6290nx重41克,6290-2-41,丙烷割嘴6290nx重41克#6290-2-41,"丙烷割嘴 6290NX-2# 重41克
刻字：规格型号 包装：塑料盒+贴纸",1,1,ziliao/安宝公司/Ansorg/AB25457 出口产品供需合同-奉化一洲.xls,同型号不同尺寸（数字部分含前导零/位数/号数不一致）→ **不合并，各自建档**（甲方更正：0-GPN 与 00-GPN 是不同尺寸）
丙烷割嘴6290nx重41克,6290-3-41,丙烷割嘴6290nx重41克#6290-3-41,"丙烷割嘴 6290NX-3# 重41克
刻字：规格型号 包装：塑料盒+贴纸",1,1,ziliao/安宝公司/Ansorg/AB25457 出口产品供需合同-奉化一洲.xls,同型号不同尺寸（数字部分含前导零/位数/号数不一致）→ **不合并，各自建档**（甲方更正：0-GPN 与 00-GPN 是不同尺寸）
丙烷割嘴6290nx重44克,6290-1-44,丙烷割嘴6290nx重44克#6290-1-44,"丙烷割嘴 6290-NX-1# 重：44克

包装：不干胶+塑料盒
不干胶设计我司提供",1,1,"ziliao/安宝公司/HQF 41 6290NX/41, NX, 6290/106HC, NX/ab24076 106HC NX.xls",同型号不同尺寸（数字部分含前导零/位数/号数不一致）→ **不合并，各自建档**（甲方更正：0-GPN 与 00-GPN 是不同尺寸）
丙烷割嘴6290nx重44克,6290-2-44,丙烷割嘴6290nx重44克#6290-2-44,"丙烷割嘴 6290-NX-2# 重：44克

包装：不干胶+塑料盒
不干胶设计我司提供",1,1,"ziliao/安宝公司/HQF 41 6290NX/41, NX, 6290/106HC, NX/ab24076 106HC NX.xls",同型号不同尺寸（数字部分含前导零/位数/号数不一致）→ **不合并，各自建档**（甲方更正：0-GPN 与 00-GPN 是不同尺寸）
丙烷割嘴6290nx重44克,6290-2-44-6290-2,丙烷割嘴6290nx重44克#6290-2-44-6290-2,"丙烷割嘴 6290-NX-2# 重：44克
刻字内容：
POWERCRAFT
6290-2NX

包装：不干胶+塑料盒
不干胶设计我司提供",1,1,"ziliao/安宝公司/HQF 41 6290NX/41, NX, 6290/ab24072 出口产品供需合同-奉化一洲.xls",同型号不同尺寸（数字部分含前导零/位数/号数不一致）→ **不合并，各自建档**（甲方更正：0-GPN 与 00-GPN 是不同尺寸）
丙烷割嘴6290nx重44克,6290-3-44,丙烷割嘴6290nx重44克#6290-3-44,"丙烷割嘴 6290-NX-3# 重：44克

包装：不干胶+塑料盒
不干胶设计我司提供",1,1,"ziliao/安宝公司/HQF 41 6290NX/41, NX, 6290/106HC, NX/ab24076 106HC NX.xls",同型号不同尺寸（数字部分含前导零/位数/号数不一致）→ **不合并，各自建档**（甲方更正：0-GPN 与 00-GPN 是不同尺寸）
丙烷割嘴6290nxg,6290-0-49,丙烷割嘴6290nxg#6290-0-49,丙烷割嘴 6290-NX 0# 49G,1,1,ziliao/安宝公司/NJ 6290NX/NJ 6290NX.xls,同型号不同尺寸（数字部分含前导零/位数/号数不一致）→ **不合并，各自建档**（甲方更正：0-GPN 与 00-GPN 是不同尺寸）
丙烷割嘴6290nxg,6290-1-49,丙烷割嘴6290nxg#6290-1-49,丙烷割嘴 6290-NX 1# 49G,1,1,ziliao/安宝公司/NJ 6290NX/NJ 6290NX.xls,同型号不同尺寸（数字部分含前导零/位数/号数不一致）→ **不合并，各自建档**（甲方更正：0-GPN 与 00-GPN 是不同尺寸）
丙烷割嘴gpn,0,丙烷割嘴gpn#0,"丙烷割嘴 GPN 0#

包装：塑料盒 不要贴 不干胶",2,2,ziliao/安宝公司/WT 6290NX/AB24747 出口产品供需合同-奉化一洲.xls,同型号不同尺寸（数字部分含前导零/位数/号数不一致）→ **不合并，各自建档**（甲方更正：0-GPN 与 00-GPN 是不同尺寸）
丙烷割嘴gpn,1,丙烷割嘴gpn#1,"丙烷割嘴 GPN 1#

包装：塑料盒 不要贴 不干胶",2,2,ziliao/安宝公司/WT 6290NX/AB24747 出口产品供需合同-奉化一洲.xls,同型号不同尺寸（数字部分含前导零/位数/号数不一致）→ **不合并，各自建档**（甲方更正：0-GPN 与 00-GPN 是不同尺寸）
丙烷割嘴gpn,1,丙烷割嘴gpn#1,"丙烷割嘴 GPN 1#
包装+刻字：中性",1,1,ziliao/安宝公司/有焊嘴订单/订单/2026/AB26572.xls,同型号不同尺寸（数字部分含前导零/位数/号数不一致）→ **不合并，各自建档**（甲方更正：0-GPN 与 00-GPN 是不同尺寸）
丙烷割嘴gpn,1,丙烷割嘴gpn#1,"丙烷割嘴 GPN-1#
刻字中性如右图所示

包装：中性塑料盒+中性不干胶",1,1,ziliao/安宝公司/F&G 订单/ab23779 出口产品供需合同-一洲(1).xls,同型号不同尺寸（数字部分含前导零/位数/号数不一致）→ **不合并，各自建档**（甲方更正：0-GPN 与 00-GPN 是不同尺寸）
丙烷割嘴gpn,1-1,丙烷割嘴gpn#1-1,"丙烷割嘴 GPN-1 1#
刻字中性如右图所示

包装：中性塑料盒+中性不干胶",1,1,ziliao/安宝公司/F&G 订单/ab23779 出口产品供需合同-一洲(1).xls,同型号不同尺寸（数字部分含前导零/位数/号数不一致）→ **不合并，各自建档**（甲方更正：0-GPN 与 00-GPN 是不同尺寸）
丙烷割嘴gpn,2,丙烷割嘴gpn#2,"丙烷割嘴 GPN 2#

包装：塑料盒 不要贴 不干胶",2,2,ziliao/安宝公司/WT 6290NX/AB24747 出口产品供需合同-奉化一洲.xls,同型号不同尺寸（数字部分含前导零/位数/号数不一致）→ **不合并，各自建档**（甲方更正：0-GPN 与 00-GPN 是不同尺寸）
丙烷割嘴gpn,2,丙烷割嘴gpn#2,"丙烷割嘴 GPN 2#
刻字：带logo

包装：塑料盒+不干胶",1,1,"ziliao/安宝公司/KARLEN  SC50,GPN/AB26854.xls",同型号不同尺寸（数字部分含前导零/位数/号数不一致）→ **不合并，各自建档**（甲方更正：0-GPN 与 00-GPN 是不同尺寸）
丙烷割嘴gpn,3,丙烷割嘴gpn#3,"丙烷割嘴 GPN 3#

包装：塑料盒 不要贴 不干胶",2,2,ziliao/安宝公司/WT 6290NX/AB24747 出口产品供需合同-奉化一洲.xls,同型号不同尺寸（数字部分含前导零/位数/号数不一致）→ **不合并，各自建档**（甲方更正：0-GPN 与 00-GPN 是不同尺寸）
丙烷割嘴gpn仿,0,丙烷割嘴gpn仿#0,丙烷割嘴 GPN #0 仿包装,3,3,ziliao/安宝公司/A. SH  AIR - OXY 里卡多/合同/2025/AB25565 出口产品供需合同-奉化一洲.xls,同型号不同尺寸（数字部分含前导零/位数/号数不一致）→ **不合并，各自建档**（甲方更正：0-GPN 与 00-GPN 是不同尺寸）
丙烷割嘴gpn仿,00,丙烷割嘴gpn仿#00,丙烷割嘴 GPN #00 仿包装,6,3,ziliao/安宝公司/A. SH  AIR - OXY 里卡多/合同/2025/AB251050 出口产品供需合同-奉化一洲.xls,同型号不同尺寸（数字部分含前导零/位数/号数不一致）→ **不合并，各自建档**（甲方更正：0-GPN 与 00-GPN 是不同尺寸）
丙烷割嘴gpn仿,1,丙烷割嘴gpn仿#1,丙烷割嘴 GPN #1 仿包装,7,4,ziliao/安宝公司/A. SH  AIR - OXY 里卡多/合同/2025/AB251050 出口产品供需合同-奉化一洲.xls,同型号不同尺寸（数字部分含前导零/位数/号数不一致）→ **不合并，各自建档**（甲方更正：0-GPN 与 00-GPN 是不同尺寸）
丙烷割嘴gpn仿,2,丙烷割嘴gpn仿#2,丙烷割嘴 GPN #2 仿包装,7,4,ziliao/安宝公司/A. SH  AIR - OXY 里卡多/合同/2025/AB251050 出口产品供需合同-奉化一洲.xls,同型号不同尺寸（数字部分含前导零/位数/号数不一致）→ **不合并，各自建档**（甲方更正：0-GPN 与 00-GPN 是不同尺寸）
丙烷割嘴gpn仿,3,丙烷割嘴gpn仿#3,丙烷割嘴 GPN #3 仿包装,7,4,ziliao/安宝公司/A. SH  AIR - OXY 里卡多/合同/2025/AB251050 出口产品供需合同-奉化一洲.xls,同型号不同尺寸（数字部分含前导零/位数/号数不一致）→ **不合并，各自建档**（甲方更正：0-GPN 与 00-GPN 是不同尺寸）
丙烷割嘴gpn仿,4,丙烷割嘴gpn仿#4,丙烷割嘴 GPN #4 仿包装,7,4,ziliao/安宝公司/A. SH  AIR - OXY 里卡多/合同/2025/AB251050 出口产品供需合同-奉化一洲.xls,同型号不同尺寸（数字部分含前导零/位数/号数不一致）→ **不合并，各自建档**（甲方更正：0-GPN 与 00-GPN 是不同尺寸）
丙烷割嘴gpn仿,5,丙烷割嘴gpn仿#5,丙烷割嘴 GPN #5 仿包装,6,4,ziliao/安宝公司/A. SH  AIR - OXY 里卡多/合同/2025/AB251050 出口产品供需合同-奉化一洲.xls,同型号不同尺寸（数字部分含前导零/位数/号数不一致）→ **不合并，各自建档**（甲方更正：0-GPN 与 00-GPN 是不同尺寸）
丙烷割嘴gpn仿,6,丙烷割嘴gpn仿#6,丙烷割嘴 GPN #6 仿包装,1,1,ziliao/安宝公司/A. SH  AIR - OXY 里卡多/合同/2026/AB26156.xls,同型号不同尺寸（数字部分含前导零/位数/号数不一致）→ **不合并，各自建档**（甲方更正：0-GPN 与 00-GPN 是不同尺寸）
丙烷割嘴gpn仿,7,丙烷割嘴gpn仿#7,丙烷割嘴 GPN #7 仿包装,1,1,ziliao/安宝公司/A. SH  AIR - OXY 里卡多/合同/2025/AB25565 出口产品供需合同-奉化一洲.xls,同型号不同尺寸（数字部分含前导零/位数/号数不一致）→ **不合并，各自建档**（甲方更正：0-GPN 与 00-GPN 是不同尺寸）
丙烷割嘴gpn仿,8,丙烷割嘴gpn仿#8,丙烷割嘴 GPN #8 仿包装,1,1,ziliao/安宝公司/A. SH  AIR - OXY 里卡多/合同/2025/AB25565 出口产品供需合同-奉化一洲.xls,同型号不同尺寸（数字部分含前导零/位数/号数不一致）→ **不合并，各自建档**（甲方更正：0-GPN 与 00-GPN 是不同尺寸）
丙烷割嘴pnm内嘴配r3p3500三根管子内嘴,5-3-3-500-5-1-50-1-200-1,丙烷割嘴pnm内嘴配r3p3500三根管子内嘴#5-3-3-500-5-1-50-1-200-1,"丙烷割嘴 PNM-#5内嘴
配R3P-3-500三根管子 内嘴刻字：5

包装：PP袋1只/袋 50只1盒 200只1箱",1,1,ziliao/安宝公司/旧订单资料/REDIUS俄罗斯/FOOB/ab231082 出口产品供需合同-一洲.xls,同型号不同尺寸（数字部分含前导零/位数/号数不一致）→ **不合并，各自建档**（甲方更正：0-GPN 与 00-GPN 是不同尺寸）
丙烷割嘴pnm内嘴配r3p3500三根管子内嘴,6-3-3-500-6-1-50-1-200-1,丙烷割嘴pnm内嘴配r3p3500三根管子内嘴#6-3-3-500-6-1-50-1-200-1,"丙烷割嘴 PNM-#6内嘴
配R3P-3-500三根管子 内嘴刻字：6

包装：PP袋1只/袋 50只1盒 200只1箱",1,1,ziliao/安宝公司/旧订单资料/REDIUS俄罗斯/FOOB/ab231082 出口产品供需合同-一洲.xls,同型号不同尺寸（数字部分含前导零/位数/号数不一致）→ **不合并，各自建档**（甲方更正：0-GPN 与 00-GPN 是不同尺寸）
丙烷割嘴sc重93克,50-1-93,丙烷割嘴sc重93克#50-1-93,"丙烷割嘴 SC-50-1# 重93克
刻字：规格型号 包装：塑料盒+贴纸",1,1,ziliao/安宝公司/Ansorg/AB25457 出口产品供需合同-奉化一洲.xls,同型号不同尺寸（数字部分含前导零/位数/号数不一致）→ **不合并，各自建档**（甲方更正：0-GPN 与 00-GPN 是不同尺寸）
丙烷割嘴sc重93克,50-2-93,丙烷割嘴sc重93克#50-2-93,"丙烷割嘴 SC-50-2# 重93克
刻字：规格型号 包装：塑料盒+贴纸",1,1,ziliao/安宝公司/Ansorg/AB25457 出口产品供需合同-奉化一洲.xls,同型号不同尺寸（数字部分含前导零/位数/号数不一致）→ **不合并，各自建档**（甲方更正：0-GPN 与 00-GPN 是不同尺寸）
丙烷割嘴sc重93克,50-3-93,丙烷割嘴sc重93克#50-3-93,"丙烷割嘴 SC-50-3# 重93克
刻字：规格型号 包装：塑料盒+贴纸",1,1,ziliao/安宝公司/Ansorg/AB25457 出口产品供需合同-奉化一洲.xls,同型号不同尺寸（数字部分含前导零/位数/号数不一致）→ **不合并，各自建档**（甲方更正：0-GPN 与 00-GPN 是不同尺寸）
丙烷嘴6290nx,6290-00,丙烷嘴6290nx#6290-00,丙烷嘴 6290-NX 00#,1,1,ziliao/安宝公司/旧订单资料/LL0006 Carton No (nx)/AB22059 出口产品供需合同-奉化一洲(2).xls,同型号不同尺寸（数字部分含前导零/位数/号数不一致）→ **不合并，各自建档**（甲方更正：0-GPN 与 00-GPN 是不同尺寸）
丙烷嘴6290nx,6290-01,丙烷嘴6290nx#6290-01,丙烷嘴 6290-NX 01#,1,1,ziliao/安宝公司/旧订单资料/LL0006 Carton No (nx)/AB22059 出口产品供需合同-奉化一洲(2).xls,同型号不同尺寸（数字部分含前导零/位数/号数不一致）→ **不合并，各自建档**（甲方更正：0-GPN 与 00-GPN 是不同尺寸）
丙烷嘴6290nx,6290-02,丙烷嘴6290nx#6290-02,丙烷嘴 6290-NX 02#,1,1,ziliao/安宝公司/旧订单资料/LL0006 Carton No (nx)/AB22059 出口产品供需合同-奉化一洲(2).xls,同型号不同尺寸（数字部分含前导零/位数/号数不一致）→ **不合并，各自建档**（甲方更正：0-GPN 与 00-GPN 是不同尺寸）
丙烷嘴6290nx,6290-03,丙烷嘴6290nx#6290-03,丙烷嘴 6290-NX 03#,1,1,ziliao/安宝公司/旧订单资料/LL0006 Carton No (nx)/AB22059 出口产品供需合同-奉化一洲(2).xls,同型号不同尺寸（数字部分含前导零/位数/号数不一致）→ **不合并，各自建档**（甲方更正：0-GPN 与 00-GPN 是不同尺寸）
仿澳大利亚款式丙烷割嘴4412,44-12,仿澳大利亚款式丙烷割嘴4412#44-12,"仿澳大利亚款式丙烷割嘴 44-12

包装：塑料盒+不干胶",3,3,"ziliao/安宝公司/HQF 41 6290NX/41, NX, 6290/2026/AB26560.xls",同型号不同尺寸（数字部分含前导零/位数/号数不一致）→ **不合并，各自建档**（甲方更正：0-GPN 与 00-GPN 是不同尺寸）
仿澳大利亚款式丙烷割嘴4412,44-12,仿澳大利亚款式丙烷割嘴4412#44-12,"仿澳大利亚款式丙烷割嘴 44-12

包装：不干胶+塑料盒",1,1,"ziliao/安宝公司/HQF 41 6290NX/41, NX, 6290/ab241160 出口产品供需合同-一洲.xls",同型号不同尺寸（数字部分含前导零/位数/号数不一致）→ **不合并，各自建档**（甲方更正：0-GPN 与 00-GPN 是不同尺寸）
仿澳大利亚款式丙烷割嘴4412,44-12-24167,仿澳大利亚款式丙烷割嘴4412#44-12-24167,"仿澳大利亚款式丙烷割嘴 44-12

包装：塑料盒+不干胶 返单24167",1,1,"ziliao/安宝公司/HQF 41 6290NX/41, NX, 6290/AB251341 出口产品供需合同-奉化一洲(1).xls",同型号不同尺寸（数字部分含前导零/位数/号数不一致）→ **不合并，各自建档**（甲方更正：0-GPN 与 00-GPN 是不同尺寸）
仿澳大利亚款式丙烷割嘴4415,44-15,仿澳大利亚款式丙烷割嘴4415#44-15,"仿澳大利亚款式丙烷割嘴 44-15

包装：塑料盒+不干胶",3,3,"ziliao/安宝公司/HQF 41 6290NX/41, NX, 6290/2026/AB26560.xls",同型号不同尺寸（数字部分含前导零/位数/号数不一致）→ **不合并，各自建档**（甲方更正：0-GPN 与 00-GPN 是不同尺寸）
仿澳大利亚款式丙烷割嘴4415,44-15,仿澳大利亚款式丙烷割嘴4415#44-15,"仿澳大利亚款式丙烷割嘴 44-15

包装：不干胶+塑料盒",1,1,"ziliao/安宝公司/HQF 41 6290NX/41, NX, 6290/ab241160 出口产品供需合同-一洲.xls",同型号不同尺寸（数字部分含前导零/位数/号数不一致）→ **不合并，各自建档**（甲方更正：0-GPN 与 00-GPN 是不同尺寸）
仿澳大利亚款式丙烷割嘴4415,44-15-24167,仿澳大利亚款式丙烷割嘴4415#44-15-24167,"仿澳大利亚款式丙烷割嘴 44-15

包装：塑料盒+不干胶 返单24167",1,1,"ziliao/安宝公司/HQF 41 6290NX/41, NX, 6290/AB251341 出口产品供需合同-奉化一洲(1).xls",同型号不同尺寸（数字部分含前导零/位数/号数不一致）→ **不合并，各自建档**（甲方更正：0-GPN 与 00-GPN 是不同尺寸）
仿澳大利亚款式丙烷割嘴4420,44-20,仿澳大利亚款式丙烷割嘴4420#44-20,"仿澳大利亚款式丙烷割嘴 44-20

包装：塑料盒+不干胶",3,3,"ziliao/安宝公司/HQF 41 6290NX/41, NX, 6290/2026/AB26560.xls",同型号不同尺寸（数字部分含前导零/位数/号数不一致）→ **不合并，各自建档**（甲方更正：0-GPN 与 00-GPN 是不同尺寸）
仿澳大利亚款式丙烷割嘴4420,44-20-24167,仿澳大利亚款式丙烷割嘴4420#44-20-24167,"仿澳大利亚款式丙烷割嘴 44-20

包装：塑料盒+不干胶 返单24167",1,1,"ziliao/安宝公司/HQF 41 6290NX/41, NX, 6290/AB251341 出口产品供需合同-奉化一洲(1).xls",同型号不同尺寸（数字部分含前导零/位数/号数不一致）→ **不合并，各自建档**（甲方更正：0-GPN 与 00-GPN 是不同尺寸）
仿澳大利亚款式丙烷割嘴448,44-8,仿澳大利亚款式丙烷割嘴448#44-8,"仿澳大利亚款式丙烷割嘴 44-8

包装：塑料盒+不干胶",3,3,"ziliao/安宝公司/HQF 41 6290NX/41, NX, 6290/2026/AB26560.xls",同型号不同尺寸（数字部分含前导零/位数/号数不一致）→ **不合并，各自建档**（甲方更正：0-GPN 与 00-GPN 是不同尺寸）
仿澳大利亚款式丙烷割嘴448,44-8,仿澳大利亚款式丙烷割嘴448#44-8,"仿澳大利亚款式丙烷割嘴 44-8

包装：不干胶+塑料盒",1,1,"ziliao/安宝公司/HQF 41 6290NX/41, NX, 6290/ab241160 出口产品供需合同-一洲.xls",同型号不同尺寸（数字部分含前导零/位数/号数不一致）→ **不合并，各自建档**（甲方更正：0-GPN 与 00-GPN 是不同尺寸）
仿澳大利亚款式丙烷割嘴448,44-8-24167,仿澳大利亚款式丙烷割嘴448#44-8-24167,"仿澳大利亚款式丙烷割嘴 44-8

包装：塑料盒+不干胶 返单24167",1,1,"ziliao/安宝公司/HQF 41 6290NX/41, NX, 6290/AB251341 出口产品供需合同-奉化一洲(1).xls",同型号不同尺寸（数字部分含前导零/位数/号数不一致）→ **不合并，各自建档**（甲方更正：0-GPN 与 00-GPN 是不同尺寸）
仿澳大利亚款式乙炔割嘴4112,41-12,仿澳大利亚款式乙炔割嘴4112#41-12,"仿澳大利亚款式乙炔 割嘴 41-12

包装：塑料盒+不干胶",2,2,"ziliao/安宝公司/HQF 41 6290NX/41, NX, 6290/2026/AB26560.xls",同型号不同尺寸（数字部分含前导零/位数/号数不一致）→ **不合并，各自建档**（甲方更正：0-GPN 与 00-GPN 是不同尺寸）
仿澳大利亚款式乙炔割嘴4112,41-12,仿澳大利亚款式乙炔割嘴4112#41-12,"仿澳大利亚款式乙炔割嘴 41-12

包装：塑料挂钩盒+不干胶",1,1,"ziliao/安宝公司/HQF 41 6290NX/41, NX, 6290/AB241049 出口产品供需合同-奉化一洲.xls",同型号不同尺寸（数字部分含前导零/位数/号数不一致）→ **不合并，各自建档**（甲方更正：0-GPN 与 00-GPN 是不同尺寸）
仿澳大利亚款式乙炔割嘴4112,41-12-241160,仿澳大利亚款式乙炔割嘴4112#41-12-241160,"仿澳大利亚款式乙炔 割嘴 41-12

包装：塑料盒+不干胶 返单AB241160",1,1,"ziliao/安宝公司/HQF 41 6290NX/41, NX, 6290/ab251038.xls",同型号不同尺寸（数字部分含前导零/位数/号数不一致）→ **不合并，各自建档**（甲方更正：0-GPN 与 00-GPN 是不同尺寸）
仿澳大利亚款式乙炔割嘴4115,41-15,仿澳大利亚款式乙炔割嘴4115#41-15,"仿澳大利亚款式乙炔 割嘴 41-15

包装：塑料盒+不干胶",2,2,"ziliao/安宝公司/HQF 41 6290NX/41, NX, 6290/2026/AB26560.xls",同型号不同尺寸（数字部分含前导零/位数/号数不一致）→ **不合并，各自建档**（甲方更正：0-GPN 与 00-GPN 是不同尺寸）
仿澳大利亚款式乙炔割嘴4115,41-15,仿澳大利亚款式乙炔割嘴4115#41-15,"仿澳大利亚款式乙炔割嘴 41-15

包装：塑料挂钩盒+不干胶",2,2,"ziliao/安宝公司/HQF 41 6290NX/41, NX, 6290/AB241049 出口产品供需合同-奉化一洲.xls",同型号不同尺寸（数字部分含前导零/位数/号数不一致）→ **不合并，各自建档**（甲方更正：0-GPN 与 00-GPN 是不同尺寸）
仿澳大利亚款式乙炔割嘴4115,41-15-241160,仿澳大利亚款式乙炔割嘴4115#41-15-241160,"仿澳大利亚款式乙炔 割嘴 41-15

包装：塑料盒+不干胶 返单AB241160",1,1,"ziliao/安宝公司/HQF 41 6290NX/41, NX, 6290/ab251038.xls",同型号不同尺寸（数字部分含前导零/位数/号数不一致）→ **不合并，各自建档**（甲方更正：0-GPN 与 00-GPN 是不同尺寸）
仿澳大利亚款式乙炔割嘴4120,41-20,仿澳大利亚款式乙炔割嘴4120#41-20,"仿澳大利亚款式乙炔 割嘴 41-20

包装：塑料盒+不干胶",2,2,"ziliao/安宝公司/HQF 41 6290NX/41, NX, 6290/2026/AB26560.xls",同型号不同尺寸（数字部分含前导零/位数/号数不一致）→ **不合并，各自建档**（甲方更正：0-GPN 与 00-GPN 是不同尺寸）
仿澳大利亚款式乙炔割嘴4120,41-20,仿澳大利亚款式乙炔割嘴4120#41-20,"仿澳大利亚款式乙炔割嘴 41-20

包装：塑料挂钩盒+不干胶",2,2,"ziliao/安宝公司/HQF 41 6290NX/41, NX, 6290/AB241049 出口产品供需合同-奉化一洲.xls",同型号不同尺寸（数字部分含前导零/位数/号数不一致）→ **不合并，各自建档**（甲方更正：0-GPN 与 00-GPN 是不同尺寸）
仿澳大利亚款式乙炔割嘴4120,41-20-241160,仿澳大利亚款式乙炔割嘴4120#41-20-241160,"仿澳大利亚款式乙炔 割嘴 41-20

包装：塑料盒+不干胶 返单AB241160",1,1,"ziliao/安宝公司/HQF 41 6290NX/41, NX, 6290/ab251038.xls",同型号不同尺寸（数字部分含前导零/位数/号数不一致）→ **不合并，各自建档**（甲方更正：0-GPN 与 00-GPN 是不同尺寸）
仿澳大利亚款式乙炔割嘴418,41-8,仿澳大利亚款式乙炔割嘴418#41-8,"仿澳大利亚款式乙炔 割嘴 41-8

包装：塑料盒+不干胶",2,2,"ziliao/安宝公司/HQF 41 6290NX/41, NX, 6290/2026/AB26560.xls",同型号不同尺寸（数字部分含前导零/位数/号数不一致）→ **不合并，各自建档**（甲方更正：0-GPN 与 00-GPN 是不同尺寸）
仿澳大利亚款式乙炔割嘴418,41-8,仿澳大利亚款式乙炔割嘴418#41-8,"仿澳大利亚款式乙炔割嘴 41-8

包装：塑料挂钩盒+不干胶",2,2,"ziliao/安宝公司/HQF 41 6290NX/41, NX, 6290/AB241049 出口产品供需合同-奉化一洲.xls",同型号不同尺寸（数字部分含前导零/位数/号数不一致）→ **不合并，各自建档**（甲方更正：0-GPN 与 00-GPN 是不同尺寸）
仿澳大利亚款式乙炔割嘴418,41-8-241160,仿澳大利亚款式乙炔割嘴418#41-8-241160,"仿澳大利亚款式乙炔 割嘴 41-8

包装：塑料盒+不干胶 返单AB241160",1,1,"ziliao/安宝公司/HQF 41 6290NX/41, NX, 6290/ab251038.xls",同型号不同尺寸（数字部分含前导零/位数/号数不一致）→ **不合并，各自建档**（甲方更正：0-GPN 与 00-GPN 是不同尺寸）
仿丙烷割嘴6290nx重44克,6290-1-44,仿丙烷割嘴6290nx重44克#6290-1-44,"仿丙烷割嘴 6290-NX-1# 重：44克
包装：仿HARRIS",3,3,"ziliao/安宝公司/HQF 41 6290NX/41, NX, 6290/AB251341 出口产品供需合同-奉化一洲(1).xls",同型号不同尺寸（数字部分含前导零/位数/号数不一致）→ **不合并，各自建档**（甲方更正：0-GPN 与 00-GPN 是不同尺寸）
仿丙烷割嘴6290nx重44克,6290-1-44-251341,仿丙烷割嘴6290nx重44克#6290-1-44-251341,"仿丙烷割嘴 6290-NX-1# 重：44克
包装：仿HARRIS 返单AB251341",1,1,"ziliao/安宝公司/HQF 41 6290NX/41, NX, 6290/2026/ab26690.xls",同型号不同尺寸（数字部分含前导零/位数/号数不一致）→ **不合并，各自建档**（甲方更正：0-GPN 与 00-GPN 是不同尺寸）
仿丙烷割嘴6290nx重44克,6290-2-44,仿丙烷割嘴6290nx重44克#6290-2-44,"仿丙烷割嘴 6290-NX-2# 重：44克
包装：仿HARRIS",2,2,"ziliao/安宝公司/HQF 41 6290NX/41, NX, 6290/AB251341 出口产品供需合同-奉化一洲(1).xls",同型号不同尺寸（数字部分含前导零/位数/号数不一致）→ **不合并，各自建档**（甲方更正：0-GPN 与 00-GPN 是不同尺寸）
仿丙烷割嘴6290nx重44克,6290-2-44-251341,仿丙烷割嘴6290nx重44克#6290-2-44-251341,"仿丙烷割嘴 6290-NX-2# 重：44克
包装：仿HARRIS 返单AB251341",1,1,"ziliao/安宝公司/HQF 41 6290NX/41, NX, 6290/2026/ab26690.xls",同型号不同尺寸（数字部分含前导零/位数/号数不一致）→ **不合并，各自建档**（甲方更正：0-GPN 与 00-GPN 是不同尺寸）
仿丙烷割嘴6290nx重44克,6290-3-44,仿丙烷割嘴6290nx重44克#6290-3-44,"仿丙烷割嘴 6290-NX-3# 重：44克
包装：仿HARRIS",3,3,"ziliao/安宝公司/HQF 41 6290NX/41, NX, 6290/AB251341 出口产品供需合同-奉化一洲(1).xls",同型号不同尺寸（数字部分含前导零/位数/号数不一致）→ **不合并，各自建档**（甲方更正：0-GPN 与 00-GPN 是不同尺寸）
仿丙烷割嘴6290nx重44克,6290-3-44-251341,仿丙烷割嘴6290nx重44克#6290-3-44-251341,"仿丙烷割嘴 6290-NX-3# 重：44克
包装：仿HARRIS 返单AB251341",1,1,"ziliao/安宝公司/HQF 41 6290NX/41, NX, 6290/2026/ab26690.xls",同型号不同尺寸（数字部分含前导零/位数/号数不一致）→ **不合并，各自建档**（甲方更正：0-GPN 与 00-GPN 是不同尺寸）
仿乙炔割嘴,6290-1,仿乙炔割嘴#6290-1,"仿乙炔割嘴 6290-1#
包装：仿HARRIS",3,3,"ziliao/安宝公司/HQF 41 6290NX/41, NX, 6290/AB251341 出口产品供需合同-奉化一洲(1).xls",同型号不同尺寸（数字部分含前导零/位数/号数不一致）→ **不合并，各自建档**（甲方更正：0-GPN 与 00-GPN 是不同尺寸）
仿乙炔割嘴,6290-2,仿乙炔割嘴#6290-2,"仿乙炔割嘴 6290-2#
包装：仿HARRIS",3,3,"ziliao/安宝公司/HQF 41 6290NX/41, NX, 6290/AB251341 出口产品供需合同-奉化一洲(1).xls",同型号不同尺寸（数字部分含前导零/位数/号数不一致）→ **不合并，各自建档**（甲方更正：0-GPN 与 00-GPN 是不同尺寸）
仿乙炔割嘴,6290-3,仿乙炔割嘴#6290-3,"仿乙炔割嘴 6290-3#
包装：仿HARRIS",3,3,"ziliao/安宝公司/HQF 41 6290NX/41, NX, 6290/AB251341 出口产品供需合同-奉化一洲(1).xls",同型号不同尺寸（数字部分含前导零/位数/号数不一致）→ **不合并，各自建档**（甲方更正：0-GPN 与 00-GPN 是不同尺寸）
割嘴,1-101-0,割嘴#1-101-0,1-101 0# 割嘴,1,1,ziliao/安宝公司/Weldsolutions不干胶/合同/2022前/出口产品供需合同ab20716(20年10月).xls,同型号不同尺寸（数字部分含前导零/位数/号数不一致）→ **不合并，各自建档**（甲方更正：0-GPN 与 00-GPN 是不同尺寸）
割嘴,1-3-101,割嘴#1-3-101,割嘴 1#-3-101,1,1,"ziliao/安宝公司/常规 1-101, 3-101/AB25898 出口产品供需合同-奉化一洲.xls",同型号不同尺寸（数字部分含前导零/位数/号数不一致）→ **不合并，各自建档**（甲方更正：0-GPN 与 00-GPN 是不同尺寸）
割嘴,2-1-101,割嘴#2-1-101,2# 1-101 割嘴,1,1,"ziliao/安宝公司/B.S.A. 6290NX,6290,1-101,GPN/AB22854 出口产品供需合同-一洲.xls",同型号不同尺寸（数字部分含前导零/位数/号数不一致）→ **不合并，各自建档**（甲方更正：0-GPN 与 00-GPN 是不同尺寸）
割嘴,3-1-101,割嘴#3-1-101,3# 1-101 割嘴,1,1,"ziliao/安宝公司/B.S.A. 6290NX,6290,1-101,GPN/AB22854 出口产品供需合同-一洲.xls",同型号不同尺寸（数字部分含前导零/位数/号数不一致）→ **不合并，各自建档**（甲方更正：0-GPN 与 00-GPN 是不同尺寸）
割嘴,3-101-0,割嘴#3-101-0,割嘴3-101   0#,2,2,ziliao/安宝公司/A. SH  AIR - OXY 里卡多/合同/2023/AB23652 出口产品供需合同-奉化一洲.xls,同型号不同尺寸（数字部分含前导零/位数/号数不一致）→ **不合并，各自建档**（甲方更正：0-GPN 与 00-GPN 是不同尺寸）
割嘴,3-101-1,割嘴#3-101-1,割嘴 3-101   1#,2,2,ziliao/安宝公司/A. SH  AIR - OXY 里卡多/合同/2023/AB23652 出口产品供需合同-奉化一洲.xls,同型号不同尺寸（数字部分含前导零/位数/号数不一致）→ **不合并，各自建档**（甲方更正：0-GPN 与 00-GPN 是不同尺寸）
割嘴,3-101-2,割嘴#3-101-2,割嘴3-101   2#,2,2,ziliao/安宝公司/A. SH  AIR - OXY 里卡多/合同/2023/AB23652 出口产品供需合同-奉化一洲.xls,同型号不同尺寸（数字部分含前导零/位数/号数不一致）→ **不合并，各自建档**（甲方更正：0-GPN 与 00-GPN 是不同尺寸）
割嘴3gpn,3-0,割嘴3gpn#3-0,割嘴3-GPN 0#,2,2,ziliao/安宝公司/A. SH  AIR - OXY 里卡多/合同/2023/AB23652 出口产品供需合同-奉化一洲.xls,同型号不同尺寸（数字部分含前导零/位数/号数不一致）→ **不合并，各自建档**（甲方更正：0-GPN 与 00-GPN 是不同尺寸）
割嘴3gpn,3-1,割嘴3gpn#3-1,割嘴3-GPN 1#,2,2,ziliao/安宝公司/A. SH  AIR - OXY 里卡多/合同/2023/AB23652 出口产品供需合同-奉化一洲.xls,同型号不同尺寸（数字部分含前导零/位数/号数不一致）→ **不合并，各自建档**（甲方更正：0-GPN 与 00-GPN 是不同尺寸）
割嘴3gpn,3-2,割嘴3gpn#3-2,割嘴3- GPN 2#,2,2,ziliao/安宝公司/A. SH  AIR - OXY 里卡多/合同/2023/AB23652 出口产品供需合同-奉化一洲.xls,同型号不同尺寸（数字部分含前导零/位数/号数不一致）→ **不合并，各自建档**（甲方更正：0-GPN 与 00-GPN 是不同尺寸）
割嘴3gpn产品号码6030,0-3-6030,割嘴3gpn产品号码6030#0-3-6030,割嘴 0-3-GPN 产品号码6030,4,4,ziliao/安宝公司/美国FRONNY/订单/2022/AB221050 出口产品供需合同-一洲P052929.xls,同型号不同尺寸（数字部分含前导零/位数/号数不一致）→ **不合并，各自建档**（甲方更正：0-GPN 与 00-GPN 是不同尺寸）
割嘴3gpn产品号码6030,3-0-6030,割嘴3gpn产品号码6030#3-0-6030,割嘴3-GPN 0# 产品号码6030,1,1,ziliao/安宝公司/美国FRONNY/订单/2026/AB26387.xls,同型号不同尺寸（数字部分含前导零/位数/号数不一致）→ **不合并，各自建档**（甲方更正：0-GPN 与 00-GPN 是不同尺寸）
割嘴6290nff,6290-1,割嘴6290nff#6290-1,割嘴 6290-NFF 1#,1,1,ziliao/安宝公司/有焊嘴订单/订单/AB22879 出口产品供需合同-奉化一洲(1).xls,同型号不同尺寸（数字部分含前导零/位数/号数不一致）→ **不合并，各自建档**（甲方更正：0-GPN 与 00-GPN 是不同尺寸）
割嘴6290nff,6290-2,割嘴6290nff#6290-2,割嘴 6290-NFF 2#,1,1,ziliao/安宝公司/有焊嘴订单/订单/AB22879 出口产品供需合同-奉化一洲(1).xls,同型号不同尺寸（数字部分含前导零/位数/号数不一致）→ **不合并，各自建档**（甲方更正：0-GPN 与 00-GPN 是不同尺寸）
割嘴产品号码6016,000-3-101-6016,割嘴产品号码6016#000-3-101-6016,"割嘴 000#-3-101 
产品号码6016",4,4,ziliao/安宝公司/美国FRONNY/订单/2023/AB23759 出口产品供需合同-一洲P061258.xls,同型号不同尺寸（数字部分含前导零/位数/号数不一致）→ **不合并，各自建档**（甲方更正：0-GPN 与 00-GPN 是不同尺寸）
割嘴产品号码6016,3-101-000-6016,割嘴产品号码6016#3-101-000-6016,割嘴3-101 000# 产品号码6016,5,5,ziliao/安宝公司/美国FRONNY/订单/2024/AB24139 出口产品供需合同-一洲PO62138(1).xls,同型号不同尺寸（数字部分含前导零/位数/号数不一致）→ **不合并，各自建档**（甲方更正：0-GPN 与 00-GPN 是不同尺寸）
割嘴产品号码6017,00-3-101-6017,割嘴产品号码6017#00-3-101-6017,割嘴 00#-3-101 产品号码6017,38,38,ziliao/安宝公司/M Haseeb  A.SH  106hc直通  80克/A.SH/AB241054 出口产品供需合同-一洲.xls,同型号不同尺寸（数字部分含前导零/位数/号数不一致）→ **不合并，各自建档**（甲方更正：0-GPN 与 00-GPN 是不同尺寸）
割嘴产品号码6017,3-101-00-6017,割嘴产品号码6017#3-101-00-6017,割嘴3-101 00# 产品号码6017,10,10,ziliao/安宝公司/美国FRONNY/订单/2024/AB24139 出口产品供需合同-一洲PO62138(1).xls,同型号不同尺寸（数字部分含前导零/位数/号数不一致）→ **不合并，各自建档**（甲方更正：0-GPN 与 00-GPN 是不同尺寸）
割嘴产品号码6018,0-3-101-6018,割嘴产品号码6018#0-3-101-6018,"割嘴 0#-3-101
产品号码6018",4,4,ziliao/安宝公司/美国FRONNY/订单/2023/AB23759 出口产品供需合同-一洲P061258.xls,同型号不同尺寸（数字部分含前导零/位数/号数不一致）→ **不合并，各自建档**（甲方更正：0-GPN 与 00-GPN 是不同尺寸）
割嘴产品号码6018,3-101-0-6018,割嘴产品号码6018#3-101-0-6018,割嘴3-101 0# 产品号码6018,14,14,ziliao/安宝公司/美国FRONNY/订单/2024/AB24139 出口产品供需合同-一洲PO62138(1).xls,同型号不同尺寸（数字部分含前导零/位数/号数不一致）→ **不合并，各自建档**（甲方更正：0-GPN 与 00-GPN 是不同尺寸）
割嘴产品号码6019,1-3-101-6019,割嘴产品号码6019#1-3-101-6019,割嘴 1#-3-101 产品号码6019,36,36,ziliao/安宝公司/M Haseeb  A.SH  106hc直通  80克/A.SH/AB241054 出口产品供需合同-一洲.xls,同型号不同尺寸（数字部分含前导零/位数/号数不一致）→ **不合并，各自建档**（甲方更正：0-GPN 与 00-GPN 是不同尺寸）
割嘴产品号码6019,3-101-1-6019,割嘴产品号码6019#3-101-1-6019,割嘴3-101 1# 产品号码6019,12,12,ziliao/安宝公司/美国FRONNY/订单/2024/AB24139 出口产品供需合同-一洲PO62138(1).xls,同型号不同尺寸（数字部分含前导零/位数/号数不一致）→ **不合并，各自建档**（甲方更正：0-GPN 与 00-GPN 是不同尺寸）
割嘴产品号码6020,2-3-101-6020,割嘴产品号码6020#2-3-101-6020,割嘴 2#-3-101 产品号码6020,34,34,ziliao/安宝公司/M Haseeb  A.SH  106hc直通  80克/A.SH/AB241054 出口产品供需合同-一洲.xls,同型号不同尺寸（数字部分含前导零/位数/号数不一致）→ **不合并，各自建档**（甲方更正：0-GPN 与 00-GPN 是不同尺寸）
割嘴产品号码6020,3-101-2-6020,割嘴产品号码6020#3-101-2-6020,割嘴3-101 2# 产品号码6020,13,13,ziliao/安宝公司/美国FRONNY/订单/2024/AB241060 出口产品供需合同-一洲PO63329.xls,同型号不同尺寸（数字部分含前导零/位数/号数不一致）→ **不合并，各自建档**（甲方更正：0-GPN 与 00-GPN 是不同尺寸）
割嘴产品号码6021,3-101-3-6021,割嘴产品号码6021#3-101-3-6021,割嘴3-101 3# 产品号码6021,7,7,ziliao/安宝公司/美国FRONNY/订单/2024/AB24139 出口产品供需合同-一洲PO62138(1).xls,同型号不同尺寸（数字部分含前导零/位数/号数不一致）→ **不合并，各自建档**（甲方更正：0-GPN 与 00-GPN 是不同尺寸）
割嘴产品号码6021,3-3-101-6021,割嘴产品号码6021#3-3-101-6021,割嘴 3#-3-101 产品号码6021,33,33,ziliao/安宝公司/M Haseeb  A.SH  106hc直通  80克/A.SH/AB241054 出口产品供需合同-一洲.xls,同型号不同尺寸（数字部分含前导零/位数/号数不一致）→ **不合并，各自建档**（甲方更正：0-GPN 与 00-GPN 是不同尺寸）
割嘴产品号码6022,00-1-101-6022,割嘴产品号码6022#00-1-101-6022,"割嘴 00#-1-101
产品号码6022",3,3,ziliao/安宝公司/美国FRONNY/订单/2023/AB23759 出口产品供需合同-一洲P061258.xls,同型号不同尺寸（数字部分含前导零/位数/号数不一致）→ **不合并，各自建档**（甲方更正：0-GPN 与 00-GPN 是不同尺寸）
割嘴产品号码6022,1-101-00-6022,割嘴产品号码6022#1-101-00-6022,割嘴1-101 00# 产品号码6022,10,10,ziliao/安宝公司/美国FRONNY/订单/2024/AB24139 出口产品供需合同-一洲PO62138(1).xls,同型号不同尺寸（数字部分含前导零/位数/号数不一致）→ **不合并，各自建档**（甲方更正：0-GPN 与 00-GPN 是不同尺寸）
割嘴产品号码6023,0-1-101-6023,割嘴产品号码6023#0-1-101-6023,"割嘴 0#-1-101
产品号码6023",2,2,ziliao/安宝公司/美国FRONNY/订单/2024/AB24055 出口产品供需合同-一洲PO62028(1).xls,同型号不同尺寸（数字部分含前导零/位数/号数不一致）→ **不合并，各自建档**（甲方更正：0-GPN 与 00-GPN 是不同尺寸）
割嘴产品号码6023,1-101-0-6023,割嘴产品号码6023#1-101-0-6023,割嘴1-101 0# 产品号码6023,9,9,ziliao/安宝公司/美国FRONNY/订单/2024/AB24139 出口产品供需合同-一洲PO62138(1).xls,同型号不同尺寸（数字部分含前导零/位数/号数不一致）→ **不合并，各自建档**（甲方更正：0-GPN 与 00-GPN 是不同尺寸）
割嘴产品号码6024,1-1-101-6024,割嘴产品号码6024#1-1-101-6024,割嘴 1#-1-101 产品号码6024,35,35,ziliao/安宝公司/M Haseeb  A.SH  106hc直通  80克/A.SH/AB241054 出口产品供需合同-一洲.xls,同型号不同尺寸（数字部分含前导零/位数/号数不一致）→ **不合并，各自建档**（甲方更正：0-GPN 与 00-GPN 是不同尺寸）
割嘴产品号码6024,1-101-1-6024,割嘴产品号码6024#1-101-1-6024,割嘴1-101 1# 产品号码6024,14,14,ziliao/安宝公司/美国FRONNY/订单/2024/AB241060 出口产品供需合同-一洲PO63329.xls,同型号不同尺寸（数字部分含前导零/位数/号数不一致）→ **不合并，各自建档**（甲方更正：0-GPN 与 00-GPN 是不同尺寸）
割嘴产品号码6025,1-101-2-6025,割嘴产品号码6025#1-101-2-6025,割嘴1-101 2# 产品号码6025,13,13,ziliao/安宝公司/美国FRONNY/订单/2024/AB24139 出口产品供需合同-一洲PO62138(1).xls,同型号不同尺寸（数字部分含前导零/位数/号数不一致）→ **不合并，各自建档**（甲方更正：0-GPN 与 00-GPN 是不同尺寸）
割嘴产品号码6025,2-1-101-6025,割嘴产品号码6025#2-1-101-6025,割嘴 2#-1-101 产品号码6025,35,35,ziliao/安宝公司/M Haseeb  A.SH  106hc直通  80克/A.SH/AB241054 出口产品供需合同-一洲.xls,同型号不同尺寸（数字部分含前导零/位数/号数不一致）→ **不合并，各自建档**（甲方更正：0-GPN 与 00-GPN 是不同尺寸）
割嘴产品号码6026,1-101-3-6026,割嘴产品号码6026#1-101-3-6026,割嘴1-101 3# 产品号码6026,5,5,ziliao/安宝公司/美国FRONNY/订单/2024/AB24139 出口产品供需合同-一洲PO62138(1).xls,同型号不同尺寸（数字部分含前导零/位数/号数不一致）→ **不合并，各自建档**（甲方更正：0-GPN 与 00-GPN 是不同尺寸）
割嘴产品号码6026,3-1-101-6026,割嘴产品号码6026#3-1-101-6026,"割嘴 3#-1-101
产品号码6026",5,5,ziliao/安宝公司/美国FRONNY/订单/2023/AB23759 出口产品供需合同-一洲P061258.xls,同型号不同尺寸（数字部分含前导零/位数/号数不一致）→ **不合并，各自建档**（甲方更正：0-GPN 与 00-GPN 是不同尺寸）
割嘴仿,0-1-101,割嘴仿#0-1-101,割嘴 #0-1-101 仿包装,1,1,ziliao/安宝公司/SAAD VICTOR 1-101 USA/ab241227 出口产品供需合同-奉化一洲.xls,同型号不同尺寸（数字部分含前导零/位数/号数不一致）→ **不合并，各自建档**（甲方更正：0-GPN 与 00-GPN 是不同尺寸）
割嘴仿,00-1-101,割嘴仿#00-1-101,割嘴 #00-1-101 仿包装,1,1,ziliao/安宝公司/SAAD VICTOR 1-101 USA/ab241227 出口产品供需合同-奉化一洲.xls,同型号不同尺寸（数字部分含前导零/位数/号数不一致）→ **不合并，各自建档**（甲方更正：0-GPN 与 00-GPN 是不同尺寸）
割嘴仿,1-1-101,割嘴仿#1-1-101,割嘴 #1-1-101 仿包装,1,1,ziliao/安宝公司/SAAD VICTOR 1-101 USA/ab241227 出口产品供需合同-奉化一洲.xls,同型号不同尺寸（数字部分含前导零/位数/号数不一致）→ **不合并，各自建档**（甲方更正：0-GPN 与 00-GPN 是不同尺寸）
割嘴仿,1-101-0,割嘴仿#1-101-0,割嘴 1-101 #0 仿包装,4,4,ziliao/安宝公司/A. SH  AIR - OXY 里卡多/合同/2021/AB21875 出口产品供需合同-奉化一洲(1).xls,同型号不同尺寸（数字部分含前导零/位数/号数不一致）→ **不合并，各自建档**（甲方更正：0-GPN 与 00-GPN 是不同尺寸）
割嘴仿,1-101-1,割嘴仿#1-101-1,割嘴 1-101 #1 仿包装,9,9,ziliao/安宝公司/A. SH  AIR - OXY 里卡多/A.SH/AB26003 出口产品供需合同-奉化一洲.xls,同型号不同尺寸（数字部分含前导零/位数/号数不一致）→ **不合并，各自建档**（甲方更正：0-GPN 与 00-GPN 是不同尺寸）
割嘴仿,1-101-2,割嘴仿#1-101-2,割嘴 1-101 #2 仿包装,9,9,ziliao/安宝公司/A. SH  AIR - OXY 里卡多/A.SH/AB26003 出口产品供需合同-奉化一洲.xls,同型号不同尺寸（数字部分含前导零/位数/号数不一致）→ **不合并，各自建档**（甲方更正：0-GPN 与 00-GPN 是不同尺寸）
割嘴仿,1-101-3,割嘴仿#1-101-3,割嘴 1-101 #3 仿包装,9,9,ziliao/安宝公司/A. SH  AIR - OXY 里卡多/A.SH/AB26003 出口产品供需合同-奉化一洲.xls,同型号不同尺寸（数字部分含前导零/位数/号数不一致）→ **不合并，各自建档**（甲方更正：0-GPN 与 00-GPN 是不同尺寸）
割嘴仿,1-101-4,割嘴仿#1-101-4,割嘴 1-101 #4 仿包装,8,8,ziliao/安宝公司/A. SH  AIR - OXY 里卡多/A.SH/AB26003 出口产品供需合同-奉化一洲.xls,同型号不同尺寸（数字部分含前导零/位数/号数不一致）→ **不合并，各自建档**（甲方更正：0-GPN 与 00-GPN 是不同尺寸）
割嘴仿,1-101-5,割嘴仿#1-101-5,割嘴 1-101 #5 仿包装,8,8,ziliao/安宝公司/A. SH  AIR - OXY 里卡多/A.SH/AB26003 出口产品供需合同-奉化一洲.xls,同型号不同尺寸（数字部分含前导零/位数/号数不一致）→ **不合并，各自建档**（甲方更正：0-GPN 与 00-GPN 是不同尺寸）
割嘴仿,1-101-6,割嘴仿#1-101-6,割嘴 1-101 #6 仿包装,1,1,ziliao/安宝公司/A. SH  AIR - OXY 里卡多/A.SH/AB26003 出口产品供需合同-奉化一洲.xls,同型号不同尺寸（数字部分含前导零/位数/号数不一致）→ **不合并，各自建档**（甲方更正：0-GPN 与 00-GPN 是不同尺寸）
割嘴仿,1-101-8,割嘴仿#1-101-8,割嘴 1-101 #8 仿包装,5,5,ziliao/安宝公司/A. SH  AIR - OXY 里卡多/A.SH/AB26003 出口产品供需合同-奉化一洲.xls,同型号不同尺寸（数字部分含前导零/位数/号数不一致）→ **不合并，各自建档**（甲方更正：0-GPN 与 00-GPN 是不同尺寸）
割嘴仿,2-1-101,割嘴仿#2-1-101,割嘴 #2-1-101 仿包装,1,1,ziliao/安宝公司/SAAD VICTOR 1-101 USA/ab241227 出口产品供需合同-奉化一洲.xls,同型号不同尺寸（数字部分含前导零/位数/号数不一致）→ **不合并，各自建档**（甲方更正：0-GPN 与 00-GPN 是不同尺寸）
割嘴仿,3-1-101,割嘴仿#3-1-101,割嘴 #3-1-101 仿包装,1,1,ziliao/安宝公司/SAAD VICTOR 1-101 USA/ab241227 出口产品供需合同-奉化一洲.xls,同型号不同尺寸（数字部分含前导零/位数/号数不一致）→ **不合并，各自建档**（甲方更正：0-GPN 与 00-GPN 是不同尺寸）
割嘴仿,4-1-101,割嘴仿#4-1-101,割嘴 #4-1-101 仿包装,1,1,ziliao/安宝公司/SAAD VICTOR 1-101 USA/ab241227 出口产品供需合同-奉化一洲.xls,同型号不同尺寸（数字部分含前导零/位数/号数不一致）→ **不合并，各自建档**（甲方更正：0-GPN 与 00-GPN 是不同尺寸）
割嘴gpn仿,0,割嘴gpn仿#0,割嘴 GPN #0 仿包装,5,5,ziliao/安宝公司/A. SH  AIR - OXY 里卡多/合同/2021/AB21875 出口产品供需合同-奉化一洲(1).xls,同型号不同尺寸（数字部分含前导零/位数/号数不一致）→ **不合并，各自建档**（甲方更正：0-GPN 与 00-GPN 是不同尺寸）
割嘴gpn仿,00,割嘴gpn仿#00,割嘴 GPN #00 仿包装,5,5,ziliao/安宝公司/A. SH  AIR - OXY 里卡多/合同/2021/AB21875 出口产品供需合同-奉化一洲(1).xls,同型号不同尺寸（数字部分含前导零/位数/号数不一致）→ **不合并，各自建档**（甲方更正：0-GPN 与 00-GPN 是不同尺寸）
割嘴gpn仿,1,割嘴gpn仿#1,割嘴 GPN #1 仿包装,7,7,ziliao/安宝公司/A. SH  AIR - OXY 里卡多/合同/2021/AB21875 出口产品供需合同-奉化一洲(1).xls,同型号不同尺寸（数字部分含前导零/位数/号数不一致）→ **不合并，各自建档**（甲方更正：0-GPN 与 00-GPN 是不同尺寸）
割嘴gpn仿,2,割嘴gpn仿#2,割嘴 GPN #2 仿包装,10,10,ziliao/安宝公司/A. SH  AIR - OXY 里卡多/A.SH/ab25071  出口产品供需合同-奉化一洲.xls,同型号不同尺寸（数字部分含前导零/位数/号数不一致）→ **不合并，各自建档**（甲方更正：0-GPN 与 00-GPN 是不同尺寸）
割嘴gpn仿,3,割嘴gpn仿#3,割嘴 GPN #3 仿包装,4,4,ziliao/安宝公司/A. SH  AIR - OXY 里卡多/合同/2021/AB21875 出口产品供需合同-奉化一洲(1).xls,同型号不同尺寸（数字部分含前导零/位数/号数不一致）→ **不合并，各自建档**（甲方更正：0-GPN 与 00-GPN 是不同尺寸）
割嘴gpn仿,4,割嘴gpn仿#4,割嘴 GPN #4 仿包装,9,9,ziliao/安宝公司/A. SH  AIR - OXY 里卡多/合同/2021/AB21875 出口产品供需合同-奉化一洲(1).xls,同型号不同尺寸（数字部分含前导零/位数/号数不一致）→ **不合并，各自建档**（甲方更正：0-GPN 与 00-GPN 是不同尺寸）
割嘴gpn仿,5,割嘴gpn仿#5,割嘴 GPN #5 仿包装,3,3,ziliao/安宝公司/A. SH  AIR - OXY 里卡多/合同/2021/AB21875 出口产品供需合同-奉化一洲(1).xls,同型号不同尺寸（数字部分含前导零/位数/号数不一致）→ **不合并，各自建档**（甲方更正：0-GPN 与 00-GPN 是不同尺寸）
割嘴gpn仿,6,割嘴gpn仿#6,割嘴 GPN #6 仿包装,5,5,ziliao/安宝公司/A. SH  AIR - OXY 里卡多/合同/2021/AB21875 出口产品供需合同-奉化一洲(1).xls,同型号不同尺寸（数字部分含前导零/位数/号数不一致）→ **不合并，各自建档**（甲方更正：0-GPN 与 00-GPN 是不同尺寸）
割嘴gpn仿,7,割嘴gpn仿#7,割嘴 GPN #7 仿包装,3,3,ziliao/安宝公司/A. SH  AIR - OXY 里卡多/合同/2021/AB21875 出口产品供需合同-奉化一洲(1).xls,同型号不同尺寸（数字部分含前导零/位数/号数不一致）→ **不合并，各自建档**（甲方更正：0-GPN 与 00-GPN 是不同尺寸）
割嘴gpn仿,8,割嘴gpn仿#8,割嘴 GPN #8 仿包装,3,3,ziliao/安宝公司/A. SH  AIR - OXY 里卡多/合同/2021/AB21875 出口产品供需合同-奉化一洲(1).xls,同型号不同尺寸（数字部分含前导零/位数/号数不一致）→ **不合并，各自建档**（甲方更正：0-GPN 与 00-GPN 是不同尺寸）
割嘴gpn塑料盖贴gpn0,0-0,割嘴gpn塑料盖贴gpn0#0-0,割嘴 GPN #0  塑料盖贴：GPN-0,8,8,ziliao/安宝公司/A. SH  AIR - OXY 里卡多/合同/2021/AB21875 出口产品供需合同-奉化一洲(1).xls,同型号不同尺寸（数字部分含前导零/位数/号数不一致）→ **不合并，各自建档**（甲方更正：0-GPN 与 00-GPN 是不同尺寸）
割嘴gpn塑料盖贴gpn0,00-00,割嘴gpn塑料盖贴gpn0#00-00,割嘴 GPN #00 塑料盖贴：GPN-00,2,2,ziliao/安宝公司/A. SH  AIR - OXY 里卡多/合同/2021/AB21875 出口产品供需合同-奉化一洲(1).xls,同型号不同尺寸（数字部分含前导零/位数/号数不一致）→ **不合并，各自建档**（甲方更正：0-GPN 与 00-GPN 是不同尺寸）
内嘴p0,0,内嘴p0#0,内嘴 P0 刻字内容规格与型号 如右图,1,1,ziliao/安宝公司/旧订单资料/REDIUS俄罗斯/DOKA PNM/DOKA 订单/AB251096.xls,同型号不同尺寸（数字部分含前导零/位数/号数不一致）→ **不合并，各自建档**（甲方更正：0-GPN 与 00-GPN 是不同尺寸）
内嘴p0,0-500-41,内嘴p0#0-500-41,"内嘴 P0 刻字内容规格与型号 如右图
单只塑料袋包装 500只/箱 重41G",1,1,ziliao/安宝公司/旧订单资料/REDIUS俄罗斯/DOKA PNM/DOKA 订单/ab221024 出口产品供需合同-一洲(1).xls,同型号不同尺寸（数字部分含前导零/位数/号数不一致）→ **不合并，各自建档**（甲方更正：0-GPN 与 00-GPN 是不同尺寸）
内嘴p0,0-500-42,内嘴p0#0-500-42,"内嘴 P0 刻字内容规格与型号 如右图
单只塑料袋包装 500只/箱 重42G",2,2,ziliao/安宝公司/旧订单资料/REDIUS俄罗斯/DOKA PNM/DOKA 订单/AB22819 出口产品供需合同-一洲.xls,同型号不同尺寸（数字部分含前导零/位数/号数不一致）→ **不合并，各自建档**（甲方更正：0-GPN 与 00-GPN 是不同尺寸）
内嘴p1,1,内嘴p1#1,内嘴 P1 刻字内容规格与型号 如右图,1,1,ziliao/安宝公司/旧订单资料/REDIUS俄罗斯/DOKA PNM/DOKA 订单/AB251096.xls,同型号不同尺寸（数字部分含前导零/位数/号数不一致）→ **不合并，各自建档**（甲方更正：0-GPN 与 00-GPN 是不同尺寸）
内嘴p1,1-500-41,内嘴p1#1-500-41,"内嘴 P1 刻字内容规格与型号 如右图
单只塑料袋包装 500只/箱 重41G",1,1,ziliao/安宝公司/旧订单资料/REDIUS俄罗斯/DOKA PNM/DOKA 订单/ab221024 出口产品供需合同-一洲(1).xls,同型号不同尺寸（数字部分含前导零/位数/号数不一致）→ **不合并，各自建档**（甲方更正：0-GPN 与 00-GPN 是不同尺寸）
内嘴p1,1-500-42,内嘴p1#1-500-42,"内嘴 P1 刻字内容规格与型号 如右图
单只塑料袋包装 500只/箱 重42G",3,3,ziliao/安宝公司/旧订单资料/REDIUS俄罗斯/DOKA PNM/DOKA 订单/AB22560 出口产品供需合同-一洲.xls,同型号不同尺寸（数字部分含前导零/位数/号数不一致）→ **不合并，各自建档**（甲方更正：0-GPN 与 00-GPN 是不同尺寸）
内嘴p1,1-500-42,内嘴p1#1-500-42,"内嘴 P1 刻字内容规格与型号 
单只塑料袋包装 500只/箱 重42G",1,1,ziliao/安宝公司/旧订单资料/REDIUS俄罗斯/DOKA PNM/DOKA 订单/AB22345 出口产品供需合同-奉化一洲.xls,同型号不同尺寸（数字部分含前导零/位数/号数不一致）→ **不合并，各自建档**（甲方更正：0-GPN 与 00-GPN 是不同尺寸）
内嘴p2,2,内嘴p2#2,内嘴 P2 刻字内容规格与型号 如右图,1,1,ziliao/安宝公司/旧订单资料/REDIUS俄罗斯/DOKA PNM/DOKA 订单/AB251096.xls,同型号不同尺寸（数字部分含前导零/位数/号数不一致）→ **不合并，各自建档**（甲方更正：0-GPN 与 00-GPN 是不同尺寸）
内嘴p2,2-500-41,内嘴p2#2-500-41,"内嘴 P2 刻字内容规格与型号 如右图
单只塑料袋包装 500只/箱 重41G",1,1,ziliao/安宝公司/旧订单资料/REDIUS俄罗斯/DOKA PNM/DOKA 订单/ab221024 出口产品供需合同-一洲(1).xls,同型号不同尺寸（数字部分含前导零/位数/号数不一致）→ **不合并，各自建档**（甲方更正：0-GPN 与 00-GPN 是不同尺寸）
内嘴p2,2-500-42,内嘴p2#2-500-42,"内嘴 P2 刻字内容规格与型号 如右图
单只塑料袋包装 500只/箱 重42G",3,3,ziliao/安宝公司/旧订单资料/REDIUS俄罗斯/DOKA PNM/DOKA 订单/AB22560 出口产品供需合同-一洲.xls,同型号不同尺寸（数字部分含前导零/位数/号数不一致）→ **不合并，各自建档**（甲方更正：0-GPN 与 00-GPN 是不同尺寸）
内嘴p2,2-500-42,内嘴p2#2-500-42,"内嘴 P2 刻字内容规格与型号 
单只塑料袋包装 500只/箱 重42G",1,1,ziliao/安宝公司/旧订单资料/REDIUS俄罗斯/DOKA PNM/DOKA 订单/AB22345 出口产品供需合同-奉化一洲.xls,同型号不同尺寸（数字部分含前导零/位数/号数不一致）→ **不合并，各自建档**（甲方更正：0-GPN 与 00-GPN 是不同尺寸）
内嘴p3,3,内嘴p3#3,内嘴 P3 刻字内容规格与型号 如右图,1,1,ziliao/安宝公司/旧订单资料/REDIUS俄罗斯/DOKA PNM/DOKA 订单/AB251096.xls,同型号不同尺寸（数字部分含前导零/位数/号数不一致）→ **不合并，各自建档**（甲方更正：0-GPN 与 00-GPN 是不同尺寸）
内嘴p3,3-500-41,内嘴p3#3-500-41,"内嘴 P3 刻字内容规格与型号 如右图
单只塑料袋包装 500只/箱 重41G",1,1,ziliao/安宝公司/旧订单资料/REDIUS俄罗斯/DOKA PNM/DOKA 订单/ab221024 出口产品供需合同-一洲(1).xls,同型号不同尺寸（数字部分含前导零/位数/号数不一致）→ **不合并，各自建档**（甲方更正：0-GPN 与 00-GPN 是不同尺寸）
内嘴p3,3-500-42,内嘴p3#3-500-42,"内嘴 P3 刻字内容规格与型号 如右图
单只塑料袋包装 500只/箱 重42G",3,3,ziliao/安宝公司/旧订单资料/REDIUS俄罗斯/DOKA PNM/DOKA 订单/AB22560 出口产品供需合同-一洲.xls,同型号不同尺寸（数字部分含前导零/位数/号数不一致）→ **不合并，各自建档**（甲方更正：0-GPN 与 00-GPN 是不同尺寸）
内嘴p3,3-500-42,内嘴p3#3-500-42,"内嘴 P3 刻字内容规格与型号 
单只塑料袋包装 500只/箱 重42G",1,1,ziliao/安宝公司/旧订单资料/REDIUS俄罗斯/DOKA PNM/DOKA 订单/AB22345 出口产品供需合同-奉化一洲.xls,同型号不同尺寸（数字部分含前导零/位数/号数不一致）→ **不合并，各自建档**（甲方更正：0-GPN 与 00-GPN 是不同尺寸）
内嘴p4,4,内嘴p4#4,内嘴 P4 刻字内容规格与型号 如右图,1,1,ziliao/安宝公司/旧订单资料/REDIUS俄罗斯/DOKA PNM/DOKA 订单/AB251096.xls,同型号不同尺寸（数字部分含前导零/位数/号数不一致）→ **不合并，各自建档**（甲方更正：0-GPN 与 00-GPN 是不同尺寸）
内嘴p4,4-500-41,内嘴p4#4-500-41,"内嘴 P4 刻字内容规格与型号 如右图
单只塑料袋包装 500只/箱 重41G",1,1,ziliao/安宝公司/旧订单资料/REDIUS俄罗斯/DOKA PNM/DOKA 订单/ab221024 出口产品供需合同-一洲(1).xls,同型号不同尺寸（数字部分含前导零/位数/号数不一致）→ **不合并，各自建档**（甲方更正：0-GPN 与 00-GPN 是不同尺寸）
内嘴p4,4-500-42,内嘴p4#4-500-42,"内嘴 P4 刻字内容规格与型号 如右图
单只塑料袋包装 500只/箱 重42G",1,1,ziliao/安宝公司/旧订单资料/REDIUS俄罗斯/DOKA PNM/DOKA 订单/AB22819 出口产品供需合同-一洲.xls,同型号不同尺寸（数字部分含前导零/位数/号数不一致）→ **不合并，各自建档**（甲方更正：0-GPN 与 00-GPN 是不同尺寸）
内嘴p5,5,内嘴p5#5,内嘴 P5 刻字内容规格与型号 如右图,1,1,ziliao/安宝公司/旧订单资料/REDIUS俄罗斯/DOKA PNM/DOKA 订单/AB251096.xls,同型号不同尺寸（数字部分含前导零/位数/号数不一致）→ **不合并，各自建档**（甲方更正：0-GPN 与 00-GPN 是不同尺寸）
内嘴p5,5-500-41,内嘴p5#5-500-41,"内嘴 P5 刻字内容规格与型号 如右图
单只塑料袋包装 500只/箱 重41G",1,1,ziliao/安宝公司/旧订单资料/REDIUS俄罗斯/DOKA PNM/DOKA 订单/ab221024 出口产品供需合同-一洲(1).xls,同型号不同尺寸（数字部分含前导零/位数/号数不一致）→ **不合并，各自建档**（甲方更正：0-GPN 与 00-GPN 是不同尺寸）
内嘴p5,5-500-42,内嘴p5#5-500-42,"内嘴 P5 刻字内容规格与型号 如右图
单只塑料袋包装 500只/箱 重42G",1,1,ziliao/安宝公司/旧订单资料/REDIUS俄罗斯/DOKA PNM/DOKA 订单/AB22819 出口产品供需合同-一洲.xls,同型号不同尺寸（数字部分含前导零/位数/号数不一致）→ **不合并，各自建档**（甲方更正：0-GPN 与 00-GPN 是不同尺寸）
内嘴p6,6,内嘴p6#6,内嘴 P6 刻字内容规格与型号 如右图,2,2,ziliao/安宝公司/旧订单资料/REDIUS俄罗斯/DOKA PNM/DOKA 订单/AB251096.xls,同型号不同尺寸（数字部分含前导零/位数/号数不一致）→ **不合并，各自建档**（甲方更正：0-GPN 与 00-GPN 是不同尺寸）
内嘴p6,6-500-41,内嘴p6#6-500-41,"内嘴 P6 刻字内容规格与型号 如右图
单只塑料袋包装 500只/箱 重41G",1,1,ziliao/安宝公司/旧订单资料/REDIUS俄罗斯/DOKA PNM/DOKA 订单/ab221024 出口产品供需合同-一洲(1).xls,同型号不同尺寸（数字部分含前导零/位数/号数不一致）→ **不合并，各自建档**（甲方更正：0-GPN 与 00-GPN 是不同尺寸）
内嘴p6,6-500-42,内嘴p6#6-500-42,"内嘴 P6 刻字内容规格与型号 如右图
单只塑料袋包装 500只/箱 重42G",1,1,ziliao/安宝公司/旧订单资料/REDIUS俄罗斯/DOKA PNM/DOKA 订单/AB22819 出口产品供需合同-一洲.xls,同型号不同尺寸（数字部分含前导零/位数/号数不一致）→ **不合并，各自建档**（甲方更正：0-GPN 与 00-GPN 是不同尺寸）
外嘴pnm,1,外嘴pnm#1,外嘴 PNM 1# 刻字内容规格与型号 如图,1,1,ziliao/安宝公司/旧订单资料/REDIUS俄罗斯/DOKA PNM/DOKA 订单/AB251096.xls,同型号不同尺寸（数字部分含前导零/位数/号数不一致）→ **不合并，各自建档**（甲方更正：0-GPN 与 00-GPN 是不同尺寸）
外嘴pnm,1-500-31,外嘴pnm#1-500-31,"外嘴 PNM 1# 刻字内容规格与型号 如图
单只塑料袋包装 500只/箱 重31G",1,1,ziliao/安宝公司/旧订单资料/REDIUS俄罗斯/DOKA PNM/DOKA 订单/ab221024 出口产品供需合同-一洲(1).xls,同型号不同尺寸（数字部分含前导零/位数/号数不一致）→ **不合并，各自建档**（甲方更正：0-GPN 与 00-GPN 是不同尺寸）
外嘴pnm,1-500-32,外嘴pnm#1-500-32,"外嘴 PNM 1# 刻字内容规格与型号 如图
单只塑料袋包装 500只/箱 重32G",4,4,ziliao/安宝公司/旧订单资料/REDIUS俄罗斯/DOKA PNM/DOKA 订单/AB22560 出口产品供需合同-一洲.xls,同型号不同尺寸（数字部分含前导零/位数/号数不一致）→ **不合并，各自建档**（甲方更正：0-GPN 与 00-GPN 是不同尺寸）
外嘴pnm,1-500-32,外嘴pnm#1-500-32,"外嘴 PNM 1# 刻字内容规格与型号 
单只塑料袋包装 500只/箱 重32G",1,1,ziliao/安宝公司/旧订单资料/REDIUS俄罗斯/DOKA PNM/DOKA 订单/AB22345 出口产品供需合同-奉化一洲.xls,同型号不同尺寸（数字部分含前导零/位数/号数不一致）→ **不合并，各自建档**（甲方更正：0-GPN 与 00-GPN 是不同尺寸）
外嘴pnm,2,外嘴pnm#2,外嘴 PNM 2# 刻字内容规格与型号 如图,1,1,ziliao/安宝公司/旧订单资料/REDIUS俄罗斯/DOKA PNM/DOKA 订单/AB251096.xls,同型号不同尺寸（数字部分含前导零/位数/号数不一致）→ **不合并，各自建档**（甲方更正：0-GPN 与 00-GPN 是不同尺寸）
外嘴pnm,2-500-31,外嘴pnm#2-500-31,"外嘴 PNM 2# 刻字内容规格与型号 如图
单只塑料袋包装 500只/箱 重31G",1,1,ziliao/安宝公司/旧订单资料/REDIUS俄罗斯/DOKA PNM/DOKA 订单/ab221024 出口产品供需合同-一洲(1).xls,同型号不同尺寸（数字部分含前导零/位数/号数不一致）→ **不合并，各自建档**（甲方更正：0-GPN 与 00-GPN 是不同尺寸）
外嘴pnm,2-500-32,外嘴pnm#2-500-32,"外嘴 PNM 2# 刻字内容规格与型号 
单只塑料袋包装 500只/箱 重32G",2,2,ziliao/安宝公司/旧订单资料/REDIUS俄罗斯/DOKA PNM/DOKA 订单/AB22153 出口产品供需合同-奉化一洲.xls,同型号不同尺寸（数字部分含前导零/位数/号数不一致）→ **不合并，各自建档**（甲方更正：0-GPN 与 00-GPN 是不同尺寸）
外嘴pnm,2-500-32,外嘴pnm#2-500-32,"外嘴 PNM 2# 刻字内容规格与型号 如图
单只塑料袋包装 500只/箱 重32G",2,2,ziliao/安宝公司/旧订单资料/REDIUS俄罗斯/DOKA PNM/DOKA 订单/AB22819 出口产品供需合同-一洲.xls,同型号不同尺寸（数字部分含前导零/位数/号数不一致）→ **不合并，各自建档**（甲方更正：0-GPN 与 00-GPN 是不同尺寸）
维克多款式gpn仿,0,维克多款式gpn仿#0,维克多款式 GPN  #0  仿,1,1,ziliao/安宝公司/旧订单资料/GICOWELD/合同/AB211007 出口产品供需合同-奉化一洲.xls,同型号不同尺寸（数字部分含前导零/位数/号数不一致）→ **不合并，各自建档**（甲方更正：0-GPN 与 00-GPN 是不同尺寸）
维克多款式gpn仿,2,维克多款式gpn仿#2,维克多款式 GPN  #2  仿,1,1,ziliao/安宝公司/旧订单资料/GICOWELD/合同/AB211007 出口产品供需合同-奉化一洲.xls,同型号不同尺寸（数字部分含前导零/位数/号数不一致）→ **不合并，各自建档**（甲方更正：0-GPN 与 00-GPN 是不同尺寸）
维克多款式gpn仿,6,维克多款式gpn仿#6,维克多款式 GPN  #6  仿,1,1,ziliao/安宝公司/旧订单资料/GICOWELD/合同/AB211007 出口产品供需合同-奉化一洲.xls,同型号不同尺寸（数字部分含前导零/位数/号数不一致）→ **不合并，各自建档**（甲方更正：0-GPN 与 00-GPN 是不同尺寸）
乙炔割嘴,1-101-0,乙炔割嘴#1-101-0,"乙炔割嘴 1-101 0#
刻字中性如右图所示

包装：中性塑料盒+中性不干胶",1,1,ziliao/安宝公司/F&G 订单/ab23779 出口产品供需合同-一洲(1).xls,同型号不同尺寸（数字部分含前导零/位数/号数不一致）→ **不合并，各自建档**（甲方更正：0-GPN 与 00-GPN 是不同尺寸）
乙炔割嘴,1-101-1,乙炔割嘴#1-101-1,乙炔割嘴 1-101 1#,3,3,"ziliao/安宝公司/B.S.A. 6290NX,6290,1-101,GPN/AB23568 出口产品供需合同-一洲(1).xls",同型号不同尺寸（数字部分含前导零/位数/号数不一致）→ **不合并，各自建档**（甲方更正：0-GPN 与 00-GPN 是不同尺寸）
乙炔割嘴,1-101-1,乙炔割嘴#1-101-1,"乙炔割嘴1-101 1#

包装：塑料盒 不要贴 不干胶",2,2,ziliao/安宝公司/WT 6290NX/AB24747 出口产品供需合同-奉化一洲.xls,同型号不同尺寸（数字部分含前导零/位数/号数不一致）→ **不合并，各自建档**（甲方更正：0-GPN 与 00-GPN 是不同尺寸）
乙炔割嘴,1-101-1,乙炔割嘴#1-101-1,"乙炔割嘴 1-101 1#
刻字中性如右图所示

包装：中性塑料盒+中性不干胶",2,1,ziliao/安宝公司/F&G 订单/ab23779 出口产品供需合同-一洲(1).xls,同型号不同尺寸（数字部分含前导零/位数/号数不一致）→ **不合并，各自建档**（甲方更正：0-GPN 与 00-GPN 是不同尺寸）
乙炔割嘴,1-101-2,乙炔割嘴#1-101-2,"乙炔割嘴1-101 2#

包装：塑料盒 不要贴 不干胶",2,2,ziliao/安宝公司/WT 6290NX/AB24747 出口产品供需合同-奉化一洲.xls,同型号不同尺寸（数字部分含前导零/位数/号数不一致）→ **不合并，各自建档**（甲方更正：0-GPN 与 00-GPN 是不同尺寸）
乙炔割嘴,1-101-2,乙炔割嘴#1-101-2,"乙炔割嘴 1-101 2#
刻字中性如右图所示

包装：中性塑料盒+中性不干胶",1,1,ziliao/安宝公司/F&G 订单/ab23779 出口产品供需合同-一洲(1).xls,同型号不同尺寸（数字部分含前导零/位数/号数不一致）→ **不合并，各自建档**（甲方更正：0-GPN 与 00-GPN 是不同尺寸）
乙炔割嘴,1-101-3,乙炔割嘴#1-101-3,"乙炔割嘴1-101 3#

包装：塑料盒 不要贴 不干胶",2,2,ziliao/安宝公司/WT 6290NX/AB24747 出口产品供需合同-奉化一洲.xls,同型号不同尺寸（数字部分含前导零/位数/号数不一致）→ **不合并，各自建档**（甲方更正：0-GPN 与 00-GPN 是不同尺寸）
乙炔割嘴,1-101-3,乙炔割嘴#1-101-3,"乙炔割嘴 1-101 3#
刻字中性如右图所示

包装：中性塑料盒+中性不干胶",1,1,ziliao/安宝公司/F&G 订单/ab23779 出口产品供需合同-一洲(1).xls,同型号不同尺寸（数字部分含前导零/位数/号数不一致）→ **不合并，各自建档**（甲方更正：0-GPN 与 00-GPN 是不同尺寸）
乙炔割嘴,1-101-4,乙炔割嘴#1-101-4,"乙炔割嘴1-101 4#

包装：塑料盒 不要贴 不干胶",2,2,ziliao/安宝公司/WT 6290NX/AB24747 出口产品供需合同-奉化一洲.xls,同型号不同尺寸（数字部分含前导零/位数/号数不一致）→ **不合并，各自建档**（甲方更正：0-GPN 与 00-GPN 是不同尺寸）
乙炔割嘴,1-101-5,乙炔割嘴#1-101-5,"乙炔割嘴1-101 5#

包装：塑料盒 不要贴 不干胶",2,2,ziliao/安宝公司/WT 6290NX/AB24747 出口产品供需合同-奉化一洲.xls,同型号不同尺寸（数字部分含前导零/位数/号数不一致）→ **不合并，各自建档**（甲方更正：0-GPN 与 00-GPN 是不同尺寸）
乙炔割嘴,1502-3,乙炔割嘴#1502-3,"乙炔割嘴 1502 3#
包装+刻字：中性",1,1,ziliao/安宝公司/有焊嘴订单/订单/2026/AB26572.xls,同型号不同尺寸（数字部分含前导零/位数/号数不一致）→ **不合并，各自建档**（甲方更正：0-GPN 与 00-GPN 是不同尺寸）
乙炔割嘴,1502-4,乙炔割嘴#1502-4,"乙炔割嘴 1502 4#
包装+刻字：中性",1,1,ziliao/安宝公司/有焊嘴订单/订单/2026/AB26572.xls,同型号不同尺寸（数字部分含前导零/位数/号数不一致）→ **不合并，各自建档**（甲方更正：0-GPN 与 00-GPN 是不同尺寸）
乙炔割嘴,3-101-1,乙炔割嘴#3-101-1,乙炔割嘴 3-101 1#,1,1,"ziliao/安宝公司/B.S.A. 6290NX,6290,1-101,GPN/AB24818 出口产品供需合同-一洲(1).xls",同型号不同尺寸（数字部分含前导零/位数/号数不一致）→ **不合并，各自建档**（甲方更正：0-GPN 与 00-GPN 是不同尺寸）
乙炔割嘴,3-101-3,乙炔割嘴#3-101-3,"乙炔割嘴 3-101 3#
包装+刻字：中性",1,1,ziliao/安宝公司/有焊嘴订单/订单/2026/AB26572.xls,同型号不同尺寸（数字部分含前导零/位数/号数不一致）→ **不合并，各自建档**（甲方更正：0-GPN 与 00-GPN 是不同尺寸）
乙炔割嘴,3-101-4,乙炔割嘴#3-101-4,"乙炔割嘴 3-101 4#
包装+刻字：中性",1,1,ziliao/安宝公司/有焊嘴订单/订单/2026/AB26572.xls,同型号不同尺寸（数字部分含前导零/位数/号数不一致）→ **不合并，各自建档**（甲方更正：0-GPN 与 00-GPN 是不同尺寸）
乙炔割嘴,6290-1,乙炔割嘴#6290-1,"乙炔割嘴 6290-1# 
包装：中性塑料盒",2,2,"ziliao/安宝公司/HQF 41 6290NX/41, NX, 6290/106HC, NX/ab24076 106HC NX.xls",同型号不同尺寸（数字部分含前导零/位数/号数不一致）→ **不合并，各自建档**（甲方更正：0-GPN 与 00-GPN 是不同尺寸）
乙炔割嘴,6290-1,乙炔割嘴#6290-1,"乙炔割嘴 6290-1# 
刻字中性
包装：塑料盒",2,2,"ziliao/安宝公司/常规1-101,GPN 6290NX,G1-P,NFF/AB25330.xls",同型号不同尺寸（数字部分含前导零/位数/号数不一致）→ **不合并，各自建档**（甲方更正：0-GPN 与 00-GPN 是不同尺寸）
乙炔割嘴,6290-1-1,乙炔割嘴#6290-1-1,"乙炔割嘴 6290-1# 
包装：用PP袋/1只割嘴",1,1,"ziliao/安宝公司/HARRIS 6290-2AC, 41 原装/62902AC合同/AB23451 出口产品供需合同-奉化一洲.xls",同型号不同尺寸（数字部分含前导零/位数/号数不一致）→ **不合并，各自建档**（甲方更正：0-GPN 与 00-GPN 是不同尺寸）
乙炔割嘴102hc,102-1,乙炔割嘴102hc#102-1,"乙炔割嘴 102HC-1#
包装：彩卡+泡壳+说明书",1,1,"ziliao/安宝公司/HQF 41 6290NX/41, NX, 6290/AB251341 出口产品供需合同-奉化一洲(1).xls",同型号不同尺寸（数字部分含前导零/位数/号数不一致）→ **不合并，各自建档**（甲方更正：0-GPN 与 00-GPN 是不同尺寸）
乙炔割嘴102hc,102-2,乙炔割嘴102hc#102-2,乙炔割嘴 102HC-2#,1,1,"ziliao/安宝公司/HQF 41 6290NX/41, NX, 6290/ab241160 出口产品供需合同-一洲.xls",同型号不同尺寸（数字部分含前导零/位数/号数不一致）→ **不合并，各自建档**（甲方更正：0-GPN 与 00-GPN 是不同尺寸）
乙炔割嘴102hc,102-2,乙炔割嘴102hc#102-2,"乙炔割嘴 102HC-2#
包装：彩卡+泡壳+说明书",1,1,"ziliao/安宝公司/HQF 41 6290NX/41, NX, 6290/AB251341 出口产品供需合同-奉化一洲(1).xls",同型号不同尺寸（数字部分含前导零/位数/号数不一致）→ **不合并，各自建档**（甲方更正：0-GPN 与 00-GPN 是不同尺寸）
乙炔割嘴102hc,102-3,乙炔割嘴102hc#102-3,"乙炔割嘴 102HC-3#
包装：彩卡+泡壳+说明书",1,1,"ziliao/安宝公司/HQF 41 6290NX/41, NX, 6290/AB251341 出口产品供需合同-奉化一洲(1).xls",同型号不同尺寸（数字部分含前导零/位数/号数不一致）→ **不合并，各自建档**（甲方更正：0-GPN 与 00-GPN 是不同尺寸）
乙炔割嘴6290wt,6290-1,乙炔割嘴6290wt#6290-1,"乙炔割嘴 6290 WT 1#
刻字：中性常规

包装：如右图类似对应型号",1,1,ziliao/安宝公司/WT 6290NX/AB24747 出口产品供需合同-奉化一洲.xls,同型号不同尺寸（数字部分含前导零/位数/号数不一致）→ **不合并，各自建档**（甲方更正：0-GPN 与 00-GPN 是不同尺寸）
乙炔割嘴6290wt,6290-2,乙炔割嘴6290wt#6290-2,"乙炔割嘴 6290 WT 2#
刻字：中性常规

包装：如右图类似对应型号",2,2,ziliao/安宝公司/WT 6290NX/AB24747 出口产品供需合同-奉化一洲.xls,同型号不同尺寸（数字部分含前导零/位数/号数不一致）→ **不合并，各自建档**（甲方更正：0-GPN 与 00-GPN 是不同尺寸）
乙炔割嘴6290wt,6290-3,乙炔割嘴6290wt#6290-3,"乙炔割嘴 6290 WT 3#
刻字：中性常规

包装：如右图类似对应型号",2,2,ziliao/安宝公司/WT 6290NX/AB24747 出口产品供需合同-奉化一洲.xls,同型号不同尺寸（数字部分含前导零/位数/号数不一致）→ **不合并，各自建档**（甲方更正：0-GPN 与 00-GPN 是不同尺寸）
乙炔割嘴仿,1-101-0,乙炔割嘴仿#1-101-0,乙炔割嘴 1-101 #0 仿包装,7,5,ziliao/安宝公司/A. SH  AIR - OXY 里卡多/合同/2025/AB251050 出口产品供需合同-奉化一洲.xls,同型号不同尺寸（数字部分含前导零/位数/号数不一致）→ **不合并，各自建档**（甲方更正：0-GPN 与 00-GPN 是不同尺寸）
乙炔割嘴仿,1-101-00,乙炔割嘴仿#1-101-00,乙炔割嘴 1-101 #00 仿包装,5,4,ziliao/安宝公司/A. SH  AIR - OXY 里卡多/合同/2025/AB251050 出口产品供需合同-奉化一洲.xls,同型号不同尺寸（数字部分含前导零/位数/号数不一致）→ **不合并，各自建档**（甲方更正：0-GPN 与 00-GPN 是不同尺寸）
乙炔割嘴仿,1-101-1,乙炔割嘴仿#1-101-1,乙炔割嘴 1-101 #1 仿包装,8,6,ziliao/安宝公司/A. SH  AIR - OXY 里卡多/合同/2025/AB251050 出口产品供需合同-奉化一洲.xls,同型号不同尺寸（数字部分含前导零/位数/号数不一致）→ **不合并，各自建档**（甲方更正：0-GPN 与 00-GPN 是不同尺寸）
乙炔割嘴仿,1-101-2,乙炔割嘴仿#1-101-2,乙炔割嘴 1-101 #2 仿包装,8,6,ziliao/安宝公司/A. SH  AIR - OXY 里卡多/合同/2025/AB251050 出口产品供需合同-奉化一洲.xls,同型号不同尺寸（数字部分含前导零/位数/号数不一致）→ **不合并，各自建档**（甲方更正：0-GPN 与 00-GPN 是不同尺寸）
乙炔割嘴仿,1-101-3,乙炔割嘴仿#1-101-3,乙炔割嘴 1-101 #3 仿包装,8,6,ziliao/安宝公司/A. SH  AIR - OXY 里卡多/合同/2025/AB251050 出口产品供需合同-奉化一洲.xls,同型号不同尺寸（数字部分含前导零/位数/号数不一致）→ **不合并，各自建档**（甲方更正：0-GPN 与 00-GPN 是不同尺寸）
乙炔割嘴仿,1-101-4,乙炔割嘴仿#1-101-4,乙炔割嘴 1-101 #4 仿包装,4,4,ziliao/安宝公司/A. SH  AIR - OXY 里卡多/合同/2025/AB25193 出口产品供需合同-奉化一洲.xls,同型号不同尺寸（数字部分含前导零/位数/号数不一致）→ **不合并，各自建档**（甲方更正：0-GPN 与 00-GPN 是不同尺寸）
乙炔割嘴仿,1-101-5,乙炔割嘴仿#1-101-5,乙炔割嘴 1-101 #5 仿包装,8,5,ziliao/安宝公司/A. SH  AIR - OXY 里卡多/合同/2025/AB251050 出口产品供需合同-奉化一洲.xls,同型号不同尺寸（数字部分含前导零/位数/号数不一致）→ **不合并，各自建档**（甲方更正：0-GPN 与 00-GPN 是不同尺寸）
乙炔割嘴仿,1-101-6,乙炔割嘴仿#1-101-6,乙炔割嘴 1-101 #6 仿包装,1,1,ziliao/安宝公司/A. SH  AIR - OXY 里卡多/合同/2026/AB26612.xls,同型号不同尺寸（数字部分含前导零/位数/号数不一致）→ **不合并，各自建档**（甲方更正：0-GPN 与 00-GPN 是不同尺寸）
乙炔割嘴仿,1-101-8,乙炔割嘴仿#1-101-8,乙炔割嘴 1-101 #8 仿包装,8,5,ziliao/安宝公司/A. SH  AIR - OXY 里卡多/合同/2025/AB251050 出口产品供需合同-奉化一洲.xls,同型号不同尺寸（数字部分含前导零/位数/号数不一致）→ **不合并，各自建档**（甲方更正：0-GPN 与 00-GPN 是不同尺寸）
乙炔割嘴请注意3只是样品单独装,1-101-3-3,乙炔割嘴请注意3只是样品单独装#1-101-3-3,"乙炔割嘴 1-101 3#

请注意：3只是样品单独装",1,1,"ziliao/安宝公司/B.S.A. 6290NX,6290,1-101,GPN/2026/AB26775.xls",同型号不同尺寸（数字部分含前导零/位数/号数不一致）→ **不合并，各自建档**（甲方更正：0-GPN 与 00-GPN 是不同尺寸）
乙炔割嘴请注意3只是样品单独装,6290-2-3,乙炔割嘴请注意3只是样品单独装#6290-2-3,"乙炔割嘴 6290 2#

请注意：3只是样品单独装",1,1,"ziliao/安宝公司/B.S.A. 6290NX,6290,1-101,GPN/2026/AB26775.xls",同型号不同尺寸（数字部分含前导零/位数/号数不一致）→ **不合并，各自建档**（甲方更正：0-GPN 与 00-GPN 是不同尺寸）
乙炔割嘴塑料盖贴11014,1-101-4-1-101-4,乙炔割嘴塑料盖贴11014#1-101-4-1-101-4,"乙炔割嘴 1-101 #4
塑料盖贴：1-101 4",7,7,ziliao/安宝公司/A. SH  AIR - OXY 里卡多/合同/2021/AB21875 出口产品供需合同-奉化一洲(1).xls,同型号不同尺寸（数字部分含前导零/位数/号数不一致）→ **不合并，各自建档**（甲方更正：0-GPN 与 00-GPN 是不同尺寸）
乙炔割嘴塑料盖贴11014,1-101-5-1-101-4,乙炔割嘴塑料盖贴11014#1-101-5-1-101-4,"乙炔割嘴 1-101 #5
塑料盖贴：1-101 4",1,1,ziliao/安宝公司/A. SH  AIR - OXY 里卡多/合同/2023/ab23504  里卡多客户.xls,同型号不同尺寸（数字部分含前导零/位数/号数不一致）→ **不合并，各自建档**（甲方更正：0-GPN 与 00-GPN 是不同尺寸）
乙炔割嘴重593克,6290-1-59-3,乙炔割嘴重593克#6290-1-59-3,"乙炔割嘴 6290-1# 重59.3克
刻字：规格型号 包装：塑料盒+贴纸",1,1,ziliao/安宝公司/Ansorg/AB25457 出口产品供需合同-奉化一洲.xls,同型号不同尺寸（数字部分含前导零/位数/号数不一致）→ **不合并，各自建档**（甲方更正：0-GPN 与 00-GPN 是不同尺寸）
乙炔割嘴重593克,6290-2-59-3,乙炔割嘴重593克#6290-2-59-3,"乙炔割嘴 6290-2# 重59.3克
刻字：规格型号 包装：塑料盒+贴纸",1,1,ziliao/安宝公司/Ansorg/AB25457 出口产品供需合同-奉化一洲.xls,同型号不同尺寸（数字部分含前导零/位数/号数不一致）→ **不合并，各自建档**（甲方更正：0-GPN 与 00-GPN 是不同尺寸）
乙炔割嘴重593克,6290-4-59-3,乙炔割嘴重593克#6290-4-59-3,"乙炔割嘴 6290-4# 重59.3克
刻字：规格型号 包装：塑料盒+贴纸",1,1,ziliao/安宝公司/Ansorg/AB25457 出口产品供需合同-奉化一洲.xls,同型号不同尺寸（数字部分含前导零/位数/号数不一致）→ **不合并，各自建档**（甲方更正：0-GPN 与 00-GPN 是不同尺寸）
乙炔割嘴重593克,6290-5-59-3,乙炔割嘴重593克#6290-5-59-3,"乙炔割嘴 6290-5# 重59.3克
刻字：规格型号 包装：塑料盒+贴纸",1,1,ziliao/安宝公司/Ansorg/AB25457 出口产品供需合同-奉化一洲.xls,同型号不同尺寸（数字部分含前导零/位数/号数不一致）→ **不合并，各自建档**（甲方更正：0-GPN 与 00-GPN 是不同尺寸）
乙炔割嘴anm,0,乙炔割嘴anm#0,"乙炔割嘴 ANM 0# 
刻字内容：规格与型号",1,1,ziliao/安宝公司/旧订单资料/REDIUS俄罗斯/DOKA PNM/DOKA 订单/AB251096.xls,同型号不同尺寸（数字部分含前导零/位数/号数不一致）→ **不合并，各自建档**（甲方更正：0-GPN 与 00-GPN 是不同尺寸）
乙炔割嘴anm,1,乙炔割嘴anm#1,"乙炔割嘴 ANM 1# 
刻字内容：规格与型号
包装：常规-中性",6,6,ziliao/安宝公司/旧订单资料/REDIUS俄罗斯/DOKA PNM/DOKA 订单/AB22819 出口产品供需合同-一洲.xls,同型号不同尺寸（数字部分含前导零/位数/号数不一致）→ **不合并，各自建档**（甲方更正：0-GPN 与 00-GPN 是不同尺寸）
乙炔割嘴anm,1,乙炔割嘴anm#1,"乙炔割嘴 ANM 1# 
刻字内容：规格与型号",1,1,ziliao/安宝公司/旧订单资料/REDIUS俄罗斯/DOKA PNM/DOKA 订单/AB251096.xls,同型号不同尺寸（数字部分含前导零/位数/号数不一致）→ **不合并，各自建档**（甲方更正：0-GPN 与 00-GPN 是不同尺寸）
乙炔割嘴anm,2,乙炔割嘴anm#2,"乙炔割嘴 ANM 2# 
刻字内容：规格与型号
包装：常规-中性",3,3,ziliao/安宝公司/旧订单资料/REDIUS俄罗斯/DOKA PNM/DOKA 订单/AB22819 出口产品供需合同-一洲.xls,同型号不同尺寸（数字部分含前导零/位数/号数不一致）→ **不合并，各自建档**（甲方更正：0-GPN 与 00-GPN 是不同尺寸）
乙炔割嘴anm,2,乙炔割嘴anm#2,"乙炔割嘴 ANM 2# 
刻字内容：规格与型号",1,1,ziliao/安宝公司/旧订单资料/REDIUS俄罗斯/DOKA PNM/DOKA 订单/AB251096.xls,同型号不同尺寸（数字部分含前导零/位数/号数不一致）→ **不合并，各自建档**（甲方更正：0-GPN 与 00-GPN 是不同尺寸）
乙炔割嘴anm,3,乙炔割嘴anm#3,"乙炔割嘴 ANM 3# 
刻字内容：规格与型号
包装：常规-中性",3,3,ziliao/安宝公司/旧订单资料/REDIUS俄罗斯/DOKA PNM/DOKA 订单/AB22819 出口产品供需合同-一洲.xls,同型号不同尺寸（数字部分含前导零/位数/号数不一致）→ **不合并，各自建档**（甲方更正：0-GPN 与 00-GPN 是不同尺寸）
乙炔割嘴anm,3,乙炔割嘴anm#3,"乙炔割嘴 ANM 3# 
刻字内容：规格与型号",1,1,ziliao/安宝公司/旧订单资料/REDIUS俄罗斯/DOKA PNM/DOKA 订单/AB251096.xls,同型号不同尺寸（数字部分含前导零/位数/号数不一致）→ **不合并，各自建档**（甲方更正：0-GPN 与 00-GPN 是不同尺寸）
乙炔割嘴anm,4,乙炔割嘴anm#4,"乙炔割嘴 ANM 4# 
刻字内容：规格与型号",1,1,ziliao/安宝公司/旧订单资料/REDIUS俄罗斯/DOKA PNM/DOKA 订单/AB251096.xls,同型号不同尺寸（数字部分含前导零/位数/号数不一致）→ **不合并，各自建档**（甲方更正：0-GPN 与 00-GPN 是不同尺寸）
乙炔割嘴anm,5,乙炔割嘴anm#5,"乙炔割嘴 ANM 5# 
刻字内容：规格与型号
包装：常规-中性",2,2,ziliao/安宝公司/旧订单资料/REDIUS俄罗斯/DOKA PNM/DOKA 订单/AB22819 出口产品供需合同-一洲.xls,同型号不同尺寸（数字部分含前导零/位数/号数不一致）→ **不合并，各自建档**（甲方更正：0-GPN 与 00-GPN 是不同尺寸）
乙炔割嘴anm,5,乙炔割嘴anm#5,"乙炔割嘴 ANM 5# 
刻字内容：规格与型号",1,1,ziliao/安宝公司/旧订单资料/REDIUS俄罗斯/DOKA PNM/DOKA 订单/AB251096.xls,同型号不同尺寸（数字部分含前导零/位数/号数不一致）→ **不合并，各自建档**（甲方更正：0-GPN 与 00-GPN 是不同尺寸）
乙炔割嘴anm,6,乙炔割嘴anm#6,"乙炔割嘴 ANM 6# 
刻字内容：规格与型号",1,1,ziliao/安宝公司/旧订单资料/REDIUS俄罗斯/DOKA PNM/DOKA 订单/AB251096.xls,同型号不同尺寸（数字部分含前导零/位数/号数不一致）→ **不合并，各自建档**（甲方更正：0-GPN 与 00-GPN 是不同尺寸）
乙炔割嘴g,1-101-0-84-5,乙炔割嘴g#1-101-0-84-5,乙炔割嘴 1-101 #0 84.5g,1,1,"ziliao/安宝公司/常规1-101,GPN 6290NX,G1-P,NFF/AB25951 出口产品供需合同-一洲(1).xls",同型号不同尺寸（数字部分含前导零/位数/号数不一致）→ **不合并，各自建档**（甲方更正：0-GPN 与 00-GPN 是不同尺寸）
乙炔割嘴g,1-101-00-84-5,乙炔割嘴g#1-101-00-84-5,乙炔割嘴 1-101 #00 84.5g,1,1,"ziliao/安宝公司/常规1-101,GPN 6290NX,G1-P,NFF/AB25951 出口产品供需合同-一洲(1).xls",同型号不同尺寸（数字部分含前导零/位数/号数不一致）→ **不合并，各自建档**（甲方更正：0-GPN 与 00-GPN 是不同尺寸）
乙炔割嘴g,1-101-000-84-5,乙炔割嘴g#1-101-000-84-5,乙炔割嘴 1-101 #000 84.5g,1,1,"ziliao/安宝公司/常规1-101,GPN 6290NX,G1-P,NFF/AB25951 出口产品供需合同-一洲(1).xls",同型号不同尺寸（数字部分含前导零/位数/号数不一致）→ **不合并，各自建档**（甲方更正：0-GPN 与 00-GPN 是不同尺寸）
乙炔割嘴g,1-101-1-84-5,乙炔割嘴g#1-101-1-84-5,乙炔割嘴 1-101 #1 84.5g,1,1,"ziliao/安宝公司/常规1-101,GPN 6290NX,G1-P,NFF/AB25951 出口产品供需合同-一洲(1).xls",同型号不同尺寸（数字部分含前导零/位数/号数不一致）→ **不合并，各自建档**（甲方更正：0-GPN 与 00-GPN 是不同尺寸）
乙炔割嘴g,1-101-2-84-5,乙炔割嘴g#1-101-2-84-5,乙炔割嘴 1-101 #2 84.5g,1,1,"ziliao/安宝公司/常规1-101,GPN 6290NX,G1-P,NFF/AB25951 出口产品供需合同-一洲(1).xls",同型号不同尺寸（数字部分含前导零/位数/号数不一致）→ **不合并，各自建档**（甲方更正：0-GPN 与 00-GPN 是不同尺寸）
乙炔割嘴g,1-101-3-84-5,乙炔割嘴g#1-101-3-84-5,乙炔割嘴 1-101 #3 84.5g,1,1,"ziliao/安宝公司/常规1-101,GPN 6290NX,G1-P,NFF/AB25951 出口产品供需合同-一洲(1).xls",同型号不同尺寸（数字部分含前导零/位数/号数不一致）→ **不合并，各自建档**（甲方更正：0-GPN 与 00-GPN 是不同尺寸）
乙炔割嘴g,1-101-4-84-5,乙炔割嘴g#1-101-4-84-5,乙炔割嘴 1-101 #4 84.5g,1,1,"ziliao/安宝公司/常规1-101,GPN 6290NX,G1-P,NFF/AB25951 出口产品供需合同-一洲(1).xls",同型号不同尺寸（数字部分含前导零/位数/号数不一致）→ **不合并，各自建档**（甲方更正：0-GPN 与 00-GPN 是不同尺寸）
乙炔割嘴g,1-101-5-84-5,乙炔割嘴g#1-101-5-84-5,乙炔割嘴 1-101 #5 84.5g,1,1,"ziliao/安宝公司/常规1-101,GPN 6290NX,G1-P,NFF/AB25951 出口产品供需合同-一洲(1).xls",同型号不同尺寸（数字部分含前导零/位数/号数不一致）→ **不合并，各自建档**（甲方更正：0-GPN 与 00-GPN 是不同尺寸）
乙炔割嘴g,1-101-6-84-5,乙炔割嘴g#1-101-6-84-5,乙炔割嘴 1-101 #6 84.5g,1,1,"ziliao/安宝公司/常规1-101,GPN 6290NX,G1-P,NFF/AB25951 出口产品供需合同-一洲(1).xls",同型号不同尺寸（数字部分含前导零/位数/号数不一致）→ **不合并，各自建档**（甲方更正：0-GPN 与 00-GPN 是不同尺寸）
乙炔割嘴g,1-101-7-84-5,乙炔割嘴g#1-101-7-84-5,乙炔割嘴 1-101 #7 84.5g,1,1,"ziliao/安宝公司/常规1-101,GPN 6290NX,G1-P,NFF/AB25951 出口产品供需合同-一洲(1).xls",同型号不同尺寸（数字部分含前导零/位数/号数不一致）→ **不合并，各自建档**（甲方更正：0-GPN 与 00-GPN 是不同尺寸）
乙炔割嘴g,1-101-8-84-5,乙炔割嘴g#1-101-8-84-5,乙炔割嘴 1-101 #8 84.5g,1,1,"ziliao/安宝公司/常规1-101,GPN 6290NX,G1-P,NFF/AB25951 出口产品供需合同-一洲(1).xls",同型号不同尺寸（数字部分含前导零/位数/号数不一致）→ **不合并，各自建档**（甲方更正：0-GPN 与 00-GPN 是不同尺寸）
乙炔割嘴g,3-101-0-84-5,乙炔割嘴g#3-101-0-84-5,乙炔割嘴 3-101 #0 84.5g,1,1,"ziliao/安宝公司/常规1-101,GPN 6290NX,G1-P,NFF/AB25951 出口产品供需合同-一洲(1).xls",同型号不同尺寸（数字部分含前导零/位数/号数不一致）→ **不合并，各自建档**（甲方更正：0-GPN 与 00-GPN 是不同尺寸）
乙炔割嘴g,3-101-00-84-5,乙炔割嘴g#3-101-00-84-5,乙炔割嘴 3-101 #00 84.5g,1,1,"ziliao/安宝公司/常规1-101,GPN 6290NX,G1-P,NFF/AB25951 出口产品供需合同-一洲(1).xls",同型号不同尺寸（数字部分含前导零/位数/号数不一致）→ **不合并，各自建档**（甲方更正：0-GPN 与 00-GPN 是不同尺寸）
乙炔割嘴g,3-101-000-84-5,乙炔割嘴g#3-101-000-84-5,乙炔割嘴 3-101 #000 84.5g,1,1,"ziliao/安宝公司/常规1-101,GPN 6290NX,G1-P,NFF/AB25951 出口产品供需合同-一洲(1).xls",同型号不同尺寸（数字部分含前导零/位数/号数不一致）→ **不合并，各自建档**（甲方更正：0-GPN 与 00-GPN 是不同尺寸）
乙炔割嘴g,3-101-1-84-5,乙炔割嘴g#3-101-1-84-5,乙炔割嘴 3-101 #1 84.5g,1,1,"ziliao/安宝公司/常规1-101,GPN 6290NX,G1-P,NFF/AB25951 出口产品供需合同-一洲(1).xls",同型号不同尺寸（数字部分含前导零/位数/号数不一致）→ **不合并，各自建档**（甲方更正：0-GPN 与 00-GPN 是不同尺寸）
乙炔割嘴g,3-101-2-84-5,乙炔割嘴g#3-101-2-84-5,乙炔割嘴 3-101 #2 84.5g,1,1,"ziliao/安宝公司/常规1-101,GPN 6290NX,G1-P,NFF/AB25951 出口产品供需合同-一洲(1).xls",同型号不同尺寸（数字部分含前导零/位数/号数不一致）→ **不合并，各自建档**（甲方更正：0-GPN 与 00-GPN 是不同尺寸）
乙炔割嘴g,3-101-3-84-5,乙炔割嘴g#3-101-3-84-5,乙炔割嘴 3-101 #3 84.5g,1,1,"ziliao/安宝公司/常规1-101,GPN 6290NX,G1-P,NFF/AB25951 出口产品供需合同-一洲(1).xls",同型号不同尺寸（数字部分含前导零/位数/号数不一致）→ **不合并，各自建档**（甲方更正：0-GPN 与 00-GPN 是不同尺寸）
乙炔割嘴g,3-101-4-84-5,乙炔割嘴g#3-101-4-84-5,乙炔割嘴 3-101 #4 84.5g,1,1,"ziliao/安宝公司/常规1-101,GPN 6290NX,G1-P,NFF/AB25951 出口产品供需合同-一洲(1).xls",同型号不同尺寸（数字部分含前导零/位数/号数不一致）→ **不合并，各自建档**（甲方更正：0-GPN 与 00-GPN 是不同尺寸）
乙炔割嘴sc重998克,12-1-99-8,乙炔割嘴sc重998克#12-1-99-8,"乙炔割嘴 SC-12-1# 重99.8克
刻字：规格型号 包装：塑料盒+贴纸",1,1,ziliao/安宝公司/Ansorg/AB25457 出口产品供需合同-奉化一洲.xls,同型号不同尺寸（数字部分含前导零/位数/号数不一致）→ **不合并，各自建档**（甲方更正：0-GPN 与 00-GPN 是不同尺寸）
乙炔割嘴sc重998克,12-2-99-8,乙炔割嘴sc重998克#12-2-99-8,"乙炔割嘴 SC-12-2# 重99.8克
刻字：规格型号 包装：塑料盒+贴纸",1,1,ziliao/安宝公司/Ansorg/AB25457 出口产品供需合同-奉化一洲.xls,同型号不同尺寸（数字部分含前导零/位数/号数不一致）→ **不合并，各自建档**（甲方更正：0-GPN 与 00-GPN 是不同尺寸）
gloorcuttingnuzzle做足75g,5-75,gloorcuttingnuzzle做足75g#5-75,"Gloor cutting nuzzle,5# 做足75g",2,2,ziliao/安宝公司/旧订单资料/GLOOR PNME/AB22088 出口产品供需合同-奉化一洲.xls,同型号不同尺寸（数字部分含前导零/位数/号数不一致）→ **不合并，各自建档**（甲方更正：0-GPN 与 00-GPN 是不同尺寸）
gloorcuttingnuzzle做足75g,6-75,gloorcuttingnuzzle做足75g#6-75,"Gloor cutting nuzzle,6# 做足75g",1,1,ziliao/安宝公司/旧订单资料/GLOOR PNME/AB22088 出口产品供需合同-奉化一洲.xls,同型号不同尺寸（数字部分含前导零/位数/号数不一致）→ **不合并，各自建档**（甲方更正：0-GPN 与 00-GPN 是不同尺寸）
gpn,1,gpn#1,"GPN, 1#，原装VICTOR包装和标签",1,1,嵊州海田/229/工矿产品购销合同_奉化市维克工具有限公司.doc,同型号不同尺寸（数字部分含前导零/位数/号数不一致）→ **不合并，各自建档**（甲方更正：0-GPN 与 00-GPN 是不同尺寸）
gpn,2,gpn#2,"GPN, 2#，原装VICTOR包装和标签",1,1,嵊州海田/EJC02  订单要求(1)/订单/工矿产品购销合同_奉化市维克工具有限公司.doc,同型号不同尺寸（数字部分含前导零/位数/号数不一致）→ **不合并，各自建档**（甲方更正：0-GPN 与 00-GPN 是不同尺寸）
gpn0,0,gpn0#0,GPN-0,24,24,"嵊州海田/伊朗106HC,GPN贴不干胶/106HC生产计划单MADE IN JAPAN.doc",同型号不同尺寸（数字部分含前导零/位数/号数不一致）→ **不合并，各自建档**（甲方更正：0-GPN 与 00-GPN 是不同尺寸）
gpn0,00,gpn0#00,GPN-00,9,9,嵊州海田/AIR IMETAN Ricardo/AIR IMETAN生产计划单-1.doc,同型号不同尺寸（数字部分含前导零/位数/号数不一致）→ **不合并，各自建档**（甲方更正：0-GPN 与 00-GPN 是不同尺寸）
gpn割嘴,,gpn割嘴#,GPN  割嘴,3,1,ziliao/安宝公司/Weldsolutions不干胶/合同/2022前/出口产品供需合同ab20716(20年10月).xls,同型号不同尺寸（数字部分含前导零/位数/号数不一致）→ **不合并，各自建档**（甲方更正：0-GPN 与 00-GPN 是不同尺寸）
gpn割嘴,0,gpn割嘴#0,GPN 割嘴 0#,3,3,ziliao/安宝公司/旧订单资料/M Haseeb victor GPN/AB21960 出口产品供需合同-奉化一洲.xls,同型号不同尺寸（数字部分含前导零/位数/号数不一致）→ **不合并，各自建档**（甲方更正：0-GPN 与 00-GPN 是不同尺寸）
gpn割嘴,00,gpn割嘴#00,GPN 割嘴 00#,3,3,ziliao/安宝公司/旧订单资料/M Haseeb victor GPN/AB21960 出口产品供需合同-奉化一洲.xls,同型号不同尺寸（数字部分含前导零/位数/号数不一致）→ **不合并，各自建档**（甲方更正：0-GPN 与 00-GPN 是不同尺寸）
gpn割嘴,000,gpn割嘴#000,GPN 割嘴 000#,1,1,ziliao/安宝公司/旧订单资料/M Haseeb victor GPN/AB21960 出口产品供需合同-奉化一洲.xls,同型号不同尺寸（数字部分含前导零/位数/号数不一致）→ **不合并，各自建档**（甲方更正：0-GPN 与 00-GPN 是不同尺寸）
gpn割嘴,1,gpn割嘴#1,GPN 割嘴 1#,13,13,ziliao/安宝公司/旧订单资料/M Haseeb victor GPN/AB21960 出口产品供需合同-奉化一洲.xls,同型号不同尺寸（数字部分含前导零/位数/号数不一致）→ **不合并，各自建档**（甲方更正：0-GPN 与 00-GPN 是不同尺寸）
gpn割嘴,1-3,gpn割嘴#1-3,1#-3 GPN 割嘴,1,1,"ziliao/安宝公司/B.S.A. 6290NX,6290,1-101,GPN/AB23568 出口产品供需合同-一洲(1).xls",同型号不同尺寸（数字部分含前导零/位数/号数不一致）→ **不合并，各自建档**（甲方更正：0-GPN 与 00-GPN 是不同尺寸）
gpn割嘴,2,gpn割嘴#2,GPN 割嘴 2#,6,6,ziliao/尤耐克/CUTTWELD GPN 倪/2026合同。/UW250720327宁波一洲.xlsx,同型号不同尺寸（数字部分含前导零/位数/号数不一致）→ **不合并，各自建档**（甲方更正：0-GPN 与 00-GPN 是不同尺寸）
gpn割嘴,2-3,gpn割嘴#2-3,2#-3 GPN 割嘴,1,1,"ziliao/安宝公司/B.S.A. 6290NX,6290,1-101,GPN/AB23568 出口产品供需合同-一洲(1).xls",同型号不同尺寸（数字部分含前导零/位数/号数不一致）→ **不合并，各自建档**（甲方更正：0-GPN 与 00-GPN 是不同尺寸）
gpn割嘴,3,gpn割嘴#3,GPN 割嘴 3#,8,8,ziliao/尤耐克/CROSSWELD文件/合同/LGC230207057宁波一洲.xlsx,同型号不同尺寸（数字部分含前导零/位数/号数不一致）→ **不合并，各自建档**（甲方更正：0-GPN 与 00-GPN 是不同尺寸）
gpn割嘴,4,gpn割嘴#4,GPN 割嘴 4#,4,4,ziliao/尤耐克/CUTTWELD GPN 倪/2026合同。/UW250720327宁波一洲.xlsx,同型号不同尺寸（数字部分含前导零/位数/号数不一致）→ **不合并，各自建档**（甲方更正：0-GPN 与 00-GPN 是不同尺寸）
gpn割嘴,5,gpn割嘴#5,GPN 割嘴 5#,7,7,ziliao/安宝公司/旧订单资料/M Haseeb victor GPN/AB21960 出口产品供需合同-奉化一洲.xls,同型号不同尺寸（数字部分含前导零/位数/号数不一致）→ **不合并，各自建档**（甲方更正：0-GPN 与 00-GPN 是不同尺寸）
gpn割嘴,6,gpn割嘴#6,GPN 割嘴 6#,4,4,ziliao/尤耐克/CUTTWELD GPN 倪/2026合同。/UW250720327宁波一洲.xlsx,同型号不同尺寸（数字部分含前导零/位数/号数不一致）→ **不合并，各自建档**（甲方更正：0-GPN 与 00-GPN 是不同尺寸）
gpn割嘴,8,gpn割嘴#8,GPN 割嘴 8#,1,1,ziliao/尤耐克/CUTTWELD GPN 倪/2026合同。/UW250720327宁波一洲.xlsx,同型号不同尺寸（数字部分含前导零/位数/号数不一致）→ **不合并，各自建档**（甲方更正：0-GPN 与 00-GPN 是不同尺寸）
gpncuttingnozzle,2,gpncuttingnozzle#2,GPN CUTTING NOZZLE 2#,1,1,ziliao/安宝公司/旧订单资料/M Haseeb victor GPN/AB21960 出口产品供需合同-奉化一洲.xls,同型号不同尺寸（数字部分含前导零/位数/号数不一致）→ **不合并，各自建档**（甲方更正：0-GPN 与 00-GPN 是不同尺寸）
gpncuttingnozzle,3,gpncuttingnozzle#3,GPN CUTTING NOZZLE 3#,1,1,ziliao/安宝公司/旧订单资料/M Haseeb victor GPN/AB21960 出口产品供需合同-奉化一洲.xls,同型号不同尺寸（数字部分含前导零/位数/号数不一致）→ **不合并，各自建档**（甲方更正：0-GPN 与 00-GPN 是不同尺寸）
gpncuttingnozzle,4,gpncuttingnozzle#4,GPN CUTTING NOZZLE 4#,1,1,ziliao/安宝公司/旧订单资料/M Haseeb victor GPN/AB21960 出口产品供需合同-奉化一洲.xls,同型号不同尺寸（数字部分含前导零/位数/号数不一致）→ **不合并，各自建档**（甲方更正：0-GPN 与 00-GPN 是不同尺寸）
hpn割嘴,1,hpn割嘴#1,HPN 割嘴 1#,2,2,ziliao/尤耐克/SUA/SUA订单/UW251002559宁波一洲 .xlsx,同型号不同尺寸（数字部分含前导零/位数/号数不一致）→ **不合并，各自建档**（甲方更正：0-GPN 与 00-GPN 是不同尺寸）
hpn割嘴,10,hpn割嘴#10,HPN 割嘴 10#,2,2,ziliao/尤耐克/SUA/SUA订单/UW251002559宁波一洲 .xlsx,同型号不同尺寸（数字部分含前导零/位数/号数不一致）→ **不合并，各自建档**（甲方更正：0-GPN 与 00-GPN 是不同尺寸）
hpn割嘴,11,hpn割嘴#11,HPN 割嘴 11#,2,2,ziliao/尤耐克/SUA/SUA订单/UW251002559宁波一洲 .xlsx,同型号不同尺寸（数字部分含前导零/位数/号数不一致）→ **不合并，各自建档**（甲方更正：0-GPN 与 00-GPN 是不同尺寸）
hpn割嘴,12,hpn割嘴#12,HPN 割嘴 12#,2,2,ziliao/尤耐克/SUA/SUA订单/UW251002559宁波一洲 .xlsx,同型号不同尺寸（数字部分含前导零/位数/号数不一致）→ **不合并，各自建档**（甲方更正：0-GPN 与 00-GPN 是不同尺寸）
hpn割嘴,2,hpn割嘴#2,HPN 割嘴 2#,2,2,ziliao/尤耐克/SUA/SUA订单/UW251002559宁波一洲 .xlsx,同型号不同尺寸（数字部分含前导零/位数/号数不一致）→ **不合并，各自建档**（甲方更正：0-GPN 与 00-GPN 是不同尺寸）
hpn割嘴,3,hpn割嘴#3,HPN 割嘴 3#,2,2,ziliao/尤耐克/SUA/SUA订单/UW251002559宁波一洲 .xlsx,同型号不同尺寸（数字部分含前导零/位数/号数不一致）→ **不合并，各自建档**（甲方更正：0-GPN 与 00-GPN 是不同尺寸）
hpn割嘴,4,hpn割嘴#4,HPN 割嘴 4#,2,2,ziliao/尤耐克/SUA/SUA订单/UW251002559宁波一洲 .xlsx,同型号不同尺寸（数字部分含前导零/位数/号数不一致）→ **不合并，各自建档**（甲方更正：0-GPN 与 00-GPN 是不同尺寸）
hpn割嘴,5,hpn割嘴#5,HPN 割嘴 5#,2,2,ziliao/尤耐克/SUA/SUA订单/UW251002559宁波一洲 .xlsx,同型号不同尺寸（数字部分含前导零/位数/号数不一致）→ **不合并，各自建档**（甲方更正：0-GPN 与 00-GPN 是不同尺寸）
hpn割嘴,6,hpn割嘴#6,HPN 割嘴 6#,2,2,ziliao/尤耐克/SUA/SUA订单/UW251002559宁波一洲 .xlsx,同型号不同尺寸（数字部分含前导零/位数/号数不一致）→ **不合并，各自建档**（甲方更正：0-GPN 与 00-GPN 是不同尺寸）
hpn割嘴,7,hpn割嘴#7,HPN 割嘴 7#,2,2,ziliao/尤耐克/SUA/SUA订单/UW251002559宁波一洲 .xlsx,同型号不同尺寸（数字部分含前导零/位数/号数不一致）→ **不合并，各自建档**（甲方更正：0-GPN 与 00-GPN 是不同尺寸）
hpn割嘴,8,hpn割嘴#8,HPN 割嘴 8#,2,2,ziliao/尤耐克/SUA/SUA订单/UW251002559宁波一洲 .xlsx,同型号不同尺寸（数字部分含前导零/位数/号数不一致）→ **不合并，各自建档**（甲方更正：0-GPN 与 00-GPN 是不同尺寸）
hpn割嘴,9,hpn割嘴#9,HPN 割嘴 9#,2,2,ziliao/尤耐克/SUA/SUA订单/UW251002559宁波一洲 .xlsx,同型号不同尺寸（数字部分含前导零/位数/号数不一致）→ **不合并，各自建档**（甲方更正：0-GPN 与 00-GPN 是不同尺寸）
koike106d快速割嘴,106-7-1,koike106d快速割嘴#106-7-1,"Koike 106D7 #1
快速割嘴",3,3,"ziliao/安宝公司/106D7,102HC发商丘/印made in japan/AB23332 出口产品供需合同-奉化一洲.xls",同型号不同尺寸（数字部分含前导零/位数/号数不一致）→ **不合并，各自建档**（甲方更正：0-GPN 与 00-GPN 是不同尺寸）
koike106d快速割嘴,106-7-2,koike106d快速割嘴#106-7-2,"Koike 106D7 #2
快速割嘴",2,2,"ziliao/安宝公司/106D7,102HC发商丘/印made in japan/AB23603 出口产品供需合同-奉化一洲.xls",同型号不同尺寸（数字部分含前导零/位数/号数不一致）→ **不合并，各自建档**（甲方更正：0-GPN 与 00-GPN 是不同尺寸）
koike106d快速割嘴,106-7-3,koike106d快速割嘴#106-7-3,"Koike 106D7 #3
快速割嘴",2,2,"ziliao/安宝公司/106D7,102HC发商丘/印made in japan/AB22633 出口产品供需合同-奉化一洲.xls",同型号不同尺寸（数字部分含前导零/位数/号数不一致）→ **不合并，各自建档**（甲方更正：0-GPN 与 00-GPN 是不同尺寸）
koike106d快速割嘴,106-7-5,koike106d快速割嘴#106-7-5,"Koike 106D7 #5
快速割嘴",2,2,"ziliao/安宝公司/106D7,102HC发商丘/印made in japan/AB22633 出口产品供需合同-奉化一洲.xls",同型号不同尺寸（数字部分含前导零/位数/号数不一致）→ **不合并，各自建档**（甲方更正：0-GPN 与 00-GPN 是不同尺寸）
koike106hc割嘴83克分体式6个孔,106-83-5-6,koike106hc割嘴83克分体式6个孔#106-83-5-6,KOIKE 106HC 割嘴 83克 5#  分体式6个孔,5,5,ziliao/安宝公司/M Haseeb  A.SH  106hc直通  80克/M Haseeb/AB22739 出口产品供需合同-奉化一洲.xls,同型号不同尺寸（数字部分含前导零/位数/号数不一致）→ **不合并，各自建档**（甲方更正：0-GPN 与 00-GPN 是不同尺寸）
koike106hc割嘴83克分体式6个孔,106-83-6-6,koike106hc割嘴83克分体式6个孔#106-83-6-6,KOIKE 106HC 割嘴 83克 6#  分体式6个孔,5,5,ziliao/安宝公司/M Haseeb  A.SH  106hc直通  80克/M Haseeb/AB22739 出口产品供需合同-奉化一洲.xls,同型号不同尺寸（数字部分含前导零/位数/号数不一致）→ **不合并，各自建档**（甲方更正：0-GPN 与 00-GPN 是不同尺寸）
koike106hc割嘴83克分体式6个孔,106-83-7-6,koike106hc割嘴83克分体式6个孔#106-83-7-6,KOIKE 106HC 割嘴 83克 7#  分体式6个孔,5,5,ziliao/安宝公司/M Haseeb  A.SH  106hc直通  80克/M Haseeb/AB22739 出口产品供需合同-奉化一洲.xls,同型号不同尺寸（数字部分含前导零/位数/号数不一致）→ **不合并，各自建档**（甲方更正：0-GPN 与 00-GPN 是不同尺寸）
koike106hc割嘴83克分体式6个孔,106-83-8-6,koike106hc割嘴83克分体式6个孔#106-83-8-6,KOIKE 106HC 割嘴 83克 8#  分体式6个孔,5,5,ziliao/安宝公司/M Haseeb  A.SH  106hc直通  80克/M Haseeb/AB22739 出口产品供需合同-奉化一洲.xls,同型号不同尺寸（数字部分含前导零/位数/号数不一致）→ **不合并，各自建档**（甲方更正：0-GPN 与 00-GPN 是不同尺寸）
koike106hc割嘴分体式如右图一样,106-3,koike106hc割嘴分体式如右图一样#106-3,"KOIKE 106HC割嘴 3# 
分体式如右图一样

包装：KOIKE+泡壳+说明书
彩卡上带 made in japan字样",1,1,ziliao/安宝公司/M Haseeb  A.SH  106hc直通  80克/A.SH/AB241054 出口产品供需合同-一洲.xls,同型号不同尺寸（数字部分含前导零/位数/号数不一致）→ **不合并，各自建档**（甲方更正：0-GPN 与 00-GPN 是不同尺寸）
koike106hc割嘴分体式如右图一样,106-6,koike106hc割嘴分体式如右图一样#106-6,"KOIKE 106HC割嘴 6# 
分体式如右图一样

包装：KOIKE+泡壳+说明书
彩卡上带 made in japan字样",1,1,ziliao/安宝公司/M Haseeb  A.SH  106hc直通  80克/A.SH/AB241054 出口产品供需合同-一洲.xls,同型号不同尺寸（数字部分含前导零/位数/号数不一致）→ **不合并，各自建档**（甲方更正：0-GPN 与 00-GPN 是不同尺寸）
koike106hc割嘴分体式如右图一样,106-7,koike106hc割嘴分体式如右图一样#106-7,"KOIKE 106HC割嘴 7# 
分体式如右图一样

包装：KOIKE+泡壳+说明书
彩卡上带 made in japan字样",1,1,ziliao/安宝公司/M Haseeb  A.SH  106hc直通  80克/A.SH/AB241054 出口产品供需合同-一洲.xls,同型号不同尺寸（数字部分含前导零/位数/号数不一致）→ **不合并，各自建档**（甲方更正：0-GPN 与 00-GPN 是不同尺寸）
koike106hc割嘴分体式如右图一样,106-8,koike106hc割嘴分体式如右图一样#106-8,"KOIKE 106HC割嘴 8# 
分体式如右图一样

包装：KOIKE+泡壳+说明书
彩卡上带 made in japan字样",1,1,ziliao/安宝公司/M Haseeb  A.SH  106hc直通  80克/A.SH/AB241054 出口产品供需合同-一洲.xls,同型号不同尺寸（数字部分含前导零/位数/号数不一致）→ **不合并，各自建档**（甲方更正：0-GPN 与 00-GPN 是不同尺寸）
koike106hc割嘴mm重79g如右图所示,106-6-3-2-79,koike106hc割嘴mm重79g如右图所示#106-6-3-2-79,"KOIKE 106HC割嘴 6#-3.2mm？
重：79g 如右图所示",1,1,"ziliao/安宝公司/MAXES 仿NX,106HC,GPN/订单/AB24092 出口产品供需合同-奉化一洲.xls",同型号不同尺寸（数字部分含前导零/位数/号数不一致）→ **不合并，各自建档**（甲方更正：0-GPN 与 00-GPN 是不同尺寸）
koike106hc割嘴mm重79g如右图所示,106-7-3-2-79,koike106hc割嘴mm重79g如右图所示#106-7-3-2-79,"KOIKE 106HC割嘴 7#-3.2mm
重：79g 如右图所示",2,2,"ziliao/安宝公司/MAXES 仿NX,106HC,GPN/订单/AB22997 出口产品供需合同-奉化一洲.xls",同型号不同尺寸（数字部分含前导零/位数/号数不一致）→ **不合并，各自建档**（甲方更正：0-GPN 与 00-GPN 是不同尺寸）
koike106hc割嘴mm重79g如右图所示,106-8-4-0-79,koike106hc割嘴mm重79g如右图所示#106-8-4-0-79,"KOIKE 106HC割嘴 8#-4.0mm
重：79g 如右图所示",2,2,"ziliao/安宝公司/MAXES 仿NX,106HC,GPN/订单/AB22997 出口产品供需合同-奉化一洲.xls",同型号不同尺寸（数字部分含前导零/位数/号数不一致）→ **不合并，各自建档**（甲方更正：0-GPN 与 00-GPN 是不同尺寸）
koike丙烷割嘴106hc,106-0,koike丙烷割嘴106hc#106-0,KOIKE丙烷割嘴 106HC  #0,1,1,"ziliao/安宝公司/AB24145 102HC,106HC/订单/ab24145 出口产品供需合同-奉化一洲.xls",同型号不同尺寸（数字部分含前导零/位数/号数不一致）→ **不合并，各自建档**（甲方更正：0-GPN 与 00-GPN 是不同尺寸）
koike丙烷割嘴106hc,106-1,koike丙烷割嘴106hc#106-1,KOIKE丙烷割嘴 106HC  #1,1,1,"ziliao/安宝公司/AB24145 102HC,106HC/订单/ab24145 出口产品供需合同-奉化一洲.xls",同型号不同尺寸（数字部分含前导零/位数/号数不一致）→ **不合并，各自建档**（甲方更正：0-GPN 与 00-GPN 是不同尺寸）
koike丙烷割嘴106hc,106-2,koike丙烷割嘴106hc#106-2,KOIKE丙烷割嘴 106HC  #2,1,1,"ziliao/安宝公司/AB24145 102HC,106HC/订单/ab24145 出口产品供需合同-奉化一洲.xls",同型号不同尺寸（数字部分含前导零/位数/号数不一致）→ **不合并，各自建档**（甲方更正：0-GPN 与 00-GPN 是不同尺寸）
koike丙烷割嘴106hc,106-3,koike丙烷割嘴106hc#106-3,KOIKE丙烷割嘴 106HC  #3,1,1,"ziliao/安宝公司/AB24145 102HC,106HC/订单/ab24145 出口产品供需合同-奉化一洲.xls",同型号不同尺寸（数字部分含前导零/位数/号数不一致）→ **不合并，各自建档**（甲方更正：0-GPN 与 00-GPN 是不同尺寸）
koike丙烷割嘴106hc,106-4,koike丙烷割嘴106hc#106-4,KOIKE丙烷割嘴 106HC  #4,1,1,"ziliao/安宝公司/AB24145 102HC,106HC/订单/ab24145 出口产品供需合同-奉化一洲.xls",同型号不同尺寸（数字部分含前导零/位数/号数不一致）→ **不合并，各自建档**（甲方更正：0-GPN 与 00-GPN 是不同尺寸）
koike丙烷割嘴106hc,106-5,koike丙烷割嘴106hc#106-5,KOIKE丙烷割嘴 106HC  #5,1,1,"ziliao/安宝公司/AB24145 102HC,106HC/订单/ab24145 出口产品供需合同-奉化一洲.xls",同型号不同尺寸（数字部分含前导零/位数/号数不一致）→ **不合并，各自建档**（甲方更正：0-GPN 与 00-GPN 是不同尺寸）
koike割嘴102hc,102-3,koike割嘴102hc#102-3,KOIKE割嘴 102HC  #3,1,1,"ziliao/安宝公司/106D7,102HC发商丘/AB23915 出口产品供需合同-奉化一洲.xls",同型号不同尺寸（数字部分含前导零/位数/号数不一致）→ **不合并，各自建档**（甲方更正：0-GPN 与 00-GPN 是不同尺寸）
koike割嘴102hc,102-4,koike割嘴102hc#102-4,KOIKE割嘴 102HC  #4,1,1,"ziliao/安宝公司/106D7,102HC发商丘/102HC-4 MADE IN JAPAN/AB23807 出口产品供需合同-奉化一洲.xls",同型号不同尺寸（数字部分含前导零/位数/号数不一致）→ **不合并，各自建档**（甲方更正：0-GPN 与 00-GPN 是不同尺寸）
koike割嘴102hc,102-5,koike割嘴102hc#102-5,KOIKE割嘴 102HC  #5,1,1,"ziliao/安宝公司/106D7,102HC发商丘/AB23915 出口产品供需合同-奉化一洲.xls",同型号不同尺寸（数字部分含前导零/位数/号数不一致）→ **不合并，各自建档**（甲方更正：0-GPN 与 00-GPN 是不同尺寸）
koike割嘴106hc割嘴如右图所示,106-2,koike割嘴106hc割嘴如右图所示#106-2,"KOIKE割嘴 106HC割嘴 2#
如右图所示",2,2,"ziliao/安宝公司/MAXES 仿NX,106HC,GPN/订单/AB22997 出口产品供需合同-奉化一洲.xls",同型号不同尺寸（数字部分含前导零/位数/号数不一致）→ **不合并，各自建档**（甲方更正：0-GPN 与 00-GPN 是不同尺寸）
koike割嘴106hc割嘴如右图所示,106-3,koike割嘴106hc割嘴如右图所示#106-3,"KOIKE割嘴 106HC割嘴 3#
如右图所示",2,2,"ziliao/安宝公司/MAXES 仿NX,106HC,GPN/订单/AB22997 出口产品供需合同-奉化一洲.xls",同型号不同尺寸（数字部分含前导零/位数/号数不一致）→ **不合并，各自建档**（甲方更正：0-GPN 与 00-GPN 是不同尺寸）
koike割嘴106hc割嘴如右图所示,106-4,koike割嘴106hc割嘴如右图所示#106-4,"KOIKE割嘴 106HC割嘴 4#
如右图所示",2,2,"ziliao/安宝公司/MAXES 仿NX,106HC,GPN/订单/AB22997 出口产品供需合同-奉化一洲.xls",同型号不同尺寸（数字部分含前导零/位数/号数不一致）→ **不合并，各自建档**（甲方更正：0-GPN 与 00-GPN 是不同尺寸）
koike割嘴106hc割嘴如右图所示,106-5,koike割嘴106hc割嘴如右图所示#106-5,"KOIKE割嘴 106HC割嘴 5#
如右图所示",1,1,"ziliao/安宝公司/MAXES 仿NX,106HC,GPN/订单/AB24092 出口产品供需合同-奉化一洲.xls",同型号不同尺寸（数字部分含前导零/位数/号数不一致）→ **不合并，各自建档**（甲方更正：0-GPN 与 00-GPN 是不同尺寸）
koike割嘴106hc克分体式,106-1-70,koike割嘴106hc克分体式#106-1-70,KOIKE割嘴 106HC-1#  70克  分体式,3,3,"ziliao/安宝公司/HQF 41 6290NX/41, NX, 6290/106HC, NX/AB24557 出口产品供需合同-奉化一洲.xls",同型号不同尺寸（数字部分含前导零/位数/号数不一致）→ **不合并，各自建档**（甲方更正：0-GPN 与 00-GPN 是不同尺寸）
koike割嘴106hc克分体式,106-2-70,koike割嘴106hc克分体式#106-2-70,KOIKE割嘴 106HC-2#  70克  分体式,1,1,"ziliao/安宝公司/HQF 41 6290NX/41, NX, 6290/106HC, NX/ab24076 106HC NX.xls",同型号不同尺寸（数字部分含前导零/位数/号数不一致）→ **不合并，各自建档**（甲方更正：0-GPN 与 00-GPN 是不同尺寸）
koike割嘴106hc克分体式,106-3-70,koike割嘴106hc克分体式#106-3-70,KOIKE割嘴 106HC-3#  70克  分体式,3,3,"ziliao/安宝公司/HQF 41 6290NX/41, NX, 6290/106HC, NX/AB24557 出口产品供需合同-奉化一洲.xls",同型号不同尺寸（数字部分含前导零/位数/号数不一致）→ **不合并，各自建档**（甲方更正：0-GPN 与 00-GPN 是不同尺寸）
koike割嘴106hc克分体式,106-4-70,koike割嘴106hc克分体式#106-4-70,KOIKE割嘴 106HC-4#  70克  分体式,1,1,"ziliao/安宝公司/HQF 41 6290NX/41, NX, 6290/106HC, NX/ab24076 106HC NX.xls",同型号不同尺寸（数字部分含前导零/位数/号数不一致）→ **不合并，各自建档**（甲方更正：0-GPN 与 00-GPN 是不同尺寸）
koike割嘴106hc孔重足76g,106-3-3-76,koike割嘴106hc孔重足76g#106-3-3-76,KOIKE割嘴 106HC-3# 3孔-重足76g,1,1,ziliao/安宝公司/106HC 3孔/ab23430 出口产品供需合同-一洲.xls,同型号不同尺寸（数字部分含前导零/位数/号数不一致）→ **不合并，各自建档**（甲方更正：0-GPN 与 00-GPN 是不同尺寸）
koike割嘴106hc孔重足76g,106-4-3-76,koike割嘴106hc孔重足76g#106-4-3-76,KOIKE割嘴 106HC-4# 3孔-重足76g,1,1,ziliao/安宝公司/106HC 3孔/ab23430 出口产品供需合同-一洲.xls,同型号不同尺寸（数字部分含前导零/位数/号数不一致）→ **不合并，各自建档**（甲方更正：0-GPN 与 00-GPN 是不同尺寸）
koike割嘴106hc孔重足76g,106-5-3-76,koike割嘴106hc孔重足76g#106-5-3-76,KOIKE割嘴 106HC-5# 3孔-重足76g,1,1,ziliao/安宝公司/106HC 3孔/ab23430 出口产品供需合同-一洲.xls,同型号不同尺寸（数字部分含前导零/位数/号数不一致）→ **不合并，各自建档**（甲方更正：0-GPN 与 00-GPN 是不同尺寸）
koike乙炔割嘴102hc,102-0,koike乙炔割嘴102hc#102-0,KOIKE乙炔割嘴 102HC  #0,1,1,"ziliao/安宝公司/AB24145 102HC,106HC/订单/ab24145 出口产品供需合同-奉化一洲.xls",同型号不同尺寸（数字部分含前导零/位数/号数不一致）→ **不合并，各自建档**（甲方更正：0-GPN 与 00-GPN 是不同尺寸）
koike乙炔割嘴102hc,102-1,koike乙炔割嘴102hc#102-1,KOIKE乙炔割嘴 102HC  #1,1,1,"ziliao/安宝公司/AB24145 102HC,106HC/订单/ab24145 出口产品供需合同-奉化一洲.xls",同型号不同尺寸（数字部分含前导零/位数/号数不一致）→ **不合并，各自建档**（甲方更正：0-GPN 与 00-GPN 是不同尺寸）
koike乙炔割嘴102hc,102-2,koike乙炔割嘴102hc#102-2,KOIKE乙炔割嘴 102HC  #2,1,1,"ziliao/安宝公司/AB24145 102HC,106HC/订单/ab24145 出口产品供需合同-奉化一洲.xls",同型号不同尺寸（数字部分含前导零/位数/号数不一致）→ **不合并，各自建档**（甲方更正：0-GPN 与 00-GPN 是不同尺寸）
koike乙炔割嘴102hc,102-3,koike乙炔割嘴102hc#102-3,KOIKE乙炔割嘴 102HC  #3,1,1,"ziliao/安宝公司/AB24145 102HC,106HC/订单/ab24145 出口产品供需合同-奉化一洲.xls",同型号不同尺寸（数字部分含前导零/位数/号数不一致）→ **不合并，各自建档**（甲方更正：0-GPN 与 00-GPN 是不同尺寸）
koike乙炔割嘴102hc,102-4,koike乙炔割嘴102hc#102-4,KOIKE乙炔割嘴 102HC  #4,1,1,"ziliao/安宝公司/AB24145 102HC,106HC/订单/ab24145 出口产品供需合同-奉化一洲.xls",同型号不同尺寸（数字部分含前导零/位数/号数不一致）→ **不合并，各自建档**（甲方更正：0-GPN 与 00-GPN 是不同尺寸）
koike乙炔割嘴102hc,102-5,koike乙炔割嘴102hc#102-5,KOIKE乙炔割嘴 102HC  #5,1,1,"ziliao/安宝公司/AB24145 102HC,106HC/订单/ab24145 出口产品供需合同-奉化一洲.xls",同型号不同尺寸（数字部分含前导零/位数/号数不一致）→ **不合并，各自建档**（甲方更正：0-GPN 与 00-GPN 是不同尺寸）
mc12割嘴,12-00,mc12割嘴#12-00,MC12 割嘴 00#,1,1,ziliao/尤耐克/SUA/SUA订单/UW241002467宁波一洲(1).xlsx,同型号不同尺寸（数字部分含前导零/位数/号数不一致）→ **不合并，各自建档**（甲方更正：0-GPN 与 00-GPN 是不同尺寸）
mc12割嘴,12-1,mc12割嘴#12-1,MC12 割嘴 1#,1,1,ziliao/尤耐克/SUA/SUA订单/UW241002467宁波一洲(1).xlsx,同型号不同尺寸（数字部分含前导零/位数/号数不一致）→ **不合并，各自建档**（甲方更正：0-GPN 与 00-GPN 是不同尺寸）
mc12割嘴,12-2,mc12割嘴#12-2,MC12 割嘴 2#,1,1,ziliao/尤耐克/SUA/SUA订单/UW241002467宁波一洲(1).xlsx,同型号不同尺寸（数字部分含前导零/位数/号数不一致）→ **不合并，各自建档**（甲方更正：0-GPN 与 00-GPN 是不同尺寸）
mc12割嘴,12-3,mc12割嘴#12-3,MC12 割嘴 3#,1,1,ziliao/尤耐克/SUA/SUA订单/UW241002467宁波一洲(1).xlsx,同型号不同尺寸（数字部分含前导零/位数/号数不一致）→ **不合并，各自建档**（甲方更正：0-GPN 与 00-GPN 是不同尺寸）
mc12割嘴,12-4,mc12割嘴#12-4,MC12 割嘴 4#,1,1,ziliao/尤耐克/SUA/SUA订单/UW241002467宁波一洲(1).xlsx,同型号不同尺寸（数字部分含前导零/位数/号数不一致）→ **不合并，各自建档**（甲方更正：0-GPN 与 00-GPN 是不同尺寸）
mc40割嘴,40-0,mc40割嘴#40-0,MC40 割嘴 0#,2,2,ziliao/尤耐克/SUA/SUA订单/UW251002559宁波一洲 .xlsx,同型号不同尺寸（数字部分含前导零/位数/号数不一致）→ **不合并，各自建档**（甲方更正：0-GPN 与 00-GPN 是不同尺寸）
mc40割嘴,40-00,mc40割嘴#40-00,MC40 割嘴 00#,2,2,ziliao/尤耐克/SUA/SUA订单/UW251002559宁波一洲 .xlsx,同型号不同尺寸（数字部分含前导零/位数/号数不一致）→ **不合并，各自建档**（甲方更正：0-GPN 与 00-GPN 是不同尺寸）
mc40割嘴,40-2,mc40割嘴#40-2,MC40 割嘴 2#,1,1,ziliao/尤耐克/SUA/SUA订单/UW241002467宁波一洲(1).xlsx,同型号不同尺寸（数字部分含前导零/位数/号数不一致）→ **不合并，各自建档**（甲方更正：0-GPN 与 00-GPN 是不同尺寸）
mc40割嘴,40-3,mc40割嘴#40-3,MC40 割嘴 3#,1,1,ziliao/尤耐克/SUA/SUA订单/UW241002467宁波一洲(1).xlsx,同型号不同尺寸（数字部分含前导零/位数/号数不一致）→ **不合并，各自建档**（甲方更正：0-GPN 与 00-GPN 是不同尺寸）
pnme割嘴,1,pnme割嘴#1,PNME 割嘴 1#,1,1,ziliao/安宝公司/有焊嘴订单/订单/ABH21371 (一洲).xls,同型号不同尺寸（数字部分含前导零/位数/号数不一致）→ **不合并，各自建档**（甲方更正：0-GPN 与 00-GPN 是不同尺寸）
pnme割嘴,2,pnme割嘴#2,PNME 割嘴 2#,1,1,ziliao/安宝公司/有焊嘴订单/订单/ABH21371 (一洲).xls,同型号不同尺寸（数字部分含前导零/位数/号数不一致）→ **不合并，各自建档**（甲方更正：0-GPN 与 00-GPN 是不同尺寸）
pnme割嘴,3,pnme割嘴#3,PNME 割嘴 3#,1,1,ziliao/安宝公司/有焊嘴订单/订单/ABH21371 (一洲).xls,同型号不同尺寸（数字部分含前导零/位数/号数不一致）→ **不合并，各自建档**（甲方更正：0-GPN 与 00-GPN 是不同尺寸）
pnme割嘴,4,pnme割嘴#4,PNME 割嘴 4#,1,1,ziliao/安宝公司/有焊嘴订单/订单/ABH21371 (一洲).xls,同型号不同尺寸（数字部分含前导零/位数/号数不一致）→ **不合并，各自建档**（甲方更正：0-GPN 与 00-GPN 是不同尺寸）
pnme割嘴,5,pnme割嘴#5,PNME 割嘴 5#,1,1,ziliao/安宝公司/有焊嘴订单/订单/ABH21371 (一洲).xls,同型号不同尺寸（数字部分含前导零/位数/号数不一致）→ **不合并，各自建档**（甲方更正：0-GPN 与 00-GPN 是不同尺寸）
pnme割嘴,6,pnme割嘴#6,PNME 割嘴 6#,1,1,ziliao/安宝公司/有焊嘴订单/订单/ABH21371 (一洲).xls,同型号不同尺寸（数字部分含前导零/位数/号数不一致）→ **不合并，各自建档**（甲方更正：0-GPN 与 00-GPN 是不同尺寸）
sc12割嘴,12-0,sc12割嘴#12-0,SC12 割嘴 0#,1,1,"ziliao/尤耐克/JOSTEIN WELDING SC12,SC50 应/UW250908477宁波一洲.xlsx",同型号不同尺寸（数字部分含前导零/位数/号数不一致）→ **不合并，各自建档**（甲方更正：0-GPN 与 00-GPN 是不同尺寸）
sc12割嘴,12-1,sc12割嘴#12-1,SC12 割嘴 1#,2,2,ziliao/尤耐克/SUA/SUA订单/UW241002467宁波一洲(1).xlsx,同型号不同尺寸（数字部分含前导零/位数/号数不一致）→ **不合并，各自建档**（甲方更正：0-GPN 与 00-GPN 是不同尺寸）
sc12割嘴,12-2,sc12割嘴#12-2,SC12 割嘴 2#,2,2,ziliao/尤耐克/SUA/SUA订单/UW241002467宁波一洲(1).xlsx,同型号不同尺寸（数字部分含前导零/位数/号数不一致）→ **不合并，各自建档**（甲方更正：0-GPN 与 00-GPN 是不同尺寸）
sc12割嘴,12-3,sc12割嘴#12-3,SC12 割嘴 3#,5,5,ziliao/尤耐克/SUA/SUA订单/UW241002467宁波一洲(1).xlsx,同型号不同尺寸（数字部分含前导零/位数/号数不一致）→ **不合并，各自建档**（甲方更正：0-GPN 与 00-GPN 是不同尺寸）
sc12割嘴,12-4,sc12割嘴#12-4,SC12 割嘴 4#,3,3,ziliao/尤耐克/WESTON-3/合同/2024/LGC240407172宁波一洲.xlsx,同型号不同尺寸（数字部分含前导零/位数/号数不一致）→ **不合并，各自建档**（甲方更正：0-GPN 与 00-GPN 是不同尺寸）
sc50割嘴,50-0,sc50割嘴#50-0,SC50 割嘴 0#,1,1,ziliao/尤耐克/WESTON-3/合同/2026/UW260307109宁波一洲(1).xlsx,同型号不同尺寸（数字部分含前导零/位数/号数不一致）→ **不合并，各自建档**（甲方更正：0-GPN 与 00-GPN 是不同尺寸）
sc50割嘴,50-2,sc50割嘴#50-2,SC50 割嘴 2#,4,4,ziliao/尤耐克/SUA/SUA订单/UW241002467宁波一洲(1).xlsx,同型号不同尺寸（数字部分含前导零/位数/号数不一致）→ **不合并，各自建档**（甲方更正：0-GPN 与 00-GPN 是不同尺寸）
sc50割嘴,50-3,sc50割嘴#50-3,SC50 割嘴 3#,4,4,ziliao/尤耐克/SUA/SUA订单/LGC240302109宁波一洲.xlsx,同型号不同尺寸（数字部分含前导零/位数/号数不一致）→ **不合并，各自建档**（甲方更正：0-GPN 与 00-GPN 是不同尺寸）
sc50割嘴,50-4,sc50割嘴#50-4,SC50 割嘴 4#,5,5,ziliao/尤耐克/SUA/SUA订单/LGC240302109宁波一洲.xlsx,同型号不同尺寸（数字部分含前导零/位数/号数不一致）→ **不合并，各自建档**（甲方更正：0-GPN 与 00-GPN 是不同尺寸）
sc50割嘴,50-5,sc50割嘴#50-5,SC50 割嘴 5#,2,2,ziliao/尤耐克/SUA/SUA订单/UW251002559宁波一洲 .xlsx,同型号不同尺寸（数字部分含前导零/位数/号数不一致）→ **不合并，各自建档**（甲方更正：0-GPN 与 00-GPN 是不同尺寸）
sc50割嘴,50-6,sc50割嘴#50-6,SC50 割嘴 6#,2,2,ziliao/尤耐克/SUA/SUA订单/UW251002559宁波一洲 .xlsx,同型号不同尺寸（数字部分含前导零/位数/号数不一致）→ **不合并，各自建档**（甲方更正：0-GPN 与 00-GPN 是不同尺寸）
sc50割嘴,50-7,sc50割嘴#50-7,SC50 割嘴 7#,3,3,ziliao/尤耐克/SUA/SUA订单/UW251002559宁波一洲 .xlsx,同型号不同尺寸（数字部分含前导零/位数/号数不一致）→ **不合并，各自建档**（甲方更正：0-GPN 与 00-GPN 是不同尺寸）
tanaka,1,tanaka#1,TANAKA原装割嘴带原装刻字 #1号,1,1,ziliao/安宝公司/旧订单资料/3051/AB21645 出口产品供需合同 奉化一洲(1).xls,同型号不同尺寸（数字部分含前导零/位数/号数不一致）→ **不合并，各自建档**（甲方更正：0-GPN 与 00-GPN 是不同尺寸）
tanaka,2,tanaka#2,TANAKA原装割嘴带原装刻字 #2号,1,1,ziliao/安宝公司/旧订单资料/3051/AB21645 出口产品供需合同 奉化一洲(1).xls,同型号不同尺寸（数字部分含前导零/位数/号数不一致）→ **不合并，各自建档**（甲方更正：0-GPN 与 00-GPN 是不同尺寸）
tanaka,3,tanaka#3,TANAKA原装割嘴带原装刻字 #3号,1,1,ziliao/安宝公司/旧订单资料/3051/AB21645 出口产品供需合同 奉化一洲(1).xls,同型号不同尺寸（数字部分含前导零/位数/号数不一致）→ **不合并，各自建档**（甲方更正：0-GPN 与 00-GPN 是不同尺寸）
tanaka,4,tanaka#4,TANAKA原装割嘴带原装刻字 #4号,1,1,ziliao/安宝公司/旧订单资料/3051/AB21645 出口产品供需合同 奉化一洲(1).xls,同型号不同尺寸（数字部分含前导零/位数/号数不一致）→ **不合并，各自建档**（甲方更正：0-GPN 与 00-GPN 是不同尺寸）
victor丙烷割嘴3gpn,3-0-0-3-0-3,victor丙烷割嘴3gpn#3-0-0-3-0-3,"victor 丙烷割嘴3GPN－0#
刻字：内嘴上0-3-GPN
外嘴上VICTOR 0-3-GPN

包装：VICTOR塑料盒+不干胶",1,1,ziliao/安宝公司/VICTOR+BAYO/订单/2026/ab26430.xls,同型号不同尺寸（数字部分含前导零/位数/号数不一致）→ **不合并，各自建档**（甲方更正：0-GPN 与 00-GPN 是不同尺寸）
victor丙烷割嘴3gpn,3-00-00-3-00-3,victor丙烷割嘴3gpn#3-00-00-3-00-3,"victor 丙烷割嘴3GPN－00#
刻字：内嘴上00-3-GPN
外嘴上VICTOR 00-3-GPN

包装：VICTOR塑料盒+不干胶",1,1,ziliao/安宝公司/VICTOR+BAYO/订单/2026/ab26430.xls,同型号不同尺寸（数字部分含前导零/位数/号数不一致）→ **不合并，各自建档**（甲方更正：0-GPN 与 00-GPN 是不同尺寸）
victor丙烷割嘴3gpn,3-1-1-3-1-3,victor丙烷割嘴3gpn#3-1-1-3-1-3,"victor 丙烷割嘴3GPN－1#
刻字：内嘴上1-3-GPN
外嘴上VICTOR 1-3-GPN

包装：VICTOR塑料盒+不干胶",1,1,ziliao/安宝公司/VICTOR+BAYO/订单/2026/ab26430.xls,同型号不同尺寸（数字部分含前导零/位数/号数不一致）→ **不合并，各自建档**（甲方更正：0-GPN 与 00-GPN 是不同尺寸）
victor丙烷割嘴3gpn,3-2-2-3-2-3,victor丙烷割嘴3gpn#3-2-2-3-2-3,"victor 丙烷割嘴3GPN－2#
刻字：内嘴上2-3-GPN
外嘴上VICTOR 2-3-GPN

包装：VICTOR塑料盒+不干胶",1,1,ziliao/安宝公司/VICTOR+BAYO/订单/2026/ab26430.xls,同型号不同尺寸（数字部分含前导零/位数/号数不一致）→ **不合并，各自建档**（甲方更正：0-GPN 与 00-GPN 是不同尺寸）
victor丙烷割嘴gpn,0-0-0,victor丙烷割嘴gpn#0-0-0,"victor 丙烷割嘴 GPN－0#
刻字：内嘴上0-GPN
外嘴上VICTOR 0-GPN

包装：VICTOR塑料盒+不干胶",1,1,ziliao/安宝公司/VICTOR+BAYO/订单/AB22466 出口产品供需合同-一州(1).xls,同型号不同尺寸（数字部分含前导零/位数/号数不一致）→ **不合并，各自建档**（甲方更正：0-GPN 与 00-GPN 是不同尺寸）
victor丙烷割嘴gpn,00-00-00,victor丙烷割嘴gpn#00-00-00,"victor 丙烷割嘴 GPN－00#
刻字：内嘴上00-GPN
外嘴上VICTOR 00-GPN

包装：VICTOR塑料盒+不干胶",1,1,ziliao/安宝公司/VICTOR+BAYO/订单/ab24169 出口产品供需合同-奉化一洲.xls,同型号不同尺寸（数字部分含前导零/位数/号数不一致）→ **不合并，各自建档**（甲方更正：0-GPN 与 00-GPN 是不同尺寸）
victor丙烷割嘴gpn,1-1-1,victor丙烷割嘴gpn#1-1-1,"victor 丙烷割嘴 GPN－1#
刻字：内嘴上1-GPN
外嘴上VICTOR 1-GPN

包装：VICTOR塑料盒+不干胶",2,2,ziliao/安宝公司/VICTOR+BAYO/订单/2026/ab26430.xls,同型号不同尺寸（数字部分含前导零/位数/号数不一致）→ **不合并，各自建档**（甲方更正：0-GPN 与 00-GPN 是不同尺寸）
victor丙烷割嘴gpn,2,victor丙烷割嘴gpn#2,"VICTOR 丙烷割嘴 GPN-2#
刻字：VICTOR中性刻字

包装：VICTOR塑料盒+不干胶",1,1,"ziliao/安宝公司/VICTOR-GPN, 1-101,6290AC/AB23036 VICTOR GPN ACT1843.xls",同型号不同尺寸（数字部分含前导零/位数/号数不一致）→ **不合并，各自建档**（甲方更正：0-GPN 与 00-GPN 是不同尺寸）
victor丙烷割嘴gpn,2-2-2,victor丙烷割嘴gpn#2-2-2,"victor 丙烷割嘴 GPN－2#
刻字：内嘴上2-GPN
外嘴上VICTOR 2-GPN

包装：VICTOR塑料盒+不干胶",2,2,ziliao/安宝公司/VICTOR+BAYO/订单/2026/ab26430.xls,同型号不同尺寸（数字部分含前导零/位数/号数不一致）→ **不合并，各自建档**（甲方更正：0-GPN 与 00-GPN 是不同尺寸）
victor丙烷割嘴gpn,3,victor丙烷割嘴gpn#3,"VICTOR 丙烷割嘴 GPN-3#
刻字：VICTOR中性刻字

包装：VICTOR塑料盒+不干胶",1,1,"ziliao/安宝公司/VICTOR-GPN, 1-101,6290AC/AB23036 VICTOR GPN ACT1843.xls",同型号不同尺寸（数字部分含前导零/位数/号数不一致）→ **不合并，各自建档**（甲方更正：0-GPN 与 00-GPN 是不同尺寸）
victor丙烷割嘴gpn,3-3-3,victor丙烷割嘴gpn#3-3-3,"victor 丙烷割嘴 GPN－3#
刻字：内嘴上3-GPN
外嘴上VICTOR 3-GPN

包装：VICTOR塑料盒+不干胶",1,1,ziliao/安宝公司/VICTOR+BAYO/订单/AB22466 出口产品供需合同-一州(1).xls,同型号不同尺寸（数字部分含前导零/位数/号数不一致）→ **不合并，各自建档**（甲方更正：0-GPN 与 00-GPN 是不同尺寸）
victor丙烷割嘴gpn,4-4-4,victor丙烷割嘴gpn#4-4-4,"victor 丙烷割嘴 GPN－4#
刻字：内嘴上4-GPN
外嘴上VICTOR 4-GPN

包装：VICTOR塑料盒+不干胶",1,1,ziliao/安宝公司/VICTOR+BAYO/订单/AB22466 出口产品供需合同-一州(1).xls,同型号不同尺寸（数字部分含前导零/位数/号数不一致）→ **不合并，各自建档**（甲方更正：0-GPN 与 00-GPN 是不同尺寸）
victor丙烷割嘴gpn,5-5-5,victor丙烷割嘴gpn#5-5-5,"victor 丙烷割嘴 GPN－5#
刻字：内嘴上5-GPN
外嘴上VICTOR 5-GPN

包装：VICTOR塑料盒+不干胶",1,1,ziliao/安宝公司/VICTOR+BAYO/订单/AB22466 出口产品供需合同-一州(1).xls,同型号不同尺寸（数字部分含前导零/位数/号数不一致）→ **不合并，各自建档**（甲方更正：0-GPN 与 00-GPN 是不同尺寸）
victor丙烷割嘴gpn,6-6-6,victor丙烷割嘴gpn#6-6-6,"victor 丙烷割嘴 GPN－6#
刻字：内嘴上6-GPN
外嘴上VICTOR 6-GPN

包装：VICTOR塑料盒+不干胶",1,1,ziliao/安宝公司/VICTOR+BAYO/订单/AB22466 出口产品供需合同-一州(1).xls,同型号不同尺寸（数字部分含前导零/位数/号数不一致）→ **不合并，各自建档**（甲方更正：0-GPN 与 00-GPN 是不同尺寸）
victor丙烷割嘴gpn,7-7-7,victor丙烷割嘴gpn#7-7-7,"victor 丙烷割嘴 GPN－7#
刻字：内嘴上7-GPN
外嘴上VICTOR 7-GPN

包装：VICTOR塑料盒+不干胶",2,2,ziliao/安宝公司/VICTOR+BAYO/订单/AB22466 出口产品供需合同-一州(1).xls,同型号不同尺寸（数字部分含前导零/位数/号数不一致）→ **不合并，各自建档**（甲方更正：0-GPN 与 00-GPN 是不同尺寸）
victor丙烷割嘴gpn,8-8-8,victor丙烷割嘴gpn#8-8-8,"victor 丙烷割嘴 GPN－8#
刻字：内嘴上8-GPN
外嘴上VICTOR 8-GPN

包装：VICTOR塑料盒+不干胶",2,2,ziliao/安宝公司/VICTOR+BAYO/订单/AB22721 出口产品供需合同-奉化一洲.xls,同型号不同尺寸（数字部分含前导零/位数/号数不一致）→ **不合并，各自建档**（甲方更正：0-GPN 与 00-GPN 是不同尺寸）
victor丙烷割嘴gpn如右图所示,2,victor丙烷割嘴gpn如右图所示#2,"Victor 丙烷割嘴 GPN-2#
如右图所示",1,1,"ziliao/安宝公司/MAXES 仿NX,106HC,GPN/订单/AB22997 出口产品供需合同-奉化一洲.xls",同型号不同尺寸（数字部分含前导零/位数/号数不一致）→ **不合并，各自建档**（甲方更正：0-GPN 与 00-GPN 是不同尺寸）
victor丙烷割嘴gpn如右图所示,3,victor丙烷割嘴gpn如右图所示#3,"Victor 丙烷割嘴 GPN-3#
如右图所示",1,1,"ziliao/安宝公司/MAXES 仿NX,106HC,GPN/订单/AB22997 出口产品供需合同-奉化一洲.xls",同型号不同尺寸（数字部分含前导零/位数/号数不一致）→ **不合并，各自建档**（甲方更正：0-GPN 与 00-GPN 是不同尺寸）
victor丙烷割嘴gpn如右图所示,4,victor丙烷割嘴gpn如右图所示#4,"Victor 丙烷割嘴 GPN-4#
如右图所示",1,1,"ziliao/安宝公司/MAXES 仿NX,106HC,GPN/订单/AB22997 出口产品供需合同-奉化一洲.xls",同型号不同尺寸（数字部分含前导零/位数/号数不一致）→ **不合并，各自建档**（甲方更正：0-GPN 与 00-GPN 是不同尺寸）
victor乙炔割嘴,101-0-0-1-101,victor乙炔割嘴#101-0-0-1-101,"victor乙炔割嘴 101-0# 
刻字：VICTOR 0-1-101",2,2,ziliao/安宝公司/M Haseeb  A.SH  106hc直通  80克/M Haseeb/ab22831 出口产品供需合同-奉化一洲.xls,同型号不同尺寸（数字部分含前导零/位数/号数不一致）→ **不合并，各自建档**（甲方更正：0-GPN 与 00-GPN 是不同尺寸）
victor乙炔割嘴,101-00-00-1-101,victor乙炔割嘴#101-00-00-1-101,"victor乙炔割嘴 101-00# 
刻字：VICTOR 00-1-101",2,2,ziliao/安宝公司/M Haseeb  A.SH  106hc直通  80克/M Haseeb/ab22831 出口产品供需合同-奉化一洲.xls,同型号不同尺寸（数字部分含前导零/位数/号数不一致）→ **不合并，各自建档**（甲方更正：0-GPN 与 00-GPN 是不同尺寸）
victor乙炔割嘴,101-1-1-1-101,victor乙炔割嘴#101-1-1-1-101,"victor乙炔割嘴 101-1# 
刻字：VICTOR 1-1-101",2,2,ziliao/安宝公司/M Haseeb  A.SH  106hc直通  80克/M Haseeb/ab22831 出口产品供需合同-奉化一洲.xls,同型号不同尺寸（数字部分含前导零/位数/号数不一致）→ **不合并，各自建档**（甲方更正：0-GPN 与 00-GPN 是不同尺寸）
victor乙炔割嘴,101-1-1-1-101,victor乙炔割嘴#101-1-1-1-101,"victor 乙炔割嘴 101-1#
刻字：VICTOR 1-1-101

包装：VICTOR塑料盒+不干胶",1,1,ziliao/安宝公司/VICTOR+BAYO/订单/AB22466 出口产品供需合同-一州(1).xls,同型号不同尺寸（数字部分含前导零/位数/号数不一致）→ **不合并，各自建档**（甲方更正：0-GPN 与 00-GPN 是不同尺寸）
victor乙炔割嘴,101-2-2-1-101,victor乙炔割嘴#101-2-2-1-101,"victor乙炔割嘴 101-2# 
刻字：VICTOR 2-1-101",2,2,ziliao/安宝公司/M Haseeb  A.SH  106hc直通  80克/M Haseeb/ab22831 出口产品供需合同-奉化一洲.xls,同型号不同尺寸（数字部分含前导零/位数/号数不一致）→ **不合并，各自建档**（甲方更正：0-GPN 与 00-GPN 是不同尺寸）
victor乙炔割嘴,101-2-2-1-101,victor乙炔割嘴#101-2-2-1-101,"victor 乙炔割嘴 101-2#
刻字：VICTOR 2-1-101

包装：VICTOR塑料盒+不干胶",1,1,ziliao/安宝公司/VICTOR+BAYO/订单/AB22466 出口产品供需合同-一州(1).xls,同型号不同尺寸（数字部分含前导零/位数/号数不一致）→ **不合并，各自建档**（甲方更正：0-GPN 与 00-GPN 是不同尺寸）
victor乙炔割嘴,101-3-3-1-101,victor乙炔割嘴#101-3-3-1-101,"victor乙炔割嘴 101-3# 
刻字：VICTOR 3-1-101",2,2,ziliao/安宝公司/M Haseeb  A.SH  106hc直通  80克/M Haseeb/ab22831 出口产品供需合同-奉化一洲.xls,同型号不同尺寸（数字部分含前导零/位数/号数不一致）→ **不合并，各自建档**（甲方更正：0-GPN 与 00-GPN 是不同尺寸）
victor乙炔割嘴,101-3-3-1-101,victor乙炔割嘴#101-3-3-1-101,"victor 乙炔割嘴 101-3#
刻字：VICTOR 3-1-101

包装：VICTOR塑料盒+不干胶",1,1,ziliao/安宝公司/VICTOR+BAYO/订单/AB22466 出口产品供需合同-一州(1).xls,同型号不同尺寸（数字部分含前导零/位数/号数不一致）→ **不合并，各自建档**（甲方更正：0-GPN 与 00-GPN 是不同尺寸）
victor乙炔割嘴,101-4-4-1-101,victor乙炔割嘴#101-4-4-1-101,"victor乙炔割嘴 101-4# 
刻字：VICTOR 4-1-101",2,2,ziliao/安宝公司/M Haseeb  A.SH  106hc直通  80克/M Haseeb/ab22831 出口产品供需合同-奉化一洲.xls,同型号不同尺寸（数字部分含前导零/位数/号数不一致）→ **不合并，各自建档**（甲方更正：0-GPN 与 00-GPN 是不同尺寸）
victor乙炔割嘴,101-4-4-1-101,victor乙炔割嘴#101-4-4-1-101,"victor 乙炔割嘴 101-4#
刻字：VICTOR 4-1-101

包装：VICTOR塑料盒+不干胶",1,1,ziliao/安宝公司/VICTOR+BAYO/订单/AB22466 出口产品供需合同-一州(1).xls,同型号不同尺寸（数字部分含前导零/位数/号数不一致）→ **不合并，各自建档**（甲方更正：0-GPN 与 00-GPN 是不同尺寸）
victor乙炔割嘴,101-5-5-1-101,victor乙炔割嘴#101-5-5-1-101,"victor乙炔割嘴 101-5# 
刻字：VICTOR 5-1-101",2,2,ziliao/安宝公司/M Haseeb  A.SH  106hc直通  80克/M Haseeb/ab22831 出口产品供需合同-奉化一洲.xls,同型号不同尺寸（数字部分含前导零/位数/号数不一致）→ **不合并，各自建档**（甲方更正：0-GPN 与 00-GPN 是不同尺寸）
victor乙炔割嘴,101-5-5-1-101,victor乙炔割嘴#101-5-5-1-101,"victor 乙炔割嘴 101-5#
刻字：VICTOR 5-1-101

包装：VICTOR塑料盒+不干胶",1,1,ziliao/安宝公司/VICTOR+BAYO/订单/AB22466 出口产品供需合同-一州(1).xls,同型号不同尺寸（数字部分含前导零/位数/号数不一致）→ **不合并，各自建档**（甲方更正：0-GPN 与 00-GPN 是不同尺寸）
victor乙炔割嘴,101-6-6-1-101,victor乙炔割嘴#101-6-6-1-101,"victor 乙炔割嘴 101-6#
刻字：VICTOR 6-1-101

包装：VICTOR塑料盒+不干胶",1,1,ziliao/安宝公司/VICTOR+BAYO/订单/AB22466 出口产品供需合同-一州(1).xls,同型号不同尺寸（数字部分含前导零/位数/号数不一致）→ **不合并，各自建档**（甲方更正：0-GPN 与 00-GPN 是不同尺寸）
victor乙炔割嘴,101-7-7-1-101,victor乙炔割嘴#101-7-7-1-101,"victor 乙炔割嘴 101-7#
刻字：VICTOR 7-1-101

包装：VICTOR塑料盒+不干胶",1,1,ziliao/安宝公司/VICTOR+BAYO/订单/AB22466 出口产品供需合同-一州(1).xls,同型号不同尺寸（数字部分含前导零/位数/号数不一致）→ **不合并，各自建档**（甲方更正：0-GPN 与 00-GPN 是不同尺寸）
victor乙炔割嘴,101-8-8-1-101,victor乙炔割嘴#101-8-8-1-101,"victor 乙炔割嘴 101-8#
刻字：VICTOR 8-1-101

包装：VICTOR塑料盒+不干胶",1,1,ziliao/安宝公司/VICTOR+BAYO/订单/ab24169 出口产品供需合同-奉化一洲.xls,同型号不同尺寸（数字部分含前导零/位数/号数不一致）→ **不合并，各自建档**（甲方更正：0-GPN 与 00-GPN 是不同尺寸）
victorstyle300seriesgougingtipsize,300-0-1-118-0,victorstyle300seriesgougingtipsize#300-0-1-118-0,Victor Style 300 Series Gouging Tip Size 0 1-118 0#,1,1,"ziliao/安宝公司/常规1-101,GPN 6290NX,G1-P,NFF/AB25951 出口产品供需合同-一洲(1).xls",同型号不同尺寸（数字部分含前导零/位数/号数不一致）→ **不合并，各自建档**（甲方更正：0-GPN 与 00-GPN 是不同尺寸）
victorstyle300seriesgougingtipsize,300-1-1-118-2,victorstyle300seriesgougingtipsize#300-1-1-118-2,Victor Style 300 Series Gouging Tip-Size 1 1-118 2#,1,1,"ziliao/安宝公司/常规1-101,GPN 6290NX,G1-P,NFF/AB25951 出口产品供需合同-一洲(1).xls",同型号不同尺寸（数字部分含前导零/位数/号数不一致）→ **不合并，各自建档**（甲方更正：0-GPN 与 00-GPN 是不同尺寸）
victorstyle300seriesgougingtipsize,300-2-1-118-4,victorstyle300seriesgougingtipsize#300-2-1-118-4,Victor Style 300 Series Gouging Tip-Size 2 1-118 4#,1,1,"ziliao/安宝公司/常规1-101,GPN 6290NX,G1-P,NFF/AB25951 出口产品供需合同-一洲(1).xls",同型号不同尺寸（数字部分含前导零/位数/号数不一致）→ **不合并，各自建档**（甲方更正：0-GPN 与 00-GPN 是不同尺寸）
victorstyle300seriesgougingtipsize,300-3-1-118-6,victorstyle300seriesgougingtipsize#300-3-1-118-6,Victor Style 300 Series Gouging Tip-Size 3 1-118 6#,1,1,"ziliao/安宝公司/常规1-101,GPN 6290NX,G1-P,NFF/AB25951 出口产品供需合同-一洲(1).xls",同型号不同尺寸（数字部分含前导零/位数/号数不一致）→ **不合并，各自建档**（甲方更正：0-GPN 与 00-GPN 是不同尺寸）
