产品名称,建议产品类型,默认包装,出现次数,来源文件数,来源示例文件,置信度,类型待人工确认,类型推断依据,来源构成,疑似号数/规格,列错位回填行数
1-1-101,待定,VICTOR包装 印: MADE IN USA,91,91,"嵊州海田/21IIF03  VICTOR 1-101, GPN,0-7-W,MFA,MFN 宋/VICTOR GPN 生产计划单.doc",高,是,只认到地域「us」，缺乙炔/丙烷 → 待人工确认,计划单+其它单据,,0
2-1-101,待定,"VICTOR包装 印: MADE IN USA, 不干胶不用贴,另外放",88,88,"嵊州海田/21IIF03  VICTOR 1-101, GPN,0-7-W,MFA,MFN 宋/VICTOR GPN 生产计划单.doc",高,是,只认到地域「us」，缺乙炔/丙烷 → 待人工确认,计划单+其它单据,,0
3-1-101,待定,,79,79,嵊州海田/AIR IMETAN Ricardo/AIR IMETAN生产计划单-1.doc,高,是,只认到地域「us」，缺乙炔/丙烷 → 待人工确认,计划单+其它单据,,0
0-1-101,待定,VICTOR包装 MADE IN USA,59,59,"嵊州海田/21IIF03  VICTOR 1-101, GPN,0-7-W,MFA,MFN 宋/VICTOR GPN 生产计划单.doc",高,是,只认到地域「us」，缺乙炔/丙烷 → 待人工确认,计划单+其它单据,,0
4-1-101,待定,,58,58,"嵊州海田/21IIF03  VICTOR 1-101, GPN,0-7-W,MFA,MFN 宋/VICTOR GPN 生产计划单.doc",高,是,只认到地域「us」，缺乙炔/丙烷 → 待人工确认,计划单+其它单据,,0
GPN-1,待定,VICTOR包装 不干胶made in mexico GPN用新警告标志,44,44,嵊州海田/常规生产计划单.doc,高,是,名称里没有可辨认的类型证据 → 待人工确认,计划单,,0
GPN-2,待定,VICTOR包装 警告标志 MADE IN USA,44,44,"嵊州海田/伊朗106HC,GPN贴不干胶/106HC生产计划单MADE IN JAPAN.doc",高,是,名称里没有可辨认的类型证据 → 待人工确认,计划单,,0
割嘴 6290-1# 产品号码6010,待定,6290割嘴,43,38,ziliao/安宝公司/M Haseeb  A.SH  106hc直通  80克/A.SH/AB241054 出口产品供需合同-一洲.xls,高,是,只认到地域「us」，缺乙炔/丙烷 → 待人工确认,合同,,0
割嘴 MC-12-1# 产品号码6003,待定,,42,38,ziliao/安宝公司/M Haseeb  A.SH  106hc直通  80克/A.SH/AB241054 出口产品供需合同-一洲.xls,高,是,名称里没有可辨认的类型证据 → 待人工确认,合同,,0
2-GPN,待定,,41,41,"ziliao/安宝公司/B.S.A. 6290NX,6290,1-101,GPN/AB22854 出口产品供需合同-一洲.xls",高,是,名称里没有可辨认的类型证据 → 待人工确认,合同+计划单+其它单据,,0
割嘴 SC-12-2# 产品号码6001,待定,这款要求26.4.5提前发货,41,38,ziliao/安宝公司/M Haseeb  A.SH  106hc直通  80克/A.SH/AB241054 出口产品供需合同-一洲.xls,高,是,名称里没有可辨认的类型证据 → 待人工确认,合同,,0
割嘴 MC-12-2# 产品号码6004,待定,,41,37,ziliao/安宝公司/M Haseeb  A.SH  106hc直通  80克/A.SH/AB241054 出口产品供需合同-一洲.xls,高,是,名称里没有可辨认的类型证据 → 待人工确认,合同,,0
1-101 割嘴  0#,待定,,38,38,ziliao/尤耐克/1-101泡壳小应/LGC230319082宁波一洲.xlsx,高,是,只认到地域「us」，缺乙炔/丙烷 → 待人工确认,合同,,0
5-1-101,待定,,38,38,嵊州海田/22 IAM   T20 106HC金色字  宋/VICTOR GPN 生产计划单.doc,高,是,只认到地域「us」，缺乙炔/丙烷 → 待人工确认,计划单+其它单据,,0
割嘴 00#-3-101 产品号码6017,待定,,38,38,ziliao/安宝公司/M Haseeb  A.SH  106hc直通  80克/A.SH/AB241054 出口产品供需合同-一洲.xls,高,是,只认到地域「us」，缺乙炔/丙烷 → 待人工确认,合同,,0
GPN-3,待定,塑壳 蓝盖 不干胶 50只/中盒,38,38,"嵊州海田/伊朗106HC,GPN贴不干胶/106HC生产计划单MADE IN JAPAN.doc",高,是,名称里没有可辨认的类型证据 → 待人工确认,计划单,,0
"割嘴 1-GPN 2#
产品号码6028",待定,,38,36,ziliao/安宝公司/M Haseeb  A.SH  106hc直通  80克/A.SH/AB241054 出口产品供需合同-一洲.xls,高,是,名称里没有可辨认的类型证据 → 待人工确认,合同,,0
1-GPN,待定,"VICTOR包装 新款不干胶,GPN贴警告标志 印: MADE IN USA 106HC: 吸塑,放说明书 印:MADE IN JAPAN",37,37,"嵊州海田/21IIF03  VICTOR 1-101, GPN,0-7-W,MFA,MFN 宋/VICTOR GPN 生产计划单.doc",高,是,名称里没有可辨认的类型证据 → 待人工确认,计划单+其它单据,,0
割嘴 1-3-GPN 产品号码6031,待定,,36,36,ziliao/安宝公司/M Haseeb  A.SH  106hc直通  80克/A.SH/AB241054 出口产品供需合同-一洲.xls,高,是,名称里没有可辨认的类型证据 → 待人工确认,合同,,0
割嘴 1#-3-101 产品号码6019,待定,,36,36,ziliao/安宝公司/M Haseeb  A.SH  106hc直通  80克/A.SH/AB241054 出口产品供需合同-一洲.xls,高,是,只认到地域「us」，缺乙炔/丙烷 → 待人工确认,合同,,0
"割嘴 1-GPN 3#
产品号码6029",待定,,36,33,ziliao/安宝公司/M Haseeb  A.SH  106hc直通  80克/A.SH/AB241054 出口产品供需合同-一洲.xls,高,是,名称里没有可辨认的类型证据 → 待人工确认,合同,,0
3-GPN,待定,,35,35,"嵊州海田/21IIF03  VICTOR 1-101, GPN,0-7-W,MFA,MFN 宋/VICTOR GPN 生产计划单.doc",高,是,名称里没有可辨认的类型证据 → 待人工确认,计划单+其它单据,,0
割嘴 1#-1-101 产品号码6024,待定,,35,35,ziliao/安宝公司/M Haseeb  A.SH  106hc直通  80克/A.SH/AB241054 出口产品供需合同-一洲.xls,高,是,只认到地域「us」，缺乙炔/丙烷 → 待人工确认,合同,,0
割嘴 2-3-GPN 产品号码6032,待定,,35,35,ziliao/安宝公司/M Haseeb  A.SH  106hc直通  80克/A.SH/AB241054 出口产品供需合同-一洲.xls,高,是,名称里没有可辨认的类型证据 → 待人工确认,合同,,0
割嘴 2#-1-101 产品号码6025,待定,,35,35,ziliao/安宝公司/M Haseeb  A.SH  106hc直通  80克/A.SH/AB241054 出口产品供需合同-一洲.xls,高,是,只认到地域「us」，缺乙炔/丙烷 → 待人工确认,合同,,0
6290NX-2,待定,塑壳 乙炔红盖 丙烷黑盖 不干胶 50只/中盒,34,34,嵊州海田/22 IAM   T20 106HC金色字  宋/HARRIS 6290NX生产计划单.doc,高,是,名称里没有可辨认的类型证据 → 待人工确认,计划单+其它单据,,0
割嘴 2#-3-101 产品号码6020,待定,,34,34,ziliao/安宝公司/M Haseeb  A.SH  106hc直通  80克/A.SH/AB241054 出口产品供需合同-一洲.xls,高,是,只认到地域「us」，缺乙炔/丙烷 → 待人工确认,合同,,0
割嘴 6290-3# 产品号码6012,待定,,34,34,ziliao/安宝公司/M Haseeb  A.SH  106hc直通  80克/A.SH/AB241054 出口产品供需合同-一洲.xls,高,是,只认到地域「us」，缺乙炔/丙烷 → 待人工确认,合同,,0
割嘴 3#-3-101 产品号码6021,待定,,33,33,ziliao/安宝公司/M Haseeb  A.SH  106hc直通  80克/A.SH/AB241054 出口产品供需合同-一洲.xls,高,是,只认到地域「us」，缺乙炔/丙烷 → 待人工确认,合同,,0
2-W,待定,,31,31,"嵊州海田/21IIF03  VICTOR 1-101, GPN,0-7-W,MFA,MFN 宋/采购单.doc",高,是,名称里没有可辨认的类型证据 → 待人工确认,采购单+计划单,,0
4-GPN,待定,,31,31,"嵊州海田/21IIF03  VICTOR 1-101, GPN,0-7-W,MFA,MFN 宋/VICTOR GPN 生产计划单.doc",高,是,名称里没有可辨认的类型证据 → 待人工确认,计划单+其它单据,,0
6290NX-3,待定,,31,31,嵊州海田/22 IAM   T20 106HC金色字  宋/HARRIS 6290NX生产计划单.doc,高,是,名称里没有可辨认的类型证据 → 待人工确认,计划单+其它单据,,0
"HARRIS 丙烷割嘴6290-NX-2 53g
代码：4187",us_propane,标贴尺寸：80x16mm 塑料盒盖用黑色,31,31,ziliao/安宝公司/INFAR不干胶/INFRA合同/2021/AB21779 出口产品供需合同-奉化一洲.xls,高,否,气体（propane）+ 地域（us）均为字面证据,合同,,0
6290NX-1,待定,HARRIS彩盒 不干胶 10只/中盒 VICTOR包装,30,30,嵊州海田/22 IAM   T20 106HC金色字  宋/HARRIS 6290NX生产计划单.doc,高,是,名称里没有可辨认的类型证据 → 待人工确认,计划单+其它单据,,0
"smith 丙烷割嘴 SC-50-A-2 93g
代码：4158",待定,,30,30,ziliao/安宝公司/INFAR不干胶/INFRA合同/2021/AB21779 出口产品供需合同-奉化一洲.xls,高,是,只认到气体「propane」，缺英式/美式 → 待人工确认,合同,,0
"smith 乙炔割嘴 SC-12-2 103g
代码：4136",待定,标贴尺寸：80x16mm 塑料盒盖用红色,30,30,ziliao/安宝公司/INFAR不干胶/INFRA合同/2021/AB21779 出口产品供需合同-奉化一洲.xls,高,是,只认到气体「acetylene」，缺英式/美式 → 待人工确认,合同,,0
1-101 割嘴  1#,待定,,29,29,ziliao/尤耐克/CROSSWELD文件/合同/2025/UW250407175宁波一洲.xlsx,高,是,只认到地域「us」，缺乙炔/丙烷 → 待人工确认,合同,,0
GPN-4,待定,"VICTOR包装 MADE IN MEXICO 1-101,GPN都贴新款贴警告标志",29,29,"嵊州海田/伊朗106HC,GPN贴不干胶/106HC生产计划单MADE IN JAPAN.doc",高,是,名称里没有可辨认的类型证据 → 待人工确认,计划单,,0
"HARRIS 丙烷割嘴6290-NX-0 53g
代码：4184",us_propane,标贴尺寸：80x16mm 塑料盒盖用黑色,28,28,ziliao/安宝公司/INFAR不干胶/INFRA合同/2021/AB21864 出口产品供需合同-奉化一洲(2).xls,高,否,气体（propane）+ 地域（us）均为字面证据,合同,,0
"smith 丙烷割嘴 SC-50-A-1 93g
代码：4157",待定,标贴尺寸：80x16mm 塑料盒盖用黑色,28,28,ziliao/安宝公司/INFAR不干胶/INFRA合同/2021/AB21779 出口产品供需合同-奉化一洲.xls,高,是,只认到气体「propane」，缺英式/美式 → 待人工确认,合同,,0
"smith 乙炔割嘴 SC-12-3 103g
代码：4137",待定,,28,28,ziliao/安宝公司/INFAR不干胶/INFRA合同/2021/AB21779 出口产品供需合同-奉化一洲.xls,高,是,只认到气体「acetylene」，缺英式/美式 → 待人工确认,合同,,0
"smith 乙炔割嘴 SC-12-5 103g
代码：4151",待定,,28,28,ziliao/安宝公司/INFAR不干胶/INFRA合同/2021/AB21779 出口产品供需合同-奉化一洲.xls,高,是,只认到气体「acetylene」，缺英式/美式 → 待人工确认,合同,,0
"HARRIS 丙烷割嘴6290-NX-1 53g
代码：4186",us_propane,标贴尺寸：80x16mm 塑料盒盖用黑色,27,27,ziliao/安宝公司/INFAR不干胶/INFRA合同/2021/AB21779 出口产品供需合同-奉化一洲.xls,高,否,气体（propane）+ 地域（us）均为字面证据,合同,,0
"HARRIS 丙烷割嘴6290-NX-3 53g
代码：4188",us_propane,标贴尺寸：80x16mm 塑料盒盖用黑色,27,27,ziliao/安宝公司/INFAR不干胶/INFRA合同/2021/AB21779 出口产品供需合同-奉化一洲.xls,高,否,气体（propane）+ 地域（us）均为字面证据,合同,,0
"smith 乙炔割嘴 SC-12-1 103g
代码：4134",待定,标贴尺寸：80x16mm 塑料盒盖用红色 刻字例如：SC12-3,27,27,ziliao/安宝公司/INFAR不干胶/INFRA合同/2021/AB21864 出口产品供需合同-奉化一洲(2).xls,高,是,只认到气体「acetylene」，缺英式/美式 → 待人工确认,合同,,0
0-GPN,待定,"VICTOR包装 新款不干胶,GPN贴警告标志 印: MADE IN USA",26,26,"嵊州海田/21IIF03  VICTOR 1-101, GPN,0-7-W,MFA,MFN 宋/VICTOR GPN 生产计划单.doc",高,是,名称里没有可辨认的类型证据 → 待人工确认,计划单+其它单据,,0
"smith 丙烷割嘴 SC-50-A-3 93g
代码：4161",待定,标贴尺寸：80x16mm 塑料盒盖用黑色,26,26,ziliao/安宝公司/INFAR不干胶/INFRA合同/2021/AB21864 出口产品供需合同-奉化一洲(2).xls,高,是,只认到气体「propane」，缺英式/美式 → 待人工确认,合同,,0
"smith 丙烷割嘴 SC-50-A-4 93g
代码：4162",待定,,26,26,ziliao/安宝公司/INFAR不干胶/INFRA合同/2021/AB21779 出口产品供需合同-奉化一洲.xls,高,是,只认到气体「propane」，缺英式/美式 → 待人工确认,合同,,0
"smith 乙炔割嘴 SC-12-4 103g
代码：4138",待定,,26,26,ziliao/安宝公司/INFAR不干胶/INFRA合同/2021/AB21779 出口产品供需合同-奉化一洲.xls,高,是,只认到气体「acetylene」，缺英式/美式 → 待人工确认,合同,,0
GPN-0,待定,塑壳 1-1-1红盖 GPN黑盖 不干胶 50只/中盒,24,24,"嵊州海田/伊朗106HC,GPN贴不干胶/106HC生产计划单MADE IN JAPAN.doc",高,是,名称里没有可辨认的类型证据 → 待人工确认,计划单,,0
1-W,待定,,23,23,"嵊州海田/21IIF03  VICTOR 1-101, GPN,0-7-W,MFA,MFN 宋/采购单.doc",高,是,名称里没有可辨认的类型证据 → 待人工确认,采购单+计划单,,0
"丙烷割嘴 GPN-2 71g
代码：4194",待定,标贴尺寸：80x16mm 塑料盒盖用黑色,23,23,ziliao/安宝公司/INFAR不干胶/INFRA合同/2022/ab22264 出口产品供需合同-奉化一洲(2).xls,高,是,只认到气体「propane」，缺英式/美式 → 待人工确认,合同,,0
"HARRIS 乙炔割嘴6290-3 
代码：4027",us_acetylene,标贴尺寸：80x16mm 塑料盒盖用红色,23,23,ziliao/安宝公司/INFAR不干胶/INFRA合同/2021/AB21864 出口产品供需合同-奉化一洲(2).xls,高,否,气体（acetylene）+ 地域（us）均为字面证据,合同,,0
"smith 乙炔割嘴 SC-12-0 103g
代码：4133",待定,标贴尺寸：80x16mm 塑料盒盖用红色,23,23,ziliao/安宝公司/INFAR不干胶/INFRA合同/2021/AB21864 出口产品供需合同-奉化一洲(2).xls,高,是,只认到气体「acetylene」，缺英式/美式 → 待人工确认,合同,,0
1-101 割嘴  00#,待定,,22,22,ziliao/尤耐克/CROSSWELD文件/合同/2025/UW250307093宁波一洲.xlsx,高,是,只认到地域「us」，缺乙炔/丙烷 → 待人工确认,合同,,0
"丙烷割嘴 GPN-1 71g
代码：4193",待定,标贴尺寸：80x16mm 塑料盒盖用黑色,22,22,ziliao/安宝公司/INFAR不干胶/INFRA合同/2022/ab22264 出口产品供需合同-奉化一洲(2).xls,高,是,只认到气体「propane」，缺英式/美式 → 待人工确认,合同,,0
"丙烷割嘴 GPN-3 71g
代码：4195",待定,,21,21,ziliao/安宝公司/INFAR不干胶/INFRA合同/2022/ab22264 出口产品供需合同-奉化一洲(2).xls,高,是,只认到气体「propane」，缺英式/美式 → 待人工确认,合同,,0
5-GPN,待定,,20,20,"嵊州海田/21IIF03  VICTOR 1-101, GPN,0-7-W,MFA,MFN 宋/VICTOR GPN 生产计划单.doc",高,是,名称里没有可辨认的类型证据 → 待人工确认,计划单+其它单据,,0
6290-1,待定,塑壳 红盖 不干胶 50只/中盒,20,20,"嵊州海田/CWX 1-101,2-W SC12,MC12,HARRIS NX,AC/6290HARRIS生产计划单.doc",高,是,只认到地域「us」，缺乙炔/丙烷 → 待人工确认,计划单,,0
6290NX-0,待定,塑壳 黑盖 不干胶 50只/中盒,20,20,嵊州海田/22 IAM   T20 106HC金色字  宋/HARRIS 6290NX生产计划单.doc,高,是,名称里没有可辨认的类型证据 → 待人工确认,计划单+其它单据,,0
8-MFA,待定,,20,20,"嵊州海田/21IIF03  VICTOR 1-101, GPN,0-7-W,MFA,MFN 宋/采购单.doc",高,是,名称里没有可辨认的类型证据 → 待人工确认,采购单+计划单,,0
"乙炔割嘴1-101-2 102g
代码：4191",us_acetylene,标贴尺寸：80x16mm 塑料盒盖用红色,20,20,ziliao/安宝公司/INFAR不干胶/INFRA合同/2022/ab22264 出口产品供需合同-奉化一洲(2).xls,高,否,气体（acetylene）+ 地域（us）均为字面证据,合同,,0
6290-2,待定,尼龙袋 白盒 不干胶 10只/中盒 PNME-3 50 985克),20,19,"嵊州海田/CWX 1-101,2-W SC12,MC12,HARRIS NX,AC/6290HARRIS生产计划单.doc",高,是,只认到地域「us」，缺乙炔/丙烷 → 待人工确认,计划单,,0
3-W,待定,,19,19,"嵊州海田/21IIF03  VICTOR 1-101, GPN,0-7-W,MFA,MFN 宋/采购单.doc",高,是,名称里没有可辨认的类型证据 → 待人工确认,采购单+计划单,,0
6290NX-4,待定,,19,19,嵊州海田/22 IAM   T20 106HC金色字  宋/HARRIS 6290NX生产计划单.doc,高,是,名称里没有可辨认的类型证据 → 待人工确认,计划单+其它单据,,0
"乙炔割嘴1-101-3 102g
代码：4192",us_acetylene,,19,19,ziliao/安宝公司/INFAR不干胶/INFRA合同/2022/ab22264 出口产品供需合同-奉化一洲(2).xls,高,否,气体（acetylene）+ 地域（us）均为字面证据,合同,,0
"HARRIS 乙炔割嘴6290-4 
代码：4209",us_acetylene,,18,18,ziliao/安宝公司/INFAR不干胶/INFRA合同/2022/ab22815 出口产品供需合同-奉化一洲.xls,高,否,气体（acetylene）+ 地域（us）均为字面证据,合同,,0
00-1-101,待定,"VICTOR包装 新款不干胶印:MADE IN MEXICO 1-101,GPN都贴新款贴警告标志",17,17,"嵊州海田/21IIF03  VICTOR 1-101, GPN,0-7-W,MFA,MFN 宋/VICTOR GPN 生产计划单.doc",高,是,只认到地域「us」，缺乙炔/丙烷 → 待人工确认,计划单,,0
6290NX-5,待定,,17,17,嵊州海田/22 IAM   T20 106HC金色字  宋/HARRIS 6290NX生产计划单.doc,高,是,名称里没有可辨认的类型证据 → 待人工确认,计划单+其它单据,,0
GPN-5,待定,,17,17,"嵊州海田/CJE, CJS, GPN, 1-101,新警告标志 邢/VICTOR GPN 1-101生产计划单.doc",高,是,名称里没有可辨认的类型证据 → 待人工确认,计划单,,0
6290-3,待定,,16,16,"嵊州海田/CWX 1-101,2-W SC12,MC12,HARRIS NX,AC/6290HARRIS生产计划单.doc",高,是,只认到地域「us」，缺乙炔/丙烷 → 待人工确认,计划单,,0
"乙炔割嘴 1-101 #2
塑料盖贴：1-101 2",us_acetylene,,16,14,ziliao/安宝公司/A. SH  AIR - OXY 里卡多/合同/2021/AB21875 出口产品供需合同-奉化一洲(1).xls,高,否,气体（acetylene）+ 地域（us）均为字面证据,合同,,0
"smith 乙炔割嘴 SC-12-2 103g
货号：4136",待定,,16,8,ziliao/安宝公司/INFAR不干胶/INFRA合同/2024/ab241194 出口产品供需合同-奉化一洲(2).xls,高,是,只认到气体「acetylene」，缺英式/美式 → 待人工确认,合同,,0
"乙炔割嘴 1-101 #3
塑料盖贴：1-101 3",us_acetylene,,15,13,ziliao/安宝公司/A. SH  AIR - OXY 里卡多/合同/2021/AB21875 出口产品供需合同-奉化一洲(1).xls,高,否,气体（acetylene）+ 地域（us）均为字面证据,合同,,0
"smith 乙炔割嘴 SC-12-3 103g
货号：4137",待定,,15,8,ziliao/安宝公司/INFAR不干胶/INFRA合同/2024/ab241194 出口产品供需合同-奉化一洲(2).xls,高,是,只认到气体「acetylene」，缺英式/美式 → 待人工确认,合同,,0
"smith 乙炔割嘴 SC-12-5 103g
货号：4151",待定,,15,8,ziliao/安宝公司/INFAR不干胶/INFRA合同/2024/ab241194 出口产品供需合同-奉化一洲(2).xls,高,是,只认到气体「acetylene」，缺英式/美式 → 待人工确认,合同,,0
00-GPN,待定,"VICTOR包装 新款不干胶,GPN贴警告标志",14,14,"嵊州海田/21IIF03  VICTOR 1-101, GPN,0-7-W,MFA,MFN 宋/VICTOR GPN 生产计划单.doc",高,是,名称里没有可辨认的类型证据 → 待人工确认,计划单,,0
"割嘴 6290-2#
产品号码6011",待定,6290割嘴,14,14,ziliao/安宝公司/美国FRONNY/订单/2023/AB23759 出口产品供需合同-一洲P061258.xls,高,是,只认到地域「us」，缺乙炔/丙烷 → 待人工确认,合同,,0
割嘴1-101 1# 产品号码6024,待定,,14,14,ziliao/安宝公司/美国FRONNY/订单/2024/AB241060 出口产品供需合同-一洲PO63329.xls,高,是,只认到地域「us」，缺乙炔/丙烷 → 待人工确认,合同,,0
割嘴3-101 0# 产品号码6018,待定,,14,14,ziliao/安宝公司/美国FRONNY/订单/2024/AB24139 出口产品供需合同-一洲PO62138(1).xls,高,是,只认到地域「us」，缺乙炔/丙烷 → 待人工确认,合同,,0
乙炔割嘴1-101 0# 产品号码6023,us_acetylene,1-101割嘴,14,14,ziliao/安宝公司/美国FRONNY/订单/2026/AB26016.xls,高,否,气体（acetylene）+ 地域（us）均为字面证据,合同,,0
乙炔割嘴3-101 0# 产品号码6018,us_acetylene,,14,14,ziliao/安宝公司/美国FRONNY/订单/2026/AB26016.xls,高,否,气体（acetylene）+ 地域（us）均为字面证据,合同,,0
WS6290NX2丙烷割嘴 6290-NX-2,us_propane,标贴尺寸：80x16mm 塑料盒盖用深蓝色,14,14,ziliao/安宝公司/INFAR不干胶/INFRA合同/2023/AB231061 出口产品供需合同-奉化一洲(1).xls,高,否,气体（propane）+ 地域（us）均为字面证据,合同,,0
"smith 乙炔割嘴 SC-12-0 103g
货号：4133",待定,标贴尺寸：80x16mm 塑料盒盖用红色 SC12重量102.7克,14,8,ziliao/安宝公司/INFAR不干胶/INFRA合同/2024/ab241194 出口产品供需合同-奉化一洲(2).xls,高,是,只认到气体「acetylene」，缺英式/美式 → 待人工确认,合同,,0
1-101 割嘴  2#,待定,,13,13,ziliao/尤耐克/CROSSWELD文件/合同/LGC230507212宁波一洲.xlsx,高,是,只认到地域「us」，缺乙炔/丙烷 → 待人工确认,合同,,0
1-101 割嘴  3#,待定,,13,13,ziliao/尤耐克/CROSSWELD文件/合同/2025/UW250607285宁波一洲.xlsx,高,是,只认到地域「us」，缺乙炔/丙烷 → 待人工确认,合同,,0
6290NX-6,待定,,13,13,嵊州海田/22 IAM   T20 106HC金色字  宋/HARRIS 6290NX生产计划单.doc,高,是,名称里没有可辨认的类型证据 → 待人工确认,计划单+其它单据,,0
割嘴1-101 2# 产品号码6025,待定,,13,13,ziliao/安宝公司/美国FRONNY/订单/2024/AB24139 出口产品供需合同-一洲PO62138(1).xls,高,是,只认到地域「us」，缺乙炔/丙烷 → 待人工确认,合同,,0
割嘴3-101 2# 产品号码6020,待定,,13,13,ziliao/安宝公司/美国FRONNY/订单/2024/AB241060 出口产品供需合同-一洲PO63329.xls,高,是,只认到地域「us」，缺乙炔/丙烷 → 待人工确认,合同,,0
乙炔割嘴3-101 00# 产品号码6017,us_acetylene,3-101割嘴,13,13,ziliao/安宝公司/美国FRONNY/订单/2026/AB26016.xls,高,否,气体（acetylene）+ 地域（us）均为字面证据,合同,,0
GPN 割嘴 1#,待定,,13,13,ziliao/安宝公司/旧订单资料/M Haseeb victor GPN/AB21960 出口产品供需合同-奉化一洲.xls,高,是,名称里没有可辨认的类型证据 → 待人工确认,合同,,0
"smith 乙炔割嘴 SC-12-4 103g
货号：4138",待定,,13,8,ziliao/安宝公司/INFAR不干胶/INFRA合同/2024/ab241194 出口产品供需合同-奉化一洲(2).xls,高,是,只认到气体「acetylene」，缺英式/美式 → 待人工确认,合同,,0
6290-4,待定,,12,12,"嵊州海田/CWX 1-101,2-W SC12,MC12,HARRIS NX,AC/HARRIS NX 生产计划单.doc",高,是,只认到地域「us」，缺乙炔/丙烷 → 待人工确认,计划单,,0
割嘴3-101 1# 产品号码6019,待定,,12,12,ziliao/安宝公司/美国FRONNY/订单/2024/AB24139 出口产品供需合同-一洲PO62138(1).xls,高,是,只认到地域「us」，缺乙炔/丙烷 → 待人工确认,合同,,0
乙炔割嘴3-101 1# 产品号码6019,us_acetylene,3-101割嘴,12,12,ziliao/安宝公司/美国FRONNY/订单/2026/AB26016.xls,高,否,气体（acetylene）+ 地域（us）均为字面证据,合同,,0
乙炔割嘴3-101 2# 产品号码6020,us_acetylene,,12,12,ziliao/安宝公司/美国FRONNY/订单/2026/AB26016.xls,高,否,气体（acetylene）+ 地域（us）均为字面证据,合同,,0
WS6290NX1丙烷割嘴 6290-NX-1,us_propane,标贴尺寸：80x16mm 塑料盒盖用 深蓝色,12,12,ziliao/安宝公司/INFAR不干胶/INFRA合同/2023/AB231061 出口产品供需合同-奉化一洲(1).xls,高,否,气体（propane）+ 地域（us）均为字面证据,合同,,0
"乙炔割嘴
1-101",us_acetylene,,12,2,ziliao/安宝公司/1-101常规250409/AB25293 出口产品供需合同-一洲.xls,高,否,气体（acetylene）+ 地域（us）均为字面证据,合同,0# / 1# / 2# / 3# / 4# / 5#,0
1502 割嘴 4#,待定,,11,11,"ziliao/尤耐克/BARBOSA 1502,1503,NFF/订单/LGC230307107宁波一洲.xlsx",高,是,名称里没有可辨认的类型证据 → 待人工确认,合同,,0
6-1-101,待定,,11,11,嵊州海田/AIR IMETAN Ricardo/AIR IMETAN生产计划单-2 (2).doc,高,是,只认到地域「us」，缺乙炔/丙烷 → 待人工确认,计划单,,0
"丙烷割嘴 GPN-2 71g
货号：4194",待定,标贴尺寸：80x16mm 塑料盒盖用黑色,11,11,ziliao/安宝公司/INFAR不干胶/INFRA合同/2024/AB24793 出口产品供需合同-奉化一洲(1).xls,高,是,只认到气体「propane」，缺英式/美式 → 待人工确认,合同,,0
乙炔割嘴1-101 1# 产品号码6024,us_acetylene,,11,11,ziliao/安宝公司/美国FRONNY/订单/2026/AB26016.xls,高,否,气体（acetylene）+ 地域（us）均为字面证据,合同,,0
乙炔割嘴1-101 2# 产品号码6025,us_acetylene,1-101割嘴,11,11,ziliao/安宝公司/美国FRONNY/订单/2026/AB26016.xls,高,否,气体（acetylene）+ 地域（us）均为字面证据,合同,,0
"HARRIS 丙烷割嘴6290-NX-1 53g
货号：4186",us_propane,标贴尺寸：80x16mm 塑料盒盖用黑色,11,11,ziliao/安宝公司/INFAR不干胶/INFRA合同/2024/AB24793 出口产品供需合同-奉化一洲(1).xls,高,否,气体（propane）+ 地域（us）均为字面证据,合同,,0
"HARRIS 丙烷割嘴6290-NX-2 53g
货号：4187",us_propane,标贴尺寸：80x16mm 塑料盒盖用黑色,11,11,ziliao/安宝公司/INFAR不干胶/INFRA合同/2024/AB24793 出口产品供需合同-奉化一洲(1).xls,高,否,气体（propane）+ 地域（us）均为字面证据,合同,,0
"HARRIS 乙炔割嘴6290-2 55g
货号：4210",us_acetylene,标贴尺寸：80x16mm 塑料盒盖用红色,11,11,ziliao/安宝公司/INFAR不干胶/INFRA合同/2024/AB24793 出口产品供需合同-奉化一洲(1).xls,高,否,气体（acetylene）+ 地域（us）均为字面证据,合同,,0
"smith 丙烷割嘴 SC-50-A-2 93g
货号：4158",待定,标贴尺寸：80x16mm 塑料盒盖用黑色,11,11,ziliao/安宝公司/INFAR不干胶/INFRA合同/2024/AB24793 出口产品供需合同-奉化一洲(1).xls,高,是,只认到气体「propane」，缺英式/美式 → 待人工确认,合同,,0
"smith 丙烷割嘴 SC-50-A-3 93g
货号：4161",待定,,11,11,ziliao/安宝公司/INFAR不干胶/INFRA合同/2024/AB24793 出口产品供需合同-奉化一洲(1).xls,高,是,只认到气体「propane」，缺英式/美式 → 待人工确认,合同,,0
WSSC502丙烷割嘴 SC-50-2,待定,标贴尺寸：80x16mm 塑料盒盖用深蓝色,11,11,ziliao/安宝公司/Weldsolutions不干胶/合同/2022前/ab22913 出口产品供需合同-奉化一洲.xls,高,是,只认到气体「propane」，缺英式/美式 → 待人工确认,合同,,0
0-W,待定,,10,10,"嵊州海田/21IIF03  VICTOR 1-101, GPN,0-7-W,MFA,MFN 宋/采购单.doc",高,是,名称里没有可辨认的类型证据 → 待人工确认,采购单+计划单,,0
割嘴 GPN #2 仿包装,待定,,10,10,ziliao/安宝公司/A. SH  AIR - OXY 里卡多/A.SH/ab25071  出口产品供需合同-奉化一洲.xls,高,是,名称里没有可辨认的类型证据 → 待人工确认,合同,,0
割嘴1-101 00# 产品号码6022,待定,,10,10,ziliao/安宝公司/美国FRONNY/订单/2024/AB24139 出口产品供需合同-一洲PO62138(1).xls,高,是,只认到地域「us」，缺乙炔/丙烷 → 待人工确认,合同,,0
割嘴3-101 00# 产品号码6017,待定,,10,10,ziliao/安宝公司/美国FRONNY/订单/2024/AB24139 出口产品供需合同-一洲PO62138(1).xls,高,是,只认到地域「us」，缺乙炔/丙烷 → 待人工确认,合同,,0
"乙炔割嘴 1-101 #1
塑料盖贴：1-101 1",us_acetylene,品牌：Oxyweld 返单AB24563包装和生产,10,10,ziliao/安宝公司/A. SH  AIR - OXY 里卡多/合同/2021/AB21875 出口产品供需合同-奉化一洲(1).xls,高,否,气体（acetylene）+ 地域（us）均为字面证据,合同,,0
"乙炔割嘴1-101-2 82g
货号：4191",us_acetylene,标贴尺寸：80x16mm 塑料盒盖用红色,10,10,ziliao/安宝公司/INFAR不干胶/INFRA合同/2024/AB24793 出口产品供需合同-奉化一洲(1).xls,高,否,气体（acetylene）+ 地域（us）均为字面证据,合同,,0
"HARRIS 丙烷割嘴6290-NX-3 53g
货号：4188",us_propane,,10,10,ziliao/安宝公司/INFAR不干胶/INFRA合同/2024/AB24793 出口产品供需合同-奉化一洲(1).xls,高,否,气体（propane）+ 地域（us）均为字面证据,合同,,0
PNME18 割嘴 1/16,待定,,10,10,ziliao/尤耐克/DAIDEN 叶/DAIDEN订单/2026/UW260501249(PNME-3).xlsx,高,是,只认到地域「uk」，缺乙炔/丙烷 → 待人工确认,合同,,0
6290 割嘴 1#,待定,,9,9,ziliao/尤耐克/DAIDEN 叶/DAIDEN订单/2025前/uw250701344宁波一洲.xlsx,高,是,只认到地域「us」，缺乙炔/丙烷 → 待人工确认,合同,,0
割嘴 1-101 #1 仿包装,待定,,9,9,ziliao/安宝公司/A. SH  AIR - OXY 里卡多/A.SH/AB26003 出口产品供需合同-奉化一洲.xls,高,是,只认到地域「us」，缺乙炔/丙烷 → 待人工确认,合同,,0
割嘴 1-101 #2 仿包装,待定,,9,9,ziliao/安宝公司/A. SH  AIR - OXY 里卡多/A.SH/AB26003 出口产品供需合同-奉化一洲.xls,高,是,只认到地域「us」，缺乙炔/丙烷 → 待人工确认,合同,,0
割嘴 1-101 #3 仿包装,待定,,9,9,ziliao/安宝公司/A. SH  AIR - OXY 里卡多/A.SH/AB26003 出口产品供需合同-奉化一洲.xls,高,是,只认到地域「us」，缺乙炔/丙烷 → 待人工确认,合同,,0
割嘴 GPN #4 仿包装,待定,,9,9,ziliao/安宝公司/A. SH  AIR - OXY 里卡多/合同/2021/AB21875 出口产品供需合同-奉化一洲(1).xls,高,是,名称里没有可辨认的类型证据 → 待人工确认,合同,,0
割嘴1-101 0# 产品号码6023,待定,,9,9,ziliao/安宝公司/美国FRONNY/订单/2024/AB24139 出口产品供需合同-一洲PO62138(1).xls,高,是,只认到地域「us」，缺乙炔/丙烷 → 待人工确认,合同,,0
GPN-00,待定,"长壳 229,GPN蓝盖, 164,1-101红盖",9,9,嵊州海田/AIR IMETAN Ricardo/AIR IMETAN生产计划单-1.doc,高,是,名称里没有可辨认的类型证据 → 待人工确认,计划单,,0
"smith 丙烷割嘴 SC-50-A-1 93g
货号：4157",待定,标贴尺寸：80x16mm 塑料盒盖用黑色,9,9,ziliao/安宝公司/INFAR不干胶/INFRA合同/2024/AB24793 出口产品供需合同-奉化一洲(1).xls,高,是,只认到气体「propane」，缺英式/美式 → 待人工确认,合同,,0
WS62902乙炔割嘴 6290-2,us_acetylene,标贴尺寸：80x16mm 塑料盒盖用 红色,9,9,ziliao/安宝公司/INFAR不干胶/INFRA合同/2023/AB231061 出口产品供需合同-奉化一洲(1).xls,高,否,气体（acetylene）+ 地域（us）均为字面证据,合同,,0
10-MFA,待定,,8,8,"嵊州海田/21IIF03  VICTOR 1-101, GPN,0-7-W,MFA,MFN 宋/采购单.doc",高,是,名称里没有可辨认的类型证据 → 待人工确认,采购单+计划单+其它单据,,0
106HC-2,待定,,8,8,"嵊州海田/伊朗106HC,GPN贴不干胶/106HC生产计划单MADE IN JAPAN.doc",高,是,名称里没有可辨认的类型证据 → 待人工确认,计划单,,0
4-W,待定,,8,8,"嵊州海田/21IIF03  VICTOR 1-101, GPN,0-7-W,MFA,MFN 宋/采购单.doc",高,是,名称里没有可辨认的类型证据 → 待人工确认,采购单+计划单,,0
5-W,待定,,8,8,"嵊州海田/21IIF03  VICTOR 1-101, GPN,0-7-W,MFA,MFN 宋/采购单.doc",高,是,名称里没有可辨认的类型证据 → 待人工确认,采购单+计划单,,0
6-GPN,待定,"VICTOR包装 新款不干胶,GPN贴警告标志 印: MADE IN USA, 不贴,另放 106HC: 吸塑,放说明书 印:MADE IN JAPAN",8,8,嵊州海田/22 IAM   T20 106HC金色字  宋/VICTOR GPN 生产计划单.doc,高,是,名称里没有可辨认的类型证据 → 待人工确认,计划单,,0
6290-0,待定,塑壳 乙炔红盖 丙烷黑盖 不干胶 50只/中盒,8,8,正恒公司/032字的106D7 袁毫东/210880320407生产计划单.doc,高,是,只认到地域「us」，缺乙炔/丙烷 → 待人工确认,计划单,,0
6290-2AC,待定,HARRIS原装,8,8,"嵊州海田/21IIF03  VICTOR 1-101, GPN,0-7-W,MFA,MFN 宋/6290AC HARRIS生产计划单.doc",高,是,只认到地域「us」，缺乙炔/丙烷 → 待人工确认,计划单,,0
6290-5,待定,,8,8,正恒公司/114字订单小朱/114字 小朱订单/114 生产计划单.doc,高,是,只认到地域「us」，缺乙炔/丙烷 → 待人工确认,计划单,,0
"丙烷割嘴 GPN-1 71g
货号：4193",待定,标贴尺寸：80x16mm 塑料盒盖用黑色,8,8,ziliao/安宝公司/INFAR不干胶/INFRA合同/2024/AB24793 出口产品供需合同-奉化一洲(1).xls,高,是,只认到气体「propane」，缺英式/美式 → 待人工确认,合同,,0
"丙烷割嘴 GPN-3 71g
货号：4195",待定,,8,8,ziliao/安宝公司/INFAR不干胶/INFRA合同/2024/AB24793 出口产品供需合同-奉化一洲(1).xls,高,是,只认到气体「propane」，缺英式/美式 → 待人工确认,合同,,0
割嘴 1-101 #4 仿包装,待定,,8,8,ziliao/安宝公司/A. SH  AIR - OXY 里卡多/A.SH/AB26003 出口产品供需合同-奉化一洲.xls,高,是,只认到地域「us」，缺乙炔/丙烷 → 待人工确认,合同,,0
割嘴 1-101 #5 仿包装,待定,,8,8,ziliao/安宝公司/A. SH  AIR - OXY 里卡多/A.SH/AB26003 出口产品供需合同-奉化一洲.xls,高,是,只认到地域「us」，缺乙炔/丙烷 → 待人工确认,合同,,0
割嘴 GPN #0  塑料盖贴：GPN-0,待定,包装要求：塑料盒 贴标：OXYWELD 对应塑料盖上贴型号标贴如图 另注意:塑料盒盖子需要红/蓝区别 PNME嘴外套刻字是229及型号，东西是PNME标贴是229,8,8,ziliao/安宝公司/A. SH  AIR - OXY 里卡多/合同/2021/AB21875 出口产品供需合同-奉化一洲(1).xls,高,是,名称里没有可辨认的类型证据 → 待人工确认,合同,,0
割嘴 GPN #1  塑料盖贴：GPN-1,待定,,8,8,ziliao/安宝公司/A. SH  AIR - OXY 里卡多/合同/2021/AB21875 出口产品供需合同-奉化一洲(1).xls,高,是,名称里没有可辨认的类型证据 → 待人工确认,合同,,0
割嘴 GPN #2  塑料盖贴：GPN-2,待定,,8,8,ziliao/安宝公司/A. SH  AIR - OXY 里卡多/合同/2021/AB21875 出口产品供需合同-奉化一洲(1).xls,高,是,名称里没有可辨认的类型证据 → 待人工确认,合同,,0
割嘴 GPN #3  塑料盖贴：GPN-3,待定,,8,8,ziliao/安宝公司/A. SH  AIR - OXY 里卡多/合同/2021/AB21875 出口产品供需合同-奉化一洲(1).xls,高,是,名称里没有可辨认的类型证据 → 待人工确认,合同,,0
尼龙袋,待定,VICTOR 3-W VICTOR 6-MFA,8,8,嵊州海田/江南采购单/任江南采购单-VICTOR  MFA.doc,高,是,名称里没有可辨认的类型证据 → 待人工确认,采购单,,8
"乙炔割嘴 1-101 #0
塑料盖贴：1-101 0",us_acetylene,,8,8,ziliao/安宝公司/A. SH  AIR - OXY 里卡多/合同/2021/AB21875 出口产品供需合同-奉化一洲(1).xls,高,否,气体（acetylene）+ 地域（us）均为字面证据,合同,,0
GPN 割嘴 3#,待定,,8,8,ziliao/尤耐克/CROSSWELD文件/合同/LGC230207057宁波一洲.xlsx,高,是,名称里没有可辨认的类型证据 → 待人工确认,合同,,0
"smith 丙烷割嘴 SC-50-A-0 93g
货号：4154",待定,标贴尺寸：80x16mm 塑料盒盖用黑色,8,8,ziliao/安宝公司/INFAR不干胶/INFRA合同/2024/AB24793 出口产品供需合同-奉化一洲(1).xls,高,是,只认到气体「propane」，缺英式/美式 → 待人工确认,合同,,0
"smith 丙烷割嘴 SC-50-A-5 93g
代码：4163",待定,,8,8,ziliao/安宝公司/INFAR不干胶/INFRA合同/2021/AB21864 出口产品供需合同-奉化一洲(2).xls,高,是,只认到气体「propane」，缺英式/美式 → 待人工确认,合同,,0
15-MFA,待定,,8,7,"嵊州海田/21IIF03  VICTOR 1-101, GPN,0-7-W,MFA,MFN 宋/采购单.doc",高,是,名称里没有可辨认的类型证据 → 待人工确认,采购单+计划单+其它单据,,0
3-101 割嘴 1#,待定,,8,7,ziliao/尤耐克/SUA/SUA订单/LGC10202041-宁波一洲.xls,高,是,只认到地域「us」，缺乙炔/丙烷 → 待人工确认,合同,,0
乙炔割嘴 1-101 #1 仿包装,us_acetylene,,8,6,ziliao/安宝公司/A. SH  AIR - OXY 里卡多/合同/2025/AB251050 出口产品供需合同-奉化一洲.xls,高,否,气体（acetylene）+ 地域（us）均为字面证据,合同,,0
乙炔割嘴 1-101 #2 仿包装,us_acetylene,,8,6,ziliao/安宝公司/A. SH  AIR - OXY 里卡多/合同/2025/AB251050 出口产品供需合同-奉化一洲.xls,高,否,气体（acetylene）+ 地域（us）均为字面证据,合同,,0
乙炔割嘴 1-101 #3 仿包装,us_acetylene,,8,6,ziliao/安宝公司/A. SH  AIR - OXY 里卡多/合同/2025/AB251050 出口产品供需合同-奉化一洲.xls,高,否,气体（acetylene）+ 地域（us）均为字面证据,合同,,0
乙炔割嘴 1-101 #5 仿包装,us_acetylene,,8,5,ziliao/安宝公司/A. SH  AIR - OXY 里卡多/合同/2025/AB251050 出口产品供需合同-奉化一洲.xls,高,否,气体（acetylene）+ 地域（us）均为字面证据,合同,,0
乙炔割嘴 1-101 #8 仿包装,us_acetylene,,8,5,ziliao/安宝公司/A. SH  AIR - OXY 里卡多/合同/2025/AB251050 出口产品供需合同-奉化一洲.xls,高,否,气体（acetylene）+ 地域（us）均为字面证据,合同,,0
106HC-1,待定,,7,7,"嵊州海田/伊朗106HC,GPN贴不干胶/106HC生产计划单MADE IN JAPAN.doc",高,是,名称里没有可辨认的类型证据 → 待人工确认,计划单,,0
106HC-3,待定,,7,7,"嵊州海田/伊朗106HC,GPN贴不干胶/106HC生产计划单MADE IN JAPAN.doc",高,是,名称里没有可辨认的类型证据 → 待人工确认,计划单,,0
106HC-5,待定,,7,7,"嵊州海田/伊朗106HC,GPN贴不干胶/106HC生产计划单MADE IN JAPAN.doc",高,是,名称里没有可辨认的类型证据 → 待人工确认,计划单,,0
12-MFA,待定,,7,7,"嵊州海田/21IIF03  VICTOR 1-101, GPN,0-7-W,MFA,MFN 宋/采购单.doc",高,是,名称里没有可辨认的类型证据 → 待人工确认,采购单+计划单,,0
6290AC 割嘴 2#,待定,,7,7,"ziliao/尤耐克/41,6290AC原装/lgc231201579宁波一洲.xlsx",高,是,名称里没有可辨认的类型证据 → 待人工确认,合同,,0
6290NX-00,待定,塑壳 黑盖 不干胶 50只/中盒,7,7,嵊州海田/CTG NX 邢/常规生产计划单.doc,高,是,名称里没有可辨认的类型证据 → 待人工确认,计划单+其它单据,,0
"澳大利亚款式乙炔 割嘴 41-12
刻字内容：如右图所示41  12",待定,散装：但需确保运输途中不能损坏。,7,7,"ziliao/安宝公司/HARRIS 6290-2AC, 41 原装/41合同/AB21902 出口产品供需合同-奉化一洲(1).xls",高,是,只认到气体「acetylene」，缺英式/美式 → 待人工确认,合同,,0
"澳大利亚款式乙炔 割嘴 41-15
刻字内容如图所示41  15",待定,,7,7,"ziliao/安宝公司/HARRIS 6290-2AC, 41 原装/41合同/AB21902 出口产品供需合同-奉化一洲(1).xls",高,是,只认到气体「acetylene」，缺英式/美式 → 待人工确认,合同,,0
割嘴 GPN #1 仿包装,待定,,7,7,ziliao/安宝公司/A. SH  AIR - OXY 里卡多/合同/2021/AB21875 出口产品供需合同-奉化一洲(1).xls,高,是,名称里没有可辨认的类型证据 → 待人工确认,合同,,0
割嘴3-101 3# 产品号码6021,待定,,7,7,ziliao/安宝公司/美国FRONNY/订单/2024/AB24139 出口产品供需合同-一洲PO62138(1).xls,高,是,只认到地域「us」，缺乙炔/丙烷 → 待人工确认,合同,,0
"乙炔割嘴 1-101 #4
塑料盖贴：1-101 4",us_acetylene,,7,7,ziliao/安宝公司/A. SH  AIR - OXY 里卡多/合同/2021/AB21875 出口产品供需合同-奉化一洲(1).xls,高,否,气体（acetylene）+ 地域（us）均为字面证据,合同,,0
乙炔割嘴1-101 00# 产品号码6022,us_acetylene,1-101割嘴,7,7,ziliao/安宝公司/美国FRONNY/订单/2026/AB26029.xls,高,否,气体（acetylene）+ 地域（us）均为字面证据,合同,,0
GPN 割嘴 5#,待定,,7,7,ziliao/安宝公司/旧订单资料/M Haseeb victor GPN/AB21960 出口产品供需合同-奉化一洲.xls,高,是,名称里没有可辨认的类型证据 → 待人工确认,合同,,0
GPN-6,待定,,7,7,嵊州海田/AIR IMETAN Ricardo/AIR IMETAN生产计划单-2 (2).doc,高,是,名称里没有可辨认的类型证据 → 待人工确认,计划单,,0
"HARRIS 乙炔割嘴6290-3 55g
货号：4027",us_acetylene,,7,7,ziliao/安宝公司/INFAR不干胶/INFRA合同/2024/AB24793 出口产品供需合同-奉化一洲(1).xls,高,否,气体（acetylene）+ 地域（us）均为字面证据,合同,,0
"smith 丙烷割嘴 SC-50-A-4 93g
货号：4162",待定,,7,7,ziliao/安宝公司/INFAR不干胶/INFRA合同/2024/AB24793 出口产品供需合同-奉化一洲(1).xls,高,是,只认到气体「propane」，缺英式/美式 → 待人工确认,合同,,0
WS10111乙炔割嘴 101-1-1,us_acetylene,标贴尺寸：80x16mm 塑料盒盖用 红色,7,7,ziliao/安宝公司/INFAR不干胶/INFRA合同/2023/AB231061 出口产品供需合同-奉化一洲(1).xls,高,否,气体（acetylene）+ 地域（us）均为字面证据,合同,,0
WS62903乙炔割嘴 6290-3,us_acetylene,标贴尺寸：80x16mm 塑料盒盖用 红色,7,7,ziliao/安宝公司/INFAR不干胶/INFRA合同/2023/AB231061 出口产品供需合同-奉化一洲(1).xls,高,否,气体（acetylene）+ 地域（us）均为字面证据,合同,,0
WS6290NX3丙烷割嘴 6290-NX-3,us_propane,,7,7,ziliao/安宝公司/INFAR不干胶/INFRA合同/2023/AB231061 出口产品供需合同-奉化一洲(1).xls,高,否,气体（propane）+ 地域（us）均为字面证据,合同,,0
WS6290NX4丙烷割嘴 6290-NX-4,us_propane,,7,7,ziliao/安宝公司/INFAR不干胶/INFRA合同/2023/AB231061 出口产品供需合同-奉化一洲(1).xls,高,否,气体（propane）+ 地域（us）均为字面证据,合同,,0
WSGPN2丙烷割嘴 GPN-2,待定,标贴尺寸：80x16mm 塑料盒盖用深蓝色,7,7,ziliao/安宝公司/Weldsolutions不干胶/合同/2022前/ab22913 出口产品供需合同-奉化一洲.xls,高,是,只认到气体「propane」，缺英式/美式 → 待人工确认,合同,,0
乙炔割嘴 1-101 #0 仿包装,us_acetylene,,7,5,ziliao/安宝公司/A. SH  AIR - OXY 里卡多/合同/2025/AB251050 出口产品供需合同-奉化一洲.xls,高,否,气体（acetylene）+ 地域（us）均为字面证据,合同,,0
丙烷割嘴 GPN #1 仿包装,待定,,7,4,ziliao/安宝公司/A. SH  AIR - OXY 里卡多/合同/2025/AB251050 出口产品供需合同-奉化一洲.xls,高,是,只认到气体「propane」，缺英式/美式 → 待人工确认,合同,,0
丙烷割嘴 GPN #2 仿包装,待定,,7,4,ziliao/安宝公司/A. SH  AIR - OXY 里卡多/合同/2025/AB251050 出口产品供需合同-奉化一洲.xls,高,是,只认到气体「propane」，缺英式/美式 → 待人工确认,合同,,0
丙烷割嘴 GPN #3 仿包装,待定,,7,4,ziliao/安宝公司/A. SH  AIR - OXY 里卡多/合同/2025/AB251050 出口产品供需合同-奉化一洲.xls,高,是,只认到气体「propane」，缺英式/美式 → 待人工确认,合同,,0
丙烷割嘴 GPN #4 仿包装,待定,,7,4,ziliao/安宝公司/A. SH  AIR - OXY 里卡多/合同/2025/AB251050 出口产品供需合同-奉化一洲.xls,高,是,只认到气体「propane」，缺英式/美式 → 待人工确认,合同,,0
106HC-0,待定,"吸塑, 印: MADE IN JAPAN",6,6,"嵊州海田/伊朗106HC,GPN贴不干胶/106HC生产计划单MADE IN JAPAN.doc",高,是,名称里没有可辨认的类型证据 → 待人工确认,计划单,,0
106HC-4,待定,,6,6,"嵊州海田/伊朗106HC,GPN贴不干胶/106HC生产计划单MADE IN JAPAN.doc",高,是,名称里没有可辨认的类型证据 → 待人工确认,计划单,,0
3-101 割嘴 000#,待定,,6,6,ziliao/尤耐克/SUA/SUA订单/LGC10901351-宁波一洲.xls,高,是,只认到地域「us」，缺乙炔/丙烷 → 待人工确认,合同,,0
6290 割嘴 0#,待定,,6,6,ziliao/尤耐克/H HOUSE 6290NX/合同/LGC21105406宁波一洲.xlsx,高,是,只认到地域「us」，缺乙炔/丙烷 → 待人工确认,合同,,0
6290NX 割嘴 1#,待定,,6,6,ziliao/尤耐克/DAIDEN 叶/DAIDEN订单/2026/UW260801414宁波一洲.xlsx,高,是,名称里没有可辨认的类型证据 → 待人工确认,合同,,0
6290NX 割嘴 2#,待定,,6,6,ziliao/尤耐克/DAIDEN 叶/DAIDEN订单/2025前/UW251101595宁波一洲.xlsx,高,是,名称里没有可辨认的类型证据 → 待人工确认,合同,,0
"丙烷切割喷嘴,1号 厚度：10-20mm孔口：1.2",待定,"塑料盒,贴不干胶，victor",6,6,ziliao/安宝公司/EAGLEE CAJA 巴拉圭1503/AB22946 出口产品供需合同-奉化一洲(1).xls,高,是,只认到气体「propane」，缺英式/美式 → 待人工确认,合同,,0
"丙烷切割喷嘴,2号 厚度：20-40mm 孔口：1.5",待定,"塑料盒,贴不干胶，victor",6,6,ziliao/安宝公司/EAGLEE CAJA 巴拉圭1503/AB22946 出口产品供需合同-奉化一洲(1).xls,高,是,只认到气体「propane」，缺英式/美式 → 待人工确认,合同,,0
割嘴 GPN #4  塑料盖贴：GPN-4,待定,,6,6,ziliao/安宝公司/A. SH  AIR - OXY 里卡多/合同/2021/AB21875 出口产品供需合同-奉化一洲(1).xls,高,是,名称里没有可辨认的类型证据 → 待人工确认,合同,,0
割嘴 MC-12-3# 产品号码6005,待定,,6,6,ziliao/安宝公司/美国FRONNY/订单/2023/AB23322 出口产品供需合同-一洲P060384.xls,高,是,名称里没有可辨认的类型证据 → 待人工确认,合同,,0
割嘴3-GPN 1# 产品号码6031,待定,,6,6,ziliao/安宝公司/美国FRONNY/订单/2024/AB24139 出口产品供需合同-一洲PO62138(1).xls,高,是,名称里没有可辨认的类型证据 → 待人工确认,合同,,0
割嘴3-GPN 2# 产品号码6032,待定,,6,6,ziliao/安宝公司/美国FRONNY/订单/2024/AB24139 出口产品供需合同-一洲PO62138(1).xls,高,是,名称里没有可辨认的类型证据 → 待人工确认,合同,,0
"乙炔割嘴 ANM 1# 
刻字内容：规格与型号
包装：常规-中性",uk_acetylene,如下图所示,6,6,ziliao/安宝公司/旧订单资料/REDIUS俄罗斯/DOKA PNM/DOKA 订单/AB22819 出口产品供需合同-一洲.xls,高,否,气体（acetylene）+ 地域（uk）均为字面证据,合同,,0
乙炔割嘴1-101 3# 产品号码6026,us_acetylene,,6,6,ziliao/安宝公司/美国FRONNY/订单/2026/AB26016.xls,高,否,气体（acetylene）+ 地域（us）均为字面证据,合同,,0
"乙炔切割喷嘴,1号 厚度：10-20mm 预热：0.7 孔口：1.2",待定,"塑料盒,贴不干胶，victor",6,6,ziliao/安宝公司/EAGLEE CAJA 巴拉圭1503/AB22946 出口产品供需合同-奉化一洲(1).xls,高,是,只认到气体「acetylene」，缺英式/美式 → 待人工确认,合同,,0
"乙炔切割喷嘴,2号 厚度：20-40mm 预热：0.8 孔口：1.5",待定,"塑料盒,贴不干胶，victor",6,6,ziliao/安宝公司/EAGLEE CAJA 巴拉圭1503/AB22946 出口产品供需合同-奉化一洲(1).xls,高,是,只认到气体「acetylene」，缺英式/美式 → 待人工确认,合同,,0
"乙炔切割喷嘴,3号 厚度：40-60mm 预热：0.9 孔口：1.8",待定,"塑料盒,贴不干胶，victor",6,6,ziliao/安宝公司/EAGLEE CAJA 巴拉圭1503/AB22946 出口产品供需合同-奉化一洲(1).xls,高,是,只认到气体「acetylene」，缺英式/美式 → 待人工确认,合同,,0
G1-P16/10,待定,,6,6,"嵊州海田/CEY ,CSD, 圆壳G1-A/邵云忠G1-P两头黑盖生产计划单.doc",高,是,名称里没有可辨认的类型证据 → 待人工确认,计划单,,0
GPN 割嘴 2#,待定,,6,6,ziliao/尤耐克/CUTTWELD GPN 倪/2026合同。/UW250720327宁波一洲.xlsx,高,是,名称里没有可辨认的类型证据 → 待人工确认,合同,,0
"HARRIS 乙炔割嘴6290-2 
代码：4210",us_acetylene,标贴尺寸：80x16mm 塑料盒盖用红色,6,6,ziliao/安宝公司/INFAR不干胶/INFRA合同/2021/AB21864 出口产品供需合同-奉化一洲(2).xls,高,否,气体（acetylene）+ 地域（us）均为字面证据,合同,,0
PNME割嘴 229 #2 塑料盖贴：229-2,待定,PNME嘴外套刻字是229及型号，东西是PNME标贴是229,6,6,ziliao/安宝公司/A. SH  AIR - OXY 里卡多/合同/2021/AB21875 出口产品供需合同-奉化一洲(1).xls,高,是,只认到地域「uk」，缺乙炔/丙烷 → 待人工确认,合同,,0
PNME割嘴 229 #4 塑料盖贴：229-4,待定,,6,6,ziliao/安宝公司/A. SH  AIR - OXY 里卡多/合同/2021/AB21875 出口产品供需合同-奉化一洲(1).xls,高,是,只认到地域「uk」，缺乙炔/丙烷 → 待人工确认,合同,,0
"smith 丙烷割嘴 SC-50-A-0 93g
代码：4154",待定,标贴尺寸：80x16mm 塑料盒盖用黑色,6,6,ziliao/安宝公司/INFAR不干胶/INFRA合同/2021/AB21779 出口产品供需合同-奉化一洲.xls,高,是,只认到气体「propane」，缺英式/美式 → 待人工确认,合同,,0
"smith 丙烷割嘴 SC-50-A-7 93g
代码：4164",待定,,6,6,ziliao/安宝公司/INFAR不干胶/INFRA合同/2021/AB21864 出口产品供需合同-奉化一洲(2).xls,高,是,只认到气体「propane」，缺英式/美式 → 待人工确认,合同,,0
WS62900乙炔割嘴 6290-0,us_acetylene,标贴尺寸：80x16mm 塑料盒盖用 红色,6,6,ziliao/安宝公司/INFAR不干胶/INFRA合同/2023/AB231061 出口产品供需合同-奉化一洲(1).xls,高,否,气体（acetylene）+ 地域（us）均为字面证据,合同,,0
WS62901乙炔割嘴 6290-1,us_acetylene,,6,6,ziliao/安宝公司/INFAR不干胶/INFRA合同/2023/AB231061 出口产品供需合同-奉化一洲(1).xls,高,否,气体（acetylene）+ 地域（us）均为字面证据,合同,,0
WS6290NX0丙烷割嘴 6290-NX-0,us_propane,标贴尺寸：80x16mm 塑料盒盖用 深蓝色,6,6,ziliao/安宝公司/INFAR不干胶/INFRA合同/2023/AB231061 出口产品供需合同-奉化一洲(1).xls,高,否,气体（propane）+ 地域（us）均为字面证据,合同,,0
WSGPN1丙烷割嘴 GPN-1,待定,标贴尺寸：80x16mm 塑料盒盖用深蓝色,6,6,ziliao/安宝公司/Weldsolutions不干胶/合同/2022前/ab22913 出口产品供需合同-奉化一洲.xls,高,是,只认到气体「propane」，缺英式/美式 → 待人工确认,合同,,0
WSSC122乙炔割嘴 SC-12-2,待定,标贴尺寸：80x16mm 塑料盒盖用 红色,6,6,ziliao/安宝公司/INFAR不干胶/INFRA合同/2023/AB231061 出口产品供需合同-奉化一洲(1).xls,高,是,只认到气体「acetylene」，缺英式/美式 → 待人工确认,合同,,0
WSSC501丙烷割嘴 SC-50-1,待定,标贴尺寸：80x16mm 塑料盒盖用深蓝色,6,6,ziliao/安宝公司/Weldsolutions不干胶/合同/2022前/ab22913 出口产品供需合同-奉化一洲.xls,高,是,只认到气体「propane」，缺英式/美式 → 待人工确认,合同,,0
丙烷割嘴 GPN #5 仿包装,待定,,6,4,ziliao/安宝公司/A. SH  AIR - OXY 里卡多/合同/2025/AB251050 出口产品供需合同-奉化一洲.xls,高,是,只认到气体「propane」，缺英式/美式 → 待人工确认,合同,,0
丙烷割嘴 GPN #00 仿包装,待定,,6,3,ziliao/安宝公司/A. SH  AIR - OXY 里卡多/合同/2025/AB251050 出口产品供需合同-奉化一洲.xls,高,是,只认到气体「propane」，缺英式/美式 → 待人工确认,合同,,0
"丙烷割嘴 G1-P 
单只重78g",待定,包装：蓝白小彩盒+贴made in china不干胶,6,1,ziliao/安宝公司/G1-P/G1-P彩盒/ab25787.xls,中,是,只认到气体「propane」，缺英式/美式 → 待人工确认,合同,"10/12"" / 10/10"" / 7/10"" / 30/10"" / 16/10"" / 20/10""",0
割嘴1503,待定,,6,1,"ziliao/安宝公司/旧订单资料/有条码巴西1502,1503/出口产品供需合同 ab20587（一洲 )3.xls",中,是,名称里没有可辨认的类型证据 → 待人工确认,合同,2号 / 4号 / 6号 / 8号 / 10号 / 12号,0
1-101 割嘴 4#,待定,,5,5,ziliao/尤耐克/JOVAL订单/JOVAL订单/LGC20901301-宁波一洲.xls,高,是,只认到地域「us」，缺乙炔/丙烷 → 待人工确认,合同,,0
1-W-1,待定,,5,5,嵊州海田/江南采购单/任江南采购单-VICTOR 80V焊杆.doc,高,是,名称里没有可辨认的类型证据 → 待人工确认,采购单+计划单,,0
10-MFN,待定,,5,5,"嵊州海田/21IIF03  VICTOR 1-101, GPN,0-7-W,MFA,MFN 宋/采购单.doc",高,是,名称里没有可辨认的类型证据 → 待人工确认,采购单,,0
12-MFN,待定,,5,5,"嵊州海田/21IIF03  VICTOR 1-101, GPN,0-7-W,MFA,MFN 宋/采购单.doc",高,是,名称里没有可辨认的类型证据 → 待人工确认,采购单,,0
15-MFN,待定,,5,5,"嵊州海田/21IIF03  VICTOR 1-101, GPN,0-7-W,MFA,MFN 宋/采购单.doc",高,是,名称里没有可辨认的类型证据 → 待人工确认,采购单,,0
1502 割嘴 6#,待定,,5,5,ziliao/尤耐克/ECOSOLDE-1502 应/uw230601282宁波一洲.xlsx,高,是,名称里没有可辨认的类型证据 → 待人工确认,合同,,0
"1502乙炔割嘴 #10
包装：塑料盒贴型号",待定,,5,5,"ziliao/安宝公司/Technical Welding 1502,1503/订单/AB22315 出口产品供需合同-奉化一洲.xls",高,是,只认到气体「acetylene」，缺英式/美式 → 待人工确认,合同,,0
"1502乙炔割嘴 #12
包装：塑料盒贴型号",待定,,5,5,"ziliao/安宝公司/Technical Welding 1502,1503/订单/AB22315 出口产品供需合同-奉化一洲.xls",高,是,只认到气体「acetylene」，缺英式/美式 → 待人工确认,合同,,0
"1502乙炔割嘴 #4
包装：塑料盒贴型号",待定,,5,5,"ziliao/安宝公司/Technical Welding 1502,1503/订单/AB22391 出口产品供需合同-奉化一洲.xls",高,是,只认到气体「acetylene」，缺英式/美式 → 待人工确认,合同,,0
"1502乙炔割嘴 #6
包装：塑料盒贴型号",待定,,5,5,"ziliao/安宝公司/Technical Welding 1502,1503/订单/AB22391 出口产品供需合同-奉化一洲.xls",高,是,只认到气体「acetylene」，缺英式/美式 → 待人工确认,合同,,0
"1502乙炔割嘴 #8
包装：塑料盒贴型号",待定,,5,5,"ziliao/安宝公司/Technical Welding 1502,1503/订单/AB22391 出口产品供需合同-奉化一洲.xls",高,是,只认到气体「acetylene」，缺英式/美式 → 待人工确认,合同,,0
"1503丙烷割嘴 #10
包装：塑料盒贴型号",待定,,5,5,"ziliao/安宝公司/Technical Welding 1502,1503/订单/AB22315 出口产品供需合同-奉化一洲.xls",高,是,只认到气体「propane」，缺英式/美式 → 待人工确认,合同,,0
"1503丙烷割嘴 #12
包装：塑料盒贴型号",待定,,5,5,"ziliao/安宝公司/Technical Welding 1502,1503/订单/AB22315 出口产品供需合同-奉化一洲.xls",高,是,只认到气体「propane」，缺英式/美式 → 待人工确认,合同,,0
"1503丙烷割嘴 #6
包装：塑料盒贴型号",待定,,5,5,"ziliao/安宝公司/Technical Welding 1502,1503/订单/AB22315 出口产品供需合同-奉化一洲.xls",高,是,只认到气体「propane」，缺英式/美式 → 待人工确认,合同,,0
2-W-1,待定,,5,5,嵊州海田/江南采购单/任江南采购单-VICTOR 80V焊杆.doc,高,是,名称里没有可辨认的类型证据 → 待人工确认,采购单+计划单,,0
3-101 割嘴 0#,待定,,5,5,ziliao/尤耐克/SUA/SUA订单/UW241002467宁波一洲(1).xlsx,高,是,只认到地域「us」，缺乙炔/丙烷 → 待人工确认,合同,,0
3-101 割嘴 3#,待定,,5,5,ziliao/尤耐克/SUA/SUA订单/UW241002467宁波一洲(1).xlsx,高,是,只认到地域「us」，缺乙炔/丙烷 → 待人工确认,合同,,0
3-GPN 割嘴 2#,待定,,5,5,ziliao/尤耐克/SUA/SUA订单/LGC240302109宁波一洲.xlsx,高,是,名称里没有可辨认的类型证据 → 待人工确认,合同,,0
6290 割嘴 00#,待定,,5,5,"ziliao/尤耐克/SCH 6290,NX 小周/LGC22401120-宁波一洲.xls",高,是,只认到地域「us」，缺乙炔/丙烷 → 待人工确认,合同,,0
8-1-101,待定,,5,5,"嵊州海田/21IIF03  VICTOR 1-101, GPN,0-7-W,MFA,MFN 宋/VICTOR GPN 生产计划单.doc",高,是,只认到地域「us」，缺乙炔/丙烷 → 待人工确认,计划单+采购单,,0
8-MFN,待定,,5,5,"嵊州海田/21IIF03  VICTOR 1-101, GPN,0-7-W,MFA,MFN 宋/采购单.doc",高,是,名称里没有可辨认的类型证据 → 待人工确认,采购单,,0
"丙烷割嘴
代码：4193",待定,标贴尺寸：80x16mm 塑料盒盖用黑色,5,5,ziliao/安宝公司/INFAR不干胶/INFRA合同/2021/AB21779 出口产品供需合同-奉化一洲.xls,高,是,只认到气体「propane」，缺英式/美式 → 待人工确认,合同,,0
"丙烷割嘴
代码：4194",待定,,5,5,ziliao/安宝公司/INFAR不干胶/INFRA合同/2021/AB21779 出口产品供需合同-奉化一洲.xls,高,是,只认到气体「propane」，缺英式/美式 → 待人工确认,合同,,0
丙烷割嘴GPN #1  塑料盖贴：GPN-1,待定,,5,5,ziliao/安宝公司/A. SH  AIR - OXY 里卡多/合同/2025/AB251050 出口产品供需合同-奉化一洲.xls,高,是,只认到气体「propane」，缺英式/美式 → 待人工确认,合同,,0
丙烷割嘴GPN #3  塑料盖贴：GPN-3,待定,,5,5,ziliao/安宝公司/A. SH  AIR - OXY 里卡多/合同/2025/AB251050 出口产品供需合同-奉化一洲.xls,高,是,只认到气体「propane」，缺英式/美式 → 待人工确认,合同,,0
"丙烷切割喷嘴,3厚度：40-60mm 孔口：1.8",待定,,5,5,ziliao/安宝公司/EAGLEE CAJA 巴拉圭1503/AB22946 出口产品供需合同-奉化一洲(1).xls,高,是,只认到气体「propane」，缺英式/美式 → 待人工确认,合同,,0
割嘴 1-101 #8 仿包装,待定,,5,5,ziliao/安宝公司/A. SH  AIR - OXY 里卡多/A.SH/AB26003 出口产品供需合同-奉化一洲.xls,高,是,只认到地域「us」，缺乙炔/丙烷 → 待人工确认,合同,,0
"割嘴 1-GPN 1#
产品号码6027",待定,,5,5,ziliao/安宝公司/美国FRONNY/订单/2023/AB23759 出口产品供需合同-一洲P061258.xls,高,是,名称里没有可辨认的类型证据 → 待人工确认,合同,,0
"割嘴 3#-1-101
产品号码6026",待定,,5,5,ziliao/安宝公司/美国FRONNY/订单/2023/AB23759 出口产品供需合同-一洲P061258.xls,高,是,只认到地域「us」，缺乙炔/丙烷 → 待人工确认,合同,,0
割嘴 6290-0# 产品号码6009,待定,6290割嘴,5,5,ziliao/安宝公司/美国FRONNY/订单/2022/AB221050 出口产品供需合同-一洲P052929.xls,高,是,只认到地域「us」，缺乙炔/丙烷 → 待人工确认,合同,,0
割嘴 GPN #0 仿包装,待定,,5,5,ziliao/安宝公司/A. SH  AIR - OXY 里卡多/合同/2021/AB21875 出口产品供需合同-奉化一洲(1).xls,高,是,名称里没有可辨认的类型证据 → 待人工确认,合同,,0
割嘴 GPN #00 仿包装,待定,,5,5,ziliao/安宝公司/A. SH  AIR - OXY 里卡多/合同/2021/AB21875 出口产品供需合同-奉化一洲(1).xls,高,是,名称里没有可辨认的类型证据 → 待人工确认,合同,,0
割嘴 GPN #5  塑料盖贴：GPN-5,待定,,5,5,ziliao/安宝公司/A. SH  AIR - OXY 里卡多/合同/2021/AB21875 出口产品供需合同-奉化一洲(1).xls,高,是,名称里没有可辨认的类型证据 → 待人工确认,合同,,0
割嘴 GPN #6 仿包装,待定,,5,5,ziliao/安宝公司/A. SH  AIR - OXY 里卡多/合同/2021/AB21875 出口产品供需合同-奉化一洲(1).xls,高,是,名称里没有可辨认的类型证据 → 待人工确认,合同,,0
"割嘴 SC-12-1#
产品号码6000",待定,,5,5,ziliao/安宝公司/美国FRONNY/订单/2024/AB24055 出口产品供需合同-一洲PO62028(1).xls,高,是,名称里没有可辨认的类型证据 → 待人工确认,合同,,0
割嘴1-101 3# 产品号码6026,待定,,5,5,ziliao/安宝公司/美国FRONNY/订单/2024/AB24139 出口产品供需合同-一洲PO62138(1).xls,高,是,只认到地域「us」，缺乙炔/丙烷 → 待人工确认,合同,,0
割嘴3-101 000# 产品号码6016,待定,,5,5,ziliao/安宝公司/美国FRONNY/订单/2024/AB24139 出口产品供需合同-一洲PO62138(1).xls,高,是,只认到地域「us」，缺乙炔/丙烷 → 待人工确认,合同,,0
割嘴GPN 2# 产品号码6028,待定,GPN割嘴,5,5,ziliao/安宝公司/美国FRONNY/订单/2025/ab25522 出口产品供需合同-一洲po64361.xls,高,是,名称里没有可辨认的类型证据 → 待人工确认,合同,,0
"乙炔割嘴 1-101 #5
塑料盖贴：1-101 5",us_acetylene,,5,5,ziliao/安宝公司/A. SH  AIR - OXY 里卡多/合同/2022/AB22253 出口产品供需合同-奉化一洲(1).xls,高,否,气体（acetylene）+ 地域（us）均为字面证据,合同,,0
乙炔割嘴 164 #0 塑料盖贴：164-0,待定,,5,5,ziliao/安宝公司/A. SH  AIR - OXY 里卡多/合同/2021/AB21875 出口产品供需合同-奉化一洲(1).xls,高,是,只认到气体「acetylene」，缺英式/美式 → 待人工确认,合同,,0
乙炔割嘴 164 #4 塑料盖贴：164-4,待定,,5,5,ziliao/安宝公司/A. SH  AIR - OXY 里卡多/合同/2021/AB21875 出口产品供需合同-奉化一洲(1).xls,高,是,只认到气体「acetylene」，缺英式/美式 → 待人工确认,合同,,0
"乙炔割嘴1-101-2
代码：4191",us_acetylene,标贴尺寸：80x16mm 塑料盒盖用红色,5,5,ziliao/安宝公司/INFAR不干胶/INFRA合同/2021/AB21864 出口产品供需合同-奉化一洲(2).xls,高,否,气体（acetylene）+ 地域（us）均为字面证据,合同,,0
"乙炔割嘴1-101-3
代码：4192",us_acetylene,标贴尺寸：80x16mm 塑料盒盖用红色,5,5,ziliao/安宝公司/INFAR不干胶/INFRA合同/2021/AB21779 出口产品供需合同-奉化一洲.xls,高,否,气体（acetylene）+ 地域（us）均为字面证据,合同,,0
"乙炔割嘴1-101-3 82g
代码：4192",us_acetylene,标贴尺寸：80x16mm 塑料盒盖用黑色,5,5,ziliao/安宝公司/INFAR不干胶/INFRA合同/2022/ab22669 出口产品供需合同-奉化一洲(2).xls,高,否,气体（acetylene）+ 地域（us）均为字面证据,合同,,0
"乙炔割嘴1-101-3 82g
货号：4192",us_acetylene,,5,5,ziliao/安宝公司/INFAR不干胶/INFRA合同/2024/AB24989 出口产品供需合同-奉化一洲(3).xls,高,否,气体（acetylene）+ 地域（us）均为字面证据,合同,,0
乙炔割嘴3-101 3# 产品号码6021,us_acetylene,,5,5,ziliao/安宝公司/美国FRONNY/订单/2026/AB26016.xls,高,否,气体（acetylene）+ 地域（us）均为字面证据,合同,,0
G1-P10/10,待定,"圆塑壳,两头黑盖 不干胶 商标 10只/中盒",5,5,"嵊州海田/CEY ,CSD, 圆壳G1-A/邵云忠G1-P两头黑盖生产计划单.doc",高,是,名称里没有可辨认的类型证据 → 待人工确认,计划单,,0
G1-P20/10,待定,塑壳 红盖 不干胶 10只/中盒,5,5,"嵊州海田/CEY ,CSD, 圆壳G1-A/邵云忠G1-P两头黑盖生产计划单.doc",高,是,名称里没有可辨认的类型证据 → 待人工确认,计划单,,0
"HARRIS 丙烷割嘴6290-NX-0 53g
货号：4184",us_propane,标贴尺寸：80x16mm 塑料盒盖用黑色,5,5,ziliao/安宝公司/INFAR不干胶/INFRA合同/2024/ab241194 出口产品供需合同-奉化一洲(2).xls,高,否,气体（propane）+ 地域（us）均为字面证据,合同,,0
KOIKE 106HC 割嘴 83克 5#  分体式6个孔,待定,包装：KOIKE彩卡+泡壳 产品要求：要分体式 用螺纹拧 如下图 6个孔如图,5,5,ziliao/安宝公司/M Haseeb  A.SH  106hc直通  80克/M Haseeb/AB22739 出口产品供需合同-奉化一洲.xls,高,是,名称里没有可辨认的类型证据 → 待人工确认,合同,,0
KOIKE 106HC 割嘴 83克 6#  分体式6个孔,待定,,5,5,ziliao/安宝公司/M Haseeb  A.SH  106hc直通  80克/M Haseeb/AB22739 出口产品供需合同-奉化一洲.xls,高,是,名称里没有可辨认的类型证据 → 待人工确认,合同,,0
KOIKE 106HC 割嘴 83克 7#  分体式6个孔,待定,,5,5,ziliao/安宝公司/M Haseeb  A.SH  106hc直通  80克/M Haseeb/AB22739 出口产品供需合同-奉化一洲.xls,高,是,名称里没有可辨认的类型证据 → 待人工确认,合同,,0
KOIKE 106HC 割嘴 83克 8#  分体式6个孔,待定,,5,5,ziliao/安宝公司/M Haseeb  A.SH  106hc直通  80克/M Haseeb/AB22739 出口产品供需合同-奉化一洲.xls,高,是,名称里没有可辨认的类型证据 → 待人工确认,合同,,0
PNME9 1/16,待定,"塑壳,黑盖 不干胶 条码:SA1611001 10只/中盒",5,5,"嵊州海田/旧订单/俄罗斯100C,PNME/PNME9生产计划单.doc",高,是,只认到地域「uk」，缺乙炔/丙烷 → 待人工确认,计划单,,0
PNME割嘴 229 #0 塑料盖贴：229-0,待定,PNME嘴外套刻字是229及型号，东西是PNME标贴是229 按返单AB23 1210,5,5,ziliao/安宝公司/A. SH  AIR - OXY 里卡多/合同/2021/AB21875 出口产品供需合同-奉化一洲(1).xls,高,是,只认到地域「uk」，缺乙炔/丙烷 → 待人工确认,合同,,0
PNME割嘴 229 #1 塑料盖贴：229-1,待定,PNME嘴外套刻字是229及型号，东西是PNME标贴是229 按返单AB22 253,5,5,ziliao/安宝公司/A. SH  AIR - OXY 里卡多/合同/2021/AB21875 出口产品供需合同-奉化一洲(1).xls,高,是,只认到地域「uk」，缺乙炔/丙烷 → 待人工确认,合同,,0
PNME割嘴 229 #3 塑料盖贴：229-3,待定,,5,5,ziliao/安宝公司/A. SH  AIR - OXY 里卡多/合同/2021/AB21875 出口产品供需合同-奉化一洲(1).xls,高,是,只认到地域「uk」，缺乙炔/丙烷 → 待人工确认,合同,,0
SC12 割嘴 3#,待定,,5,5,ziliao/尤耐克/SUA/SUA订单/UW241002467宁波一洲(1).xlsx,高,是,名称里没有可辨认的类型证据 → 待人工确认,合同,,0
SC50 割嘴 4#,待定,,5,5,ziliao/尤耐克/SUA/SUA订单/LGC240302109宁波一洲.xlsx,高,是,名称里没有可辨认的类型证据 → 待人工确认,合同,,0
"smith 乙炔割嘴 SC-12-1 103g
货号：4134",待定,标贴尺寸：80x16mm 塑料盒盖用红色 SC12重量102.7克,5,5,ziliao/安宝公司/INFAR不干胶/INFRA合同/2024/ab241194 出口产品供需合同-奉化一洲(2).xls,高,是,只认到气体「acetylene」，缺英式/美式 → 待人工确认,合同,,0
WSGPN0丙烷割嘴 GPN-0,待定,标贴尺寸：80x16mm 塑料盒盖用深蓝色,5,5,ziliao/安宝公司/Weldsolutions不干胶/合同/2022前/ab22913 出口产品供需合同-奉化一洲.xls,高,是,只认到气体「propane」，缺英式/美式 → 待人工确认,合同,,0
WSSC124乙炔割嘴 SC-12-4,待定,标贴尺寸：80x16mm 塑料盒盖用 红色,5,5,ziliao/安宝公司/Weldsolutions不干胶/合同/2022前/ab22913 出口产品供需合同-奉化一洲.xls,高,是,只认到气体「acetylene」，缺英式/美式 → 待人工确认,合同,,0
106HC-00,待定,塑壳 黄盖 说明书 不干胶 10只/中盒,5,4,"嵊州海田/HOVU-HCM-VN,      A.C.L/78克重PNME生产计划单-1.doc",高,是,名称里没有可辨认的类型证据 → 待人工确认,计划单,,0
乙炔割嘴 1-101 #00 仿包装,us_acetylene,,5,4,ziliao/安宝公司/A. SH  AIR - OXY 里卡多/合同/2025/AB251050 出口产品供需合同-奉化一洲.xls,高,否,气体（acetylene）+ 地域（us）均为字面证据,合同,,0
"Nozzle №1 (3/64”)
客人要12个槽 74克",待定,包装要求：塑料盒装，盒子上贴不干胶，每个货号进行区别,5,3,ziliao/安宝公司/12槽PNME俄罗斯嘴/订单/AB241225 出口产品供需合同-奉化一洲(1).xls,高,是,名称里没有可辨认的类型证据 → 待人工确认,合同,,0
割嘴1502,待定,,5,1,"ziliao/安宝公司/旧订单资料/有条码巴西1502,1503/出口产品供需合同 ab20587（一洲 )3.xls",中,是,名称里没有可辨认的类型证据 → 待人工确认,合同,4号 / 6号 / 8号 / 10号 / 12号,0
"乙炔割嘴
1-101

刻字：
中性


包装：塑料盒+定制不干胶
【不干胶我司提供】",us_acetylene,,5,1,ziliao/安宝公司/MOUNT WELD  1-101  ANME/2026/AB26761   1-101.xls,高,否,气体（acetylene）+ 地域（us）均为字面证据,合同,0# / 1# / 2# / 3# / 5#,0
"乙炔割嘴
ANME

刻字：
中性


包装：塑料盒+定制不干胶",待定,,5,1,ziliao/安宝公司/MOUNT WELD  1-101  ANME/2026/AB26728   ANME.xls,中,是,只认到气体「acetylene」，缺英式/美式 → 待人工确认,合同,"1/32"" / 3/64"" / 1/16"" / 5/64"" / 7/64""",0
1-118   割嘴 0#,待定,,4,4,"ziliao/安宝公司/VICTOR-GPN, 1-101,6290AC/AB22220  1-118.xls",高,是,名称里没有可辨认的类型证据 → 待人工确认,合同,,0
1-118   割嘴 2#,待定,,4,4,"ziliao/安宝公司/VICTOR-GPN, 1-101,6290AC/AB22220  1-118.xls",高,是,名称里没有可辨认的类型证据 → 待人工确认,合同,,0
1-118   割嘴 4#,待定,,4,4,"ziliao/安宝公司/VICTOR-GPN, 1-101,6290AC/AB22220  1-118.xls",高,是,名称里没有可辨认的类型证据 → 待人工确认,合同,,0
1-118   割嘴 6#,待定,,4,4,"ziliao/安宝公司/VICTOR-GPN, 1-101,6290AC/AB22220  1-118.xls",高,是,名称里没有可辨认的类型证据 → 待人工确认,合同,,0
1-118   割嘴 8#,待定,,4,4,"ziliao/安宝公司/VICTOR-GPN, 1-101,6290AC/AB22220  1-118.xls",高,是,名称里没有可辨认的类型证据 → 待人工确认,合同,,0
102HC-2,待定,吸塑 不印产地,4,4,"嵊州海田/旧订单/102HC,不印产地/102HC生产计划单MADE IN JAPAN.doc",高,是,名称里没有可辨认的类型证据 → 待人工确认,计划单,,0
102HC-3,待定,,4,4,"嵊州海田/旧订单/102HC,不印产地/102HC生产计划单MADE IN JAPAN.doc",高,是,名称里没有可辨认的类型证据 → 待人工确认,计划单,,0
106-1/16,待定,,4,4,"嵊州海田/MZF,MKY, CHD 滑盖塑壳 WeldRo-I产品 邢/24CHD01/滑盖106HC生产计划单.doc",高,是,名称里没有可辨认的类型证据 → 待人工确认,计划单,,0
106-1/64,待定,尼龙袋 滑盖塑壳 不干胶 10只/中盒,4,4,"嵊州海田/MZF,MKY, CHD 滑盖塑壳 WeldRo-I产品 邢/24CHD01/滑盖106HC生产计划单.doc",高,是,名称里没有可辨认的类型证据 → 待人工确认,计划单,,0
106-3/64,待定,,4,4,"嵊州海田/MZF,MKY, CHD 滑盖塑壳 WeldRo-I产品 邢/24CHD01/滑盖106HC生产计划单.doc",高,是,名称里没有可辨认的类型证据 → 待人工确认,计划单,,0
106D7-3,待定,,4,4,正恒公司/004字订单 项高健/192010040917-1计划单白盒.doc,高,是,名称里没有可辨认的类型证据 → 待人工确认,计划单,,0
1502 割嘴 2#,待定,,4,4,"ziliao/尤耐克/BARBOSA 1502,1503,NFF/订单/LGC231107516宁波一洲.xlsx",高,是,名称里没有可辨认的类型证据 → 待人工确认,合同,,0
1503 割嘴 4#,待定,,4,4,ziliao/尤耐克/常规 1503/LGC22822290宁波一洲.xlsx,高,是,名称里没有可辨认的类型证据 → 待人工确认,合同,,0
"1503丙烷割嘴 #4
包装：塑料盒贴型号",待定,,4,4,"ziliao/安宝公司/Technical Welding 1502,1503/订单/AB22315 出口产品供需合同-奉化一洲.xls",高,是,只认到气体「propane」，缺英式/美式 → 待人工确认,合同,,0
"1503丙烷割嘴 #8
包装：塑料盒贴型号",待定,,4,4,"ziliao/安宝公司/Technical Welding 1502,1503/订单/AB22315 出口产品供需合同-奉化一洲.xls",高,是,只认到气体「propane」，缺英式/美式 → 待人工确认,合同,,0
261 割嘴 0#,待定,,4,4,ziliao/尤耐克/OKILA改不干胶/OKILA订单/LGC22301089-宁波一洲.xlsx,高,是,名称里没有可辨认的类型证据 → 待人工确认,合同,,0
261 割嘴 1#,待定,,4,4,ziliao/尤耐克/OKILA改不干胶/OKILA订单/LGC22501161-宁波一洲.xlsx,高,是,名称里没有可辨认的类型证据 → 待人工确认,合同,,0
3-101 割嘴 00#,待定,,4,4,ziliao/尤耐克/SUA/SUA订单/LGC240302109宁波一洲.xlsx,高,是,只认到地域「us」，缺乙炔/丙烷 → 待人工确认,合同,,0
3-GPN 割嘴 1#,待定,,4,4,ziliao/尤耐克/SUA/SUA订单/LGC240302109宁波一洲.xlsx,高,是,名称里没有可辨认的类型证据 → 待人工确认,合同,,0
41 割嘴 12#,待定,,4,4,ziliao/尤耐克/DAIDEN 叶/DAIDEN订单/2025前/UW241101520宁波一洲.xlsx,高,是,名称里没有可辨认的类型证据 → 待人工确认,合同,,0
41 割嘴 8#,待定,,4,4,ziliao/尤耐克/DAIDEN 叶/DAIDEN订单/2025前/LGC240401176宁波一洲.xlsx,高,是,名称里没有可辨认的类型证据 → 待人工确认,合同,,0
6-MFA,待定,,4,4,"嵊州海田/21IIF03  VICTOR 1-101, GPN,0-7-W,MFA,MFN 宋/6290AC HARRIS生产计划单.doc",高,是,名称里没有可辨认的类型证据 → 待人工确认,计划单+采购单,,0
6290-1AC,待定,HARRIS原装,4,4,"嵊州海田/21IIF03  VICTOR 1-101, GPN,0-7-W,MFA,MFN 宋/6290AC HARRIS生产计划单.doc",高,是,只认到地域「us」，缺乙炔/丙烷 → 待人工确认,计划单,,0
6290-3AC,待定,,4,4,"嵊州海田/21IIF03  VICTOR 1-101, GPN,0-7-W,MFA,MFN 宋/6290AC HARRIS生产计划单.doc",高,是,只认到地域「us」，缺乙炔/丙烷 → 待人工确认,计划单,,0
6290-NX-1割嘴,待定,,4,4,"ziliao/安宝公司/B.S.A. 6290NX,6290,1-101,GPN/AB22854 出口产品供需合同-一洲.xls",高,是,只认到地域「us」，缺乙炔/丙烷 → 待人工确认,合同,,0
6290NX 割嘴 00#,待定,,4,4,ziliao/尤耐克/ROTHWELD/LGC10405129-宁波一洲.xls,高,是,名称里没有可辨认的类型证据 → 待人工确认,合同,,0
7-1-101,待定,,4,4,"嵊州海田/21IIF03  VICTOR 1-101, GPN,0-7-W,MFA,MFN 宋/VICTOR GPN 生产计划单.doc",高,是,只认到地域「us」，缺乙炔/丙烷 → 待人工确认,计划单+采购单,,0
"澳大利亚款式乙炔 割嘴 41-8
刻字内容：如右图所示41  12",待定,散装：但需确保运输途中不能损坏。,4,4,"ziliao/安宝公司/HARRIS 6290-2AC, 41 原装/41合同/AB23717 出口产品供需合同-奉化一洲.xls",高,是,只认到气体「acetylene」，缺英式/美式 → 待人工确认,合同,,0
"澳大利亚款式乙炔 割嘴 41-8
刻字内容如图所示41  15",待定,,4,4,"ziliao/安宝公司/HARRIS 6290-2AC, 41 原装/41合同/AB23717 出口产品供需合同-奉化一洲.xls",高,是,只认到气体「acetylene」，缺英式/美式 → 待人工确认,合同,,0
丙烷割嘴GPN #8  塑料盖贴：GPN-8,待定,,4,4,ziliao/安宝公司/A. SH  AIR - OXY 里卡多/合同/2025/AB251050 出口产品供需合同-奉化一洲.xls,高,是,只认到气体「propane」，缺英式/美式 → 待人工确认,合同,,0
割嘴 0-3-GPN 产品号码6030,待定,,4,4,ziliao/安宝公司/美国FRONNY/订单/2022/AB221050 出口产品供需合同-一洲P052929.xls,高,是,名称里没有可辨认的类型证据 → 待人工确认,合同,,0
"割嘴 0#-3-101
产品号码6018",待定,,4,4,ziliao/安宝公司/美国FRONNY/订单/2023/AB23759 出口产品供需合同-一洲P061258.xls,高,是,只认到地域「us」，缺乙炔/丙烷 → 待人工确认,合同,,0
"割嘴 000#-3-101 
产品号码6016",待定,,4,4,ziliao/安宝公司/美国FRONNY/订单/2023/AB23759 出口产品供需合同-一洲P061258.xls,高,是,只认到地域「us」，缺乙炔/丙烷 → 待人工确认,合同,,0
割嘴 1-101 #0 仿包装,待定,包装要求：塑料盒 贴标：VICTOR 对应塑料盖上刻字“VICTOR” 另注意，塑料盒盖子需要红/蓝区别 如下图,4,4,ziliao/安宝公司/A. SH  AIR - OXY 里卡多/合同/2021/AB21875 出口产品供需合同-奉化一洲(1).xls,高,是,只认到地域「us」，缺乙炔/丙烷 → 待人工确认,合同,,0
割嘴 GPN #3 仿包装,待定,,4,4,ziliao/安宝公司/A. SH  AIR - OXY 里卡多/合同/2021/AB21875 出口产品供需合同-奉化一洲(1).xls,高,是,名称里没有可辨认的类型证据 → 待人工确认,合同,,0
割嘴 GPN #6  塑料盖贴：GPN-6,待定,,4,4,ziliao/安宝公司/A. SH  AIR - OXY 里卡多/合同/2022/AB22329 出口产品供需合同-奉化一洲(1).xls,高,是,名称里没有可辨认的类型证据 → 待人工确认,合同,,0
"割嘴 MC-12-0# 
产品号码6002",待定,6002型号23年返单,4,4,ziliao/安宝公司/美国FRONNY/订单/2023/AB23824 出口产品供需合同-一洲PO61372.xls,高,是,名称里没有可辨认的类型证据 → 待人工确认,合同,,0
"割嘴3-3-101
产品号码6021",待定,,4,4,ziliao/安宝公司/美国FRONNY/订单/2022/AB22907 出口产品供需合同-一洲P052657.xls,高,是,只认到地域「us」，缺乙炔/丙烷 → 待人工确认,合同,,0
"外嘴 PNM 1# 刻字内容规格与型号 如图
单只塑料袋包装 500只/箱 重32G",待定,,4,4,ziliao/安宝公司/旧订单资料/REDIUS俄罗斯/DOKA PNM/DOKA 订单/AB22560 出口产品供需合同-一洲.xls,高,是,只认到地域「uk」，缺乙炔/丙烷 → 待人工确认,合同,,0
乙炔割嘴 1-101 #4 仿包装,us_acetylene,,4,4,ziliao/安宝公司/A. SH  AIR - OXY 里卡多/合同/2025/AB25193 出口产品供需合同-奉化一洲.xls,高,否,气体（acetylene）+ 地域（us）均为字面证据,合同,,0
"乙炔割嘴 1-101 #6
塑料盖贴：1-101 6",us_acetylene,,4,4,ziliao/安宝公司/A. SH  AIR - OXY 里卡多/合同/2022/AB22253 出口产品供需合同-奉化一洲(1).xls,高,否,气体（acetylene）+ 地域（us）均为字面证据,合同,,0
乙炔割嘴3-101 000# 产品号码6016,us_acetylene,3-101割嘴,4,4,ziliao/安宝公司/美国FRONNY/订单/2026/AB26248.xls,高,否,气体（acetylene）+ 地域（us）均为字面证据,合同,,0
ANME 1/16,待定,,4,4,嵊州海田/CYJ ANME  1-101 MADE IN MEXICO/ANME 生产计划单.doc,高,是,名称里没有可辨认的类型证据 → 待人工确认,计划单,,0
ANME 3/64,待定,塑壳 黑盖 不干胶 50只/中盒,4,4,嵊州海田/CYJ ANME  1-101 MADE IN MEXICO/ANME 生产计划单.doc,高,是,名称里没有可辨认的类型证据 → 待人工确认,计划单,,0
GPN 割嘴 4#,待定,,4,4,ziliao/尤耐克/CUTTWELD GPN 倪/2026合同。/UW250720327宁波一洲.xlsx,高,是,名称里没有可辨认的类型证据 → 待人工确认,合同,,0
GPN 割嘴 6#,待定,,4,4,ziliao/尤耐克/CUTTWELD GPN 倪/2026合同。/UW250720327宁波一洲.xlsx,高,是,名称里没有可辨认的类型证据 → 待人工确认,合同,,0
GPN-7,待定,,4,4,嵊州海田/CJH 订单/VICTOR1-101生产计划单.doc,高,是,名称里没有可辨认的类型证据 → 待人工确认,计划单,,0
PNME9 1/32,待定,塑壳 尼龙袋 MUREX商标 不干胶: PNME9 1/32 10只/中盒,4,4,"嵊州海田/MZF,MKY, CHD 滑盖塑壳 WeldRo-I产品 邢/WeldRo-I彩盆生产计划单.doc",高,是,只认到地域「uk」，缺乙炔/丙烷 → 待人工确认,计划单,,0
PNME割嘴 229 #5 塑料盖贴：229-5,待定,,4,4,ziliao/安宝公司/A. SH  AIR - OXY 里卡多/合同/2021/AB21875 出口产品供需合同-奉化一洲(1).xls,高,是,只认到地域「uk」，缺乙炔/丙烷 → 待人工确认,合同,,0
PNME割嘴 229 #6 塑料盖贴：229-6,待定,,4,4,ziliao/安宝公司/A. SH  AIR - OXY 里卡多/合同/2021/AB21875 出口产品供需合同-奉化一洲(1).xls,高,是,只认到地域「uk」，缺乙炔/丙烷 → 待人工确认,合同,,0
SC50 割嘴 2#,待定,,4,4,ziliao/尤耐克/SUA/SUA订单/UW241002467宁波一洲(1).xlsx,高,是,名称里没有可辨认的类型证据 → 待人工确认,合同,,0
SC50 割嘴 3#,待定,,4,4,ziliao/尤耐克/SUA/SUA订单/LGC240302109宁波一洲.xlsx,高,是,名称里没有可辨认的类型证据 → 待人工确认,合同,,0
WS10110乙炔割嘴 101-1-0,us_acetylene,标贴尺寸：80x16mm 塑料盒盖用 红色,4,4,ziliao/安宝公司/Weldsolutions不干胶/合同/2023/ab23341 出口产品供需合同-奉化一洲.xls,高,否,气体（acetylene）+ 地域（us）均为字面证据,合同,,0
WS10112乙炔割嘴 101-1-2,us_acetylene,,4,4,ziliao/安宝公司/Weldsolutions不干胶/合同/2023/ab23341 出口产品供需合同-奉化一洲.xls,高,否,气体（acetylene）+ 地域（us）均为字面证据,合同,,0
WS62904乙炔割嘴 6290-4,us_acetylene,,4,4,ziliao/安宝公司/INFAR不干胶/INFRA合同/2023/AB231061 出口产品供需合同-奉化一洲(1).xls,高,否,气体（acetylene）+ 地域（us）均为字面证据,合同,,0
WSGPN3丙烷割嘴 GPN-3,待定,,4,4,ziliao/安宝公司/Weldsolutions不干胶/合同/2023/ab23341 出口产品供需合同-奉化一洲.xls,高,是,只认到气体「propane」，缺英式/美式 → 待人工确认,合同,,0
WSSC123乙炔割嘴 SC-12-3,待定,,4,4,ziliao/安宝公司/INFAR不干胶/INFRA合同/2023/AB231061 出口产品供需合同-奉化一洲(1).xls,高,是,只认到气体「acetylene」，缺英式/美式 → 待人工确认,合同,,0
WSSC500丙烷割嘴 SC-50-0,待定,标贴尺寸：80x16mm 塑料盒盖用深蓝色,4,4,ziliao/安宝公司/Weldsolutions不干胶/合同/2023/ab23341 出口产品供需合同-奉化一洲.xls,高,是,只认到气体「propane」，缺英式/美式 → 待人工确认,合同,,0
WSSC503丙烷割嘴 SC-50-3,待定,,4,4,ziliao/安宝公司/Weldsolutions不干胶/合同/2023/ab23341 出口产品供需合同-奉化一洲.xls,高,是,只认到气体「propane」，缺英式/美式 → 待人工确认,合同,,0
-0,待定,,4,3,"嵊州海田/HOVU-HCM-VN,      A.C.L/78克重PNME生产计划单-1.doc",高,是,名称里没有可辨认的类型证据 → 待人工确认,计划单,,0
-1,待定,,4,3,"嵊州海田/HOVU-HCM-VN,      A.C.L/78克重PNME生产计划单-1.doc",高,是,名称里没有可辨认的类型证据 → 待人工确认,计划单,,0
-2,待定,,4,3,"嵊州海田/HOVU-HCM-VN,      A.C.L/78克重PNME生产计划单-1.doc",高,是,名称里没有可辨认的类型证据 → 待人工确认,计划单,,0
-3,待定,,4,3,"嵊州海田/HOVU-HCM-VN,      A.C.L/78克重PNME生产计划单-1.doc",高,是,名称里没有可辨认的类型证据 → 待人工确认,计划单,,0
"乙炔割嘴 164 #0 重86克
塑料盖贴：164-0

返单AB23504合同",待定,,4,3,ziliao/安宝公司/A. SH  AIR - OXY 里卡多/合同/2025/AB251050 出口产品供需合同-奉化一洲.xls,高,是,只认到气体「acetylene」，缺英式/美式 → 待人工确认,合同,,0
1-3-101,待定,塑壳 乙炔红盖 丙烷黑盖 商标 不干胶 50只/中盒,3,3,嵊州海田/AMZ  1-101 JZWELD牌子/常规生产计划单.doc,高,是,只认到地域「us」，缺乙炔/丙烷 → 待人工确认,计划单,,0
101-1-3 乙炔割嘴,us_acetylene,,3,3,ziliao/安宝公司/Weldsolutions不干胶/合同/2022前/AB21781 出口产品供需合同-奉化一洲.xls,高,否,气体（acetylene）+ 地域（us）均为字面证据,合同,,0
102HC-1,待定,塑壳 红盖 不干胶 10只/中盒,3,3,嵊州海田/CCN 1-101  102HC 不印产地/102HC 生产计划单.doc,高,是,名称里没有可辨认的类型证据 → 待人工确认,计划单,,0
106-1/32,待定,,3,3,"嵊州海田/MZF,MKY, CHD 滑盖塑壳 WeldRo-I产品 邢/24CHD01/滑盖106HC生产计划单.doc",高,是,名称里没有可辨认的类型证据 → 待人工确认,计划单,,0
106-2,待定,,3,3,正恒公司/279 V ERSAL  小毛/10只装标贴.doc,高,是,名称里没有可辨认的类型证据 → 待人工确认,其它单据+计划单,,0
106-3,待定,,3,3,正恒公司/279 V ERSAL  小毛/10只装标贴.doc,高,是,名称里没有可辨认的类型证据 → 待人工确认,其它单据+计划单,,0
106D7-1,待定,,3,3,正恒公司/004字订单 项高健/192010040917-1计划单白盒.doc,高,是,名称里没有可辨认的类型证据 → 待人工确认,计划单,,0
106D7-2,待定,,3,3,嵊州海田/VICTOR GPN HARRIS NX生产计划单.doc,高,是,名称里没有可辨认的类型证据 → 待人工确认,计划单,,0
106D7-5,待定,,3,3,正恒公司/004字订单 项高健/192010040917-1计划单白盒.doc,高,是,名称里没有可辨认的类型证据 → 待人工确认,计划单,,0
106D7-6,待定,,3,3,正恒公司/004字订单 项高健/192010040917-1计划单白盒.doc,高,是,名称里没有可辨认的类型证据 → 待人工确认,计划单,,0
106HC  8# 4.0mm  79g,待定,,3,3,"ziliao/安宝公司/AB24145 102HC,106HC/订单/6290NFF,106HC-8 供需合同 ab19512（一洲).xls",高,是,名称里没有可辨认的类型证据 → 待人工确认,合同,,0
1502-4,待定,塑壳 红盖 不干胶 10只/中盒,3,3,嵊州海田/CCN 1-101  102HC 不印产地/1502 生产计划单.doc,高,是,名称里没有可辨认的类型证据 → 待人工确认,计划单,,0
1502-6,待定,,3,3,嵊州海田/CCN 1-101  102HC 不印产地/1502 生产计划单.doc,高,是,名称里没有可辨认的类型证据 → 待人工确认,计划单,,0
1503 割嘴 6#,待定,,3,3,"ziliao/尤耐克/FERROLAN1502,1503/订单/LGC230307126宁波一洲.xlsx",高,是,名称里没有可辨认的类型证据 → 待人工确认,合同,,0
2-3-101,待定,,3,3,嵊州海田/AMZ  1-101 JZWELD牌子/常规生产计划单.doc,高,是,只认到地域「us」，缺乙炔/丙烷 → 待人工确认,计划单,,0
"2W-X11N 丙烷割嘴 G11 2#

包装+刻字：常规中性",待定,包装：按返单AB22879生产和包装,3,3,ziliao/安宝公司/有焊嘴订单/订单/2026/AB26539.xls,高,是,只认到气体「propane」，缺英式/美式 → 待人工确认,合同,,0
3-GPN 割嘴 3#,待定,,3,3,ziliao/尤耐克/SUA/SUA订单/LGC240302109宁波一洲.xlsx,高,是,名称里没有可辨认的类型证据 → 待人工确认,合同,,0
3-W-1,待定,,3,3,嵊州海田/江南采购单/任江南采购单-VICTOR 80V焊杆.doc,高,是,名称里没有可辨认的类型证据 → 待人工确认,采购单,,0
6-W,待定,,3,3,"嵊州海田/21IIF03  VICTOR 1-101, GPN,0-7-W,MFA,MFN 宋/采购单.doc",高,是,名称里没有可辨认的类型证据 → 待人工确认,采购单,,0
6290 割嘴 000#,待定,,3,3,ziliao/尤耐克/SUA/SUA订单/LGC240302109宁波一洲.xlsx,高,是,只认到地域「us」，缺乙炔/丙烷 → 待人工确认,合同,,0
6290 割嘴 3#,待定,,3,3,ziliao/尤耐克/H HOUSE 6290NX/合同/lgc230505222宁波一洲.xlsx,高,是,只认到地域「us」，缺乙炔/丙烷 → 待人工确认,合同,,0
6290-NX-1 丙烷割嘴 49g,us_propane,标贴尺寸：80x16mm 塑料盒盖用蓝色,3,3,ziliao/安宝公司/Weldsolutions不干胶/合同/2022前/AB21781 出口产品供需合同-奉化一洲.xls,高,否,气体（propane）+ 地域（us）均为字面证据,合同,,0
6290-NX-2 丙烷割嘴 49g,us_propane,,3,3,ziliao/安宝公司/Weldsolutions不干胶/合同/2022前/AB21781 出口产品供需合同-奉化一洲.xls,高,否,气体（propane）+ 地域（us）均为字面证据,合同,,0
6290-NX-3割嘴,待定,,3,3,"ziliao/安宝公司/B.S.A. 6290NX,6290,1-101,GPN/AB22854 出口产品供需合同-一洲.xls",高,是,只认到地域「us」，缺乙炔/丙烷 → 待人工确认,合同,,0
6290NX 割嘴 0#,待定,,3,3,ziliao/尤耐克/H HOUSE 6290NX/合同/UW241205589宁波一洲.xlsx,高,是,名称里没有可辨认的类型证据 → 待人工确认,合同,,0
6290NX 割嘴 3#,待定,,3,3,ziliao/尤耐克/SUA/SUA订单/LGC240302109宁波一洲.xlsx,高,是,名称里没有可辨认的类型证据 → 待人工确认,合同,,0
7-W,待定,,3,3,"嵊州海田/21IIF03  VICTOR 1-101, GPN,0-7-W,MFA,MFN 宋/采购单.doc",高,是,名称里没有可辨认的类型证据 → 待人工确认,采购单,,0
8-GPN,待定,,3,3,嵊州海田/22 IAM   T20 106HC金色字  宋/VICTOR GPN 生产计划单.doc,高,是,名称里没有可辨认的类型证据 → 待人工确认,计划单,,0
丙烷割嘴 GPN #0 仿包装,待定,,3,3,ziliao/安宝公司/A. SH  AIR - OXY 里卡多/合同/2025/AB25565 出口产品供需合同-奉化一洲.xls,高,是,只认到气体「propane」，缺英式/美式 → 待人工确认,合同,,0
"仿澳大利亚款式丙烷割嘴 44-12

包装：塑料盒+不干胶",待定,44-12,3,3,"ziliao/安宝公司/HQF 41 6290NX/41, NX, 6290/2026/AB26560.xls",高,是,只认到气体「propane」，缺英式/美式 → 待人工确认,合同,,0
"仿澳大利亚款式丙烷割嘴 44-15

包装：塑料盒+不干胶",待定,44-15,3,3,"ziliao/安宝公司/HQF 41 6290NX/41, NX, 6290/2026/AB26560.xls",高,是,只认到气体「propane」，缺英式/美式 → 待人工确认,合同,,0
"仿澳大利亚款式丙烷割嘴 44-20

包装：塑料盒+不干胶",待定,44-20,3,3,"ziliao/安宝公司/HQF 41 6290NX/41, NX, 6290/2026/AB26560.xls",高,是,只认到气体「propane」，缺英式/美式 → 待人工确认,合同,,0
"仿澳大利亚款式丙烷割嘴 44-8

包装：塑料盒+不干胶",待定,44-8,3,3,"ziliao/安宝公司/HQF 41 6290NX/41, NX, 6290/2026/AB26560.xls",高,是,只认到气体「propane」，缺英式/美式 → 待人工确认,合同,,0
"仿澳式乙炔割嘴 41-12
包装：塑料挂钩盒+不干胶",待定,41-12,3,3,"ziliao/安宝公司/HQF 41 6290NX/41, NX, 6290/AB25453 出口产品供需合同-一洲(1).xls",高,是,只认到气体「acetylene」，缺英式/美式 → 待人工确认,合同,,0
"仿丙烷割嘴 6290-NX-1# 重：44克
包装：仿HARRIS",us_propane,6290 NX 1#,3,3,"ziliao/安宝公司/HQF 41 6290NX/41, NX, 6290/AB251341 出口产品供需合同-奉化一洲(1).xls",高,否,气体（propane）+ 地域（us）均为字面证据,合同,,0
"仿丙烷割嘴 6290-NX-3# 重：44克
包装：仿HARRIS",us_propane,6290 NX 3#,3,3,"ziliao/安宝公司/HQF 41 6290NX/41, NX, 6290/AB251341 出口产品供需合同-奉化一洲(1).xls",高,否,气体（propane）+ 地域（us）均为字面证据,合同,,0
"仿乙炔割嘴 6290-1#
包装：仿HARRIS",us_acetylene,6090 AC 1#,3,3,"ziliao/安宝公司/HQF 41 6290NX/41, NX, 6290/AB251341 出口产品供需合同-奉化一洲(1).xls",高,否,气体（acetylene）+ 地域（us）均为字面证据,合同,,0
"仿乙炔割嘴 6290-2#
包装：仿HARRIS",us_acetylene,6090 AC 2#,3,3,"ziliao/安宝公司/HQF 41 6290NX/41, NX, 6290/AB251341 出口产品供需合同-奉化一洲(1).xls",高,否,气体（acetylene）+ 地域（us）均为字面证据,合同,,0
"仿乙炔割嘴 6290-3#
包装：仿HARRIS",us_acetylene,6090 AC 3#,3,3,"ziliao/安宝公司/HQF 41 6290NX/41, NX, 6290/AB251341 出口产品供需合同-奉化一洲(1).xls",高,否,气体（acetylene）+ 地域（us）均为字面证据,合同,,0
"割嘴 0#-3-101
产品型号RCTV-3101-0",待定,,3,3,ziliao/安宝公司/美国FRONNY/泡壳包装文件/泡壳订单/AB23709 出口产品供需合同-一洲P060437.xls,高,是,只认到地域「us」，缺乙炔/丙烷 → 待人工确认,合同,,0
"割嘴 00#-1-101
产品号码6022",待定,,3,3,ziliao/安宝公司/美国FRONNY/订单/2023/AB23759 出口产品供需合同-一洲P061258.xls,高,是,只认到地域「us」，缺乙炔/丙烷 → 待人工确认,合同,,0
"割嘴 00#-3-101
产品型号RCTV-3101-00",待定,包装：先装塑料盒+再纸卡+最后热封,3,3,ziliao/安宝公司/美国FRONNY/泡壳包装文件/泡壳订单/AB23709 出口产品供需合同-一洲P060437.xls,高,是,只认到地域「us」，缺乙炔/丙烷 → 待人工确认,合同,,0
"割嘴 1#-3-101
产品型号RCTV-3101-1",待定,,3,3,ziliao/安宝公司/美国FRONNY/泡壳包装文件/泡壳订单/AB23709 出口产品供需合同-一洲P060437.xls,高,是,只认到地域「us」，缺乙炔/丙烷 → 待人工确认,合同,,0
"割嘴 G1-P 16/10""",待定,,3,3,ziliao/安宝公司/G1-P/G1-P彩盒/AB21870 出口产品供需合同-奉化一洲.xls,高,是,名称里没有可辨认的类型证据 → 待人工确认,合同,,0
割嘴 GPN #5 仿包装,待定,,3,3,ziliao/安宝公司/A. SH  AIR - OXY 里卡多/合同/2021/AB21875 出口产品供需合同-奉化一洲(1).xls,高,是,名称里没有可辨认的类型证据 → 待人工确认,合同,,0
割嘴 GPN #7 仿包装,待定,,3,3,ziliao/安宝公司/A. SH  AIR - OXY 里卡多/合同/2021/AB21875 出口产品供需合同-奉化一洲(1).xls,高,是,名称里没有可辨认的类型证据 → 待人工确认,合同,,0
割嘴 GPN #8 仿包装,待定,,3,3,ziliao/安宝公司/A. SH  AIR - OXY 里卡多/合同/2021/AB21875 出口产品供需合同-奉化一洲(1).xls,高,是,名称里没有可辨认的类型证据 → 待人工确认,合同,,0
割嘴 PNME 1/16 (MUREX彩盒，18槽） 75克,待定,,3,3,ziliao/安宝公司/旧订单资料/YAMATO-200/伊朗Rabin/出口产品供需合同 ABH20443 （一洲).xls,高,是,只认到地域「uk」，缺乙炔/丙烷 → 待人工确认,合同,,0
割嘴 PNME 3/64 (MUREX彩盒，18槽） 75克,待定,,3,3,ziliao/安宝公司/旧订单资料/YAMATO-200/伊朗Rabin/出口产品供需合同 ABH20443 （一洲).xls,高,是,只认到地域「uk」，缺乙炔/丙烷 → 待人工确认,合同,,0
割嘴GPN 1# 产品号码6027,待定,GPN割嘴,3,3,ziliao/安宝公司/美国FRONNY/订单/2025/AB25640 出口产品供需合同-一洲PO64484.xls,高,是,名称里没有可辨认的类型证据 → 待人工确认,合同,,0
"内嘴 P1 刻字内容规格与型号 如右图
单只塑料袋包装 500只/箱 重42G",待定,如下图所示,3,3,ziliao/安宝公司/旧订单资料/REDIUS俄罗斯/DOKA PNM/DOKA 订单/AB22560 出口产品供需合同-一洲.xls,高,是,名称里没有可辨认的类型证据 → 待人工确认,合同,,0
"内嘴 P2 刻字内容规格与型号 如右图
单只塑料袋包装 500只/箱 重42G",待定,,3,3,ziliao/安宝公司/旧订单资料/REDIUS俄罗斯/DOKA PNM/DOKA 订单/AB22560 出口产品供需合同-一洲.xls,高,是,名称里没有可辨认的类型证据 → 待人工确认,合同,,0
"内嘴 P3 刻字内容规格与型号 如右图
单只塑料袋包装 500只/箱 重42G",待定,,3,3,ziliao/安宝公司/旧订单资料/REDIUS俄罗斯/DOKA PNM/DOKA 订单/AB22560 出口产品供需合同-一洲.xls,高,是,名称里没有可辨认的类型证据 → 待人工确认,合同,,0
乙炔割嘴 1-101 1#,us_acetylene,,3,3,"ziliao/安宝公司/B.S.A. 6290NX,6290,1-101,GPN/AB23568 出口产品供需合同-一洲(1).xls",高,否,气体（acetylene）+ 地域（us）均为字面证据,合同,,0
乙炔割嘴 164 #3 塑料盖贴：164-3,待定,,3,3,ziliao/安宝公司/A. SH  AIR - OXY 里卡多/合同/2021/AB21875 出口产品供需合同-奉化一洲(1).xls,高,是,只认到气体「acetylene」，缺英式/美式 → 待人工确认,合同,,0
"乙炔割嘴 ANM 2# 
刻字内容：规格与型号
包装：常规-中性",uk_acetylene,,3,3,ziliao/安宝公司/旧订单资料/REDIUS俄罗斯/DOKA PNM/DOKA 订单/AB22819 出口产品供需合同-一洲.xls,高,否,气体（acetylene）+ 地域（uk）均为字面证据,合同,,0
"乙炔割嘴 ANM 3# 
刻字内容：规格与型号
包装：常规-中性",uk_acetylene,,3,3,ziliao/安宝公司/旧订单资料/REDIUS俄罗斯/DOKA PNM/DOKA 订单/AB22819 出口产品供需合同-一洲.xls,高,否,气体（acetylene）+ 地域（uk）均为字面证据,合同,,0
"乙炔割嘴1-101-2 82g
代码：4191",us_acetylene,标贴尺寸：80x16mm 塑料盒盖用红色,3,3,ziliao/安宝公司/INFAR不干胶/INFRA合同/2022/ab22669 出口产品供需合同-奉化一洲(2).xls,高,否,气体（acetylene）+ 地域（us）均为字面证据,合同,,0
"乙炔切割喷嘴,1号 厚度：10-20mm 预热：0.7 孔口：1.2安宝库存",待定,,3,3,ziliao/安宝公司/EAGLEE CAJA 巴拉圭1503/AB22946 出口产品供需合同-奉化一洲(1).xls,高,是,只认到气体「acetylene」，缺英式/美式 → 待人工确认,合同,,0
"乙炔切割喷嘴,2号 厚度：20-40mm 预热：0.8 孔口：1.5安宝库存",待定,,3,3,ziliao/安宝公司/EAGLEE CAJA 巴拉圭1503/AB22946 出口产品供需合同-奉化一洲(1).xls,高,是,只认到气体「acetylene」，缺英式/美式 → 待人工确认,合同,,0
"乙炔切割喷嘴,3号 厚度：40-60mm 预热：0.9 孔口：1.8安宝库存",待定,,3,3,ziliao/安宝公司/EAGLEE CAJA 巴拉圭1503/AB22946 出口产品供需合同-奉化一洲(1).xls,高,是,只认到气体「acetylene」，缺英式/美式 → 待人工确认,合同,,0
ANME 割嘴 1/16,待定,,3,3,ziliao/尤耐克/IRON S.R.L 双三角/GOLVER S.R.L/LGC10508165-宁波一洲.xls,高,是,名称里没有可辨认的类型证据 → 待人工确认,合同,,0
ANME5/64,待定,,3,3,正恒公司/409 ANME 顾/ANME 生产计划单.doc,高,是,名称里没有可辨认的类型证据 → 待人工确认,计划单,,0
G1-A16/10,待定,塑壳 红盖 不干胶 10只/中盒,3,3,"嵊州海田/CEY ,CSD, 圆壳G1-A/G1-P生产计划单.doc",高,是,名称里没有可辨认的类型证据 → 待人工确认,计划单,,0
GPN 割嘴 0#,待定,,3,3,ziliao/安宝公司/旧订单资料/M Haseeb victor GPN/AB21960 出口产品供需合同-奉化一洲.xls,高,是,名称里没有可辨认的类型证据 → 待人工确认,合同,,0
GPN 割嘴 00#,待定,包装：仿包装（塑料盒+贴标）如下图 刻字： 头部也要刻字，如下图,3,3,ziliao/安宝公司/旧订单资料/M Haseeb victor GPN/AB21960 出口产品供需合同-奉化一洲.xls,高,是,名称里没有可辨认的类型证据 → 待人工确认,合同,,0
HARRIS 丙烷割嘴6290-NX-0,us_propane,,3,3,ziliao/安宝公司/INFAR不干胶/INFRA合同/2020/出口产品供需合同ab20903（一洲）有重量  .xls,高,否,气体（propane）+ 地域（us）均为字面证据,合同,,0
HARRIS 丙烷割嘴6290-NX-1,us_propane,,3,3,ziliao/安宝公司/INFAR不干胶/INFRA合同/2020/出口产品供需合同ab20903（一洲）有重量  .xls,高,否,气体（propane）+ 地域（us）均为字面证据,合同,,0
HARRIS 丙烷割嘴6290-NX-2,us_propane,,3,3,ziliao/安宝公司/INFAR不干胶/INFRA合同/2020/出口产品供需合同ab20903（一洲）有重量  .xls,高,否,气体（propane）+ 地域（us）均为字面证据,合同,,0
"HARRIS 乙炔割嘴6290-1 55g
货号：4208",us_acetylene,标贴尺寸：80x16mm 塑料盒盖用红色,3,3,ziliao/安宝公司/INFAR不干胶/INFRA合同/2024/ab24257 出口产品供需合同-奉化一洲(1).xls,高,否,气体（acetylene）+ 地域（us）均为字面证据,合同,,0
"HARRIS 乙炔割嘴6290-2 55g
代码：4210",us_acetylene,标贴尺寸：80x16mm 塑料盒盖用红色,3,3,ziliao/安宝公司/INFAR不干胶/INFRA合同/2022/ab22669 出口产品供需合同-奉化一洲(2).xls,高,否,气体（acetylene）+ 地域（us）均为字面证据,合同,,0
"Koike 106D7 #1
快速割嘴",待定,刻字要求：要求如下图 包装要求：10只1盒，紫色Koike彩盒如下图所示,3,3,"ziliao/安宝公司/106D7,102HC发商丘/印made in japan/AB23332 出口产品供需合同-奉化一洲.xls",高,是,名称里没有可辨认的类型证据 → 待人工确认,合同,,0
KOIKE割嘴 106HC-1#  70克  分体式,待定,彩卡要印MADE IN JAPAN+说明书 刻字内容：中性常规 包装：KOIKE+泡壳+说明书,3,3,"ziliao/安宝公司/HQF 41 6290NX/41, NX, 6290/106HC, NX/AB24557 出口产品供需合同-奉化一洲.xls",高,是,名称里没有可辨认的类型证据 → 待人工确认,合同,,0
KOIKE割嘴 106HC-3#  70克  分体式,待定,,3,3,"ziliao/安宝公司/HQF 41 6290NX/41, NX, 6290/106HC, NX/AB24557 出口产品供需合同-奉化一洲.xls",高,是,名称里没有可辨认的类型证据 → 待人工确认,合同,,0
"Nozzle №3 (5/64”) 
客人要12个槽 74克",待定,,3,3,ziliao/安宝公司/12槽PNME俄罗斯嘴/订单/AB241225 出口产品供需合同-奉化一洲(1).xls,高,是,名称里没有可辨认的类型证据 → 待人工确认,合同,,0
"Nozzle №4 (3/32”) 
客人要12个槽 74克",待定,,3,3,ziliao/安宝公司/12槽PNME俄罗斯嘴/订单/AB241225 出口产品供需合同-奉化一洲(1).xls,高,是,名称里没有可辨认的类型证据 → 待人工确认,合同,,0
PNME9 3/64,待定,,3,3,"嵊州海田/MZF,MKY, CHD 滑盖塑壳 WeldRo-I产品 邢/WeldRo-I彩盆生产计划单.doc",高,是,只认到地域「uk」，缺乙炔/丙烷 → 待人工确认,计划单,,0
"PNME割嘴 229 #1 塑料盖贴：229-1
重74克",待定,PNME嘴外套刻字是229及型号，东西是PNME标贴是229 按返单AB24 224,3,3,ziliao/安宝公司/A. SH  AIR - OXY 里卡多/合同/2025/AB251050 出口产品供需合同-奉化一洲.xls,高,是,只认到地域「uk」，缺乙炔/丙烷 → 待人工确认,合同,,0
SC-50-A-0 丙烷割嘴 91.36g,待定,包装要求：丙烷用深蓝色盖子 贴尺寸：80x16mm 要刻字：刻对应型号如图所示,3,3,ziliao/安宝公司/Weldsolutions不干胶/合同/2022前/AB21781 出口产品供需合同-奉化一洲.xls,高,是,只认到气体「propane」，缺英式/美式 → 待人工确认,合同,,0
SC-50-A-2 丙烷割嘴 91.36g,待定,,3,3,ziliao/安宝公司/Weldsolutions不干胶/合同/2022前/AB21781 出口产品供需合同-奉化一洲.xls,高,是,只认到气体「propane」，缺英式/美式 → 待人工确认,合同,,0
SC-50-A-3 丙烷割嘴 91.36g,待定,,3,3,ziliao/安宝公司/Weldsolutions不干胶/合同/2022前/AB21781 出口产品供需合同-奉化一洲.xls,高,是,只认到气体「propane」，缺英式/美式 → 待人工确认,合同,,0
SC12 割嘴 4#,待定,,3,3,ziliao/尤耐克/WESTON-3/合同/2024/LGC240407172宁波一洲.xlsx,高,是,名称里没有可辨认的类型证据 → 待人工确认,合同,,0
SC50 割嘴 7#,待定,,3,3,ziliao/尤耐克/SUA/SUA订单/UW251002559宁波一洲 .xlsx,高,是,名称里没有可辨认的类型证据 → 待人工确认,合同,,0
smith 丙烷割嘴 SC-50-A-0,待定,,3,3,ziliao/安宝公司/INFAR不干胶/INFRA合同/2020/出口产品供需合同ab20903（一洲）有重量  .xls,高,是,只认到气体「propane」，缺英式/美式 → 待人工确认,合同,,0
smith 丙烷割嘴 SC-50-A-2,待定,,3,3,ziliao/安宝公司/INFAR不干胶/INFRA合同/2020/出口产品供需合同ab20903（一洲）有重量  .xls,高,是,只认到气体「propane」，缺英式/美式 → 待人工确认,合同,,0
"smith 丙烷割嘴 SC-50-A-5 93g
货号：4163",待定,,3,3,ziliao/安宝公司/INFAR不干胶/INFRA合同/2025/AB25875 出口产品供需合同-奉化一洲(1).xls,高,是,只认到气体「propane」，缺英式/美式 → 待人工确认,合同,,0
smith 乙炔割嘴 SC-12-1,待定,,3,3,ziliao/安宝公司/INFAR不干胶/INFRA合同/2020/出口产品供需合同ab20903（一洲）有重量  .xls,高,是,只认到气体「acetylene」，缺英式/美式 → 待人工确认,合同,,0
smith 乙炔割嘴 SC-12-2,待定,,3,3,ziliao/安宝公司/INFAR不干胶/INFRA合同/2020/出口产品供需合同ab20903（一洲）有重量  .xls,高,是,只认到气体「acetylene」，缺英式/美式 → 待人工确认,合同,,0
smith 乙炔割嘴 SC-12-3,待定,,3,3,ziliao/安宝公司/INFAR不干胶/INFRA合同/2020/出口产品供需合同ab20903（一洲）有重量  .xls,高,是,只认到气体「acetylene」，缺英式/美式 → 待人工确认,合同,,0
T20,待定,,3,3,"嵊州海田/22 IAM   T20 106HC金色字  宋/任江南采购单-T15,T20.doc",高,是,名称里没有可辨认的类型证据 → 待人工确认,采购单+计划单,,0
T20单嘴,待定,,3,3,"嵊州海田/IAS T15,T20,106HC 加热嘴 宋/任江南采购单.doc",高,是,名称里没有可辨认的类型证据 → 待人工确认,采购单,,0
W,待定,,3,3,嵊州海田/江南采购单/任江南采购单-VICTOR焊杆 - 不带后部.doc,高,是,名称里没有可辨认的类型证据 → 待人工确认,采购单+计划单,,0
WS10113乙炔割嘴 101-1-3,us_acetylene,标贴尺寸：80x16mm 塑料盒盖用红色,3,3,ziliao/安宝公司/Weldsolutions不干胶/合同/2023/ab23341 出口产品供需合同-奉化一洲.xls,高,否,气体（acetylene）+ 地域（us）均为字面证据,合同,,0
WS6290NX5丙烷割嘴 6290-NX-5,us_propane,标贴尺寸：80x16mm 塑料盒盖用 深蓝色,3,3,ziliao/安宝公司/Weldsolutions不干胶/合同/2022前/ab22913 出口产品供需合同-奉化一洲.xls,高,否,气体（propane）+ 地域（us）均为字面证据,合同,,0
WSSC504丙烷割嘴 SC-50-4,待定,标贴尺寸：80x16mm 塑料盒盖用深蓝色,3,3,ziliao/安宝公司/Weldsolutions不干胶/合同/2023/ab23341 出口产品供需合同-奉化一洲.xls,高,是,只认到气体「propane」，缺英式/美式 → 待人工确认,合同,,0
"Nozzle №2 (3/64”)
客人要12个槽",待定,包装要求：塑料盒装，盒子上贴不干胶，每个货号进行区别,3,2,ziliao/安宝公司/12槽PNME俄罗斯嘴/订单/AB22276 出口产品供需合同-奉化一洲(1).xls,高,是,名称里没有可辨认的类型证据 → 待人工确认,合同,,0
"工具套装
80套

单发各50只",待定,散装：但需确保运输途中不能损坏。,3,1,"ziliao/安宝公司/HARRIS 6290-2AC, 41 原装/41合同/ab22732 出口产品供需合同-奉化一洲.xls",中,是,名称里没有可辨认的类型证据 → 待人工确认,合同,,0
GPN  割嘴,待定,,3,1,ziliao/安宝公司/Weldsolutions不干胶/合同/2022前/出口产品供需合同ab20716(20年10月).xls,中,是,名称里没有可辨认的类型证据 → 待人工确认,合同,,0
0-3-101,待定,塑壳 红盖 不干胶 50只/中盒,2,2,嵊州海田/AMZ  1-101 JZWELD牌子/常规生产计划单.doc,中,是,只认到地域「us」，缺乙炔/丙烷 → 待人工确认,计划单,,0
0-W-1,待定,,2,2,嵊州海田/江南采购单/任江南采购单-VICTOR 80V焊杆.doc,中,是,名称里没有可辨认的类型证据 → 待人工确认,采购单,,0
000-1-101,待定,"VICTOR包装 印:MADE IN MEXICO 1-101也贴警告标志 INCLUDEPICTURE \d ""D:\\我的文档\\Documents\\Tencent Files\\952963544\\Image\\C2C\\06b0",2,2,"嵊州海田/21IIF03  VICTOR 1-101, GPN,0-7-W,MFA,MFN 宋/VICTOR GPN 生产计划单.doc",中,是,只认到地域「us」，缺乙炔/丙烷 → 待人工确认,计划单,,0
000-GPN,待定,VICTOR包装 GPN贴警告标志 印: MADE IN USA,2,2,"嵊州海田/21IIF03  VICTOR 1-101, GPN,0-7-W,MFA,MFN 宋/VICTOR GPN 生产计划单.doc",中,是,名称里没有可辨认的类型证据 → 待人工确认,计划单,,0
1-101 割嘴  000#,待定,,2,2,ziliao/尤耐克/SUA/SUA订单/LGC240302109宁波一洲.xlsx,中,是,只认到地域「us」，缺乙炔/丙烷 → 待人工确认,合同,,0
101-1-1 乙炔割嘴,us_acetylene,标贴尺寸：80x16mm 塑料盒乙炔盖用红色,2,2,ziliao/安宝公司/Weldsolutions不干胶/合同/2022前/AB22090 出口产品供需合同-奉化一洲.xls,高,否,气体（acetylene）+ 地域（us）均为字面证据,合同,,0
101-1-2 乙炔割嘴,us_acetylene,,2,2,ziliao/安宝公司/Weldsolutions不干胶/合同/2022前/AB22090 出口产品供需合同-奉化一洲.xls,高,否,气体（acetylene）+ 地域（us）均为字面证据,合同,,0
101-1-4 乙炔割嘴,us_acetylene,,2,2,ziliao/安宝公司/Weldsolutions不干胶/合同/2022前/AB21781 出口产品供需合同-奉化一洲.xls,高,否,气体（acetylene）+ 地域（us）均为字面证据,合同,,0
102HC-0,待定,吸塑 MADE IN JAPAN 说明书 10只/中盒,2,2,"嵊州海田/CFT1-101,GPN   MADE MEXICO 邢/102HC 生产计划单.doc",中,是,名称里没有可辨认的类型证据 → 待人工确认,计划单,,0
102HC-4,待定,,2,2,嵊州海田/CCN 1-101  102HC 不印产地/102HC 生产计划单.doc,中,是,名称里没有可辨认的类型证据 → 待人工确认,计划单,,0
106-1,待定,"塑壳 黑盖 不干胶 50只/中盒,中盒上贴客人商标",2,2,正恒公司/279 V ERSAL  小毛/10只装标贴.doc,中,是,名称里没有可辨认的类型证据 → 待人工确认,其它单据+计划单,,0
106-4,待定,,2,2,正恒公司/279 V ERSAL  小毛/10只装标贴.doc,中,是,名称里没有可辨认的类型证据 → 待人工确认,其它单据+计划单,,0
106D7-00,待定,尼龙袋 白盒 不干胶 10只/中盒,2,2,正恒公司/004字订单 项高健/192010040917-1计划单白盒.doc,中,是,名称里没有可辨认的类型证据 → 待人工确认,计划单,,0
106D7-4,待定,,2,2,嵊州海田/VICTOR GPN HARRIS NX生产计划单.doc,中,是,名称里没有可辨认的类型证据 → 待人工确认,计划单,,0
106HC-6,待定,,2,2,"嵊州海田/HOVU-HCM-VN,      A.C.L/ACL生产计划单-2.doc",中,是,名称里没有可辨认的类型证据 → 待人工确认,计划单,,0
1502 割嘴 10#,待定,,2,2,"ziliao/尤耐克/FERROLAN1502,1503/订单/LGC10307071-宁波一洲-1.xlsx",中,是,名称里没有可辨认的类型证据 → 待人工确认,合同,,0
1502-10,待定,,2,2,正恒公司/209 字 SMF 1502 顾/1502生产计划单.doc,中,是,名称里没有可辨认的类型证据 → 待人工确认,计划单,,0
1502-12,待定,,2,2,正恒公司/209 字 SMF 1502 顾/1502生产计划单.doc,中,是,名称里没有可辨认的类型证据 → 待人工确认,计划单,,0
1502-2,待定,塑壳 乙炔红盖 丙烷黑盖 不干胶 商标 10只/中盒 中盒上贴条码,2,2,正恒公司/209 字 SMF 1502 顾/1502生产计划单.doc,中,是,名称里没有可辨认的类型证据 → 待人工确认,计划单,,0
1502-8,待定,,2,2,正恒公司/209 字 SMF 1502 顾/1502生产计划单.doc,中,是,名称里没有可辨认的类型证据 → 待人工确认,计划单,,0
164 割嘴 1#,待定,,2,2,ziliao/尤耐克/OKILA改不干胶/OKILA订单/LGC10601239-宁波一洲.xlsx,中,是,名称里没有可辨认的类型证据 → 待人工确认,合同,,0
164 割嘴 4#,待定,,2,2,ziliao/尤耐克/OKILA改不干胶/OKILA订单/LGC10401123-宁波一洲.xlsx,中,是,名称里没有可辨认的类型证据 → 待人工确认,合同,,0
2-3-GPN,待定,,2,2,"嵊州海田/CJE, CJS, GPN, 1-101,新警告标志 邢/常规生产计划单.doc",中,是,名称里没有可辨认的类型证据 → 待人工确认,计划单,,0
229-2,待定,,2,2,"嵊州海田/ECG 订单/1-101,GPN,NX, 229 生产计划单.doc",中,是,名称里没有可辨认的类型证据 → 待人工确认,计划单,,0
2W-X11N 丙烷割嘴 G11 2#,待定,包装：按返单AB22104生产和包装,2,2,ziliao/安宝公司/有焊嘴订单/订单/AB22879 出口产品供需合同-奉化一洲(1).xls,中,是,只认到气体「propane」，缺英式/美式 → 待人工确认,合同,,0
3-101 割嘴 2#,待定,,2,2,ziliao/尤耐克/SUA/SUA订单/UW241002467宁波一洲(1).xlsx,中,是,只认到地域「us」，缺乙炔/丙烷 → 待人工确认,合同,,0
3-3-101,待定,,2,2,嵊州海田/AMZ  1-101 JZWELD牌子/常规生产计划单.doc,中,是,只认到地域「us」，缺乙炔/丙烷 → 待人工确认,计划单,,0
3-GPN 割嘴 0#,待定,,2,2,ziliao/尤耐克/SUA/SUA订单/LGC240302109宁波一洲.xlsx,中,是,名称里没有可辨认的类型证据 → 待人工确认,合同,,0
3-GPN 割嘴 4#,待定,,2,2,ziliao/尤耐克/SUA/SUA订单/UW251002559宁波一洲 .xlsx,中,是,名称里没有可辨认的类型证据 → 待人工确认,合同,,0
3-W焊杆,待定,,2,2,嵊州海田/ECG 订单/VICTOR GPN HARRIS NX生产计划单.doc,中,是,名称里没有可辨认的类型证据 → 待人工确认,计划单,,0
363/376割嘴0#,待定,,2,2,"ziliao/尤耐克/275 叶, 倪 363/363  倪/UW250520236宁波一洲.xlsx",中,是,名称里没有可辨认的类型证据 → 待人工确认,合同,,0
4-W-1,待定,,2,2,嵊州海田/江南采购单/任江南采购单-VICTOR 80V焊杆.doc,中,是,名称里没有可辨认的类型证据 → 待人工确认,采购单,,0
4732P 10-25 106-1 1.2,待定,,2,2,"嵊州海田/GEG GLOOR ANME PNME G1-A, G1-P/海田GLOOR/GLOOR(102,106)生产计划单.doc",中,是,名称里没有可辨认的类型证据 → 待人工确认,计划单,,0
4733P 25-50 106-3 1.6,待定,,2,2,"嵊州海田/GEG GLOOR ANME PNME G1-A, G1-P/海田GLOOR/GLOOR(102,106)生产计划单.doc",中,是,名称里没有可辨认的类型证据 → 待人工确认,计划单,,0
4734P 50-100 106-5 2.0,待定,,2,2,"嵊州海田/GEG GLOOR ANME PNME G1-A, G1-P/海田GLOOR/GLOOR(102,106)生产计划单.doc",中,是,名称里没有可辨认的类型证据 → 待人工确认,计划单,,0
5-W-1,待定,,2,2,嵊州海田/江南采购单/任江南采购单-VICTOR 80V焊杆.doc,中,是,名称里没有可辨认的类型证据 → 待人工确认,采购单,,0
6-W-1,待定,,2,2,嵊州海田/江南采购单/任江南采购单-VICTOR 80V焊杆.doc,中,是,名称里没有可辨认的类型证据 → 待人工确认,采购单,,0
6290-6,待定,,2,2,正恒公司/032字的106D7 袁毫东/210880320407生产计划单.doc,中,是,只认到地域「us」，缺乙炔/丙烷 → 待人工确认,计划单,,0
6290-NX-0 丙烷割嘴 49g,us_propane,标贴尺寸：80x16mm 塑料盒乙炔盖用红色,2,2,ziliao/安宝公司/Weldsolutions不干胶/合同/2022前/AB22090 出口产品供需合同-奉化一洲.xls,高,否,气体（propane）+ 地域（us）均为字面证据,合同,,0
6290-NX-2割嘴,待定,,2,2,"ziliao/安宝公司/B.S.A. 6290NX,6290,1-101,GPN/AB23568 出口产品供需合同-一洲(1).xls",中,是,只认到地域「us」，缺乙炔/丙烷 → 待人工确认,合同,,0
6290-NX-3 丙烷割嘴 49g,us_propane,,2,2,ziliao/安宝公司/Weldsolutions不干胶/合同/2022前/AB21781 出口产品供需合同-奉化一洲.xls,高,否,气体（propane）+ 地域（us）均为字面证据,合同,,0
6290AC 割嘴 4#,待定,,2,2,ziliao/尤耐克/JOVAL订单/JOVAL订单/UW260701359 JOVAL  6290AC 应.xlsx,中,是,名称里没有可辨认的类型证据 → 待人工确认,合同,,0
6290NX-000,待定,塑壳 乙炔红盖 丙烷黑盖 不干胶 50只/中盒,2,2,"正恒公司/665字,有106D7,项高健/106D7镀铬,塑壳,生产计划单.doc",中,是,名称里没有可辨认的类型证据 → 待人工确认,计划单,,0
7-W-1,待定,,2,2,嵊州海田/江南采购单/任江南采购单-VICTOR 80V焊杆.doc,中,是,名称里没有可辨认的类型证据 → 待人工确认,采购单,,0
8-W,待定,,2,2,嵊州海田/江南采购单/任江南采购单-VICTOR  W焊杆.doc,中,是,名称里没有可辨认的类型证据 → 待人工确认,采购单,,0
丙烷割嘴 106 D7 #2,待定,带说明书，泡壳上不带【JAPAN字样】,2,2,"ziliao/安宝公司/106D7,102HC发商丘/不印made  in japan/AB23744 出口产品供需合同-一洲.xls",中,是,只认到气体「propane」，缺英式/美式 → 待人工确认,合同,,0
"丙烷割嘴 106HC 1#
包装：彩卡+泡壳+说明书",待定,106HC 1#,2,2,"ziliao/安宝公司/HQF 41 6290NX/41, NX, 6290/2026/ab26699.xls",中,是,只认到气体「propane」，缺英式/美式 → 待人工确认,合同,,0
"丙烷割嘴 106HC 2#
包装：彩卡+泡壳+说明书",待定,106HC 2#,2,2,"ziliao/安宝公司/HQF 41 6290NX/41, NX, 6290/2026/ab26699.xls",中,是,只认到气体「propane」，缺英式/美式 → 待人工确认,合同,,0
"丙烷割嘴 106HC 3#
包装：彩卡+泡壳+说明书",待定,106HC 3#,2,2,"ziliao/安宝公司/HQF 41 6290NX/41, NX, 6290/2026/ab26699.xls",中,是,只认到气体「propane」，缺英式/美式 → 待人工确认,合同,,0
"丙烷割嘴 106HC 4#
包装：彩卡+泡壳+说明书",待定,106HC 4#,2,2,"ziliao/安宝公司/HQF 41 6290NX/41, NX, 6290/2026/ab26699.xls",中,是,只认到气体「propane」，缺英式/美式 → 待人工确认,合同,,0
丙烷割嘴 6290-NFF-1# 重51g足量,us_propane,,2,2,"ziliao/安宝公司/HARRIS 6290-2AC, 41 原装/HARRIS 6290NFF/AB23585 出口产品供需合同-奉化一洲.xls",高,否,气体（propane）+ 地域（us）均为字面证据,合同,,0
丙烷割嘴 6290-NFF-2#,us_propane,,2,2,"ziliao/安宝公司/MAXES 仿NX,106HC,GPN/订单/AB24092 出口产品供需合同-奉化一洲.xls",高,否,气体（propane）+ 地域（us）均为字面证据,合同,,0
丙烷割嘴 6290-NFF-2# 重51g足量,us_propane,,2,2,"ziliao/安宝公司/HARRIS 6290-2AC, 41 原装/HARRIS 6290NFF/AB23585 出口产品供需合同-奉化一洲.xls",高,否,气体（propane）+ 地域（us）均为字面证据,合同,,0
丙烷割嘴 6290-NFF-3#,us_propane,,2,2,"ziliao/安宝公司/MAXES 仿NX,106HC,GPN/订单/AB24092 出口产品供需合同-奉化一洲.xls",高,否,气体（propane）+ 地域（us）均为字面证据,合同,,0
丙烷割嘴 6290-NFF-3# 重51g足量,us_propane,,2,2,"ziliao/安宝公司/HARRIS 6290-2AC, 41 原装/HARRIS 6290NFF/AB23585 出口产品供需合同-奉化一洲.xls",高,否,气体（propane）+ 地域（us）均为字面证据,合同,,0
丙烷割嘴 6290-NFF-4#,us_propane,,2,2,"ziliao/安宝公司/MAXES 仿NX,106HC,GPN/订单/AB24092 出口产品供需合同-奉化一洲.xls",高,否,气体（propane）+ 地域（us）均为字面证据,合同,,0
丙烷割嘴 6290-NFF-4# 重51g足量,us_propane,,2,2,"ziliao/安宝公司/HARRIS 6290-2AC, 41 原装/HARRIS 6290NFF/AB23585 出口产品供需合同-奉化一洲.xls",高,否,气体（propane）+ 地域（us）均为字面证据,合同,,0
丙烷割嘴 6290-NFF-5#,us_propane,,2,2,"ziliao/安宝公司/MAXES 仿NX,106HC,GPN/订单/AB24092 出口产品供需合同-奉化一洲.xls",高,否,气体（propane）+ 地域（us）均为字面证据,合同,,0
丙烷割嘴 6290-NFF-5# 重51g足量,us_propane,,2,2,"ziliao/安宝公司/HARRIS 6290-2AC, 41 原装/HARRIS 6290NFF/AB23585 出口产品供需合同-奉化一洲.xls",高,否,气体（propane）+ 地域（us）均为字面证据,合同,,0
丙烷割嘴 6290-NFF-6#,us_propane,,2,2,"ziliao/安宝公司/MAXES 仿NX,106HC,GPN/订单/AB24092 出口产品供需合同-奉化一洲.xls",高,否,气体（propane）+ 地域（us）均为字面证据,合同,,0
丙烷割嘴 6290-NFF-6# 重51g足量,us_propane,,2,2,"ziliao/安宝公司/HARRIS 6290-2AC, 41 原装/HARRIS 6290NFF/AB23585 出口产品供需合同-奉化一洲.xls",高,否,气体（propane）+ 地域（us）均为字面证据,合同,,0
丙烷割嘴 6290-NX-2# 产品号码6015,us_propane,,2,2,ziliao/安宝公司/美国FRONNY/订单/2024/AB24139 出口产品供需合同-一洲PO62138(1).xls,高,否,气体（propane）+ 地域（us）均为字面证据,合同,,0
丙烷割嘴 6290-NX-3,us_propane,,2,2,"ziliao/安宝公司/B.S.A. 6290NX,6290,1-101,GPN/2026/AB26775.xls",高,否,气体（propane）+ 地域（us）均为字面证据,合同,,0
丙烷割嘴 GPN #2  塑料盖贴：GPN-2,待定,,2,2,ziliao/安宝公司/A. SH  AIR - OXY 里卡多/合同/2025/AB25193 出口产品供需合同-奉化一洲.xls,中,是,只认到气体「propane」，缺英式/美式 → 待人工确认,合同,,0
丙烷割嘴 GPN #5  塑料盖贴：GPN-5,待定,,2,2,ziliao/安宝公司/A. SH  AIR - OXY 里卡多/合同/2025/AB25193 出口产品供需合同-奉化一洲.xls,中,是,只认到气体「propane」，缺英式/美式 → 待人工确认,合同,,0
"丙烷割嘴 GPN 0#

包装：塑料盒 不要贴 不干胶",待定,,2,2,ziliao/安宝公司/WT 6290NX/AB24747 出口产品供需合同-奉化一洲.xls,中,是,只认到气体「propane」，缺英式/美式 → 待人工确认,合同,,0
"丙烷割嘴 GPN 1#

包装：塑料盒 不要贴 不干胶",待定,,2,2,ziliao/安宝公司/WT 6290NX/AB24747 出口产品供需合同-奉化一洲.xls,中,是,只认到气体「propane」，缺英式/美式 → 待人工确认,合同,,0
"丙烷割嘴 GPN 2#

包装：塑料盒 不要贴 不干胶",待定,,2,2,ziliao/安宝公司/WT 6290NX/AB24747 出口产品供需合同-奉化一洲.xls,中,是,只认到气体「propane」，缺英式/美式 → 待人工确认,合同,,0
"丙烷割嘴 GPN 3#

包装：塑料盒 不要贴 不干胶",待定,,2,2,ziliao/安宝公司/WT 6290NX/AB24747 出口产品供需合同-奉化一洲.xls,中,是,只认到气体「propane」，缺英式/美式 → 待人工确认,合同,,0
"丙烷割嘴 PNM-#1内嘴 (切割厚度0to30mm)
配R3P-3-500三根管子 内嘴刻字：1

包装：PP袋1只/袋 50只1盒 200只1箱",uk_propane,,2,2,ziliao/安宝公司/旧订单资料/REDIUS俄罗斯/FOOB/AB23537 出口产品供需合同-一洲(1).xls,高,否,气体（propane）+ 地域（uk）均为字面证据,合同,,0
"丙烷割嘴 PNM-#2内嘴 (切割厚度 30to50mm)
配R3P-3-500三根管子 内嘴刻字：2

包装：PP袋1只/袋 50只1盒 200只1箱",uk_propane,,2,2,ziliao/安宝公司/旧订单资料/REDIUS俄罗斯/FOOB/AB23537 出口产品供需合同-一洲(1).xls,高,否,气体（propane）+ 地域（uk）均为字面证据,合同,,0
"丙烷割嘴 PNM-#3内嘴 (切割厚度 50to100mm)
配R3P-3-500三根管子 内嘴刻字：3

包装：PP袋1只/袋 50只1盒 200只1箱",uk_propane,,2,2,ziliao/安宝公司/旧订单资料/REDIUS俄罗斯/FOOB/AB23537 出口产品供需合同-一洲(1).xls,高,否,气体（propane）+ 地域（uk）均为字面证据,合同,,0
"丙烷割嘴 SC-50-3# 93g 
产品号码100251",待定,包装：常规佛尼割嘴一样,2,2,ziliao/安宝公司/美国FRONNY/订单/2023/ab23424 出口产品供需合同-一洲po60643.xls,中,是,只认到气体「propane」，缺英式/美式 → 待人工确认,合同,,0
"仿澳大利亚款式乙炔 割嘴 41-12

包装：塑料盒+不干胶",待定,41-12,2,2,"ziliao/安宝公司/HQF 41 6290NX/41, NX, 6290/2026/AB26560.xls",中,是,只认到气体「acetylene」，缺英式/美式 → 待人工确认,合同,,0
"仿澳大利亚款式乙炔 割嘴 41-15

包装：塑料盒+不干胶",待定,41-15,2,2,"ziliao/安宝公司/HQF 41 6290NX/41, NX, 6290/2026/AB26560.xls",中,是,只认到气体「acetylene」，缺英式/美式 → 待人工确认,合同,,0
"仿澳大利亚款式乙炔 割嘴 41-20

包装：塑料盒+不干胶",待定,41-20,2,2,"ziliao/安宝公司/HQF 41 6290NX/41, NX, 6290/2026/AB26560.xls",中,是,只认到气体「acetylene」，缺英式/美式 → 待人工确认,合同,,0
"仿澳大利亚款式乙炔 割嘴 41-8

包装：塑料盒+不干胶",待定,41-8,2,2,"ziliao/安宝公司/HQF 41 6290NX/41, NX, 6290/2026/AB26560.xls",中,是,只认到气体「acetylene」，缺英式/美式 → 待人工确认,合同,,0
"仿澳大利亚款式乙炔割嘴 41-15

包装：塑料挂钩盒+不干胶",待定,,2,2,"ziliao/安宝公司/HQF 41 6290NX/41, NX, 6290/AB241049 出口产品供需合同-奉化一洲.xls",中,是,只认到气体「acetylene」，缺英式/美式 → 待人工确认,合同,,0
"仿澳大利亚款式乙炔割嘴 41-20

包装：塑料挂钩盒+不干胶",待定,,2,2,"ziliao/安宝公司/HQF 41 6290NX/41, NX, 6290/AB241049 出口产品供需合同-奉化一洲.xls",中,是,只认到气体「acetylene」，缺英式/美式 → 待人工确认,合同,,0
"仿澳大利亚款式乙炔割嘴 41-8

包装：塑料挂钩盒+不干胶",待定,,2,2,"ziliao/安宝公司/HQF 41 6290NX/41, NX, 6290/AB241049 出口产品供需合同-奉化一洲.xls",中,是,只认到气体「acetylene」，缺英式/美式 → 待人工确认,合同,,0
"仿澳式丙烷割嘴 44-12
包装：不干胶+塑料盒",待定,,2,2,"ziliao/安宝公司/HQF 41 6290NX/41, NX, 6290/AB25453 出口产品供需合同-一洲(1).xls",中,是,只认到气体「propane」，缺英式/美式 → 待人工确认,合同,,0
"仿澳式丙烷割嘴 44-15
包装：不干胶+塑料盒",待定,,2,2,"ziliao/安宝公司/HQF 41 6290NX/41, NX, 6290/AB25453 出口产品供需合同-一洲(1).xls",中,是,只认到气体「propane」，缺英式/美式 → 待人工确认,合同,,0
"仿澳式丙烷割嘴 44-8
包装：不干胶+塑料盒",待定,,2,2,"ziliao/安宝公司/HQF 41 6290NX/41, NX, 6290/AB25453 出口产品供需合同-一洲(1).xls",中,是,只认到气体「propane」，缺英式/美式 → 待人工确认,合同,,0
"仿澳式乙炔割嘴 41-15
包装：塑料挂钩盒+不干胶",待定,41-15,2,2,"ziliao/安宝公司/HQF 41 6290NX/41, NX, 6290/AB25453 出口产品供需合同-一洲(1).xls",中,是,只认到气体「acetylene」，缺英式/美式 → 待人工确认,合同,,0
"仿澳式乙炔割嘴 41-20
包装：塑料挂钩盒+不干胶",待定,41-20,2,2,"ziliao/安宝公司/HQF 41 6290NX/41, NX, 6290/AB25453 出口产品供需合同-一洲(1).xls",中,是,只认到气体「acetylene」，缺英式/美式 → 待人工确认,合同,,0
"仿澳式乙炔割嘴 41-8
包装：塑料挂钩盒+不干胶",待定,41-8,2,2,"ziliao/安宝公司/HQF 41 6290NX/41, NX, 6290/AB25453 出口产品供需合同-一洲(1).xls",中,是,只认到气体「acetylene」，缺英式/美式 → 待人工确认,合同,,0
"仿丙烷割嘴 6290-NX-2# 重：44克
包装：仿HARRIS",us_propane,6290 NX 2#,2,2,"ziliao/安宝公司/HQF 41 6290NX/41, NX, 6290/AB251341 出口产品供需合同-奉化一洲(1).xls",高,否,气体（propane）+ 地域（us）均为字面证据,合同,,0
"割嘴  6290-4#
产品号码6650",待定,,2,2,ziliao/安宝公司/美国FRONNY/订单/2023/AB23330 出口产品供需合同-一洲P060431.xls,中,是,只认到地域「us」，缺乙炔/丙烷 → 待人工确认,合同,,0
"割嘴 0#-1-101
产品号码6023",待定,,2,2,ziliao/安宝公司/美国FRONNY/订单/2024/AB24055 出口产品供需合同-一洲PO62028(1).xls,中,是,只认到地域「us」，缺乙炔/丙烷 → 待人工确认,合同,,0
割嘴 3-101   1#,待定,,2,2,ziliao/安宝公司/A. SH  AIR - OXY 里卡多/合同/2023/AB23652 出口产品供需合同-奉化一洲.xls,中,是,只认到地域「us」，缺乙炔/丙烷 → 待人工确认,合同,,0
割嘴 3-GPN 产品号码6029,待定,,2,2,ziliao/安宝公司/美国FRONNY/订单/2023/AB23322 出口产品供需合同-一洲P060384.xls,中,是,名称里没有可辨认的类型证据 → 待人工确认,合同,,0
"割嘴 6290-1
产品号码6010",待定,按返单,2,2,ziliao/安宝公司/美国FRONNY/订单/2023/AB23759 出口产品供需合同-一洲P061258.xls,中,是,只认到地域「us」，缺乙炔/丙烷 → 待人工确认,合同,,0
"割嘴 6290-NX-0#
产品号码6013",待定,,2,2,ziliao/安宝公司/美国FRONNY/订单/2023/AB23824 出口产品供需合同-一洲PO61372.xls,中,是,只认到地域「us」，缺乙炔/丙烷 → 待人工确认,合同,,0
"割嘴 G1-P 12/10""",待定,,2,2,ziliao/安宝公司/G1-P/G1-P彩盒/AB21870 出口产品供需合同-奉化一洲.xls,中,是,名称里没有可辨认的类型证据 → 待人工确认,合同,,0
"割嘴 G1-P 16/10"" 重78g",待定,,2,2,ziliao/安宝公司/G1-P/G1-P彩盒/AB22054 出口产品供需合同-奉化一洲.xls,中,是,名称里没有可辨认的类型证据 → 待人工确认,合同,,0
"割嘴 G1-P 20/10"" 重78g",待定,,2,2,ziliao/安宝公司/G1-P/G1-P彩盒/AB22054 出口产品供需合同-奉化一洲.xls,中,是,名称里没有可辨认的类型证据 → 待人工确认,合同,,0
"割嘴 G1-P 25/10"" 重78g",待定,,2,2,ziliao/安宝公司/G1-P/G1-P彩盒/AB22054 出口产品供需合同-奉化一洲.xls,中,是,名称里没有可辨认的类型证据 → 待人工确认,合同,,0
割嘴 GPN #00 塑料盖贴：GPN-00,待定,包装要求：塑料盒 贴标：AIR IMETAN 对应塑料盖上贴型号标贴如图 另注意，塑料盒盖子需要红/蓝区别 PNME嘴外套刻字是229及型号，东西是PNME标贴是229,2,2,ziliao/安宝公司/A. SH  AIR - OXY 里卡多/合同/2021/AB21875 出口产品供需合同-奉化一洲(1).xls,中,是,名称里没有可辨认的类型证据 → 待人工确认,合同,,0
割嘴 GPN #8  塑料盖贴：GPN-8,待定,,2,2,ziliao/安宝公司/A. SH  AIR - OXY 里卡多/合同/2022/AB22253 出口产品供需合同-奉化一洲(1).xls,中,是,名称里没有可辨认的类型证据 → 待人工确认,合同,,0
割嘴 PNME 1/8 (MUREX彩盒，18槽） 75克,待定,,2,2,ziliao/安宝公司/旧订单资料/YAMATO-200/伊朗Rabin/出口产品供需合同 ABH20443 （一洲).xls,中,是,只认到地域「uk」，缺乙炔/丙烷 → 待人工确认,合同,,0
割嘴 SC-12-3# 产品号码100244,待定,包装：常规佛尼割嘴一样,2,2,ziliao/安宝公司/美国FRONNY/订单/2023/ab23429 出口产品供需合同-一洲po60637.xls,中,是,名称里没有可辨认的类型证据 → 待人工确认,合同,,0
割嘴3- GPN 2#,待定,,2,2,ziliao/安宝公司/A. SH  AIR - OXY 里卡多/合同/2023/AB23652 出口产品供需合同-奉化一洲.xls,中,是,名称里没有可辨认的类型证据 → 待人工确认,合同,,0
割嘴3-101   0#,待定,,2,2,ziliao/安宝公司/A. SH  AIR - OXY 里卡多/合同/2023/AB23652 出口产品供需合同-奉化一洲.xls,中,是,只认到地域「us」，缺乙炔/丙烷 → 待人工确认,合同,,0
割嘴3-101   2#,待定,,2,2,ziliao/安宝公司/A. SH  AIR - OXY 里卡多/合同/2023/AB23652 出口产品供需合同-奉化一洲.xls,中,是,只认到地域「us」，缺乙炔/丙烷 → 待人工确认,合同,,0
割嘴3-GPN 0#,待定,,2,2,ziliao/安宝公司/A. SH  AIR - OXY 里卡多/合同/2023/AB23652 出口产品供需合同-奉化一洲.xls,中,是,名称里没有可辨认的类型证据 → 待人工确认,合同,,0
割嘴3-GPN 1#,待定,,2,2,ziliao/安宝公司/A. SH  AIR - OXY 里卡多/合同/2023/AB23652 出口产品供需合同-奉化一洲.xls,中,是,名称里没有可辨认的类型证据 → 待人工确认,合同,,0
割嘴GPN 3# 产品号码6029,待定,,2,2,ziliao/安宝公司/美国FRONNY/订单/2026/AB26327.xls,中,是,名称里没有可辨认的类型证据 → 待人工确认,合同,,0
"内嘴 P0 刻字内容规格与型号 如右图
单只塑料袋包装 500只/箱 重42G",待定,如下图所示,2,2,ziliao/安宝公司/旧订单资料/REDIUS俄罗斯/DOKA PNM/DOKA 订单/AB22819 出口产品供需合同-一洲.xls,中,是,名称里没有可辨认的类型证据 → 待人工确认,合同,,0
内嘴 P6 刻字内容规格与型号 如右图,待定,,2,2,ziliao/安宝公司/旧订单资料/REDIUS俄罗斯/DOKA PNM/DOKA 订单/AB251096.xls,中,是,名称里没有可辨认的类型证据 → 待人工确认,合同,,0
尼龙袋 彩盒(我提供),待定,,2,2,"嵊州海田/CCR HARRIS-2AC, 焊杆/HARRIS焊杆采购单.doc",中,是,名称里没有可辨认的类型证据 → 待人工确认,采购单,,2
尼龙袋 尼龙袋,待定,2-W VICTOR 1-W-1 VICTOR,2,2,"嵊州海田/TSR HARRIS 6290NX,T20加热嘴/TSR GPN/任江南采购单-VICTOR焊杆.doc",中,是,名称里没有可辨认的类型证据 → 待人工确认,采购单,,2
"外嘴 PNM 2# 刻字内容规格与型号 
单只塑料袋包装 500只/箱 重32G",待定,,2,2,ziliao/安宝公司/旧订单资料/REDIUS俄罗斯/DOKA PNM/DOKA 订单/AB22153 出口产品供需合同-奉化一洲.xls,中,是,只认到地域「uk」，缺乙炔/丙烷 → 待人工确认,合同,,0
"外嘴 PNM 2# 刻字内容规格与型号 如图
单只塑料袋包装 500只/箱 重32G",待定,,2,2,ziliao/安宝公司/旧订单资料/REDIUS俄罗斯/DOKA PNM/DOKA 订单/AB22819 出口产品供需合同-一洲.xls,中,是,只认到地域「uk」，缺乙炔/丙烷 → 待人工确认,合同,,0
乙炔割嘴 164 #1 塑料盖贴：164-1,待定,,2,2,ziliao/安宝公司/A. SH  AIR - OXY 里卡多/合同/2021/AB21875 出口产品供需合同-奉化一洲(1).xls,中,是,只认到气体「acetylene」，缺英式/美式 → 待人工确认,合同,,0
乙炔割嘴 164 #2 塑料盖贴：164-2,待定,,2,2,ziliao/安宝公司/A. SH  AIR - OXY 里卡多/合同/2021/AB21875 出口产品供需合同-奉化一洲(1).xls,中,是,只认到气体「acetylene」，缺英式/美式 → 待人工确认,合同,,0
"乙炔割嘴 6290 WT 2#
刻字：中性常规

包装：如右图类似对应型号",us_acetylene,,2,2,ziliao/安宝公司/WT 6290NX/AB24747 出口产品供需合同-奉化一洲.xls,高,否,气体（acetylene）+ 地域（us）均为字面证据,合同,,0
"乙炔割嘴 6290 WT 3#
刻字：中性常规

包装：如右图类似对应型号",us_acetylene,,2,2,ziliao/安宝公司/WT 6290NX/AB24747 出口产品供需合同-奉化一洲.xls,高,否,气体（acetylene）+ 地域（us）均为字面证据,合同,,0
"乙炔割嘴 6290-1# 
包装：中性塑料盒",us_acetylene,,2,2,"ziliao/安宝公司/HQF 41 6290NX/41, NX, 6290/106HC, NX/ab24076 106HC NX.xls",高,否,气体（acetylene）+ 地域（us）均为字面证据,合同,,0
"乙炔割嘴 6290-1# 
刻字中性
包装：塑料盒",us_acetylene,,2,2,"ziliao/安宝公司/常规1-101,GPN 6290NX,G1-P,NFF/AB25330.xls",高,否,气体（acetylene）+ 地域（us）均为字面证据,合同,,0
"乙炔割嘴 ANM 5# 
刻字内容：规格与型号
包装：常规-中性",uk_acetylene,,2,2,ziliao/安宝公司/旧订单资料/REDIUS俄罗斯/DOKA PNM/DOKA 订单/AB22819 出口产品供需合同-一洲.xls,高,否,气体（acetylene）+ 地域（uk）均为字面证据,合同,,0
"乙炔割嘴1-101 1#

包装：塑料盒 不要贴 不干胶",us_acetylene,,2,2,ziliao/安宝公司/WT 6290NX/AB24747 出口产品供需合同-奉化一洲.xls,高,否,气体（acetylene）+ 地域（us）均为字面证据,合同,,0
"乙炔割嘴1-101 2#

包装：塑料盒 不要贴 不干胶",us_acetylene,,2,2,ziliao/安宝公司/WT 6290NX/AB24747 出口产品供需合同-奉化一洲.xls,高,否,气体（acetylene）+ 地域（us）均为字面证据,合同,,0
"乙炔割嘴1-101 3#

包装：塑料盒 不要贴 不干胶",us_acetylene,,2,2,ziliao/安宝公司/WT 6290NX/AB24747 出口产品供需合同-奉化一洲.xls,高,否,气体（acetylene）+ 地域（us）均为字面证据,合同,,0
"乙炔割嘴1-101 4#

包装：塑料盒 不要贴 不干胶",us_acetylene,,2,2,ziliao/安宝公司/WT 6290NX/AB24747 出口产品供需合同-奉化一洲.xls,高,否,气体（acetylene）+ 地域（us）均为字面证据,合同,,0
"乙炔割嘴1-101 5#

包装：塑料盒 不要贴 不干胶",us_acetylene,,2,2,ziliao/安宝公司/WT 6290NX/AB24747 出口产品供需合同-奉化一洲.xls,高,否,气体（acetylene）+ 地域（us）均为字面证据,合同,,0
"乙炔割嘴1-101-1 82g
代码：4190",us_acetylene,标贴尺寸：80x16mm 塑料盒盖用红色 刻字例如：3-1-101,2,2,ziliao/安宝公司/INFAR不干胶/INFRA合同/2022/ab22669 出口产品供需合同-奉化一洲(2).xls,高,否,气体（acetylene）+ 地域（us）均为字面证据,合同,,0
"乙炔割嘴1-101-1 82g
货号：4190",us_acetylene,标贴尺寸：80x16mm 塑料盒盖用红色,2,2,ziliao/安宝公司/INFAR不干胶/INFRA合同/2025/ab251249 出口产品供需合同-奉化一洲.xls,高,否,气体（acetylene）+ 地域（us）均为字面证据,合同,,0
乙炔割嘴4202 5# 产品号码6038,待定,未做过,2,2,ziliao/安宝公司/美国FRONNY/订单/2024/AB24139 出口产品供需合同-一洲PO62138(1).xls,中,是,只认到气体「acetylene」，缺英式/美式 → 待人工确认,合同,,0
乙炔割嘴6290-2# 产品号码6011,us_acetylene,,2,2,ziliao/安宝公司/美国FRONNY/订单/2025/AB25149 出口产品供需合同-一洲PO63783.xls,高,否,气体（acetylene）+ 地域（us）均为字面证据,合同,,0
ANME1/32,待定,尼龙袋 塑壳 乙炔红盖 丙烷黑盖 不干胶 50只/中盒,2,2,正恒公司/409 ANME 顾/ANME 生产计划单.doc,中,是,名称里没有可辨认的类型证据 → 待人工确认,计划单,,0
ANME1/8,待定,,2,2,正恒公司/409 ANME 顾/ANME 生产计划单.doc,中,是,名称里没有可辨认的类型证据 → 待人工确认,计划单,,0
ANME3/32,待定,,2,2,正恒公司/409 ANME 顾/ANME 生产计划单.doc,中,是,名称里没有可辨认的类型证据 → 待人工确认,计划单,,0
Cutting nozzle G1-P 10/10 84g,待定,包装：圆塑料盒产品标贴再入白盒，如右图 10只/1白盒，20白盒/1箱,2,2,ziliao/安宝公司/G1-P/G1-P 圆壳/AB22206 出口产品供需合同-奉化一洲.xls,中,是,名称里没有可辨认的类型证据 → 待人工确认,合同,,0
Cutting nozzle G1-P 10/16 84g,待定,,2,2,ziliao/安宝公司/G1-P/G1-P 圆壳/AB22206 出口产品供需合同-奉化一洲.xls,中,是,名称里没有可辨认的类型证据 → 待人工确认,合同,,0
Cutting nozzle G1-P 10/20 84g,待定,,2,2,ziliao/安宝公司/G1-P/G1-P 圆壳/AB22206 出口产品供需合同-奉化一洲.xls,中,是,名称里没有可辨认的类型证据 → 待人工确认,合同,,0
"Cutting nozzles Code:4191 ,    73.2G",待定,,2,2,ziliao/安宝公司/INFAR不干胶/INFRA合同/2020/出口产品供需合同ab20903（一洲）有重量  .xls,中,是,名称里没有可辨认的类型证据 → 待人工确认,合同,,0
G03-1,待定,,2,2,嵊州海田/EIC 订单/VICTOR GPN  GO3  生产计划单.doc,中,是,名称里没有可辨认的类型证据 → 待人工确认,计划单,,0
G1-A 10/10,待定,圆壳 不干胶客户提供 10只/中盒,2,2,"嵊州海田/CEY ,CSD, 圆壳G1-A/G1-P生产计划单.doc",中,是,名称里没有可辨认的类型证据 → 待人工确认,计划单,,0
G1-A 20/10,待定,圆塑壳 不干胶 商标 10/中盒,2,2,嵊州海田/BKV G1-A/G1-A 生产计划单.doc,中,是,名称里没有可辨认的类型证据 → 待人工确认,计划单,,0
G1-A10/10 10-25,待定,"G1-A,G1-P 圆塑壳 透明盖 商标 不干胶 10只/中盒 102-3,261-1 尼龙袋 白盒 2张不干胶 10只/中盒 具体见付件-2",2,2,"嵊州海田/GEG GLOOR ANME PNME G1-A, G1-P/GLOOR(G1-A,G1-P)生产计划单.doc",中,是,名称里没有可辨认的类型证据 → 待人工确认,计划单,,0
G1-A16/10 25-50,待定,,2,2,"嵊州海田/GEG GLOOR ANME PNME G1-A, G1-P/GLOOR(G1-A,G1-P)生产计划单.doc",中,是,名称里没有可辨认的类型证据 → 待人工确认,计划单,,0
G1-A20/10 50-100,待定,,2,2,"嵊州海田/GEG GLOOR ANME PNME G1-A, G1-P/GLOOR(G1-A,G1-P)生产计划单.doc",中,是,名称里没有可辨认的类型证据 → 待人工确认,计划单,,0
G1-A30/10,待定,,2,2,"嵊州海田/CEY ,CSD, 圆壳G1-A/G1-P生产计划单.doc",中,是,名称里没有可辨认的类型证据 → 待人工确认,计划单,,0
G1-P 割嘴 12/10,待定,,2,2,ziliao/尤耐克/BAW G1-P/lgc21001389-宁波一洲.xls,中,是,名称里没有可辨认的类型证据 → 待人工确认,合同,,0
G1-P10/10 10-25,待定,,2,2,"嵊州海田/GEG GLOOR ANME PNME G1-A, G1-P/GLOOR(G1-A,G1-P)生产计划单.doc",中,是,名称里没有可辨认的类型证据 → 待人工确认,计划单,,0
G1-P7/10 5-10,待定,,2,2,"嵊州海田/GEG GLOOR ANME PNME G1-A, G1-P/GLOOR(G1-A,G1-P)生产计划单.doc",中,是,名称里没有可辨认的类型证据 → 待人工确认,计划单,,0
GK3-00,待定,,2,2,正恒公司/106D7采购单-2.doc,中,是,名称里没有可辨认的类型证据 → 待人工确认,采购单,,0
GK3-000,待定,,2,2,正恒公司/114字订单小朱/114字 小朱订单/106D7镀铬采购单.doc,中,是,名称里没有可辨认的类型证据 → 待人工确认,采购单,,0
"Gloor cutting nuzzle,5# 做足75g",待定,,2,2,ziliao/安宝公司/旧订单资料/GLOOR PNME/AB22088 出口产品供需合同-奉化一洲.xls,中,是,名称里没有可辨认的类型证据 → 待人工确认,合同,,0
GPN-10,待定,VICTOR包装 印MADE IN USA 警告标志,2,2,"嵊州海田/CDX GPN-10直通, HARRIS 6290NX, 229-5H 邢/HARRIS NX 生产计划单.doc",中,是,名称里没有可辨认的类型证据 → 待人工确认,计划单,,0
GPN-8,待定,,2,2,嵊州海田/AIR IMETAN Ricardo/AIR IMETAN生产计划单-2 (2).doc,中,是,名称里没有可辨认的类型证据 → 待人工确认,计划单,,0
HARRIS 丙烷割嘴6290-NX-3,us_propane,,2,2,ziliao/安宝公司/INFAR不干胶/INFRA合同/2020/出口产品供需合同ab20903（一洲）有重量  .xls,高,否,气体（propane）+ 地域（us）均为字面证据,合同,,0
"HARRIS 乙炔割嘴6290-1 
代码：4208",us_acetylene,标贴尺寸：80x16mm 塑料盒盖用红色,2,2,ziliao/安宝公司/INFAR不干胶/INFRA合同/2021/AB21864 出口产品供需合同-奉化一洲(2).xls,高,否,气体（acetylene）+ 地域（us）均为字面证据,合同,,0
"HARRIS 乙炔割嘴6290-1 55g
代码：4208",us_acetylene,标贴尺寸：80x16mm 塑料盒盖用红色,2,2,ziliao/安宝公司/INFAR不干胶/INFRA合同/2022/ab22669 出口产品供需合同-奉化一洲(2).xls,高,否,气体（acetylene）+ 地域（us）均为字面证据,合同,,0
HPN 割嘴 1#,待定,,2,2,ziliao/尤耐克/SUA/SUA订单/UW251002559宁波一洲 .xlsx,中,是,名称里没有可辨认的类型证据 → 待人工确认,合同,,0
HPN 割嘴 10#,待定,,2,2,ziliao/尤耐克/SUA/SUA订单/UW251002559宁波一洲 .xlsx,中,是,名称里没有可辨认的类型证据 → 待人工确认,合同,,0
HPN 割嘴 11#,待定,,2,2,ziliao/尤耐克/SUA/SUA订单/UW251002559宁波一洲 .xlsx,中,是,名称里没有可辨认的类型证据 → 待人工确认,合同,,0
HPN 割嘴 12#,待定,,2,2,ziliao/尤耐克/SUA/SUA订单/UW251002559宁波一洲 .xlsx,中,是,名称里没有可辨认的类型证据 → 待人工确认,合同,,0
HPN 割嘴 2#,待定,,2,2,ziliao/尤耐克/SUA/SUA订单/UW251002559宁波一洲 .xlsx,中,是,名称里没有可辨认的类型证据 → 待人工确认,合同,,0
HPN 割嘴 3#,待定,,2,2,ziliao/尤耐克/SUA/SUA订单/UW251002559宁波一洲 .xlsx,中,是,名称里没有可辨认的类型证据 → 待人工确认,合同,,0
HPN 割嘴 4#,待定,,2,2,ziliao/尤耐克/SUA/SUA订单/UW251002559宁波一洲 .xlsx,中,是,名称里没有可辨认的类型证据 → 待人工确认,合同,,0
HPN 割嘴 5#,待定,,2,2,ziliao/尤耐克/SUA/SUA订单/UW251002559宁波一洲 .xlsx,中,是,名称里没有可辨认的类型证据 → 待人工确认,合同,,0
HPN 割嘴 6#,待定,,2,2,ziliao/尤耐克/SUA/SUA订单/UW251002559宁波一洲 .xlsx,中,是,名称里没有可辨认的类型证据 → 待人工确认,合同,,0
HPN 割嘴 7#,待定,,2,2,ziliao/尤耐克/SUA/SUA订单/UW251002559宁波一洲 .xlsx,中,是,名称里没有可辨认的类型证据 → 待人工确认,合同,,0
HPN 割嘴 8#,待定,,2,2,ziliao/尤耐克/SUA/SUA订单/UW251002559宁波一洲 .xlsx,中,是,名称里没有可辨认的类型证据 → 待人工确认,合同,,0
HPN 割嘴 9#,待定,,2,2,ziliao/尤耐克/SUA/SUA订单/UW251002559宁波一洲 .xlsx,中,是,名称里没有可辨认的类型证据 → 待人工确认,合同,,0
"Koike 106D7 #2
快速割嘴",待定,刻字要求：要求如下图 包装要求：10只1盒，紫色Koike彩盒如下图所示,2,2,"ziliao/安宝公司/106D7,102HC发商丘/印made in japan/AB23603 出口产品供需合同-奉化一洲.xls",中,是,名称里没有可辨认的类型证据 → 待人工确认,合同,,0
"Koike 106D7 #3
快速割嘴",待定,刻字要求：要求如下图 包装要求：10只1盒，紫色Koike彩盒如下图所示,2,2,"ziliao/安宝公司/106D7,102HC发商丘/印made in japan/AB22633 出口产品供需合同-奉化一洲.xls",中,是,名称里没有可辨认的类型证据 → 待人工确认,合同,,0
"Koike 106D7 #5
快速割嘴",待定,,2,2,"ziliao/安宝公司/106D7,102HC发商丘/印made in japan/AB22633 出口产品供需合同-奉化一洲.xls",中,是,名称里没有可辨认的类型证据 → 待人工确认,合同,,0
"KOIKE 106HC割嘴 7#-3.2mm
重：79g 如右图所示",待定,,2,2,"ziliao/安宝公司/MAXES 仿NX,106HC,GPN/订单/AB22997 出口产品供需合同-奉化一洲.xls",中,是,名称里没有可辨认的类型证据 → 待人工确认,合同,,0
"KOIKE 106HC割嘴 8#-4.0mm
重：79g 如右图所示",待定,,2,2,"ziliao/安宝公司/MAXES 仿NX,106HC,GPN/订单/AB22997 出口产品供需合同-奉化一洲.xls",中,是,名称里没有可辨认的类型证据 → 待人工确认,合同,,0
"KOIKE割嘴 106HC割嘴 2#
如右图所示",待定,,2,2,"ziliao/安宝公司/MAXES 仿NX,106HC,GPN/订单/AB22997 出口产品供需合同-奉化一洲.xls",中,是,名称里没有可辨认的类型证据 → 待人工确认,合同,,0
"KOIKE割嘴 106HC割嘴 3#
如右图所示",待定,,2,2,"ziliao/安宝公司/MAXES 仿NX,106HC,GPN/订单/AB22997 出口产品供需合同-奉化一洲.xls",中,是,名称里没有可辨认的类型证据 → 待人工确认,合同,,0
"KOIKE割嘴 106HC割嘴 4#
如右图所示",待定,,2,2,"ziliao/安宝公司/MAXES 仿NX,106HC,GPN/订单/AB22997 出口产品供需合同-奉化一洲.xls",中,是,名称里没有可辨认的类型证据 → 待人工确认,合同,,0
MC40 割嘴 0#,待定,,2,2,ziliao/尤耐克/SUA/SUA订单/UW251002559宁波一洲 .xlsx,中,是,名称里没有可辨认的类型证据 → 待人工确认,合同,,0
MC40 割嘴 00#,待定,,2,2,ziliao/尤耐克/SUA/SUA订单/UW251002559宁波一洲 .xlsx,中,是,名称里没有可辨认的类型证据 → 待人工确认,合同,,0
"Nozzle №2 (1/16”)
客人要12个槽 74克",待定,,2,2,ziliao/安宝公司/12槽PNME俄罗斯嘴/订单/ab231263 出口产品供需合同-奉化一洲.xls,中,是,名称里没有可辨认的类型证据 → 待人工确认,合同,,0
"Nozzle №3 (5/64”) 
客人要12个槽",待定,,2,2,ziliao/安宝公司/12槽PNME俄罗斯嘴/订单/AB22276 出口产品供需合同-奉化一洲(1).xls,中,是,名称里没有可辨认的类型证据 → 待人工确认,合同,,0
"Nozzle №4 (3/32”) 
客人要12个槽",待定,,2,2,ziliao/安宝公司/12槽PNME俄罗斯嘴/订单/AB22276 出口产品供需合同-奉化一洲(1).xls,中,是,名称里没有可辨认的类型证据 → 待人工确认,合同,,0
PNM 割嘴 1/16,待定,,2,2,ziliao/尤耐克/新俄罗斯/订单/LGC10301074-宁波一洲.xls,中,是,只认到地域「uk」，缺乙炔/丙烷 → 待人工确认,合同,,0
PNME18 3/64,待定,,2,2,"嵊州海田/MZF,MKY, CHD 滑盖塑壳 WeldRo-I产品 邢/WeldRo-I彩盆生产计划单.doc",中,是,只认到地域「uk」，缺乙炔/丙烷 → 待人工确认,计划单,,0
PNME9 1/8,待定,,2,2,"嵊州海田/MZF,MKY, CHD 滑盖塑壳 WeldRo-I产品 邢/WeldRo-I彩盆生产计划单.doc",中,是,只认到地域「uk」，缺乙炔/丙烷 → 待人工确认,计划单,,0
PNME9 5/64,待定,,2,2,嵊州海田/PNME   MUREX包装/MUREXPNME9生产计划单.doc,中,是,只认到地域「uk」，缺乙炔/丙烷 → 待人工确认,计划单,,0
"PNME割嘴 229 #8 塑料盖贴：229-8

PNME嘴外套刻字是229及型号
东西是PNME标贴是229",待定,,2,2,ziliao/安宝公司/A. SH  AIR - OXY 里卡多/合同/2023/AB23652 出口产品供需合同-奉化一洲.xls,中,是,只认到地域「uk」，缺乙炔/丙烷 → 待人工确认,合同,,0
SC-12-2 乙炔割嘴,待定,标贴尺寸：80x16mm 塑料盒盖用红色,2,2,ziliao/安宝公司/Weldsolutions不干胶/合同/2022前/AB21781 出口产品供需合同-奉化一洲.xls,中,是,只认到气体「acetylene」，缺英式/美式 → 待人工确认,合同,,0
SC-50-A-1 丙烷割嘴 91.36g,待定,,2,2,ziliao/安宝公司/Weldsolutions不干胶/合同/2022前/AB21781 出口产品供需合同-奉化一洲.xls,中,是,只认到气体「propane」，缺英式/美式 → 待人工确认,合同,,0
SC12 割嘴 1#,待定,,2,2,ziliao/尤耐克/SUA/SUA订单/UW241002467宁波一洲(1).xlsx,中,是,名称里没有可辨认的类型证据 → 待人工确认,合同,,0
SC12 割嘴 2#,待定,,2,2,ziliao/尤耐克/SUA/SUA订单/UW241002467宁波一洲(1).xlsx,中,是,名称里没有可辨认的类型证据 → 待人工确认,合同,,0
SC12-0,待定,塑壳 乙炔红盖 丙烷黑盖 不干胶 商标 10只/中盒,2,2,"嵊州海田/CWX 1-101,2-W SC12,MC12,HARRIS NX,AC/SC12 生产计划单.doc",中,是,名称里没有可辨认的类型证据 → 待人工确认,计划单,,0
SC50 割嘴 5#,待定,,2,2,ziliao/尤耐克/SUA/SUA订单/UW251002559宁波一洲 .xlsx,中,是,名称里没有可辨认的类型证据 → 待人工确认,合同,,0
SC50 割嘴 6#,待定,,2,2,ziliao/尤耐克/SUA/SUA订单/UW251002559宁波一洲 .xlsx,中,是,名称里没有可辨认的类型证据 → 待人工确认,合同,,0
smith 丙烷割嘴 SC-50-A-1,待定,,2,2,ziliao/安宝公司/INFAR不干胶/INFRA合同/2021/出口产品供需合同ab21036（一洲）有重量  .xls,中,是,只认到气体「propane」，缺英式/美式 → 待人工确认,合同,,0
smith 丙烷割嘴 SC-50-A-4,待定,,2,2,ziliao/安宝公司/INFAR不干胶/INFRA合同/2020/出口产品供需合同ab20903（一洲）有重量  .xls,中,是,只认到气体「propane」，缺英式/美式 → 待人工确认,合同,,0
smith 丙烷割嘴 SC-50-A-7,待定,,2,2,ziliao/安宝公司/INFAR不干胶/INFRA合同/2020/出口产品供需合同ab20903（一洲）有重量  .xls,中,是,只认到气体「propane」，缺英式/美式 → 待人工确认,合同,,0
smith 乙炔割嘴 SC-12-4,待定,,2,2,ziliao/安宝公司/INFAR不干胶/INFRA合同/2021/出口产品供需合同ab21036（一洲）有重量  .xls,中,是,只认到气体「acetylene」，缺英式/美式 → 待人工确认,合同,,0
T15单嘴,待定,,2,2,"嵊州海田/IAS T15,T20,106HC 加热嘴 宋/任江南采购单.doc",中,是,名称里没有可辨认的类型证据 → 待人工确认,采购单,,0
VICTOR 8-MFN VICTOR 20 TYPE 55 连接器也刻上 VICTOR LPG,待定,VICTOR 8-MFN VICTOR 20 TYPE 55 连接器也刻上 VICTOR LPG,2,2,"嵊州海田/IAS T15,T20,106HC 加热嘴 宋/任江南采购单.doc",中,是,只认到气体「propane」，缺英式/美式 → 待人工确认,采购单,,2
"victor 丙烷割嘴 GPN－1#
刻字：内嘴上1-GPN
外嘴上VICTOR 1-GPN

包装：VICTOR塑料盒+不干胶",待定,1、包装要求：victor塑料盒+不干胶如下图所示 2、刻字要求： 一定要对应型号 如下图,2,2,ziliao/安宝公司/VICTOR+BAYO/订单/2026/ab26430.xls,中,是,只认到气体「propane」，缺英式/美式 → 待人工确认,合同,,0
"victor 丙烷割嘴 GPN－2#
刻字：内嘴上2-GPN
外嘴上VICTOR 2-GPN

包装：VICTOR塑料盒+不干胶",待定,,2,2,ziliao/安宝公司/VICTOR+BAYO/订单/2026/ab26430.xls,中,是,只认到气体「propane」，缺英式/美式 → 待人工确认,合同,,0
"victor 丙烷割嘴 GPN－7#
刻字：内嘴上7-GPN
外嘴上VICTOR 7-GPN

包装：VICTOR塑料盒+不干胶",待定,,2,2,ziliao/安宝公司/VICTOR+BAYO/订单/AB22466 出口产品供需合同-一州(1).xls,中,是,只认到气体「propane」，缺英式/美式 → 待人工确认,合同,,0
"victor 丙烷割嘴 GPN－8#
刻字：内嘴上8-GPN
外嘴上VICTOR 8-GPN

包装：VICTOR塑料盒+不干胶",待定,,2,2,ziliao/安宝公司/VICTOR+BAYO/订单/AB22721 出口产品供需合同-奉化一洲.xls,中,是,只认到气体「propane」，缺英式/美式 → 待人工确认,合同,,0
"victor乙炔割嘴 101-0# 
刻字：VICTOR 0-1-101",us_acetylene,,2,2,ziliao/安宝公司/M Haseeb  A.SH  106hc直通  80克/M Haseeb/ab22831 出口产品供需合同-奉化一洲.xls,高,否,气体（acetylene）+ 地域（us）均为字面证据,合同,,0
"victor乙炔割嘴 101-00# 
刻字：VICTOR 00-1-101",us_acetylene,包装： VICTOR塑料盒+不干胶， 如下图,2,2,ziliao/安宝公司/M Haseeb  A.SH  106hc直通  80克/M Haseeb/ab22831 出口产品供需合同-奉化一洲.xls,高,否,气体（acetylene）+ 地域（us）均为字面证据,合同,,0
"victor乙炔割嘴 101-1# 
刻字：VICTOR 1-1-101",us_acetylene,,2,2,ziliao/安宝公司/M Haseeb  A.SH  106hc直通  80克/M Haseeb/ab22831 出口产品供需合同-奉化一洲.xls,高,否,气体（acetylene）+ 地域（us）均为字面证据,合同,,0
"victor乙炔割嘴 101-2# 
刻字：VICTOR 2-1-101",us_acetylene,,2,2,ziliao/安宝公司/M Haseeb  A.SH  106hc直通  80克/M Haseeb/ab22831 出口产品供需合同-奉化一洲.xls,高,否,气体（acetylene）+ 地域（us）均为字面证据,合同,,0
"victor乙炔割嘴 101-3# 
刻字：VICTOR 3-1-101",us_acetylene,,2,2,ziliao/安宝公司/M Haseeb  A.SH  106hc直通  80克/M Haseeb/ab22831 出口产品供需合同-奉化一洲.xls,高,否,气体（acetylene）+ 地域（us）均为字面证据,合同,,0
"victor乙炔割嘴 101-4# 
刻字：VICTOR 4-1-101",us_acetylene,,2,2,ziliao/安宝公司/M Haseeb  A.SH  106hc直通  80克/M Haseeb/ab22831 出口产品供需合同-奉化一洲.xls,高,否,气体（acetylene）+ 地域（us）均为字面证据,合同,,0
"victor乙炔割嘴 101-5# 
刻字：VICTOR 5-1-101",us_acetylene,,2,2,ziliao/安宝公司/M Haseeb  A.SH  106hc直通  80克/M Haseeb/ab22831 出口产品供需合同-奉化一洲.xls,高,否,气体（acetylene）+ 地域（us）均为字面证据,合同,,0
"WS202308乙炔割嘴 102HC-3
全铜 重86.5g",待定,标贴尺寸：80x16mm 塑料盒盖用 红色 同返单一样包装,2,2,ziliao/安宝公司/Weldsolutions不干胶/合同/2025/AB25723.xls,中,是,只认到气体「acetylene」，缺英式/美式 → 待人工确认,合同,,0
WSGPN4丙烷割嘴 GPN-4,待定,标贴尺寸：80x16mm 塑料盒盖用深蓝色,2,2,ziliao/安宝公司/Weldsolutions不干胶/合同/2023/ab23341 出口产品供需合同-奉化一洲.xls,中,是,只认到气体「propane」，缺英式/美式 → 待人工确认,合同,,0
WSSC120乙炔割嘴 SC-12-0,待定,标贴尺寸：80x16mm 塑料盒盖用红色,2,2,ziliao/安宝公司/Weldsolutions不干胶/合同/2022前/ab22913 出口产品供需合同-奉化一洲.xls,中,是,只认到气体「acetylene」，缺英式/美式 → 待人工确认,合同,,0
WSSC125乙炔割嘴 SC-12-5,待定,,2,2,ziliao/安宝公司/Weldsolutions不干胶/合同/2022前/ab22913 出口产品供需合同-奉化一洲.xls,中,是,只认到气体「acetylene」，缺英式/美式 → 待人工确认,合同,,0
1-W-J,待定,,2,1,"嵊州海田/AMZ  1-101 JZWELD牌子/任江南采购单 W, W-1, W-J.doc",中,是,名称里没有可辨认的类型证据 → 待人工确认,采购单,,0
产品要求,待定,,2,1,ziliao/安宝公司/INFAR不干胶/INFRA合同/2019/出口产品供需合同ab19760 （一洲） .xlsx,中,是,名称里没有可辨认的类型证据 → 待人工确认,合同,,0
仿GPN割嘴,待定,,2,1,ziliao/安宝公司/旧订单资料/GICOWELD/合同/出口产品供需合同 AB21533（一州 )(1).xls,中,是,名称里没有可辨认的类型证据 → 待人工确认,合同,,0
"乙炔割嘴 1-101 1#
刻字中性如右图所示

包装：中性塑料盒+中性不干胶",us_acetylene,,2,1,ziliao/安宝公司/F&G 订单/ab23779 出口产品供需合同-一洲(1).xls,高,否,气体（acetylene）+ 地域（us）均为字面证据,合同,,0
GIOCWELD PNME,待定,,2,1,ziliao/安宝公司/旧订单资料/GICOWELD/合同/出口产品供需合同 AB21533（一州 )(1).xls,中,是,只认到地域「uk」，缺乙炔/丙烷 → 待人工确认,合同,,0
-4,待定,,1,1,"嵊州海田/HOVU-HCM-VN,      A.C.L/ACL生产计划单-1.doc",低,是,名称里没有可辨认的类型证据 → 待人工确认,计划单,,0
-5,待定,,1,1,"嵊州海田/HOVU-HCM-VN,      A.C.L/ACL生产计划单-1.doc",低,是,名称里没有可辨认的类型证据 → 待人工确认,计划单,,0
-6,待定,,1,1,"嵊州海田/HOVU-HCM-VN,      A.C.L/ACL生产计划单-1.doc",低,是,名称里没有可辨认的类型证据 → 待人工确认,计划单,,0
-7,待定,,1,1,"嵊州海田/HOVU-HCM-VN,      A.C.L/ACL生产计划单-1.doc",低,是,名称里没有可辨认的类型证据 → 待人工确认,计划单,,0
-8,待定,,1,1,"嵊州海田/HOVU-HCM-VN,      A.C.L/ACL生产计划单-1.doc",低,是,名称里没有可辨认的类型证据 → 待人工确认,计划单,,0
0-1-118,待定,不包装,1,1,嵊州海田/AMZ  1-101 JZWELD牌子/邬贤炳1-118 采购单.doc,低,是,名称里没有可辨认的类型证据 → 待人工确认,采购单,,0
0-GPP,待定,"VICTOR包装 新款不干胶,GPN贴警告标志 印: MADE IN USA",1,1,嵊州海田/VICTOR GPP 生产计划单.doc,低,是,名称里没有可辨认的类型证据 → 待人工确认,计划单,,0
"0,1,2,3,5-W",待定,,1,1,嵊州海田/CCN 1-101  102HC 不印产地/VICTOR1-101生产计划单.doc,低,是,名称里没有可辨认的类型证据 → 待人工确认,计划单,,0
"0,4,5-W",待定,,1,1,嵊州海田/CYJ ANME  1-101 MADE IN MEXICO/3-101 生产计划单.doc,低,是,名称里没有可辨认的类型证据 → 待人工确认,计划单,,0
"0.1,3,4,5-W",待定,,1,1,"嵊州海田/CJE, CJS, GPN, 1-101,新警告标志 邢/VICTOR GPN 1-101生产计划单.doc",低,是,名称里没有可辨认的类型证据 → 待人工确认,计划单,,0
000-3-W,待定,,1,1,"嵊州海田/PFG,PGA, PGS GPN 1-101 宋/VICTOR GPN 生产计划单.doc",低,是,名称里没有可辨认的类型证据 → 待人工确认,计划单,,0
1-1-101 0291,待定,,1,1,正恒公司/584字 朱/584字样的生产计划单-2.doc,低,是,只认到地域「us」，缺乙炔/丙烷 → 待人工确认,计划单,,0
1-101 0# 割嘴,待定,,1,1,ziliao/安宝公司/Weldsolutions不干胶/合同/2022前/出口产品供需合同ab20716(20年10月).xls,低,是,只认到地域「us」，缺乙炔/丙烷 → 待人工确认,合同,,0
1-101 割嘴 5#,待定,,1,1,ziliao/尤耐克/OKILA改不干胶/OKILA订单/LGC22101027-宁波一洲.xls,低,是,只认到地域「us」，缺乙炔/丙烷 → 待人工确认,合同,,0
1-3-GPN,待定,塑壳 蓝盖 不干胶 50只/中盒,1,1,"嵊州海田/CJE, CJS, GPN, 1-101,新警告标志 邢/常规生产计划单.doc",低,是,名称里没有可辨认的类型证据 → 待人工确认,计划单,,0
1-GPP,待定,,1,1,嵊州海田/VICTOR GPP 生产计划单.doc,低,是,名称里没有可辨认的类型证据 → 待人工确认,计划单,,0
1-W-1 80V,待定,,1,1,"嵊州海田/CJY 1-101, GPN/任江南采购单-焊杆.doc",低,是,名称里没有可辨认的类型证据 → 待人工确认,采购单,,0
"1,3,5-W",待定,,1,1,"嵊州海田/NVA 1-101,GPN 6290/VICTOR 生产计划单.doc",低,是,名称里没有可辨认的类型证据 → 待人工确认,计划单,,0
1#-3 GPN 割嘴,待定,,1,1,"ziliao/安宝公司/B.S.A. 6290NX,6290,1-101,GPN/AB23568 出口产品供需合同-一洲(1).xls",低,是,名称里没有可辨认的类型证据 → 待人工确认,合同,,0
"1#,3#,5#",待定,,1,1,"嵊州海田/CWX 1-101,2-W SC12,MC12,HARRIS NX,AC/6290HARRIS生产计划单.doc",低,是,名称里没有可辨认的类型证据 → 待人工确认,计划单,,0
10-GPN,待定,,1,1,"嵊州海田/IAS T15,T20,106HC 加热嘴 宋/VICTOR GPN 生产计划单.doc",低,是,名称里没有可辨认的类型证据 → 待人工确认,计划单,,0
100,待定,,1,1,嵊州海田/EJC02  订单要求(1)/订单/工矿产品购销合同_奉化市维克工具有限公司.doc,低,是,名称里没有可辨认的类型证据 → 待人工确认,其它单据,,0
100CL 105,待定,尼龙袋 白盒,1,1,"嵊州海田/旧订单/俄罗斯100C,PNME/100C割炬生产计划单.doc",低,是,名称里没有可辨认的类型证据 → 待人工确认,计划单,,0
102HC 割嘴 0#,待定,,1,1,ziliao/尤耐克/旧订单/AV-VN2014/LGC91105458-宁波一洲.xls,低,是,名称里没有可辨认的类型证据 → 待人工确认,合同,,0
102HC-1 0300,待定,,1,1,正恒公司/584字 朱/584字样的生产计划单-2.doc,低,是,名称里没有可辨认的类型证据 → 待人工确认,计划单,,0
102HC-2 0301,待定,,1,1,正恒公司/584字 朱/584字样的生产计划单-2.doc,低,是,名称里没有可辨认的类型证据 → 待人工确认,计划单,,0
102HC-3 0302,待定,,1,1,正恒公司/584字 朱/584字样的生产计划单-2.doc,低,是,名称里没有可辨认的类型证据 → 待人工确认,计划单,,0
102HC-5,待定,,1,1,"嵊州海田/SNH ,UMA 1-101,GPN 宋/102HC生产计划单MADE IN JAPAN.doc",低,是,名称里没有可辨认的类型证据 → 待人工确认,计划单,,0
102HC-6,待定,,1,1,"嵊州海田/SNH ,UMA 1-101,GPN 宋/102HC生产计划单MADE IN JAPAN.doc",低,是,名称里没有可辨认的类型证据 → 待人工确认,计划单,,0
106-0,待定,,1,1,正恒公司/279 V ERSAL  小毛/10只装标贴.doc,低,是,名称里没有可辨认的类型证据 → 待人工确认,其它单据,,0
106-1/16 10-75,待定,,1,1,"嵊州海田/MZF,MKY, CHD 滑盖塑壳 WeldRo-I产品 邢/雷梁山106生产计划单.doc",低,是,名称里没有可辨认的类型证据 → 待人工确认,计划单,,0
106-1/32 (3孔),待定,,1,1,"嵊州海田/MZF,MKY, CHD 滑盖塑壳 WeldRo-I产品 邢/WeldRo-I彩盆生产计划单.doc",低,是,名称里没有可辨认的类型证据 → 待人工确认,计划单,,0
106-1/32 3-6,待定,,1,1,"嵊州海田/MZF,MKY, CHD 滑盖塑壳 WeldRo-I产品 邢/雷梁山106生产计划单.doc",低,是,名称里没有可辨认的类型证据 → 待人工确认,计划单,,0
106-1/64 3-6,待定,尼龙袋 印WeldRo字滑盖塑壳 不干胶 10只/中盒 要求右边的 要求左边的,1,1,"嵊州海田/MZF,MKY, CHD 滑盖塑壳 WeldRo-I产品 邢/雷梁山106生产计划单.doc",低,是,名称里没有可辨认的类型证据 → 待人工确认,计划单,,0
106-3/64 5-12,待定,,1,1,"嵊州海田/MZF,MKY, CHD 滑盖塑壳 WeldRo-I产品 邢/雷梁山106生产计划单.doc",低,是,名称里没有可辨认的类型证据 → 待人工确认,计划单,,0
106-6,待定,,1,1,正恒公司/279 V ERSAL  小毛/生产计划单-2.doc,低,是,名称里没有可辨认的类型证据 → 待人工确认,计划单,,0
106D7-0,待定,,1,1,正恒公司/004字订单 项高健/192010040917-2计划单白盒.doc,低,是,名称里没有可辨认的类型证据 → 待人工确认,计划单,,0
106D7-000,待定,,1,1,"正恒公司/665字,有106D7,项高健/106D7镀铬,塑壳,生产计划单.doc",低,是,名称里没有可辨认的类型证据 → 待人工确认,计划单,,0
106D7割嘴1#,待定,,1,1,ziliao/尤耐克/ROTHWELD/106D7 ROTHWELD/LGC20105016-宁波一洲.xls,低,是,名称里没有可辨认的类型证据 → 待人工确认,合同,,0
106HC   0#,待定,,1,1,"ziliao/安宝公司/AB24145 102HC,106HC/订单/出口产品供需合同 AB20416 （一洲).xls",低,是,名称里没有可辨认的类型证据 → 待人工确认,合同,,0
106HC   00#,待定,,1,1,"ziliao/安宝公司/AB24145 102HC,106HC/订单/出口产品供需合同 AB20416 （一洲).xls",低,是,名称里没有可辨认的类型证据 → 待人工确认,合同,,0
106HC   1#,待定,,1,1,"ziliao/安宝公司/AB24145 102HC,106HC/订单/出口产品供需合同 AB20416 （一洲).xls",低,是,名称里没有可辨认的类型证据 → 待人工确认,合同,,0
106HC   2#,待定,,1,1,"ziliao/安宝公司/AB24145 102HC,106HC/订单/出口产品供需合同 AB20416 （一洲).xls",低,是,名称里没有可辨认的类型证据 → 待人工确认,合同,,0
106HC   3#,待定,,1,1,"ziliao/安宝公司/AB24145 102HC,106HC/订单/出口产品供需合同 AB20416 （一洲).xls",低,是,名称里没有可辨认的类型证据 → 待人工确认,合同,,0
106HC   4#,待定,,1,1,"ziliao/安宝公司/AB24145 102HC,106HC/订单/出口产品供需合同 AB20416 （一洲).xls",低,是,名称里没有可辨认的类型证据 → 待人工确认,合同,,0
106HC   5#,待定,,1,1,"ziliao/安宝公司/AB24145 102HC,106HC/订单/出口产品供需合同 AB20416 （一洲).xls",低,是,名称里没有可辨认的类型证据 → 待人工确认,合同,,0
106HC  10# 4.0mm  79g,待定,,1,1,"ziliao/安宝公司/AB24145 102HC,106HC/订单/出口产品供需合同 AB20416 （一洲).xls",低,是,名称里没有可辨认的类型证据 → 待人工确认,合同,,0
106HC  6# 4.0mm  79g,待定,,1,1,"ziliao/安宝公司/AB24145 102HC,106HC/订单/出口产品供需合同 AB20416 （一洲).xls",低,是,名称里没有可辨认的类型证据 → 待人工确认,合同,,0
106HC  7# 3.2mm  79g,待定,,1,1,"ziliao/安宝公司/AB24145 102HC,106HC/订单/出口产品供需合同 ab20531（一洲).xls",低,是,名称里没有可辨认的类型证据 → 待人工确认,合同,,0
106HC-1 ZBT0297,待定,"塑壳 乙炔红盖 丙烷黑盖 商标不干胶, 客户编号 50只/中盒 中盒上也贴商标不干胶",1,1,正恒公司/584字 朱/584字样的生产计划单-2.doc,低,是,名称里没有可辨认的类型证据 → 待人工确认,计划单,,0
106HC-3 0299,待定,,1,1,正恒公司/584字 朱/584字样的生产计划单-2.doc,低,是,名称里没有可辨认的类型证据 → 待人工确认,计划单,,0
106HC-6 3.2,待定,,1,1,"嵊州海田/伊朗106HC,GPN贴不干胶/106HC生产计划单MADE IN JAPAN.doc",低,是,名称里没有可辨认的类型证据 → 待人工确认,计划单,,0
106HC-6直通,待定,,1,1,"嵊州海田/IAS T15,T20,106HC 加热嘴 宋/VICTOR GPN 生产计划单.doc",低,是,名称里没有可辨认的类型证据 → 待人工确认,计划单,,0
106HC-7,待定,,1,1,"嵊州海田/HOVU-HCM-VN,      A.C.L/ACL生产计划单-2.doc",低,是,名称里没有可辨认的类型证据 → 待人工确认,计划单,,0
106HC-7 3.6,待定,,1,1,"嵊州海田/伊朗106HC,GPN贴不干胶/106HC生产计划单MADE IN JAPAN.doc",低,是,名称里没有可辨认的类型证据 → 待人工确认,计划单,,0
106HC-7直通,待定,,1,1,"嵊州海田/IAS T15,T20,106HC 加热嘴 宋/VICTOR GPN 生产计划单.doc",低,是,名称里没有可辨认的类型证据 → 待人工确认,计划单,,0
106HC-8,待定,,1,1,"嵊州海田/HOVU-HCM-VN,      A.C.L/ACL生产计划单-2.doc",低,是,名称里没有可辨认的类型证据 → 待人工确认,计划单,,0
106HC-8 4.0,待定,,1,1,"嵊州海田/伊朗106HC,GPN贴不干胶/106HC生产计划单MADE IN JAPAN.doc",低,是,名称里没有可辨认的类型证据 → 待人工确认,计划单,,0
106HC-8直通,待定,,1,1,"嵊州海田/IAS T15,T20,106HC 加热嘴 宋/VICTOR GPN 生产计划单.doc",低,是,名称里没有可辨认的类型证据 → 待人工确认,计划单,,0
1502割嘴#4,待定,,1,1,"ziliao/安宝公司/Technical Welding 1502,1503/订单/AB21790 出口产品供需合同-奉化一洲.xls",低,是,名称里没有可辨认的类型证据 → 待人工确认,合同,,0
1502割嘴#6,待定,,1,1,"ziliao/安宝公司/Technical Welding 1502,1503/订单/AB21790 出口产品供需合同-奉化一洲.xls",低,是,名称里没有可辨认的类型证据 → 待人工确认,合同,,0
1503 cutting nozzles #4镀铬,待定,,1,1,"ziliao/安宝公司/AIBO weld 1503,PNME/AB21700 出口产品供需合同-奉化一洲(1).xls",低,是,名称里没有可辨认的类型证据 → 待人工确认,合同,,0
1503 cutting nozzles #6镀铬,待定,,1,1,"ziliao/安宝公司/AIBO weld 1503,PNME/AB21700 出口产品供需合同-奉化一洲(1).xls",低,是,名称里没有可辨认的类型证据 → 待人工确认,合同,,0
1503 cutting nozzles #8镀铬,待定,,1,1,"ziliao/安宝公司/AIBO weld 1503,PNME/AB21700 出口产品供需合同-奉化一洲(1).xls",低,是,名称里没有可辨认的类型证据 → 待人工确认,合同,,0
1503 Cutting nozzles 10#,待定,,1,1,"ziliao/安宝公司/AIBO weld 1503,PNME/AB22101 出口产品供需合同-奉化一洲.xls",低,是,名称里没有可辨认的类型证据 → 待人工确认,合同,,0
1503 Cutting nozzles 4#,待定,,1,1,"ziliao/安宝公司/AIBO weld 1503,PNME/AB22101 出口产品供需合同-奉化一洲.xls",低,是,名称里没有可辨认的类型证据 → 待人工确认,合同,,0
1503 Cutting nozzles 6#,待定,,1,1,"ziliao/安宝公司/AIBO weld 1503,PNME/AB22101 出口产品供需合同-奉化一洲.xls",低,是,名称里没有可辨认的类型证据 → 待人工确认,合同,,0
1503 Cutting nozzles 8#,待定,,1,1,"ziliao/安宝公司/AIBO weld 1503,PNME/AB22101 出口产品供需合同-奉化一洲.xls",低,是,名称里没有可辨认的类型证据 → 待人工确认,合同,,0
1503-4,待定,塑壳 黑盖 商标 不干胶 10只/中盒,1,1,嵊州海田/RYD 1503 宋/常规生产计划单.doc,低,是,名称里没有可辨认的类型证据 → 待人工确认,计划单,,0
1503-6,待定,,1,1,嵊州海田/RYD 1503 宋/常规生产计划单.doc,低,是,名称里没有可辨认的类型证据 → 待人工确认,计划单,,0
1503/1534 割嘴 12#,待定,,1,1,ziliao/尤耐克/GRANSOLDA(1502.1503)/合同/LGC21201440-宁波一洲.xlsx,低,是,名称里没有可辨认的类型证据 → 待人工确认,合同,,0
1503/1534 割嘴 2#,待定,,1,1,ziliao/尤耐克/GRANSOLDA(1502.1503)/合同/LGC10401163-宁波一洲.xlsx,低,是,名称里没有可辨认的类型证据 → 待人工确认,合同,,0
1503/1534 割嘴 4#,待定,,1,1,"ziliao/尤耐克/FERROLAN1502,1503/订单/LGC10807289-宁波一洲.xlsx",低,是,名称里没有可辨认的类型证据 → 待人工确认,合同,,0
"1503丙烷割嘴 #4
包装：塑料盒+型号不干胶",待定,包装和刻字：常规中性就行（发乌拉圭）,1,1,ziliao/安宝公司/有焊嘴订单/订单/AB22879 出口产品供需合同-奉化一洲(1).xls,低,是,只认到气体「propane」，缺英式/美式 → 待人工确认,合同,,0
"1503丙烷割嘴 #6
包装：塑料盒+型号不干胶",待定,,1,1,ziliao/安宝公司/有焊嘴订单/订单/AB22879 出口产品供需合同-奉化一洲(1).xls,低,是,只认到气体「propane」，缺英式/美式 → 待人工确认,合同,,0
"1503丙烷割嘴 #8
包装：塑料盒+型号不干胶",待定,,1,1,ziliao/安宝公司/有焊嘴订单/订单/AB22879 出口产品供需合同-奉化一洲(1).xls,低,是,只认到气体「propane」，缺英式/美式 → 待人工确认,合同,,0
1503割嘴#4,待定,,1,1,"ziliao/安宝公司/Technical Welding 1502,1503/订单/AB21790 出口产品供需合同-奉化一洲.xls",低,是,名称里没有可辨认的类型证据 → 待人工确认,合同,,0
1503割嘴#6,待定,,1,1,"ziliao/安宝公司/Technical Welding 1502,1503/订单/AB21790 出口产品供需合同-奉化一洲.xls",低,是,名称里没有可辨认的类型证据 → 待人工确认,合同,,0
1503割嘴#8,待定,,1,1,"ziliao/安宝公司/Technical Welding 1502,1503/订单/AB21790 出口产品供需合同-奉化一洲.xls",低,是,名称里没有可辨认的类型证据 → 待人工确认,合同,,0
164 割嘴 2#,待定,,1,1,"ziliao/尤耐克/275 叶, 倪 363/363  倪/UW240720292宁波一洲(1).xlsx",低,是,名称里没有可辨认的类型证据 → 待人工确认,合同,,0
164-4,待定,,1,1,嵊州海田/AIR IMETAN Ricardo/AIR IMETAN生产计划单-3.doc,低,是,名称里没有可辨认的类型证据 → 待人工确认,计划单,,0
164-6,待定,,1,1,正恒公司/004字订单 项高健/192010040917-2计划单白盒 - 3.doc,低,是,名称里没有可辨认的类型证据 → 待人工确认,计划单,,0
164-7,待定,,1,1,正恒公司/004字订单 项高健/192010040917-2计划单白盒 - 3.doc,低,是,名称里没有可辨认的类型证据 → 待人工确认,计划单,,0
2-1-118,待定,,1,1,嵊州海田/AMZ  1-101 JZWELD牌子/邬贤炳1-118 采购单.doc,低,是,名称里没有可辨认的类型证据 → 待人工确认,采购单,,0
2-MFA-J,待定,,1,1,嵊州海田/AMZ  1-101 JZWELD牌子/任江南采购单-MFA-J.doc,低,是,名称里没有可辨认的类型证据 → 待人工确认,采购单,,0
2-W-1 80V,待定,,1,1,"嵊州海田/CJY 1-101, GPN/任江南采购单-焊杆.doc",低,是,名称里没有可辨认的类型证据 → 待人工确认,采购单,,0
2-W-J,待定,,1,1,"嵊州海田/AMZ  1-101 JZWELD牌子/任江南采购单 W, W-1, W-J.doc",低,是,名称里没有可辨认的类型证据 → 待人工确认,采购单,,0
"2,750.00",待定,,1,1,嵊州海田/EJC02  订单要求(1)/订单/工矿产品购销合同_奉化市维克工具有限公司.doc,低,是,名称里没有可辨认的类型证据 → 待人工确认,其它单据,,0
2# 1-101 割嘴,待定,,1,1,"ziliao/安宝公司/B.S.A. 6290NX,6290,1-101,GPN/AB22854 出口产品供需合同-一洲.xls",低,是,只认到地域「us」，缺乙炔/丙烷 → 待人工确认,合同,,0
2#-3 GPN 割嘴,待定,,1,1,"ziliao/安宝公司/B.S.A. 6290NX,6290,1-101,GPN/AB23568 出口产品供需合同-一洲(1).xls",低,是,名称里没有可辨认的类型证据 → 待人工确认,合同,,0
20.0,待定,,1,1,嵊州海田/EJC02  订单要求(1)/订单/工矿产品购销合同_奉化市维克工具有限公司.doc,低,是,名称里没有可辨认的类型证据 → 待人工确认,其它单据,,0
229-0(PNME),待定,"长壳 229,GPN蓝盖, 164,1-101红盖",1,1,嵊州海田/AIR IMETAN Ricardo/AIR IMETAN生产计划单-3.doc,低,是,只认到地域「uk」，缺乙炔/丙烷 → 待人工确认,计划单,,0
229-1,待定,,1,1,"嵊州海田/ECG 订单/1-101,GPN,NX, 229 生产计划单.doc",低,是,名称里没有可辨认的类型证据 → 待人工确认,计划单,,0
229-1 (PNME),待定,,1,1,嵊州海田/AIR IMETAN Ricardo/AIR IMETAN生产计划单-2 (2).doc,低,是,只认到地域「uk」，缺乙炔/丙烷 → 待人工确认,计划单,,0
229-1老款式,待定,,1,1,"嵊州海田/ECG C.E.O.A GPN  AGA NX 1-W/1-101,GPN,NX, 229 生产计划单.doc",低,是,名称里没有可辨认的类型证据 → 待人工确认,计划单,,0
2290-3H,待定,,1,1,"嵊州海田/CDX GPN-10直通, HARRIS 6290NX, 229-5H 邢/HARRIS NX 生产计划单.doc",低,是,名称里没有可辨认的类型证据 → 待人工确认,计划单,,0
2290-4H,待定,,1,1,"嵊州海田/CDX GPN-10直通, HARRIS 6290NX, 229-5H 邢/HARRIS NX 生产计划单.doc",低,是,名称里没有可辨认的类型证据 → 待人工确认,计划单,,0
2290-5H,待定,,1,1,"嵊州海田/CDX GPN-10直通, HARRIS 6290NX, 229-5H 邢/HARRIS NX 生产计划单.doc",低,是,名称里没有可辨认的类型证据 → 待人工确认,计划单,,0
"2W-1503丙烷割嘴 #10 刻字：中性
不电镀
包装：塑料盒贴型号如右图",待定,,1,1,ziliao/安宝公司/EAGLEE CAJA 巴拉圭1503/AB22946 出口产品供需合同-奉化一洲(1).xls,低,是,只认到气体「propane」，缺英式/美式 → 待人工确认,合同,,0
"2W-1503丙烷割嘴 #12 刻字：中性
不电镀
包装：塑料盒贴型号如右图",待定,,1,1,ziliao/安宝公司/EAGLEE CAJA 巴拉圭1503/AB22946 出口产品供需合同-奉化一洲(1).xls,低,是,只认到气体「propane」，缺英式/美式 → 待人工确认,合同,,0
"2W-1503丙烷割嘴 #2  刻字：中性
不电镀
包装：塑料盒贴型号如右图",待定,,1,1,ziliao/安宝公司/EAGLEE CAJA 巴拉圭1503/AB22946 出口产品供需合同-奉化一洲(1).xls,低,是,只认到气体「propane」，缺英式/美式 → 待人工确认,合同,,0
"2W-1503丙烷割嘴 #4  刻字：中性
不电镀
包装：塑料盒贴型号如右图",待定,,1,1,ziliao/安宝公司/EAGLEE CAJA 巴拉圭1503/AB22946 出口产品供需合同-奉化一洲(1).xls,低,是,只认到气体「propane」，缺英式/美式 → 待人工确认,合同,,0
"2W-1503丙烷割嘴 #6  刻字：中性
不电镀
包装：塑料盒贴型号如右图",待定,,1,1,ziliao/安宝公司/EAGLEE CAJA 巴拉圭1503/AB22946 出口产品供需合同-奉化一洲(1).xls,低,是,只认到气体「propane」，缺英式/美式 → 待人工确认,合同,,0
"2W-1503丙烷割嘴 #8  刻字：中性
不电镀
包装：塑料盒贴型号如右图",待定,,1,1,ziliao/安宝公司/EAGLEE CAJA 巴拉圭1503/AB22946 出口产品供需合同-奉化一洲(1).xls,低,是,只认到气体「propane」，缺英式/美式 → 待人工确认,合同,,0
2W-GPN丙烷割嘴 GPN 1#,待定,包装和刻字：常规中性就行（发乌拉圭）,1,1,ziliao/安宝公司/有焊嘴订单/订单/AB22879 出口产品供需合同-奉化一洲(1).xls,低,是,只认到气体「propane」，缺英式/美式 → 待人工确认,合同,,0
2W-GPN丙烷割嘴 GPN 2#,待定,,1,1,ziliao/安宝公司/有焊嘴订单/订单/AB22879 出口产品供需合同-奉化一洲(1).xls,低,是,只认到气体「propane」，缺英式/美式 → 待人工确认,合同,,0
2W-GPN丙烷割嘴 GPN 3#,待定,,1,1,ziliao/安宝公司/有焊嘴订单/订单/AB22879 出口产品供需合同-奉化一洲(1).xls,低,是,只认到气体「propane」，缺英式/美式 → 待人工确认,合同,,0
2W-GPN丙烷割嘴 GPN 4#,待定,,1,1,ziliao/安宝公司/有焊嘴订单/订单/AB22879 出口产品供需合同-奉化一洲(1).xls,低,是,只认到气体「propane」，缺英式/美式 → 待人工确认,合同,,0
2W-PNME 1/16 10-75MM,待定,,1,1,"ziliao/安宝公司/AIBO weld 1503,PNME/AB21700 出口产品供需合同-奉化一洲(1).xls",低,是,只认到地域「uk」，缺乙炔/丙烷 → 待人工确认,合同,,0
2W-PNME 1/32 3-6MM,待定,,1,1,"ziliao/安宝公司/AIBO weld 1503,PNME/AB21700 出口产品供需合同-奉化一洲(1).xls",低,是,只认到地域「uk」，缺乙炔/丙烷 → 待人工确认,合同,,0
2W-PNME 3/64 5-12MM,待定,,1,1,"ziliao/安宝公司/AIBO weld 1503,PNME/AB21700 出口产品供需合同-奉化一洲(1).xls",低,是,只认到地域「uk」，缺乙炔/丙烷 → 待人工确认,合同,,0
2W-X11N 丙烷割嘴 G11 1#,待定,包装：按返单AB22104生产和包装,1,1,ziliao/安宝公司/有焊嘴订单/订单/AB22879 出口产品供需合同-奉化一洲(1).xls,低,是,只认到气体「propane」，缺英式/美式 → 待人工确认,合同,,0
"2W-X11N 丙烷割嘴 G11 1#

包装+刻字：常规中性",待定,包装：按返单AB25938生产和包装,1,1,ziliao/安宝公司/有焊嘴订单/订单/2026/AB26539.xls,低,是,只认到气体「propane」，缺英式/美式 → 待人工确认,合同,,0
2W-X11N 丙烷割嘴 G11 3#,待定,,1,1,ziliao/安宝公司/有焊嘴订单/订单/AB22879 出口产品供需合同-奉化一洲(1).xls,低,是,只认到气体「propane」，缺英式/美式 → 待人工确认,合同,,0
2WG1-P 割嘴 G1-P 10/10,待定,包装和刻字：常规中性就行（发乌拉圭）,1,1,ziliao/安宝公司/有焊嘴订单/订单/AB22879 出口产品供需合同-奉化一洲(1).xls,低,是,名称里没有可辨认的类型证据 → 待人工确认,合同,,0
2WG1-P 割嘴 G1-P 12/10,待定,,1,1,ziliao/安宝公司/有焊嘴订单/订单/AB22879 出口产品供需合同-奉化一洲(1).xls,低,是,名称里没有可辨认的类型证据 → 待人工确认,合同,,0
2WG1-P 割嘴 G1-P 16/10,待定,,1,1,ziliao/安宝公司/有焊嘴订单/订单/AB22879 出口产品供需合同-奉化一洲(1).xls,低,是,名称里没有可辨认的类型证据 → 待人工确认,合同,,0
2WG1-P 割嘴 G1-P 20/10,待定,,1,1,ziliao/安宝公司/有焊嘴订单/订单/AB22879 出口产品供需合同-奉化一洲(1).xls,低,是,名称里没有可辨认的类型证据 → 待人工确认,合同,,0
3-1-101 0293,待定,,1,1,正恒公司/584字 朱/584字样的生产计划单-2.doc,低,是,只认到地域「us」，缺乙炔/丙烷 → 待人工确认,计划单,,0
3-101 割嘴 4#,待定,,1,1,ziliao/尤耐克/SUA/SUA订单/UW241002467宁波一洲(1).xlsx,低,是,只认到地域「us」，缺乙炔/丙烷 → 待人工确认,合同,,0
3-118   割嘴 2#,待定,,1,1,"ziliao/安宝公司/VICTOR-GPN, 1-101,6290AC/AB22220  1-118.xls",低,是,名称里没有可辨认的类型证据 → 待人工确认,合同,,0
3-3-GPN,待定,,1,1,"嵊州海田/CJE, CJS, GPN, 1-101,新警告标志 邢/常规生产计划单.doc",低,是,名称里没有可辨认的类型证据 → 待人工确认,计划单,,0
3-W-J,待定,,1,1,"嵊州海田/AMZ  1-101 JZWELD牌子/任江南采购单 W, W-1, W-J.doc",低,是,名称里没有可辨认的类型证据 → 待人工确认,采购单,,0
3# 1-101 割嘴,待定,,1,1,"ziliao/安宝公司/B.S.A. 6290NX,6290,1-101,GPN/AB22854 出口产品供需合同-一洲.xls",低,是,只认到地域「us」，缺乙炔/丙烷 → 待人工确认,合同,,0
363割嘴1#,待定,,1,1,"ziliao/尤耐克/275 叶, 倪 363/363  倪/UW260120044宁波一洲.xlsx",低,是,名称里没有可辨认的类型证据 → 待人工确认,合同,,0
363割嘴2#,待定,,1,1,"ziliao/尤耐克/275 叶, 倪 363/363  倪/UW260120044宁波一洲.xlsx",低,是,名称里没有可辨认的类型证据 → 待人工确认,合同,,0
363割嘴3#,待定,,1,1,"ziliao/尤耐克/275 叶, 倪 363/363  倪/UW260120044宁波一洲.xlsx",低,是,名称里没有可辨认的类型证据 → 待人工确认,合同,,0
363割嘴4#,待定,,1,1,"ziliao/尤耐克/275 叶, 倪 363/363  倪/UW260120044宁波一洲.xlsx",低,是,名称里没有可辨认的类型证据 → 待人工确认,合同,,0
363割嘴5#,待定,,1,1,"ziliao/尤耐克/275 叶, 倪 363/363  倪/UW260120044宁波一洲.xlsx",低,是,名称里没有可辨认的类型证据 → 待人工确认,合同,,0
363割嘴6#,待定,,1,1,"ziliao/尤耐克/275 叶, 倪 363/363  倪/UW260120044宁波一洲.xlsx",低,是,名称里没有可辨认的类型证据 → 待人工确认,合同,,0
4-1-118,待定,,1,1,嵊州海田/AMZ  1-101 JZWELD牌子/邬贤炳1-118 采购单.doc,低,是,名称里没有可辨认的类型证据 → 待人工确认,采购单,,0
4-3-GPN,待定,,1,1,"嵊州海田/CJE, CJS, GPN, 1-101,新警告标志 邢/常规生产计划单.doc",低,是,名称里没有可辨认的类型证据 → 待人工确认,计划单,,0
4-MFA-1,待定,,1,1,嵊州海田/AMZ  1-101 JZWELD牌子/任江南采购单-MFA-1.doc,低,是,名称里没有可辨认的类型证据 → 待人工确认,采购单,,0
4-MFA-J,待定,,1,1,嵊州海田/AMZ  1-101 JZWELD牌子/任江南采购单-MFA-J.doc,低,是,名称里没有可辨认的类型证据 → 待人工确认,采购单,,0
4-MFN-1,待定,,1,1,嵊州海田/AMZ  1-101 JZWELD牌子/任江南采购单-MFN-1.doc,低,是,名称里没有可辨认的类型证据 → 待人工确认,采购单,,0
41-12,待定,,1,1,嵊州海田/CDY 41 邢/常规生产计划单.doc,低,是,名称里没有可辨认的类型证据 → 待人工确认,计划单,,0
41-15,待定,,1,1,嵊州海田/CDY 41 邢/常规生产计划单.doc,低,是,名称里没有可辨认的类型证据 → 待人工确认,计划单,,0
41-20,待定,,1,1,嵊州海田/CDY 41 邢/常规生产计划单.doc,低,是,名称里没有可辨认的类型证据 → 待人工确认,计划单,,0
41-32,待定,,1,1,嵊州海田/CDY 41 邢/常规生产计划单.doc,低,是,名称里没有可辨认的类型证据 → 待人工确认,计划单,,0
41-8,待定,长塑壳 红盖 不干胶 10只/中盒,1,1,嵊州海田/CDY 41 邢/常规生产计划单.doc,低,是,名称里没有可辨认的类型证据 → 待人工确认,计划单,,0
4202-7,待定,,1,1,嵊州海田/AMZ  1-101 JZWELD牌子/邬贤炳1-118 采购单.doc,低,是,名称里没有可辨认的类型证据 → 待人工确认,采购单,,0
44 割嘴 12#,待定,,1,1,ziliao/尤耐克/DAIDEN 叶/DAIDEN订单/2025前/UW251001544宁波一洲.xlsx,低,是,名称里没有可辨认的类型证据 → 待人工确认,合同,,0
44 割嘴 15#,待定,,1,1,ziliao/尤耐克/DAIDEN 叶/DAIDEN订单/2025前/LGC240901394宁波一洲.xlsx,低,是,名称里没有可辨认的类型证据 → 待人工确认,合同,,0
44 割嘴 8#,待定,,1,1,ziliao/尤耐克/DAIDEN 叶/DAIDEN订单/2026/UW260201057宁波一洲.xlsx,低,是,名称里没有可辨认的类型证据 → 待人工确认,合同,,0
4712A 10-25 1.2,待定,"G1-A,G1-P 圆塑壳 透明盖 商标 不干胶 10只/中盒 102-3,261-1 尼龙袋 白盒 2张不干胶 10只/中盒 具体见付件-2",1,1,"嵊州海田/GEG GLOOR ANME PNME G1-A, G1-P/海田GLOOR/GLOOR(102,106)白盒包装生产计划单.doc",低,是,名称里没有可辨认的类型证据 → 待人工确认,计划单,,0
4712A 10-25 102-1 1.2,待定,"G1-A,G1-P 圆塑壳 透明盖 商标 不干胶 10只/中盒 102-3,261-1 尼龙袋 白盒 2张不干胶 10只/中盒 具体见付件-2",1,1,"嵊州海田/GEG GLOOR ANME PNME G1-A, G1-P/海田GLOOR/GLOOR(102,106)生产计划单.doc",低,是,名称里没有可辨认的类型证据 → 待人工确认,计划单,,0
4712A 5-10 102-0 0.8,待定,,1,1,"嵊州海田/GEG GLOOR ANME PNME G1-A, G1-P/GLOOR生产计划单.doc",低,是,名称里没有可辨认的类型证据 → 待人工确认,计划单,,0
4713A 25-50 1.6,待定,,1,1,"嵊州海田/GEG GLOOR ANME PNME G1-A, G1-P/海田GLOOR/GLOOR(102,106)白盒包装生产计划单.doc",低,是,名称里没有可辨认的类型证据 → 待人工确认,计划单,,0
4713A 25-50 102-2 1.6,待定,,1,1,"嵊州海田/GEG GLOOR ANME PNME G1-A, G1-P/海田GLOOR/GLOOR(102,106)生产计划单.doc",低,是,名称里没有可辨认的类型证据 → 待人工确认,计划单,,0
4714A 50-100 102-3 2.0,待定,,1,1,"嵊州海田/GEG GLOOR ANME PNME G1-A, G1-P/海田GLOOR/GLOOR(102,106)生产计划单.doc",低,是,名称里没有可辨认的类型证据 → 待人工确认,计划单,,0
4714A 50-100 2.0,待定,,1,1,"嵊州海田/GEG GLOOR ANME PNME G1-A, G1-P/海田GLOOR/GLOOR(102,106)白盒包装生产计划单.doc",低,是,名称里没有可辨认的类型证据 → 待人工确认,计划单,,0
4715A 100-150 102- 2.4,待定,,1,1,"嵊州海田/GEG GLOOR ANME PNME G1-A, G1-P/海田GLOOR/GLOOR(102,106)白盒包装生产计划单.doc",低,是,名称里没有可辨认的类型证据 → 待人工确认,计划单,,0
4715A 100-150 102-6 2.4,待定,,1,1,"嵊州海田/GEG GLOOR ANME PNME G1-A, G1-P/海田GLOOR/GLOOR(102,106)生产计划单.doc",低,是,名称里没有可辨认的类型证据 → 待人工确认,计划单,,0
4716A 150-200 102 2.8,待定,,1,1,"嵊州海田/GEG GLOOR ANME PNME G1-A, G1-P/海田GLOOR/GLOOR(102,106)白盒包装生产计划单.doc",低,是,名称里没有可辨认的类型证据 → 待人工确认,计划单,,0
4731P 5-10 106-0 0.8,待定,,1,1,"嵊州海田/GEG GLOOR ANME PNME G1-A, G1-P/GLOOR生产计划单.doc",低,是,名称里没有可辨认的类型证据 → 待人工确认,计划单,,0
4732P 10-25 106 1.2,待定,,1,1,"嵊州海田/GEG GLOOR ANME PNME G1-A, G1-P/海田GLOOR/GLOOR(102,106)白盒包装生产计划单.doc",低,是,名称里没有可辨认的类型证据 → 待人工确认,计划单,,0
4733P 25-50 106 1.6,待定,,1,1,"嵊州海田/GEG GLOOR ANME PNME G1-A, G1-P/海田GLOOR/GLOOR(102,106)白盒包装生产计划单.doc",低,是,名称里没有可辨认的类型证据 → 待人工确认,计划单,,0
4734P 50-100 106 2.0,待定,,1,1,"嵊州海田/GEG GLOOR ANME PNME G1-A, G1-P/海田GLOOR/GLOOR(102,106)白盒包装生产计划单.doc",低,是,名称里没有可辨认的类型证据 → 待人工确认,计划单,,0
4735P 100-150 106 2.4,待定,,1,1,"嵊州海田/GEG GLOOR ANME PNME G1-A, G1-P/海田GLOOR/GLOOR(102,106)白盒包装生产计划单.doc",低,是,名称里没有可辨认的类型证据 → 待人工确认,计划单,,0
4735P 100-150 106-6 2.4,待定,,1,1,"嵊州海田/GEG GLOOR ANME PNME G1-A, G1-P/海田GLOOR/GLOOR(102,106)生产计划单.doc",低,是,名称里没有可辨认的类型证据 → 待人工确认,计划单,,0
4736P 150-200 106 2.8,待定,,1,1,"嵊州海田/GEG GLOOR ANME PNME G1-A, G1-P/海田GLOOR/GLOOR(102,106)白盒包装生产计划单.doc",低,是,名称里没有可辨认的类型证据 → 待人工确认,计划单,,0
4736P 150-200 106-7 2.8,待定,,1,1,"嵊州海田/GEG GLOOR ANME PNME G1-A, G1-P/海田GLOOR/GLOOR(102,106)生产计划单.doc",低,是,名称里没有可辨认的类型证据 → 待人工确认,计划单,,0
4737P 200-300 106 3.2,待定,,1,1,"嵊州海田/GEG GLOOR ANME PNME G1-A, G1-P/海田GLOOR/GLOOR(102,106)白盒包装生产计划单.doc",低,是,名称里没有可辨认的类型证据 → 待人工确认,计划单,,0
4737P 200-300 106-8 3.2,待定,,1,1,"嵊州海田/GEG GLOOR ANME PNME G1-A, G1-P/海田GLOOR/GLOOR(102,106)生产计划单.doc",低,是,名称里没有可辨认的类型证据 → 待人工确认,计划单,,0
5-3-GPN,待定,,1,1,"嵊州海田/CJE, CJS, GPN, 1-101,新警告标志 邢/常规生产计划单.doc",低,是,名称里没有可辨认的类型证据 → 待人工确认,计划单,,0
6-1-118,待定,,1,1,嵊州海田/AMZ  1-101 JZWELD牌子/邬贤炳1-118 采购单.doc,低,是,名称里没有可辨认的类型证据 → 待人工确认,采购单,,0
6-MFA-1,待定,,1,1,嵊州海田/AMZ  1-101 JZWELD牌子/任江南采购单-MFA-1.doc,低,是,名称里没有可辨认的类型证据 → 待人工确认,采购单,,0
6-MFA-J,待定,,1,1,嵊州海田/AMZ  1-101 JZWELD牌子/任江南采购单-MFA-J.doc,低,是,名称里没有可辨认的类型证据 → 待人工确认,采购单,,0
6-MFN,待定,,1,1,"嵊州海田/AMZ  1-101 JZWELD牌子/任江南采购单,MFN MFA.doc",低,是,名称里没有可辨认的类型证据 → 待人工确认,采购单,,0
6-MFN-1,待定,,1,1,嵊州海田/AMZ  1-101 JZWELD牌子/任江南采购单-MFN-1.doc,低,是,名称里没有可辨认的类型证据 → 待人工确认,采购单,,0
6290 割嘴 2#,待定,,1,1,ziliao/尤耐克/SUA/SUA订单/UW241002467宁波一洲(1).xlsx,低,是,只认到地域「us」，缺乙炔/丙烷 → 待人工确认,合同,,0
6290 割嘴 4#,待定,,1,1,ziliao/尤耐克/IRON S.R.L 双三角/LGC10908356-宁波一洲 - 1.xls,低,是,只认到地域「us」，缺乙炔/丙烷 → 待人工确认,合同,,0
6290 乙炔 2#  塑料盒,us_acetylene,,1,1,ziliao/安宝公司/旧订单资料/GICOWELD/合同/AB211007 出口产品供需合同-奉化一洲.xls,低,否,气体（acetylene）+ 地域（us）均为字面证据,合同,,0
6290 NX 2# 仿包装,待定,,1,1,ziliao/安宝公司/旧订单资料/GICOWELD/合同/AB211007 出口产品供需合同-奉化一洲.xls,低,是,只认到地域「us」，缺乙炔/丙烷 → 待人工确认,合同,,0
6290-0 0137,待定,,1,1,正恒公司/584字 朱/584字样的生产计划单-1.doc,低,是,只认到地域「us」，缺乙炔/丙烷 → 待人工确认,计划单,,0
6290-00,待定,,1,1,正恒公司/760 6290 张裕宁/常规生产计划单.doc,低,是,只认到地域「us」，缺乙炔/丙烷 → 待人工确认,计划单,,0
6290-00 0256,待定,,1,1,正恒公司/584字 朱/584字样的生产计划单-1.doc,低,是,只认到地域「us」，缺乙炔/丙烷 → 待人工确认,计划单,,0
6290-000,待定,塑壳 乙炔红盖 6290NX蓝盖 商标不干胶 50只/中盒,1,1,正恒公司/760 6290 张裕宁/常规生产计划单.doc,低,是,只认到地域「us」，缺乙炔/丙烷 → 待人工确认,计划单,,0
6290-00AC,待定,,1,1,正恒公司/279 V ERSAL  小毛/生产计划单-2.doc,低,是,只认到地域「us」，缺乙炔/丙烷 → 待人工确认,计划单,,0
6290-0AC,待定,,1,1,正恒公司/279 V ERSAL  小毛/生产计划单-2.doc,低,是,只认到地域「us」，缺乙炔/丙烷 → 待人工确认,计划单,,0
6290-1 0004,待定,,1,1,正恒公司/584字 朱/584字样的生产计划单-1.doc,低,是,只认到地域「us」，缺乙炔/丙烷 → 待人工确认,计划单,,0
"6290-1,2,3,4",待定,,1,1,"嵊州海田/CWX 1-101,2-W SC12,MC12,HARRIS NX,AC/VICTOR 1-101生产计划单.doc",低,是,只认到地域「us」，缺乙炔/丙烷 → 待人工确认,计划单,,0
6290-2 0005,待定,,1,1,正恒公司/584字 朱/584字样的生产计划单-1.doc,低,是,只认到地域「us」，缺乙炔/丙烷 → 待人工确认,计划单,,0
6290-2 乙炔割嘴,us_acetylene,标贴尺寸：80x16mm 塑料盒盖用红色,1,1,ziliao/安宝公司/Weldsolutions不干胶/合同/2022前/ab22443 出口产品供需合同-奉化一洲.xls,低,否,气体（acetylene）+ 地域（us）均为字面证据,合同,,0
6290-2# 割嘴 乙炔嘴,us_acetylene,,1,1,"ziliao/安宝公司/B.S.A. 6290NX,6290,1-101,GPN/AB22854 出口产品供需合同-一洲.xls",低,否,气体（acetylene）+ 地域（us）均为字面证据,合同,,0
6290-3 0051,待定,,1,1,正恒公司/584字 朱/584字样的生产计划单-1.doc,低,是,只认到地域「us」，缺乙炔/丙烷 → 待人工确认,计划单,,0
6290-3 乙炔割嘴,us_acetylene,,1,1,ziliao/安宝公司/Weldsolutions不干胶/合同/2022前/ab22443 出口产品供需合同-奉化一洲.xls,低,否,气体（acetylene）+ 地域（us）均为字面证据,合同,,0
6290-4 0227,待定,,1,1,正恒公司/584字 朱/584字样的生产计划单-1.doc,低,是,只认到地域「us」，缺乙炔/丙烷 → 待人工确认,计划单,,0
6290-4 乙炔割嘴,us_acetylene,,1,1,ziliao/安宝公司/Weldsolutions不干胶/合同/2022前/ab22443 出口产品供需合同-奉化一洲.xls,低,否,气体（acetylene）+ 地域（us）均为字面证据,合同,,0
6290-4AC,待定,,1,1,正恒公司/279 V ERSAL  小毛/生产计划单-2.doc,低,是,只认到地域「us」，缺乙炔/丙烷 → 待人工确认,计划单,,0
6290-5 0229,待定,,1,1,正恒公司/584字 朱/584字样的生产计划单-1.doc,低,是,只认到地域「us」，缺乙炔/丙烷 → 待人工确认,计划单,,0
6290-5 乙炔割嘴,us_acetylene,,1,1,ziliao/安宝公司/Weldsolutions不干胶/合同/2022前/ab22443 出口产品供需合同-奉化一洲.xls,低,否,气体（acetylene）+ 地域（us）均为字面证据,合同,,0
6290-5AC,待定,,1,1,正恒公司/279 V ERSAL  小毛/生产计划单-2.doc,低,是,只认到地域「us」，缺乙炔/丙烷 → 待人工确认,计划单,,0
6290-6 0230,待定,,1,1,正恒公司/584字 朱/584字样的生产计划单-1.doc,低,是,只认到地域「us」，缺乙炔/丙烷 → 待人工确认,计划单,,0
6290-6 乙炔割嘴,us_acetylene,,1,1,ziliao/安宝公司/Weldsolutions不干胶/合同/2022前/ab22443 出口产品供需合同-奉化一洲.xls,低,否,气体（acetylene）+ 地域（us）均为字面证据,合同,,0
6290-6AC,待定,,1,1,正恒公司/279 V ERSAL  小毛/生产计划单-2.doc,低,是,只认到地域「us」，缺乙炔/丙烷 → 待人工确认,计划单,,0
6290-NX-4 丙烷割嘴 49g,us_propane,标贴尺寸：80x16mm 塑料盒盖用深蓝色,1,1,ziliao/安宝公司/Weldsolutions不干胶/合同/2022前/ab22443 出口产品供需合同-奉化一洲.xls,低,否,气体（propane）+ 地域（us）均为字面证据,合同,,0
6290-NX-5 丙烷割嘴 49g,us_propane,,1,1,ziliao/安宝公司/Weldsolutions不干胶/合同/2022前/ab22443 出口产品供需合同-奉化一洲.xls,低,否,气体（propane）+ 地域（us）均为字面证据,合同,,0
6290-NX-6 丙烷割嘴 49g,us_propane,,1,1,ziliao/安宝公司/Weldsolutions不干胶/合同/2022前/ab22443 出口产品供需合同-奉化一洲.xls,低,否,气体（propane）+ 地域（us）均为字面证据,合同,,0
"6290-NX, 1＃，原装HARRIS包装和刻字",待定,,1,1,嵊州海田/EJC02  订单要求(1)/订单/工矿产品购销合同_奉化市维克工具有限公司.doc,低,是,只认到地域「us」，缺乙炔/丙烷 → 待人工确认,其它单据,,1
6290AC-000,待定,塑壳 乙炔红盖 丙烷黑盖 不干胶 50只/中盒,1,1,正恒公司/746字 袁豪东/常规生产计划单.doc,低,是,名称里没有可辨认的类型证据 → 待人工确认,计划单,,0
6290AC-1,待定,,1,1,正恒公司/279 V ERSAL  小毛/生产计划单-1.doc,低,是,名称里没有可辨认的类型证据 → 待人工确认,计划单,,0
6290AC-2,待定,,1,1,正恒公司/279 V ERSAL  小毛/生产计划单-1.doc,低,是,名称里没有可辨认的类型证据 → 待人工确认,计划单,,0
6290NFF #2  45g,待定,,1,1,"ziliao/安宝公司/AB24145 102HC,106HC/订单/出口产品供需合同 ab20531（一洲).xls",低,是,名称里没有可辨认的类型证据 → 待人工确认,合同,,0
6290NFF #3  45g,待定,,1,1,"ziliao/安宝公司/AB24145 102HC,106HC/订单/出口产品供需合同 ab20531（一洲).xls",低,是,名称里没有可辨认的类型证据 → 待人工确认,合同,,0
6290NFF #4  45g,待定,,1,1,"ziliao/安宝公司/AB24145 102HC,106HC/订单/出口产品供需合同 ab20531（一洲).xls",低,是,名称里没有可辨认的类型证据 → 待人工确认,合同,,0
6290NFF #6  45g,待定,,1,1,"ziliao/安宝公司/AB24145 102HC,106HC/订单/6290NFF,106HC-8 供需合同 ab19512（一洲).xls",低,是,名称里没有可辨认的类型证据 → 待人工确认,合同,,0
"6290NFF 2 #   50克,外套电镀",待定,,1,1,ziliao/安宝公司/有焊嘴订单/订单/ABH21371 (一洲).xls,低,是,名称里没有可辨认的类型证据 → 待人工确认,合同,,0
6290NFF 割嘴 0#,待定,,1,1,ziliao/尤耐克/旧订单/NUSAC/LGC10403056-宁波一洲.xls,低,是,名称里没有可辨认的类型证据 → 待人工确认,合同,,0
6290NFF 割嘴 1#,待定,,1,1,"ziliao/尤耐克/FERROLAN1502,1503/订单/UW260401194宁波一洲(1).xlsx",低,是,名称里没有可辨认的类型证据 → 待人工确认,合同,,0
6290NFF-0,待定,,1,1,"嵊州海田/21IIF03  VICTOR 1-101, GPN,0-7-W,MFA,MFN 宋/6290AC HARRIS生产计划单.doc",低,是,名称里没有可辨认的类型证据 → 待人工确认,计划单,,0
6290NFF-00,待定,,1,1,"嵊州海田/21IIF03  VICTOR 1-101, GPN,0-7-W,MFA,MFN 宋/6290AC HARRIS生产计划单.doc",低,是,名称里没有可辨认的类型证据 → 待人工确认,计划单,,0
6290NFF-1,待定,,1,1,"嵊州海田/21IIF03  VICTOR 1-101, GPN,0-7-W,MFA,MFN 宋/6290AC HARRIS生产计划单.doc",低,是,名称里没有可辨认的类型证据 → 待人工确认,计划单,,0
6290NFF-2,待定,,1,1,"嵊州海田/21IIF03  VICTOR 1-101, GPN,0-7-W,MFA,MFN 宋/6290AC HARRIS生产计划单.doc",低,是,名称里没有可辨认的类型证据 → 待人工确认,计划单,,0
6290NFF-5,待定,,1,1,"嵊州海田/21IIF03  VICTOR 1-101, GPN,0-7-W,MFA,MFN 宋/6290AC HARRIS生产计划单.doc",低,是,名称里没有可辨认的类型证据 → 待人工确认,计划单,,0
6290NFF-6,待定,,1,1,"嵊州海田/21IIF03  VICTOR 1-101, GPN,0-7-W,MFA,MFN 宋/6290AC HARRIS生产计划单.doc",低,是,名称里没有可辨认的类型证据 → 待人工确认,计划单,,0
6290NX 割嘴 000#,待定,,1,1,ziliao/尤耐克/阿庆6290NX/LGC10807321-宁波一洲.xlsx,低,是,名称里没有可辨认的类型证据 → 待人工确认,合同,,0
6290NX 割嘴 5#,待定,,1,1,ziliao/尤耐克/SUA/SUA订单/LGC240302109宁波一洲.xlsx,低,是,名称里没有可辨认的类型证据 → 待人工确认,合同,,0
6290NX 割嘴 6#,待定,,1,1,ziliao/尤耐克/SUA/SUA订单/LGC240302109宁波一洲.xlsx,低,是,名称里没有可辨认的类型证据 → 待人工确认,合同,,0
6290NX-0 0700-1600,待定,塑壳 乙炔红盖 丙烷黑盖 不干胶 10只/中盒,1,1,正恒公司/VST0815小朱/6290NX生产计划单.doc,低,是,名称里没有可辨认的类型证据 → 待人工确认,计划单,,0
6290NX-0 ZBT0138,待定,"塑壳 乙炔红盖 丙烷黑盖, 盖上贴不干胶 商标不干胶, 客户编号 50只/中盒 中盒上也贴商标不干胶 共3张不干胶",1,1,正恒公司/584字 朱/584字样的生产计划单-1.doc,低,是,名称里没有可辨认的类型证据 → 待人工确认,计划单,,0
6290NX-1 0228,待定,,1,1,正恒公司/584字 朱/584字样的生产计划单-1.doc,低,是,名称里没有可辨认的类型证据 → 待人工确认,计划单,,0
6290NX-1 0700-1601,待定,,1,1,正恒公司/VST0815小朱/6290NX生产计划单.doc,低,是,名称里没有可辨认的类型证据 → 待人工确认,计划单,,0
"6290NX-1,2,3,4",待定,,1,1,"嵊州海田/CWX 1-101,2-W SC12,MC12,HARRIS NX,AC/VICTOR 1-101生产计划单.doc",低,是,名称里没有可辨认的类型证据 → 待人工确认,计划单,,0
6290NX-2 0139,待定,,1,1,正恒公司/584字 朱/584字样的生产计划单-1.doc,低,是,名称里没有可辨认的类型证据 → 待人工确认,计划单,,0
6290NX-2 0700-1602,待定,,1,1,正恒公司/VST0815小朱/6290NX生产计划单.doc,低,是,名称里没有可辨认的类型证据 → 待人工确认,计划单,,0
6290NX-3 0052,待定,,1,1,正恒公司/584字 朱/584字样的生产计划单-1.doc,低,是,名称里没有可辨认的类型证据 → 待人工确认,计划单,,0
6290NX-3 0700-1603,待定,,1,1,正恒公司/VST0815小朱/6290NX生产计划单.doc,低,是,名称里没有可辨认的类型证据 → 待人工确认,计划单,,0
6290NX-4 0053,待定,,1,1,正恒公司/584字 朱/584字样的生产计划单-1.doc,低,是,名称里没有可辨认的类型证据 → 待人工确认,计划单,,0
6290NX-4 0700-1604,待定,,1,1,正恒公司/VST0815小朱/6290NX生产计划单.doc,低,是,名称里没有可辨认的类型证据 → 待人工确认,计划单,,0
6290NX-5 0700-1605,待定,,1,1,正恒公司/VST0815小朱/6290NX生产计划单.doc,低,是,名称里没有可辨认的类型证据 → 待人工确认,计划单,,0
6290NX-5 JIT0011,待定,,1,1,正恒公司/584字 朱/584字样的生产计划单-1.doc,低,是,名称里没有可辨认的类型证据 → 待人工确认,计划单,,0
6290NX-6 0367,待定,,1,1,正恒公司/584字 朱/584字样的生产计划单-1.doc,低,是,名称里没有可辨认的类型证据 → 待人工确认,计划单,,0
6290NX-6 07700-1606,待定,,1,1,正恒公司/VST0815小朱/6290NX生产计划单.doc,低,是,名称里没有可辨认的类型证据 → 待人工确认,计划单,,0
6290VVC-0,待定,,1,1,嵊州海田/HARRIS VVC 生产计划单.doc,低,是,名称里没有可辨认的类型证据 → 待人工确认,计划单,,0
6290VVC-00,待定,,1,1,嵊州海田/HARRIS VVC 生产计划单.doc,低,是,名称里没有可辨认的类型证据 → 待人工确认,计划单,,0
6290VVC-000,待定,HARRIS彩盒 不干胶 10只/中盒,1,1,嵊州海田/HARRIS VVC 生产计划单.doc,低,是,名称里没有可辨认的类型证据 → 待人工确认,计划单,,0
6290VVC-01/2,待定,,1,1,嵊州海田/HARRIS VVC 生产计划单.doc,低,是,名称里没有可辨认的类型证据 → 待人工确认,计划单,,0
6290VVC-1,待定,,1,1,嵊州海田/HARRIS VVC 生产计划单.doc,低,是,名称里没有可辨认的类型证据 → 待人工确认,计划单,,0
6290VVC-1 1/2,待定,,1,1,嵊州海田/HARRIS VVC 生产计划单.doc,低,是,名称里没有可辨认的类型证据 → 待人工确认,计划单,,0
6290VVC-2,待定,,1,1,嵊州海田/HARRIS VVC 生产计划单.doc,低,是,名称里没有可辨认的类型证据 → 待人工确认,计划单,,0
7-GPN,待定,,1,1,嵊州海田/CGT  GPN直通/VICTOR 生产计划单.doc,低,是,名称里没有可辨认的类型证据 → 待人工确认,计划单,,0
7-GPN直通,待定,,1,1,嵊州海田/22 IAM   T20 106HC金色字  宋/VICTOR GPN 生产计划单.doc,低,是,名称里没有可辨认的类型证据 → 待人工确认,计划单,,0
8-1-118,待定,,1,1,嵊州海田/AMZ  1-101 JZWELD牌子/邬贤炳1-118 采购单.doc,低,是,名称里没有可辨认的类型证据 → 待人工确认,采购单,,0
8-MFA-1,待定,,1,1,嵊州海田/AMZ  1-101 JZWELD牌子/任江南采购单-MFA-1.doc,低,是,名称里没有可辨认的类型证据 → 待人工确认,采购单,,0
8-MFN-1,待定,,1,1,嵊州海田/AMZ  1-101 JZWELD牌子/任江南采购单-MFN-1.doc,低,是,名称里没有可辨认的类型证据 → 待人工确认,采购单,,0
"澳大利亚款式丙烷 割嘴 44-08
刻字内容如下图所示44    08",待定,,1,1,"ziliao/安宝公司/HARRIS 6290-2AC, 41 原装/41合同/AB22683 出口产品供需合同-奉化一洲.xls",低,是,只认到气体「propane」，缺英式/美式 → 待人工确认,合同,,0
"澳大利亚款式丙烷 割嘴 44-12
刻字内容如下图所示44    12",待定,,1,1,"ziliao/安宝公司/HARRIS 6290-2AC, 41 原装/41合同/AB22683 出口产品供需合同-奉化一洲.xls",低,是,只认到气体「propane」，缺英式/美式 → 待人工确认,合同,,0
"澳大利亚款式丙烷 割嘴 44-15
刻字内容如下图所示44    15",待定,,1,1,"ziliao/安宝公司/HARRIS 6290-2AC, 41 原装/41合同/AB22683 出口产品供需合同-奉化一洲.xls",低,是,只认到气体「propane」，缺英式/美式 → 待人工确认,合同,,0
"澳大利亚款式乙炔 割嘴 41-06
刻字内容：如右图所示41   06",待定,,1,1,"ziliao/安宝公司/HARRIS 6290-2AC, 41 原装/41合同/AB22683 出口产品供需合同-奉化一洲.xls",低,是,只认到气体「acetylene」，缺英式/美式 → 待人工确认,合同,,0
"澳大利亚款式乙炔 割嘴 41-06
刻字内容如图所示41   08",待定,,1,1,"ziliao/安宝公司/HARRIS 6290-2AC, 41 原装/41合同/AB22683 出口产品供需合同-奉化一洲.xls",低,是,只认到气体「acetylene」，缺英式/美式 → 待人工确认,合同,,0
"澳大利亚款式乙炔 割嘴 41-08
刻字内容：如右图所示41  08",待定,,1,1,"ziliao/安宝公司/HARRIS 6290-2AC, 41 原装/41合同/AB251284 出口产品供需合同-奉化一洲.xls",低,是,只认到气体「acetylene」，缺英式/美式 → 待人工确认,合同,,0
"澳大利亚款式乙炔 割嘴 41-12
刻字内容如图所示41  12",待定,,1,1,"ziliao/安宝公司/HARRIS 6290-2AC, 41 原装/41合同/AB251284 出口产品供需合同-奉化一洲.xls",低,是,只认到气体「acetylene」，缺英式/美式 → 待人工确认,合同,,0
丙烷割嘴 1-GPN #0,待定,,1,1,"ziliao/安宝公司/常规1-101,GPN 6290NX,G1-P,NFF/AB25951 出口产品供需合同-一洲(1).xls",低,是,只认到气体「propane」，缺英式/美式 → 待人工确认,合同,,0
丙烷割嘴 1-GPN #1,待定,,1,1,"ziliao/安宝公司/常规1-101,GPN 6290NX,G1-P,NFF/AB25951 出口产品供需合同-一洲(1).xls",低,是,只认到气体「propane」，缺英式/美式 → 待人工确认,合同,,0
丙烷割嘴 1-GPN #2,待定,,1,1,"ziliao/安宝公司/常规1-101,GPN 6290NX,G1-P,NFF/AB25951 出口产品供需合同-一洲(1).xls",低,是,只认到气体「propane」，缺英式/美式 → 待人工确认,合同,,0
丙烷割嘴 1-GPN #3,待定,,1,1,"ziliao/安宝公司/常规1-101,GPN 6290NX,G1-P,NFF/AB25951 出口产品供需合同-一洲(1).xls",低,是,只认到气体「propane」，缺英式/美式 → 待人工确认,合同,,0
丙烷割嘴 1-GPN #4,待定,,1,1,"ziliao/安宝公司/常规1-101,GPN 6290NX,G1-P,NFF/AB25951 出口产品供需合同-一洲(1).xls",低,是,只认到气体「propane」，缺英式/美式 → 待人工确认,合同,,0
丙烷割嘴 106 D7 #3,待定,,1,1,"ziliao/安宝公司/106D7,102HC发商丘/不印made  in japan/AB23744 出口产品供需合同-一洲.xls",低,是,只认到气体「propane」，缺英式/美式 → 待人工确认,合同,,0
"丙烷割嘴 106HC 2#  塑料盒包装
包装：彩卡+泡壳+说明书",待定,,1,1,"ziliao/安宝公司/HQF 41 6290NX/41, NX, 6290/AB25453 出口产品供需合同-一洲(1).xls",低,是,只认到气体「propane」，缺英式/美式 → 待人工确认,合同,,0
"丙烷割嘴 106HC 4#  塑料盒包装
包装：彩卡+泡壳+说明书",待定,,1,1,"ziliao/安宝公司/HQF 41 6290NX/41, NX, 6290/AB25453 出口产品供需合同-一洲(1).xls",低,是,只认到气体「propane」，缺英式/美式 → 待人工确认,合同,,0
"丙烷割嘴 1503 4#
包装+刻字：中性",待定,,1,1,ziliao/安宝公司/有焊嘴订单/订单/2026/AB26572.xls,低,是,只认到气体「propane」，缺英式/美式 → 待人工确认,合同,,0
丙烷割嘴 2-GPN,待定,,1,1,"ziliao/安宝公司/常规1-101,GPN 6290NX,G1-P,NFF/AB25172 出口产品供需合同-一洲.xls",低,是,只认到气体「propane」，缺英式/美式 → 待人工确认,合同,,0
"丙烷割嘴 2-GPN

请注意：3只是样品单独装",待定,,1,1,"ziliao/安宝公司/B.S.A. 6290NX,6290,1-101,GPN/2026/AB26775.xls",低,是,只认到气体「propane」，缺英式/美式 → 待人工确认,合同,,0
丙烷割嘴 3-GPN #1,待定,中性塑料盒包装 盖字上中性型号不干胶 塑料盒上贴带 不干胶如下图,1,1,ziliao/安宝公司/A. SH  AIR - OXY 里卡多/合同/2025/AB25565 出口产品供需合同-奉化一洲.xls,低,是,只认到气体「propane」，缺英式/美式 → 待人工确认,合同,,0
丙烷割嘴 3-GPN #2,待定,,1,1,ziliao/安宝公司/A. SH  AIR - OXY 里卡多/合同/2025/AB25565 出口产品供需合同-奉化一洲.xls,低,是,只认到气体「propane」，缺英式/美式 → 待人工确认,合同,,0
丙烷割嘴 3-GPN 0#,待定,,1,1,"ziliao/安宝公司/常规1-101,GPN 6290NX,G1-P,NFF/AB25951 出口产品供需合同-一洲(1).xls",低,是,只认到气体「propane」，缺英式/美式 → 待人工确认,合同,,0
丙烷割嘴 3-GPN 1#,待定,,1,1,"ziliao/安宝公司/常规1-101,GPN 6290NX,G1-P,NFF/AB25951 出口产品供需合同-一洲(1).xls",低,是,只认到气体「propane」，缺英式/美式 → 待人工确认,合同,,0
丙烷割嘴 3-GPN 2#,待定,,1,1,"ziliao/安宝公司/常规1-101,GPN 6290NX,G1-P,NFF/AB25951 出口产品供需合同-一洲(1).xls",低,是,只认到气体「propane」，缺英式/美式 → 待人工确认,合同,,0
"丙烷割嘴 3-GPN 3#

请注意：3只是样品单独装",待定,,1,1,"ziliao/安宝公司/B.S.A. 6290NX,6290,1-101,GPN/2026/AB26775.xls",低,是,只认到气体「propane」，缺英式/美式 → 待人工确认,合同,,0
丙烷割嘴 3-GPN 4#,待定,,1,1,"ziliao/安宝公司/常规1-101,GPN 6290NX,G1-P,NFF/AB25951 出口产品供需合同-一洲(1).xls",低,是,只认到气体「propane」，缺英式/美式 → 待人工确认,合同,,0
丙烷割嘴 6290-NX 0# 49G,us_propane,,1,1,ziliao/安宝公司/NJ 6290NX/NJ 6290NX.xls,低,否,气体（propane）+ 地域（us）均为字面证据,合同,,0
"丙烷割嘴 6290-NX 1#
刻字：中性常规

包装：如右图所示",us_propane,,1,1,ziliao/安宝公司/NJ 6290NX/AB23534 出口产品供需合同-奉化一洲.xls,低,否,气体（propane）+ 地域（us）均为字面证据,合同,,0
丙烷割嘴 6290-NX 1# 49G,us_propane,,1,1,ziliao/安宝公司/NJ 6290NX/NJ 6290NX.xls,低,否,气体（propane）+ 地域（us）均为字面证据,合同,,0
"丙烷割嘴 6290-NX 2#
刻字：中性常规

包装：如右图所示",us_propane,,1,1,ziliao/安宝公司/NJ 6290NX/AB23534 出口产品供需合同-奉化一洲.xls,低,否,气体（propane）+ 地域（us）均为字面证据,合同,,0
"丙烷割嘴 6290-NX-00# 刻字：要OKI字样
要求：火焰要调长一点 
包装：塑料盒+不干胶 10只1白盒+白盒不干胶",us_propane,包装：塑料盒+贴长不干胶 塑料盒不干胶内容： OKI标志+号头 NX L..P.G HIGH QUALITY USA IS9002 【如下图所示】 10只塑料盒入1白盒 白盒上标贴如下：OKI CUTTING TIP FOR 62-3F 6,1,1,ziliao/安宝公司/旧订单资料/OKI   LCT  NX/AB23629 出口产品供需合同-一洲.xls,低,否,气体（propane）+ 地域（us）均为字面证据,合同,,0
丙烷割嘴 6290-NX-1,us_propane,,1,1,"ziliao/安宝公司/常规1-101,GPN 6290NX,G1-P,NFF/AB25172 出口产品供需合同-一洲.xls",低,否,气体（propane）+ 地域（us）均为字面证据,合同,,0
"丙烷割嘴 6290-NX-1

请注意：3只是样品单独装",us_propane,,1,1,"ziliao/安宝公司/B.S.A. 6290NX,6290,1-101,GPN/2026/AB26775.xls",低,否,气体（propane）+ 地域（us）均为字面证据,合同,,0
"丙烷割嘴 6290-NX-1# 
产品号码6014",us_propane,,1,1,ziliao/安宝公司/美国FRONNY/订单/2023/ab23198 出口产品供需合同-一洲p060178.xls,低,否,气体（propane）+ 地域（us）均为字面证据,合同,,0
"丙烷割嘴 6290-NX-1# 刻字：要OKI字样
要求：火焰要调长一点 
包装：塑料盒+不干胶 10只1白盒+白盒不干胶",us_propane,,1,1,ziliao/安宝公司/旧订单资料/OKI   LCT  NX/AB23629 出口产品供需合同-一洲.xls,低,否,气体（propane）+ 地域（us）均为字面证据,合同,,0
"丙烷割嘴 6290-NX-1# 重：44克

包装：不干胶+塑料盒
不干胶设计我司提供",us_propane,,1,1,"ziliao/安宝公司/HQF 41 6290NX/41, NX, 6290/106HC, NX/ab24076 106HC NX.xls",低,否,气体（propane）+ 地域（us）均为字面证据,合同,,0
丙烷割嘴 6290-NX-2,us_propane,,1,1,"ziliao/安宝公司/B.S.A. 6290NX,6290,1-101,GPN/AB25361 出口产品供需合同-一洲.xls",低,否,气体（propane）+ 地域（us）均为字面证据,合同,,0
丙烷割嘴 6290-NX-2#,us_propane,,1,1,"ziliao/安宝公司/MAXES 仿NX,106HC,GPN/订单/AB22997 出口产品供需合同-奉化一洲.xls",低,否,气体（propane）+ 地域（us）均为字面证据,合同,,0
"丙烷割嘴 6290-NX-2# 刻字：要OKI字样
要求：火焰要调长一点 
包装：塑料盒+不干胶 10只1白盒+白盒不干胶",us_propane,,1,1,ziliao/安宝公司/旧订单资料/OKI   LCT  NX/AB23629 出口产品供需合同-一洲.xls,低,否,气体（propane）+ 地域（us）均为字面证据,合同,,0
"丙烷割嘴 6290-NX-2# 重：44克

包装：不干胶+塑料盒
不干胶设计我司提供",us_propane,,1,1,"ziliao/安宝公司/HQF 41 6290NX/41, NX, 6290/106HC, NX/ab24076 106HC NX.xls",低,否,气体（propane）+ 地域（us）均为字面证据,合同,,0
"丙烷割嘴 6290-NX-2# 重：44克
刻字内容：
POWERCRAFT
6290-2NX

包装：不干胶+塑料盒
不干胶设计我司提供",us_propane,6290-2NX,1,1,"ziliao/安宝公司/HQF 41 6290NX/41, NX, 6290/ab24072 出口产品供需合同-奉化一洲.xls",低,否,气体（propane）+ 地域（us）均为字面证据,合同,,0
丙烷割嘴 6290-NX-3#,us_propane,,1,1,"ziliao/安宝公司/MAXES 仿NX,106HC,GPN/订单/AB22997 出口产品供需合同-奉化一洲.xls",低,否,气体（propane）+ 地域（us）均为字面证据,合同,,0
"丙烷割嘴 6290-NX-3# 刻字：要OKI字样
要求：火焰要调长一点 
包装：塑料盒+不干胶 10只1白盒+白盒不干胶",us_propane,,1,1,ziliao/安宝公司/旧订单资料/OKI   LCT  NX/AB23629 出口产品供需合同-一洲.xls,低,否,气体（propane）+ 地域（us）均为字面证据,合同,,0
"丙烷割嘴 6290-NX-3# 重：44克

包装：不干胶+塑料盒
不干胶设计我司提供",us_propane,,1,1,"ziliao/安宝公司/HQF 41 6290NX/41, NX, 6290/106HC, NX/ab24076 106HC NX.xls",低,否,气体（propane）+ 地域（us）均为字面证据,合同,,0
丙烷割嘴 6290-NX-4#,us_propane,,1,1,"ziliao/安宝公司/MAXES 仿NX,106HC,GPN/订单/AB22997 出口产品供需合同-奉化一洲.xls",低,否,气体（propane）+ 地域（us）均为字面证据,合同,,0
丙烷割嘴 6290-NX-5#,us_propane,,1,1,"ziliao/安宝公司/MAXES 仿NX,106HC,GPN/订单/AB22997 出口产品供需合同-奉化一洲.xls",低,否,气体（propane）+ 地域（us）均为字面证据,合同,,0
丙烷割嘴 6290-NX-6#,us_propane,,1,1,"ziliao/安宝公司/MAXES 仿NX,106HC,GPN/订单/AB22997 出口产品供需合同-奉化一洲.xls",低,否,气体（propane）+ 地域（us）均为字面证据,合同,,0
丙烷割嘴 6290NX-0#,待定,包装：常规塑料盒+型号不干胶 刻字：中性刻字,1,1,"ziliao/安宝公司/常规1-101,GPN 6290NX,G1-P,NFF/AB22866 出口产品供需合同-一洲.xls",低,是,只认到气体「propane」，缺英式/美式 → 待人工确认,合同,,0
"丙烷割嘴 6290NX-1#
刻字中性

包装：中性塑料盒+中性不干胶",待定,,1,1,ziliao/安宝公司/F&G 订单/ab23779 出口产品供需合同-一洲(1).xls,低,是,只认到气体「propane」，缺英式/美式 → 待人工确认,合同,,0
"丙烷割嘴 6290NX-1# 重41克
刻字：规格型号 包装：塑料盒+贴纸",待定,黑色 塑料盖 刻字： Ansorg 6290NX-2/型号,1,1,ziliao/安宝公司/Ansorg/AB25457 出口产品供需合同-奉化一洲.xls,低,是,只认到气体「propane」，缺英式/美式 → 待人工确认,合同,,0
"丙烷割嘴 6290NX-2# 重41克
刻字：规格型号 包装：塑料盒+贴纸",待定,,1,1,ziliao/安宝公司/Ansorg/AB25457 出口产品供需合同-奉化一洲.xls,低,是,只认到气体「propane」，缺英式/美式 → 待人工确认,合同,,0
"丙烷割嘴 6290NX-3# 重41克
刻字：规格型号 包装：塑料盒+贴纸",待定,,1,1,ziliao/安宝公司/Ansorg/AB25457 出口产品供需合同-奉化一洲.xls,低,是,只认到气体「propane」，缺英式/美式 → 待人工确认,合同,,0
"丙烷割嘴 G1-P 10/07"" 重78g",待定,,1,1,ziliao/安宝公司/G1-P/G1-P彩盒/ab24773 出口产品供需合同-奉化一洲.xls,低,是,只认到气体「propane」，缺英式/美式 → 待人工确认,合同,,0
"丙烷割嘴 G1-P 10/12"" 重78g",待定,,1,1,ziliao/安宝公司/G1-P/G1-P彩盒/ab25041 出口产品供需合同-奉化一洲.xls,低,是,只认到气体「propane」，缺英式/美式 → 待人工确认,合同,,0
"丙烷割嘴 G1-P 10/16"" 重78g",待定,,1,1,ziliao/安宝公司/G1-P/G1-P彩盒/ab24773 出口产品供需合同-奉化一洲.xls,低,是,只认到气体「propane」，缺英式/美式 → 待人工确认,合同,,0
"丙烷割嘴 G1-P 10/30"" 重78g",待定,,1,1,ziliao/安宝公司/G1-P/G1-P彩盒/ab24773 出口产品供需合同-奉化一洲.xls,低,是,只认到气体「propane」，缺英式/美式 → 待人工确认,合同,,0
丙烷割嘴 GPN #0  塑料盖贴：GPN-0,待定,,1,1,ziliao/安宝公司/A. SH  AIR - OXY 里卡多/合同/2025/AB25193 出口产品供需合同-奉化一洲.xls,低,是,只认到气体「propane」，缺英式/美式 → 待人工确认,合同,,0
丙烷割嘴 GPN #6  塑料盖贴：GPN-6,待定,,1,1,ziliao/安宝公司/A. SH  AIR - OXY 里卡多/合同/2025/AB25193 出口产品供需合同-奉化一洲.xls,低,是,只认到气体「propane」，缺英式/美式 → 待人工确认,合同,,0
丙烷割嘴 GPN #6 仿包装,待定,,1,1,ziliao/安宝公司/A. SH  AIR - OXY 里卡多/合同/2026/AB26156.xls,低,是,只认到气体「propane」，缺英式/美式 → 待人工确认,合同,,0
丙烷割嘴 GPN #7 仿包装,待定,,1,1,ziliao/安宝公司/A. SH  AIR - OXY 里卡多/合同/2025/AB25565 出口产品供需合同-奉化一洲.xls,低,是,只认到气体「propane」，缺英式/美式 → 待人工确认,合同,,0
丙烷割嘴 GPN #8 仿包装,待定,,1,1,ziliao/安宝公司/A. SH  AIR - OXY 里卡多/合同/2025/AB25565 出口产品供需合同-奉化一洲.xls,低,是,只认到气体「propane」，缺英式/美式 → 待人工确认,合同,,0
"丙烷割嘴 GPN 1#
包装+刻字：中性",待定,,1,1,ziliao/安宝公司/有焊嘴订单/订单/2026/AB26572.xls,低,是,只认到气体「propane」，缺英式/美式 → 待人工确认,合同,,0
"丙烷割嘴 GPN 2#
刻字：带logo

包装：塑料盒+不干胶",待定,,1,1,"ziliao/安宝公司/KARLEN  SC50,GPN/AB26854.xls",低,是,只认到气体「propane」，缺英式/美式 → 待人工确认,合同,,0
"丙烷割嘴 GPN 2# 重79.7克
刻字：规格型号 包装：塑料盒+贴纸",待定,黑色塑料盖 刻字：Ansorg 2-GPN,1,1,ziliao/安宝公司/Ansorg/AB25457 出口产品供需合同-奉化一洲.xls,低,是,只认到气体「propane」，缺英式/美式 → 待人工确认,合同,,0
"丙烷割嘴 GPN Nº 1
厚度：10-20mm  孔口：1.2

包装：塑料盒+不干胶如右图",待定,,1,1,ziliao/安宝公司/KLK  1-101. GPN/合同/ab22937 出口产品供需合同-奉化一洲.xls,低,是,只认到气体「propane」，缺英式/美式 → 待人工确认,合同,,0
"丙烷割嘴 GPN Nº 2
厚度：20-40mm  孔口：1.5

包装：塑料盒+不干胶如右图",待定,,1,1,ziliao/安宝公司/KLK  1-101. GPN/合同/ab22937 出口产品供需合同-奉化一洲.xls,低,是,只认到气体「propane」，缺英式/美式 → 待人工确认,合同,,0
"丙烷割嘴 GPN Nº 3
厚度：40-60mm 孔口：1.8

包装：塑料盒+不干胶如右图",待定,,1,1,ziliao/安宝公司/KLK  1-101. GPN/合同/ab22937 出口产品供需合同-奉化一洲.xls,低,是,只认到气体「propane」，缺英式/美式 → 待人工确认,合同,,0
丙烷割嘴 GPN-1,待定,这款中性包装 刻字中性，塑料盒+中性不干胶 货好后带回办公室-配套装FARGAS,1,1,ziliao/安宝公司/Weldsolutions不干胶/合同/2025/ab25317.xls,低,是,只认到气体「propane」，缺英式/美式 → 待人工确认,合同,,0
"丙烷割嘴 GPN-1 1#
刻字中性如右图所示

包装：中性塑料盒+中性不干胶",待定,,1,1,ziliao/安宝公司/F&G 订单/ab23779 出口产品供需合同-一洲(1).xls,低,是,只认到气体「propane」，缺英式/美式 → 待人工确认,合同,,0
"丙烷割嘴 GPN-1#
刻字中性如右图所示

包装：中性塑料盒+中性不干胶",待定,,1,1,ziliao/安宝公司/F&G 订单/ab23779 出口产品供需合同-一洲(1).xls,低,是,只认到气体「propane」，缺英式/美式 → 待人工确认,合同,,0
"丙烷割嘴 GPN-3
代码：4194",待定,,1,1,ziliao/安宝公司/INFAR不干胶/INFRA合同/2021/AB21996 出口产品供需合同-一洲(1).xls,低,是,只认到气体「propane」，缺英式/美式 → 待人工确认,合同,,0
"丙烷割嘴 PNM-#4内嘴 (切割厚度 100to150mm)
配R3P-3-500三根管子 内嘴刻字：4

包装：PP袋1只/袋 50只1盒 200只1箱",uk_propane,,1,1,ziliao/安宝公司/旧订单资料/REDIUS俄罗斯/FOOB/ab231082 出口产品供需合同-一洲.xls,低,否,气体（propane）+ 地域（uk）均为字面证据,合同,,0
"丙烷割嘴 PNM-#5内嘴
配R3P-3-500三根管子 内嘴刻字：5

包装：PP袋1只/袋 50只1盒 200只1箱",uk_propane,,1,1,ziliao/安宝公司/旧订单资料/REDIUS俄罗斯/FOOB/ab231082 出口产品供需合同-一洲.xls,低,否,气体（propane）+ 地域（uk）均为字面证据,合同,,0
"丙烷割嘴 PNM-#6内嘴
配R3P-3-500三根管子 内嘴刻字：6

包装：PP袋1只/袋 50只1盒 200只1箱",uk_propane,,1,1,ziliao/安宝公司/旧订单资料/REDIUS俄罗斯/FOOB/ab231082 出口产品供需合同-一洲.xls,低,否,气体（propane）+ 地域（uk）均为字面证据,合同,,0
"丙烷割嘴 PNM1外嘴 刻字：PNM 1
配R3P-3-500三根管子(配上述内嘴1#、2#、 3#)
包装：PP袋1只/袋 50只1盒 200只1箱",uk_propane,,1,1,ziliao/安宝公司/旧订单资料/REDIUS俄罗斯/FOOB/ab231082 出口产品供需合同-一洲.xls,低,否,气体（propane）+ 地域（uk）均为字面证据,合同,,0
"丙烷割嘴 PNM2外嘴 刻字：PNM 2
配R3P-3-500三根管子(配上述内嘴1#、2#、 3#)
包装：PP袋1只/袋 50只1盒 200只1箱",uk_propane,,1,1,ziliao/安宝公司/旧订单资料/REDIUS俄罗斯/FOOB/ab231082 出口产品供需合同-一洲.xls,低,否,气体（propane）+ 地域（uk）均为字面证据,合同,,0
"丙烷割嘴 PNM外嘴 刻字：PNM 1
配R3P-3-500三根管子(配上述内嘴1#、2#、 3#)
包装：PP袋1只/袋 50只1盒 200只1箱",uk_propane,,1,1,ziliao/安宝公司/旧订单资料/REDIUS俄罗斯/FOOB/AB23537 出口产品供需合同-一洲(1).xls,低,否,气体（propane）+ 地域（uk）均为字面证据,合同,,0
"丙烷割嘴 PNME 1/16 一体式
不要螺纹拧 重量要75克

包装+刻字：常规中性",uk_propane,,1,1,ziliao/安宝公司/有焊嘴订单/订单/AB24894 出口产品供需合同-奉化一洲.xls,低,否,气体（propane）+ 地域（uk）均为字面证据,合同,,0
"丙烷割嘴 PNME 1#
塑料盖贴：PNME 1",uk_propane,包装：塑料盒+贴对应不干胶,1,1,ziliao/安宝公司/81021 ARS88/ab22490 出口产品供需合同-一洲.xls,低,否,气体（propane）+ 地域（uk）均为字面证据,合同,,0
"丙烷割嘴 PNME 2#
塑料盖贴：PNME 2",uk_propane,,1,1,ziliao/安宝公司/81021 ARS88/ab22490 出口产品供需合同-一洲.xls,低,否,气体（propane）+ 地域（uk）均为字面证据,合同,,0
"丙烷割嘴 PNME 3/64"" 重74克

包装：PP袋1只/袋 50只1盒 200只1箱",uk_propane,,1,1,ziliao/安宝公司/旧订单资料/REDIUS俄罗斯/FOOB/ab231082 出口产品供需合同-一洲.xls,低,否,气体（propane）+ 地域（uk）均为字面证据,合同,,0
"丙烷割嘴 PNME 3/64"" 重74克
刻字：中性

包装：PP袋1只/袋 50只1盒 200只1箱",uk_propane,,1,1,ziliao/安宝公司/旧订单资料/REDIUS俄罗斯/FOOB/ab231082 出口产品供需合同-一洲.xls,低,否,气体（propane）+ 地域（uk）均为字面证据,合同,,0
"丙烷割嘴 PNME 3#
塑料盖贴：PNME 3",uk_propane,,1,1,ziliao/安宝公司/81021 ARS88/ab22490 出口产品供需合同-一洲.xls,低,否,气体（propane）+ 地域（uk）均为字面证据,合同,,0
"丙烷割嘴 PNME 4#
塑料盖贴：PNME 4",uk_propane,,1,1,ziliao/安宝公司/81021 ARS88/ab22490 出口产品供需合同-一洲.xls,低,否,气体（propane）+ 地域（uk）均为字面证据,合同,,0
"丙烷割嘴 SC-50 2#
刻字：带logo

包装：塑料盒+不干胶",待定,,1,1,"ziliao/安宝公司/KARLEN  SC50,GPN/AB26854.xls",低,是,只认到气体「propane」，缺英式/美式 → 待人工确认,合同,,0
"丙烷割嘴 SC-50-1# 重93克
刻字：规格型号 包装：塑料盒+贴纸",待定,黑色 塑料盖 刻字： Ansorg SC-50 1(型号),1,1,ziliao/安宝公司/Ansorg/AB25457 出口产品供需合同-奉化一洲.xls,低,是,只认到气体「propane」，缺英式/美式 → 待人工确认,合同,,0
"丙烷割嘴 SC-50-2 93g 
产品号码100250",待定,包装：常规佛尼割嘴一样,1,1,ziliao/安宝公司/美国FRONNY/订单/2023/ab23118 出口产品供需合同-一洲po60055.xls,低,是,只认到气体「propane」，缺英式/美式 → 待人工确认,合同,,0
"丙烷割嘴 SC-50-2# 重93克
刻字：规格型号 包装：塑料盒+贴纸",待定,,1,1,ziliao/安宝公司/Ansorg/AB25457 出口产品供需合同-奉化一洲.xls,低,是,只认到气体「propane」，缺英式/美式 → 待人工确认,合同,,0
"丙烷割嘴 SC-50-3# 重93克
刻字：规格型号 包装：塑料盒+贴纸",待定,,1,1,ziliao/安宝公司/Ansorg/AB25457 出口产品供需合同-奉化一洲.xls,低,是,只认到气体「propane」，缺英式/美式 → 待人工确认,合同,,0
丙烷割嘴1-GPN 1# 产品号码6027,待定,,1,1,ziliao/安宝公司/美国FRONNY/订单/2026/AB26106.xls,低,是,只认到气体「propane」，缺英式/美式 → 待人工确认,合同,,0
丙烷割嘴1-GPN 2# 产品号码6028,待定,,1,1,ziliao/安宝公司/美国FRONNY/订单/2026/AB26029.xls,低,是,只认到气体「propane」，缺英式/美式 → 待人工确认,合同,,0
丙烷割嘴3-GPN 0# 产品号码6030,待定,,1,1,ziliao/安宝公司/美国FRONNY/订单/2024/AB24139 出口产品供需合同-一洲PO62138(1).xls,低,是,只认到气体「propane」，缺英式/美式 → 待人工确认,合同,,0
丙烷割嘴3-GPN 1# 产品号码6031,待定,,1,1,ziliao/安宝公司/美国FRONNY/订单/2026/AB26029.xls,低,是,只认到气体「propane」，缺英式/美式 → 待人工确认,合同,,0
丙烷割嘴3-GPN 1# 号码6031,待定,3-GPN割嘴,1,1,ziliao/安宝公司/美国FRONNY/订单/2026/AB26479.xls,低,是,只认到气体「propane」，缺英式/美式 → 待人工确认,合同,,0
"丙烷割嘴6290NX 0# 刻字：中性常规

包装：如右图类似对应型号",待定,,1,1,ziliao/安宝公司/WT 6290NX/ab25861 出口产品供需合同-奉化一洲(1).xls,低,是,只认到气体「propane」，缺英式/美式 → 待人工确认,合同,,0
"丙烷割嘴6290NX 00# 刻字：中性常规

包装：如右图类似对应型号",待定,,1,1,ziliao/安宝公司/WT 6290NX/ab25861 出口产品供需合同-奉化一洲(1).xls,低,是,只认到气体「propane」，缺英式/美式 → 待人工确认,合同,,0
"丙烷割嘴6290NX 1# 刻字：中性常规

包装：如右图类似对应型号",待定,,1,1,ziliao/安宝公司/WT 6290NX/ab25861 出口产品供需合同-奉化一洲(1).xls,低,是,只认到气体「propane」，缺英式/美式 → 待人工确认,合同,,0
"丙烷割嘴6290NX 2# 刻字：中性常规

包装：如右图类似对应型号",待定,,1,1,ziliao/安宝公司/WT 6290NX/ab25861 出口产品供需合同-奉化一洲(1).xls,低,是,只认到气体「propane」，缺英式/美式 → 待人工确认,合同,,0
"丙烷割嘴6290NX 3# 刻字：中性常规

包装：如右图类似对应型号",待定,,1,1,ziliao/安宝公司/WT 6290NX/ab25861 出口产品供需合同-奉化一洲(1).xls,低,是,只认到气体「propane」，缺英式/美式 → 待人工确认,合同,,0
"丙烷割嘴6290VVC 0 重47g
12.5-20mm   刻字：中性",待定,,1,1,ziliao/安宝公司/PLAZWELD 6290AC/AB26784.xls,低,是,只认到气体「propane」，缺英式/美式 → 待人工确认,合同,,0
"丙烷割嘴6290VVC 00 重47g
9-12.5mm   刻字：中性",待定,,1,1,ziliao/安宝公司/PLAZWELD 6290AC/AB26784.xls,低,是,只认到气体「propane」，缺英式/美式 → 待人工确认,合同,,0
"丙烷割嘴6290VVC 000 重47g
6-9mm   刻字：中性",待定,,1,1,ziliao/安宝公司/PLAZWELD 6290AC/AB26784.xls,低,是,只认到气体「propane」，缺英式/美式 → 待人工确认,合同,,0
"丙烷割嘴6290VVC 0000 重47g
4-6mm   刻字：中性",待定,,1,1,ziliao/安宝公司/PLAZWELD 6290AC/AB26784.xls,低,是,只认到气体「propane」，缺英式/美式 → 待人工确认,合同,,0
"丙烷割嘴6290VVC 00000 重47g
1-4mm   刻字：中性",待定,包装：塑料盒+黑色盖子 盒盖上中性不干胶 +客户定制不干胶。 刻字：中性,1,1,ziliao/安宝公司/PLAZWELD 6290AC/AB26784.xls,低,是,只认到气体「propane」，缺英式/美式 → 待人工确认,合同,,0
"丙烷割嘴6290VVC 1 重47g
35-60mm   刻字：中性",待定,,1,1,ziliao/安宝公司/PLAZWELD 6290AC/AB26784.xls,低,是,只认到气体「propane」，缺英式/美式 → 待人工确认,合同,,0
"丙烷割嘴6290VVC 1/2 重47g
20-35mm   刻字：中性",待定,,1,1,ziliao/安宝公司/PLAZWELD 6290AC/AB26784.xls,低,是,只认到气体「propane」，缺英式/美式 → 待人工确认,合同,,0
"丙烷割嘴6290VVC 11/2 重47g
60-75mm   刻字：中性",待定,,1,1,ziliao/安宝公司/PLAZWELD 6290AC/AB26784.xls,低,是,只认到气体「propane」，缺英式/美式 → 待人工确认,合同,,0
"丙烷割嘴6290VVC 2 重47g
75-125mm   刻字：中性",待定,,1,1,ziliao/安宝公司/PLAZWELD 6290AC/AB26784.xls,低,是,只认到气体「propane」，缺英式/美式 → 待人工确认,合同,,0
"丙烷割嘴6290VVC 21/2 重47g
125-150mm   刻字：中性",待定,,1,1,ziliao/安宝公司/PLAZWELD 6290AC/AB26784.xls,低,是,只认到气体「propane」，缺英式/美式 → 待人工确认,合同,,0
"丙烷割嘴6290VVC 3 重47g
150-175mm   刻字：中性",待定,,1,1,ziliao/安宝公司/PLAZWELD 6290AC/AB26784.xls,低,是,只认到气体「propane」，缺英式/美式 → 待人工确认,合同,,0
"丙烷割嘴6290VVC 4 重47g
175-200mm   刻字：中性",待定,,1,1,ziliao/安宝公司/PLAZWELD 6290AC/AB26784.xls,低,是,只认到气体「propane」，缺英式/美式 → 待人工确认,合同,,0
"丙烷割嘴6290VVC 5 重47g
200-225mm   刻字：中性",待定,,1,1,ziliao/安宝公司/PLAZWELD 6290AC/AB26784.xls,低,是,只认到气体「propane」，缺英式/美式 → 待人工确认,合同,,0
"丙烷割嘴6290VVC 51/2 重47g
225-250mm   刻字：中性",待定,,1,1,ziliao/安宝公司/PLAZWELD 6290AC/AB26784.xls,低,是,只认到气体「propane」，缺英式/美式 → 待人工确认,合同,,0
"丙烷割嘴GPN  #8
80克左右 仿VICTOR

包装：塑料盒+VICTOR不干胶",待定,,1,1,ziliao/安宝公司/旧订单资料/SANTIAGO CASTANO  VICTOR GPN-8/ab24326 出口产品供需合同-一洲.xls,低,是,只认到气体「propane」，缺英式/美式 → 待人工确认,合同,,0
丙烷割嘴GPN #4  塑料盖贴：GPN-4,待定,,1,1,ziliao/安宝公司/A. SH  AIR - OXY 里卡多/合同/2025/AB25565 出口产品供需合同-奉化一洲.xls,低,是,只认到气体「propane」，缺英式/美式 → 待人工确认,合同,,0
"丙烷割嘴PNME (1/32”)
客人要12个槽 74克",uk_propane,包装要求：塑料盒装，盒子上贴不干胶，每个货号进行区别,1,1,ziliao/安宝公司/12槽PNME俄罗斯嘴/订单/AB25935 出口产品供需合同-奉化一洲.xls,低,否,气体（propane）+ 地域（uk）均为字面证据,合同,,0
"丙烷割嘴PNME (1/8”)
客人要12个槽 74克",uk_propane,,1,1,ziliao/安宝公司/12槽PNME俄罗斯嘴/订单/AB25935 出口产品供需合同-奉化一洲.xls,低,否,气体（propane）+ 地域（uk）均为字面证据,合同,,0
"丙烷割嘴PNME (3/64”)
客人要12个槽 74克",uk_propane,,1,1,ziliao/安宝公司/12槽PNME俄罗斯嘴/订单/AB25935 出口产品供需合同-奉化一洲.xls,低,否,气体（propane）+ 地域（uk）均为字面证据,合同,,0
丙烷嘴 6290-NX 00#,us_propane,透明塑料盒包装 带不干胶封口,1,1,ziliao/安宝公司/旧订单资料/LL0006 Carton No (nx)/AB22059 出口产品供需合同-奉化一洲(2).xls,低,否,气体（propane）+ 地域（us）均为字面证据,合同,,0
丙烷嘴 6290-NX 01#,us_propane,,1,1,ziliao/安宝公司/旧订单资料/LL0006 Carton No (nx)/AB22059 出口产品供需合同-奉化一洲(2).xls,低,否,气体（propane）+ 地域（us）均为字面证据,合同,,0
丙烷嘴 6290-NX 02#,us_propane,,1,1,ziliao/安宝公司/旧订单资料/LL0006 Carton No (nx)/AB22059 出口产品供需合同-奉化一洲(2).xls,低,否,气体（propane）+ 地域（us）均为字面证据,合同,,0
丙烷嘴 6290-NX 03#,us_propane,,1,1,ziliao/安宝公司/旧订单资料/LL0006 Carton No (nx)/AB22059 出口产品供需合同-奉化一洲(2).xls,低,否,气体（propane）+ 地域（us）均为字面证据,合同,,0
补广州佛山运费,待定,运费发货时再确认,1,1,ziliao/安宝公司/G1-P/G1-P 大塑盒/ab23149 出口产品供需合同-一洲.xls,低,是,名称里没有可辨认的类型证据 → 待人工确认,合同,,0
"仿澳大利亚款式丙烷 割嘴 41-12
刻字内容：
41  12
CIGWELD
CutSkill(字体不一样)

包装：泡壳+彩卡
彩卡+泡壳我司提供",待定,41-12,1,1,"ziliao/安宝公司/HQF 41 6290NX/41, NX, 6290/ab24072 出口产品供需合同-奉化一洲.xls",低,是,只认到气体「propane」，缺英式/美式 → 待人工确认,合同,,0
"仿澳大利亚款式丙烷割嘴 44-12

包装：不干胶+塑料盒",待定,,1,1,"ziliao/安宝公司/HQF 41 6290NX/41, NX, 6290/ab241160 出口产品供需合同-一洲.xls",低,是,只认到气体「propane」，缺英式/美式 → 待人工确认,合同,,0
"仿澳大利亚款式丙烷割嘴 44-12

包装：塑料盒+不干胶 返单24167",待定,44-12,1,1,"ziliao/安宝公司/HQF 41 6290NX/41, NX, 6290/AB251341 出口产品供需合同-奉化一洲(1).xls",低,是,只认到气体「propane」，缺英式/美式 → 待人工确认,合同,,0
"仿澳大利亚款式丙烷割嘴 44-15

包装：不干胶+塑料盒",待定,,1,1,"ziliao/安宝公司/HQF 41 6290NX/41, NX, 6290/ab241160 出口产品供需合同-一洲.xls",低,是,只认到气体「propane」，缺英式/美式 → 待人工确认,合同,,0
"仿澳大利亚款式丙烷割嘴 44-15

包装：塑料盒+不干胶 返单24167",待定,44-15,1,1,"ziliao/安宝公司/HQF 41 6290NX/41, NX, 6290/AB251341 出口产品供需合同-奉化一洲(1).xls",低,是,只认到气体「propane」，缺英式/美式 → 待人工确认,合同,,0
"仿澳大利亚款式丙烷割嘴 44-20

包装：塑料盒+不干胶 返单24167",待定,44-20,1,1,"ziliao/安宝公司/HQF 41 6290NX/41, NX, 6290/AB251341 出口产品供需合同-奉化一洲(1).xls",低,是,只认到气体「propane」，缺英式/美式 → 待人工确认,合同,,0
"仿澳大利亚款式丙烷割嘴 44-8

包装：不干胶+塑料盒",待定,,1,1,"ziliao/安宝公司/HQF 41 6290NX/41, NX, 6290/ab241160 出口产品供需合同-一洲.xls",低,是,只认到气体「propane」，缺英式/美式 → 待人工确认,合同,,0
"仿澳大利亚款式丙烷割嘴 44-8

包装：塑料盒+不干胶 返单24167",待定,44-8,1,1,"ziliao/安宝公司/HQF 41 6290NX/41, NX, 6290/AB251341 出口产品供需合同-奉化一洲(1).xls",低,是,只认到气体「propane」，缺英式/美式 → 待人工确认,合同,,0
"仿澳大利亚款式乙炔 割嘴 41-12

包装：塑料盒+不干胶 返单AB241160",待定,41-12,1,1,"ziliao/安宝公司/HQF 41 6290NX/41, NX, 6290/ab251038.xls",低,是,只认到气体「acetylene」，缺英式/美式 → 待人工确认,合同,,0
"仿澳大利亚款式乙炔 割嘴 41-15

包装：塑料盒+不干胶 返单AB241160",待定,41-15,1,1,"ziliao/安宝公司/HQF 41 6290NX/41, NX, 6290/ab251038.xls",低,是,只认到气体「acetylene」，缺英式/美式 → 待人工确认,合同,,0
"仿澳大利亚款式乙炔 割嘴 41-20

包装：塑料盒+不干胶 返单AB241160",待定,41-20,1,1,"ziliao/安宝公司/HQF 41 6290NX/41, NX, 6290/ab251038.xls",低,是,只认到气体「acetylene」，缺英式/美式 → 待人工确认,合同,,0
"仿澳大利亚款式乙炔 割嘴 41-8

包装：塑料盒+不干胶 返单AB241160",待定,41-8,1,1,"ziliao/安宝公司/HQF 41 6290NX/41, NX, 6290/ab251038.xls",低,是,只认到气体「acetylene」，缺英式/美式 → 待人工确认,合同,,0
"仿澳大利亚款式乙炔割嘴 41-12

包装：塑料挂钩盒+不干胶",待定,,1,1,"ziliao/安宝公司/HQF 41 6290NX/41, NX, 6290/AB241049 出口产品供需合同-奉化一洲.xls",低,是,只认到气体「acetylene」，缺英式/美式 → 待人工确认,合同,,0
"仿澳式丙烷割嘴 44-20
包装：不干胶+塑料盒",待定,,1,1,"ziliao/安宝公司/HQF 41 6290NX/41, NX, 6290/AB25453 出口产品供需合同-一洲(1).xls",低,是,只认到气体「propane」，缺英式/美式 → 待人工确认,合同,,0
"仿丙烷割嘴 6290-NX-1# 重：44克
包装：仿HARRIS 返单AB251341",us_propane,6290 NX 1#,1,1,"ziliao/安宝公司/HQF 41 6290NX/41, NX, 6290/2026/ab26690.xls",低,否,气体（propane）+ 地域（us）均为字面证据,合同,,0
"仿丙烷割嘴 6290-NX-2# 重：44克
包装：仿HARRIS 返单AB251341",us_propane,6290 NX 2#,1,1,"ziliao/安宝公司/HQF 41 6290NX/41, NX, 6290/2026/ab26690.xls",低,否,气体（propane）+ 地域（us）均为字面证据,合同,,0
"仿丙烷割嘴 6290-NX-3# 重：44克
包装：仿HARRIS 返单AB251341",us_propane,6290 NX 3#,1,1,"ziliao/安宝公司/HQF 41 6290NX/41, NX, 6290/2026/ab26690.xls",低,否,气体（propane）+ 地域（us）均为字面证据,合同,,0
"仿丙烷割嘴 GPN-1

包装：仿VICTOR",待定,,1,1,"ziliao/安宝公司/VICTOR-GPN, 1-101,6290AC/IHRAAQ COLOMBO VICTOR GPN/ab25117 出口产品供需合同-一洲.xls",低,是,只认到气体「propane」，缺英式/美式 → 待人工确认,合同,,0
"仿丙烷割嘴 GPN-2

包装：仿VICTOR",待定,,1,1,"ziliao/安宝公司/VICTOR-GPN, 1-101,6290AC/IHRAAQ COLOMBO VICTOR GPN/ab25117 出口产品供需合同-一洲.xls",低,是,只认到气体「propane」，缺英式/美式 → 待人工确认,合同,,0
割嘴 #0-1-101 仿包装,待定,,1,1,ziliao/安宝公司/SAAD VICTOR 1-101 USA/ab241227 出口产品供需合同-奉化一洲.xls,低,是,只认到地域「us」，缺乙炔/丙烷 → 待人工确认,合同,,0
割嘴 #00-1-101 仿包装,待定,VICTOR刻字 VICTOR贴纸 VICTOR塑料盒,1,1,ziliao/安宝公司/SAAD VICTOR 1-101 USA/ab241227 出口产品供需合同-奉化一洲.xls,低,是,只认到地域「us」，缺乙炔/丙烷 → 待人工确认,合同,,0
割嘴 #1-1-101 仿包装,待定,,1,1,ziliao/安宝公司/SAAD VICTOR 1-101 USA/ab241227 出口产品供需合同-奉化一洲.xls,低,是,只认到地域「us」，缺乙炔/丙烷 → 待人工确认,合同,,0
割嘴 #2-1-101 仿包装,待定,,1,1,ziliao/安宝公司/SAAD VICTOR 1-101 USA/ab241227 出口产品供需合同-奉化一洲.xls,低,是,只认到地域「us」，缺乙炔/丙烷 → 待人工确认,合同,,0
割嘴 #3-1-101 仿包装,待定,,1,1,ziliao/安宝公司/SAAD VICTOR 1-101 USA/ab241227 出口产品供需合同-奉化一洲.xls,低,是,只认到地域「us」，缺乙炔/丙烷 → 待人工确认,合同,,0
割嘴 #4-1-101 仿包装,待定,,1,1,ziliao/安宝公司/SAAD VICTOR 1-101 USA/ab241227 出口产品供需合同-奉化一洲.xls,低,是,只认到地域「us」，缺乙炔/丙烷 → 待人工确认,合同,,0
割嘴 1-101 #6 仿包装,待定,,1,1,ziliao/安宝公司/A. SH  AIR - OXY 里卡多/A.SH/AB26003 出口产品供需合同-奉化一洲.xls,低,是,只认到地域「us」，缺乙炔/丙烷 → 待人工确认,合同,,0
割嘴 1#-3-101,待定,常规中性，塑料盒包装,1,1,"ziliao/安宝公司/常规 1-101, 3-101/AB25898 出口产品供需合同-奉化一洲.xls",低,是,只认到地域「us」，缺乙炔/丙烷 → 待人工确认,合同,,0
"割嘴 3#-GPN 
产品号码6029",待定,,1,1,ziliao/安宝公司/美国FRONNY/订单/2023/ab23198 出口产品供需合同-一洲p060178.xls,低,是,名称里没有可辨认的类型证据 → 待人工确认,合同,,0
"割嘴 4#-3-101 
产品号码100275",待定,,1,1,ziliao/安宝公司/美国FRONNY/订单/2023/ab23198 出口产品供需合同-一洲p060178.xls,低,是,只认到地域「us」，缺乙炔/丙烷 → 待人工确认,合同,,0
"割嘴 4#-GPN
产品号码100285",待定,,1,1,ziliao/安宝公司/美国FRONNY/订单/2023/ab23198 出口产品供需合同-一洲p060178.xls,低,是,名称里没有可辨认的类型证据 → 待人工确认,合同,,0
"割嘴 6290-00#
产品号码6008",待定,,1,1,ziliao/安宝公司/美国FRONNY/订单/2023/AB23824 出口产品供需合同-一洲PO61372.xls,低,是,只认到地域「us」，缺乙炔/丙烷 → 待人工确认,合同,,0
割嘴 6290-1乙炔割嘴 52g,us_acetylene,,1,1,ziliao/安宝公司/Weldsolutions不干胶/合同/2022前/AB22091 出口产品供需合同-奉化一洲.xls,低,否,气体（acetylene）+ 地域（us）均为字面证据,合同,,0
割嘴 6290-NFF 1#,待定,包装：按返单AB22104生产和包装,1,1,ziliao/安宝公司/有焊嘴订单/订单/AB22879 出口产品供需合同-奉化一洲(1).xls,低,是,只认到地域「us」，缺乙炔/丙烷 → 待人工确认,合同,,0
割嘴 6290-NFF 2#,待定,,1,1,ziliao/安宝公司/有焊嘴订单/订单/AB22879 出口产品供需合同-奉化一洲(1).xls,低,是,只认到地域「us」，缺乙炔/丙烷 → 待人工确认,合同,,0
割嘴 6290-NFF Nº1,待定,,1,1,"ziliao/安宝公司/常规1-101,GPN 6290NX,G1-P,NFF/AB24301 出口产品供需合同-奉化一洲.xls",低,是,只认到地域「us」，缺乙炔/丙烷 → 待人工确认,合同,,0
割嘴 6290-NFF Nº2,待定,,1,1,"ziliao/安宝公司/常规1-101,GPN 6290NX,G1-P,NFF/AB24301 出口产品供需合同-奉化一洲.xls",低,是,只认到地域「us」，缺乙炔/丙烷 → 待人工确认,合同,,0
割嘴 6290-NFF Nº3,待定,,1,1,ziliao/安宝公司/有焊嘴订单/订单/AB22104 出口产品供需合同-奉化一洲.xls,低,是,只认到地域「us」，缺乙炔/丙烷 → 待人工确认,合同,,0
割嘴 6290-NFF Nº4,待定,,1,1,ziliao/安宝公司/有焊嘴订单/订单/AB22104 出口产品供需合同-奉化一洲.xls,低,是,只认到地域「us」，缺乙炔/丙烷 → 待人工确认,合同,,0
"割嘴 81021 1#
塑料盖贴：81021-1",待定,包装：塑料盒+贴对应不干胶,1,1,ziliao/安宝公司/81021 ARS88/ab22490 出口产品供需合同-一洲.xls,低,是,名称里没有可辨认的类型证据 → 待人工确认,合同,,0
"割嘴 81021 2#
塑料盖贴：81021-2",待定,,1,1,ziliao/安宝公司/81021 ARS88/ab22490 出口产品供需合同-一洲.xls,低,是,名称里没有可辨认的类型证据 → 待人工确认,合同,,0
"割嘴 81021 3#
塑料盖贴：81021-3",待定,,1,1,ziliao/安宝公司/81021 ARS88/ab22490 出口产品供需合同-一洲.xls,低,是,名称里没有可辨认的类型证据 → 待人工确认,合同,,0
"割嘴 81021 4#
塑料盖贴：81021-4",待定,,1,1,ziliao/安宝公司/81021 ARS88/ab22490 出口产品供需合同-一洲.xls,低,是,名称里没有可辨认的类型证据 → 待人工确认,合同,,0
"割嘴 G1-P 10/10""",待定,,1,1,ziliao/安宝公司/G1-P/G1-P彩盒/AB21870 出口产品供需合同-奉化一洲.xls,低,是,名称里没有可辨认的类型证据 → 待人工确认,合同,,0
"割嘴 G1-P 10/10"" 重78g",待定,,1,1,ziliao/安宝公司/G1-P/G1-P彩盒/AB22054 出口产品供需合同-奉化一洲.xls,低,是,名称里没有可辨认的类型证据 → 待人工确认,合同,,0
"割嘴 G1-P 12/10"" 重78g",待定,,1,1,ziliao/安宝公司/G1-P/G1-P彩盒/AB22054 出口产品供需合同-奉化一洲.xls,低,是,名称里没有可辨认的类型证据 → 待人工确认,合同,,0
"割嘴 G1-P 30/10"" 重78g",待定,,1,1,ziliao/安宝公司/G1-P/G1-P彩盒/AB22054 出口产品供需合同-奉化一洲.xls,低,是,名称里没有可辨认的类型证据 → 待人工确认,合同,,0
"割嘴 G1-P 7/10""",待定,白盒包装,1,1,ziliao/安宝公司/G1-P/G1-P彩盒/AB21870 出口产品供需合同-奉化一洲.xls,低,是,名称里没有可辨认的类型证据 → 待人工确认,合同,,0
"割嘴 G1-P 7/10"" 重78g",待定,,1,1,ziliao/安宝公司/G1-P/G1-P彩盒/AB22054 出口产品供需合同-奉化一洲.xls,低,是,名称里没有可辨认的类型证据 → 待人工确认,合同,,0
割嘴 G11  Nº1,待定,,1,1,ziliao/安宝公司/有焊嘴订单/订单/AB22104 出口产品供需合同-奉化一洲.xls,低,是,名称里没有可辨认的类型证据 → 待人工确认,合同,,0
割嘴 G11  Nº2,待定,,1,1,ziliao/安宝公司/有焊嘴订单/订单/AB22104 出口产品供需合同-奉化一洲.xls,低,是,名称里没有可辨认的类型证据 → 待人工确认,合同,,0
割嘴 GPN-0,待定,,1,1,ziliao/安宝公司/Weldsolutions不干胶/合同/2022前/AB22091 出口产品供需合同-奉化一洲.xls,低,是,名称里没有可辨认的类型证据 → 待人工确认,合同,,0
割嘴 GPN-1,待定,,1,1,ziliao/安宝公司/Weldsolutions不干胶/合同/2022前/AB22091 出口产品供需合同-奉化一洲.xls,低,是,名称里没有可辨认的类型证据 → 待人工确认,合同,,0
割嘴 GPN-2,待定,标贴尺寸：80x16mm 塑料盒盖用深蓝色,1,1,ziliao/安宝公司/Weldsolutions不干胶/合同/2022前/AB22091 出口产品供需合同-奉化一洲.xls,低,是,名称里没有可辨认的类型证据 → 待人工确认,合同,,0
割嘴 GPN-3,待定,,1,1,ziliao/安宝公司/Weldsolutions不干胶/合同/2022前/AB22091 出口产品供需合同-奉化一洲.xls,低,是,名称里没有可辨认的类型证据 → 待人工确认,合同,,0
割嘴 GPN-5,待定,,1,1,ziliao/安宝公司/Weldsolutions不干胶/合同/2022前/AB22091 出口产品供需合同-奉化一洲.xls,低,是,名称里没有可辨认的类型证据 → 待人工确认,合同,,0
割嘴 GPN-6,待定,,1,1,ziliao/安宝公司/Weldsolutions不干胶/合同/2022前/AB22091 出口产品供需合同-奉化一洲.xls,低,是,名称里没有可辨认的类型证据 → 待人工确认,合同,,0
割嘴 PNME 5/64 (MUREX彩盒，18槽） 75克,待定,,1,1,ziliao/安宝公司/旧订单资料/YAMATO-200/伊朗Rabin/出口产品供需合同 ABH21594 （一洲).xls,低,是,只认到地域「uk」，缺乙炔/丙烷 → 待人工确认,合同,,0
"割嘴 SC-12-00#
产品号码100242",待定,,1,1,ziliao/安宝公司/美国FRONNY/订单/2023/ab23198 出口产品供需合同-一洲p060178.xls,低,是,名称里没有可辨认的类型证据 → 待人工确认,合同,,0
"割嘴 SC-12-4#
产品号码100245",待定,,1,1,ziliao/安宝公司/美国FRONNY/订单/2023/ab23198 出口产品供需合同-一洲p060178.xls,低,是,名称里没有可辨认的类型证据 → 待人工确认,合同,,0
"割嘴 SC-50-1#
产品号码100249",待定,,1,1,ziliao/安宝公司/美国FRONNY/订单/2023/ab23198 出口产品供需合同-一洲p060178.xls,低,是,名称里没有可辨认的类型证据 → 待人工确认,合同,,0
割嘴1-101-1# M1H0013,待定,散装,1,1,"ziliao/安宝公司/常规1-101,GPN 6290NX,G1-P,NFF/ab22923 出口产品供需合同-奉化一洲.xls",低,是,只认到地域「us」，缺乙炔/丙烷 → 待人工确认,合同,,0
割嘴1-101-2,待定,,1,1,"ziliao/安宝公司/B.S.A. 6290NX,6290,1-101,GPN/AB24310 出口产品供需合同-一洲.xls",低,是,只认到地域「us」，缺乙炔/丙烷 → 待人工确认,合同,,0
割嘴1-101-3,待定,,1,1,"ziliao/安宝公司/B.S.A. 6290NX,6290,1-101,GPN/AB24818 出口产品供需合同-一洲(1).xls",低,是,只认到地域「us」，缺乙炔/丙烷 → 待人工确认,合同,,0
割嘴3-101 000# 号码6016 产品100516,待定,,1,1,ziliao/安宝公司/美国FRONNY/订单/2025/AB25945 出口产品供需合同-一洲.xls,低,是,只认到地域「us」，缺乙炔/丙烷 → 待人工确认,合同,,0
割嘴3-3-GPN,待定,,1,1,"ziliao/安宝公司/B.S.A. 6290NX,6290,1-101,GPN/AB24310 出口产品供需合同-一洲.xls",低,是,名称里没有可辨认的类型证据 → 待人工确认,合同,,0
割嘴3-GPN 0# 产品号码6030,待定,3-GPN割嘴,1,1,ziliao/安宝公司/美国FRONNY/订单/2026/AB26387.xls,低,是,名称里没有可辨认的类型证据 → 待人工确认,合同,,0
割嘴6290-2,待定,,1,1,"ziliao/安宝公司/B.S.A. 6290NX,6290,1-101,GPN/AB24310 出口产品供需合同-一洲.xls",低,是,只认到地域「us」，缺乙炔/丙烷 → 待人工确认,合同,,0
刻字: STEELCO 1 尼龙袋包装,待定,刻字: STEELCO 1 尼龙袋包装,1,1,嵊州海田/AIR IMETAN Ricardo/任江南采购单 - HARRIS焊杆.doc,低,是,名称里没有可辨认的类型证据 → 待人工确认,采购单,,1
"刻字: VICTOR LPG 包装: 包括卡璜,O形圈, 装配好后每套一个尼龙袋",待定,"刻字: VICTOR LPG 包装: 包括卡璜,O形圈, 装配好后每套一个尼龙袋",1,1,"嵊州海田/IAS T15,T20,106HC 加热嘴 宋/T20连接器.doc",低,是,只认到气体「propane」，缺英式/美式 → 待人工确认,其它单据,,1
连接器,待定,,1,1,"嵊州海田/IAS T15,T20,106HC 加热嘴 宋/T20连接器.doc",低,是,名称里没有可辨认的类型证据 → 待人工确认,其它单据,,0
内嘴 P0 刻字内容规格与型号 如右图,待定,,1,1,ziliao/安宝公司/旧订单资料/REDIUS俄罗斯/DOKA PNM/DOKA 订单/AB251096.xls,低,是,名称里没有可辨认的类型证据 → 待人工确认,合同,,0
"内嘴 P0 刻字内容规格与型号 如右图
单只塑料袋包装 500只/箱 重41G",待定,,1,1,ziliao/安宝公司/旧订单资料/REDIUS俄罗斯/DOKA PNM/DOKA 订单/ab221024 出口产品供需合同-一洲(1).xls,低,是,名称里没有可辨认的类型证据 → 待人工确认,合同,,0
"内嘴 P1 9槽 重42.5G
刻字内容：规格+型号
包装：单只塑料袋包装 500只/箱",待定,,1,1,ziliao/安宝公司/旧订单资料/REDIUS俄罗斯/REDIUS/AB22358 出口产品供需合同-一洲.xls,低,是,名称里没有可辨认的类型证据 → 待人工确认,合同,,0
"内嘴 P1 刻字内容规格与型号 
单只塑料袋包装 500只/箱 重42G",待定,,1,1,ziliao/安宝公司/旧订单资料/REDIUS俄罗斯/DOKA PNM/DOKA 订单/AB22345 出口产品供需合同-奉化一洲.xls,低,是,名称里没有可辨认的类型证据 → 待人工确认,合同,,0
内嘴 P1 刻字内容规格与型号 如右图,待定,,1,1,ziliao/安宝公司/旧订单资料/REDIUS俄罗斯/DOKA PNM/DOKA 订单/AB251096.xls,低,是,名称里没有可辨认的类型证据 → 待人工确认,合同,,0
"内嘴 P1 刻字内容规格与型号 如右图
单只塑料袋包装 500只/箱 重41G",待定,,1,1,ziliao/安宝公司/旧订单资料/REDIUS俄罗斯/DOKA PNM/DOKA 订单/ab221024 出口产品供需合同-一洲(1).xls,低,是,名称里没有可辨认的类型证据 → 待人工确认,合同,,0
内嘴 P1，9槽刻字内容规格与型号，单只塑料袋包装，500只/箱 重42.5G,待定,,1,1,ziliao/安宝公司/旧订单资料/REDIUS俄罗斯/DOKA PNM/DOKA 订单/AB22082 出口产品供需合同-奉化一洲.xls,低,是,名称里没有可辨认的类型证据 → 待人工确认,合同,,0
"内嘴 P2 9槽 重42.5g

刻字：内容规格+型号
包装：只/塑料袋 500只/箱",待定,,1,1,ziliao/安宝公司/旧订单资料/REDIUS俄罗斯/P#21420/AB21912 出口产品供需合同-奉化一洲.xls,低,是,名称里没有可辨认的类型证据 → 待人工确认,合同,,0
"内嘴 P2 9槽 重42.5G
刻字内容：规格+型号
包装：单只塑料袋包装 500只/箱",待定,,1,1,ziliao/安宝公司/旧订单资料/REDIUS俄罗斯/REDIUS/AB22358 出口产品供需合同-一洲.xls,低,是,名称里没有可辨认的类型证据 → 待人工确认,合同,,0
"内嘴 P2 刻字内容规格与型号 
单只塑料袋包装 500只/箱 重42G",待定,,1,1,ziliao/安宝公司/旧订单资料/REDIUS俄罗斯/DOKA PNM/DOKA 订单/AB22345 出口产品供需合同-奉化一洲.xls,低,是,名称里没有可辨认的类型证据 → 待人工确认,合同,,0
内嘴 P2 刻字内容规格与型号 如右图,待定,,1,1,ziliao/安宝公司/旧订单资料/REDIUS俄罗斯/DOKA PNM/DOKA 订单/AB251096.xls,低,是,名称里没有可辨认的类型证据 → 待人工确认,合同,,0
"内嘴 P2 刻字内容规格与型号 如右图
单只塑料袋包装 500只/箱 重41G",待定,,1,1,ziliao/安宝公司/旧订单资料/REDIUS俄罗斯/DOKA PNM/DOKA 订单/ab221024 出口产品供需合同-一洲(1).xls,低,是,名称里没有可辨认的类型证据 → 待人工确认,合同,,0
内嘴 P2，9槽刻字内容规格与型号，单只塑料袋包装，500只/箱 重42.5G,待定,,1,1,ziliao/安宝公司/旧订单资料/REDIUS俄罗斯/DOKA PNM/DOKA 订单/AB22082 出口产品供需合同-奉化一洲.xls,低,是,名称里没有可辨认的类型证据 → 待人工确认,合同,,0
"内嘴 P3 9槽 重42.5G
刻字内容：规格与型号
包装：单只塑料袋包装 500只/箱",待定,,1,1,ziliao/安宝公司/旧订单资料/REDIUS俄罗斯/REDIUS/AB22358 出口产品供需合同-一洲.xls,低,是,名称里没有可辨认的类型证据 → 待人工确认,合同,,0
"内嘴 P3 刻字内容规格与型号 
单只塑料袋包装 500只/箱 重42G",待定,,1,1,ziliao/安宝公司/旧订单资料/REDIUS俄罗斯/DOKA PNM/DOKA 订单/AB22345 出口产品供需合同-奉化一洲.xls,低,是,名称里没有可辨认的类型证据 → 待人工确认,合同,,0
内嘴 P3 刻字内容规格与型号 如右图,待定,,1,1,ziliao/安宝公司/旧订单资料/REDIUS俄罗斯/DOKA PNM/DOKA 订单/AB251096.xls,低,是,名称里没有可辨认的类型证据 → 待人工确认,合同,,0
"内嘴 P3 刻字内容规格与型号 如右图
单只塑料袋包装 500只/箱 重41G",待定,,1,1,ziliao/安宝公司/旧订单资料/REDIUS俄罗斯/DOKA PNM/DOKA 订单/ab221024 出口产品供需合同-一洲(1).xls,低,是,名称里没有可辨认的类型证据 → 待人工确认,合同,,0
内嘴 P3，9槽刻字内容规格与型号，单只塑料袋包装，500只/箱 重42.5G,待定,,1,1,ziliao/安宝公司/旧订单资料/REDIUS俄罗斯/DOKA PNM/DOKA 订单/AB22082 出口产品供需合同-奉化一洲.xls,低,是,名称里没有可辨认的类型证据 → 待人工确认,合同,,0
内嘴 P4 刻字内容规格与型号 如右图,待定,,1,1,ziliao/安宝公司/旧订单资料/REDIUS俄罗斯/DOKA PNM/DOKA 订单/AB251096.xls,低,是,名称里没有可辨认的类型证据 → 待人工确认,合同,,0
"内嘴 P4 刻字内容规格与型号 如右图
单只塑料袋包装 500只/箱 重41G",待定,,1,1,ziliao/安宝公司/旧订单资料/REDIUS俄罗斯/DOKA PNM/DOKA 订单/ab221024 出口产品供需合同-一洲(1).xls,低,是,名称里没有可辨认的类型证据 → 待人工确认,合同,,0
"内嘴 P4 刻字内容规格与型号 如右图
单只塑料袋包装 500只/箱 重42G",待定,,1,1,ziliao/安宝公司/旧订单资料/REDIUS俄罗斯/DOKA PNM/DOKA 订单/AB22819 出口产品供需合同-一洲.xls,低,是,名称里没有可辨认的类型证据 → 待人工确认,合同,,0
"内嘴 P5 9槽 重42.5G
刻字内容：规格与型号
包装：单只塑料袋包装 500只/箱",待定,,1,1,ziliao/安宝公司/旧订单资料/REDIUS俄罗斯/REDIUS/AB22358 出口产品供需合同-一洲.xls,低,是,名称里没有可辨认的类型证据 → 待人工确认,合同,,0
内嘴 P5 刻字内容规格与型号 如右图,待定,,1,1,ziliao/安宝公司/旧订单资料/REDIUS俄罗斯/DOKA PNM/DOKA 订单/AB251096.xls,低,是,名称里没有可辨认的类型证据 → 待人工确认,合同,,0
"内嘴 P5 刻字内容规格与型号 如右图
单只塑料袋包装 500只/箱 重41G",待定,,1,1,ziliao/安宝公司/旧订单资料/REDIUS俄罗斯/DOKA PNM/DOKA 订单/ab221024 出口产品供需合同-一洲(1).xls,低,是,名称里没有可辨认的类型证据 → 待人工确认,合同,,0
"内嘴 P5 刻字内容规格与型号 如右图
单只塑料袋包装 500只/箱 重42G",待定,,1,1,ziliao/安宝公司/旧订单资料/REDIUS俄罗斯/DOKA PNM/DOKA 订单/AB22819 出口产品供需合同-一洲.xls,低,是,名称里没有可辨认的类型证据 → 待人工确认,合同,,0
"内嘴 P6 9槽 重42.5G
刻字内容：规格与型号
包装：单只塑料袋包装 500只/箱",待定,,1,1,ziliao/安宝公司/旧订单资料/REDIUS俄罗斯/REDIUS/AB22358 出口产品供需合同-一洲.xls,低,是,名称里没有可辨认的类型证据 → 待人工确认,合同,,0
"内嘴 P6 刻字内容规格与型号 如右图
单只塑料袋包装 500只/箱 重41G",待定,,1,1,ziliao/安宝公司/旧订单资料/REDIUS俄罗斯/DOKA PNM/DOKA 订单/ab221024 出口产品供需合同-一洲(1).xls,低,是,名称里没有可辨认的类型证据 → 待人工确认,合同,,0
"内嘴 P6 刻字内容规格与型号 如右图
单只塑料袋包装 500只/箱 重42G",待定,,1,1,ziliao/安宝公司/旧订单资料/REDIUS俄罗斯/DOKA PNM/DOKA 订单/AB22819 出口产品供需合同-一洲.xls,低,是,名称里没有可辨认的类型证据 → 待人工确认,合同,,0
尼龙袋 白盒 2-W 1-W-1 8-MFA,待定,尼龙袋 白盒 2-W 1-W-1 8-MFA,1,1,"嵊州海田/CJY 1-101, GPN/任江南采购单-焊杆.doc",低,是,名称里没有可辨认的类型证据 → 待人工确认,采购单,,1
配T15T20的杆子+连接器,待定,连接器刻上 VICTOR LPG,1,1,"嵊州海田/IAS T15,T20,106HC 加热嘴 宋/T15T20杆子+连接器  采购单.doc",低,是,名称里没有可辨认的类型证据 → 待人工确认,采购单,,1
塑壳 红盖 不干胶 50只/中盒,待定,1-1-101,1,1,嵊州海田/CKT 1-101/常规生产计划单.doc,低,是,名称里没有可辨认的类型证据 → 待人工确认,计划单,,1
"外嘴 PNM 1# 刻字内容规格与型号 
单只塑料袋包装 500只/箱 重32G",待定,,1,1,ziliao/安宝公司/旧订单资料/REDIUS俄罗斯/DOKA PNM/DOKA 订单/AB22345 出口产品供需合同-奉化一洲.xls,低,是,只认到地域「uk」，缺乙炔/丙烷 → 待人工确认,合同,,0
外嘴 PNM 1# 刻字内容规格与型号 如图,待定,,1,1,ziliao/安宝公司/旧订单资料/REDIUS俄罗斯/DOKA PNM/DOKA 订单/AB251096.xls,低,是,只认到地域「uk」，缺乙炔/丙烷 → 待人工确认,合同,,0
"外嘴 PNM 1# 刻字内容规格与型号 如图
单只塑料袋包装 500只/箱 重31G",待定,,1,1,ziliao/安宝公司/旧订单资料/REDIUS俄罗斯/DOKA PNM/DOKA 订单/ab221024 出口产品供需合同-一洲(1).xls,低,是,只认到地域「uk」，缺乙炔/丙烷 → 待人工确认,合同,,0
外嘴 PNM 2# 刻字内容规格与型号 如图,待定,,1,1,ziliao/安宝公司/旧订单资料/REDIUS俄罗斯/DOKA PNM/DOKA 订单/AB251096.xls,低,是,只认到地域「uk」，缺乙炔/丙烷 → 待人工确认,合同,,0
"外嘴 PNM 2# 刻字内容规格与型号 如图
单只塑料袋包装 500只/箱 重31G",待定,,1,1,ziliao/安宝公司/旧订单资料/REDIUS俄罗斯/DOKA PNM/DOKA 订单/ab221024 出口产品供需合同-一洲(1).xls,低,是,只认到地域「uk」，缺乙炔/丙烷 → 待人工确认,合同,,0
"外嘴 PNM1 重32G
刻字内容：规格+型号 
包装：单只塑料袋包装 500只/箱",待定,包装要求：按返单AB21644包装,1,1,ziliao/安宝公司/旧订单资料/REDIUS俄罗斯/REDIUS/AB22358 出口产品供需合同-一洲.xls,低,是,只认到地域「uk」，缺乙炔/丙烷 → 待人工确认,合同,,0
"外嘴 PNM1，刻字内容规格与型号，单只塑料袋包装，500只/箱,重32G",待定,,1,1,ziliao/安宝公司/旧订单资料/REDIUS俄罗斯/DOKA PNM/DOKA 订单/AB22082 出口产品供需合同-奉化一洲.xls,低,是,只认到地域「uk」，缺乙炔/丙烷 → 待人工确认,合同,,0
维克多款式 GPN  #0  仿,待定,,1,1,ziliao/安宝公司/旧订单资料/GICOWELD/合同/AB211007 出口产品供需合同-奉化一洲.xls,低,是,名称里没有可辨认的类型证据 → 待人工确认,合同,,0
维克多款式 GPN  #2  仿,待定,,1,1,ziliao/安宝公司/旧订单资料/GICOWELD/合同/AB211007 出口产品供需合同-奉化一洲.xls,低,是,名称里没有可辨认的类型证据 → 待人工确认,合同,,0
维克多款式 GPN  #6  仿,待定,,1,1,ziliao/安宝公司/旧订单资料/GICOWELD/合同/AB211007 出口产品供需合同-奉化一洲.xls,低,是,名称里没有可辨认的类型证据 → 待人工确认,合同,,0
乙炔割嘴 1-101 #0 84.5g,us_acetylene,,1,1,"ziliao/安宝公司/常规1-101,GPN 6290NX,G1-P,NFF/AB25951 出口产品供需合同-一洲(1).xls",低,否,气体（acetylene）+ 地域（us）均为字面证据,合同,,0
"乙炔割嘴 1-101 #00
塑料盖贴：1-101 00",us_acetylene,,1,1,ziliao/安宝公司/A. SH  AIR - OXY 里卡多/合同/2025/AB25565 出口产品供需合同-奉化一洲.xls,低,否,气体（acetylene）+ 地域（us）均为字面证据,合同,,0
乙炔割嘴 1-101 #00 84.5g,us_acetylene,,1,1,"ziliao/安宝公司/常规1-101,GPN 6290NX,G1-P,NFF/AB25951 出口产品供需合同-一洲(1).xls",低,否,气体（acetylene）+ 地域（us）均为字面证据,合同,,0
乙炔割嘴 1-101 #000 84.5g,us_acetylene,,1,1,"ziliao/安宝公司/常规1-101,GPN 6290NX,G1-P,NFF/AB25951 出口产品供需合同-一洲(1).xls",低,否,气体（acetylene）+ 地域（us）均为字面证据,合同,,0
乙炔割嘴 1-101 #1 84.5g,us_acetylene,,1,1,"ziliao/安宝公司/常规1-101,GPN 6290NX,G1-P,NFF/AB25951 出口产品供需合同-一洲(1).xls",低,否,气体（acetylene）+ 地域（us）均为字面证据,合同,,0
乙炔割嘴 1-101 #2 84.5g,us_acetylene,,1,1,"ziliao/安宝公司/常规1-101,GPN 6290NX,G1-P,NFF/AB25951 出口产品供需合同-一洲(1).xls",低,否,气体（acetylene）+ 地域（us）均为字面证据,合同,,0
乙炔割嘴 1-101 #3 84.5g,us_acetylene,,1,1,"ziliao/安宝公司/常规1-101,GPN 6290NX,G1-P,NFF/AB25951 出口产品供需合同-一洲(1).xls",低,否,气体（acetylene）+ 地域（us）均为字面证据,合同,,0
乙炔割嘴 1-101 #4 84.5g,us_acetylene,,1,1,"ziliao/安宝公司/常规1-101,GPN 6290NX,G1-P,NFF/AB25951 出口产品供需合同-一洲(1).xls",低,否,气体（acetylene）+ 地域（us）均为字面证据,合同,,0
"乙炔割嘴 1-101 #5
塑料盖贴：1-101 4",us_acetylene,,1,1,ziliao/安宝公司/A. SH  AIR - OXY 里卡多/合同/2023/ab23504  里卡多客户.xls,低,否,气体（acetylene）+ 地域（us）均为字面证据,合同,,0
乙炔割嘴 1-101 #5 84.5g,us_acetylene,,1,1,"ziliao/安宝公司/常规1-101,GPN 6290NX,G1-P,NFF/AB25951 出口产品供需合同-一洲(1).xls",低,否,气体（acetylene）+ 地域（us）均为字面证据,合同,,0
"乙炔割嘴 1-101 #6
塑料盖贴：1-101 8",us_acetylene,,1,1,ziliao/安宝公司/A. SH  AIR - OXY 里卡多/合同/2023/ab23504  里卡多客户.xls,低,否,气体（acetylene）+ 地域（us）均为字面证据,合同,,0
乙炔割嘴 1-101 #6 84.5g,us_acetylene,,1,1,"ziliao/安宝公司/常规1-101,GPN 6290NX,G1-P,NFF/AB25951 出口产品供需合同-一洲(1).xls",低,否,气体（acetylene）+ 地域（us）均为字面证据,合同,,0
乙炔割嘴 1-101 #6 仿包装,us_acetylene,,1,1,ziliao/安宝公司/A. SH  AIR - OXY 里卡多/合同/2026/AB26612.xls,低,否,气体（acetylene）+ 地域（us）均为字面证据,合同,,0
乙炔割嘴 1-101 #7 84.5g,us_acetylene,,1,1,"ziliao/安宝公司/常规1-101,GPN 6290NX,G1-P,NFF/AB25951 出口产品供需合同-一洲(1).xls",低,否,气体（acetylene）+ 地域（us）均为字面证据,合同,,0
乙炔割嘴 1-101 #8 84.5g,us_acetylene,,1,1,"ziliao/安宝公司/常规1-101,GPN 6290NX,G1-P,NFF/AB25951 出口产品供需合同-一洲(1).xls",低,否,气体（acetylene）+ 地域（us）均为字面证据,合同,,0
"乙炔割嘴 1-101 0#
刻字中性如右图所示

包装：中性塑料盒+中性不干胶",us_acetylene,,1,1,ziliao/安宝公司/F&G 订单/ab23779 出口产品供需合同-一洲(1).xls,低,否,气体（acetylene）+ 地域（us）均为字面证据,合同,,0
"乙炔割嘴 1-101 1#
高仿

包装：中性塑料盒+中性不干胶",us_acetylene,,1,1,ziliao/安宝公司/F&G 订单/ab23789 出口产品供需合同-一洲.xls,低,否,气体（acetylene）+ 地域（us）均为字面证据,合同,,0
"乙炔割嘴 1-101 2#
刻字中性如右图所示

包装：中性塑料盒+中性不干胶",us_acetylene,,1,1,ziliao/安宝公司/F&G 订单/ab23779 出口产品供需合同-一洲(1).xls,低,否,气体（acetylene）+ 地域（us）均为字面证据,合同,,0
"乙炔割嘴 1-101 3#

请注意：3只是样品单独装",us_acetylene,,1,1,"ziliao/安宝公司/B.S.A. 6290NX,6290,1-101,GPN/2026/AB26775.xls",低,否,气体（acetylene）+ 地域（us）均为字面证据,合同,,0
"乙炔割嘴 1-101 3#
刻字中性如右图所示

包装：中性塑料盒+中性不干胶",us_acetylene,,1,1,ziliao/安宝公司/F&G 订单/ab23779 出口产品供需合同-一洲(1).xls,低,否,气体（acetylene）+ 地域（us）均为字面证据,合同,,0
"乙炔割嘴 1-101 Nº 1
厚度：10-20mm
预热：0.7  孔口：1.2
包装：塑料盒+不干胶如右图",us_acetylene,,1,1,ziliao/安宝公司/KLK  1-101. GPN/合同/ab22937 出口产品供需合同-奉化一洲.xls,低,否,气体（acetylene）+ 地域（us）均为字面证据,合同,,0
"乙炔割嘴 1-101 Nº 2
厚度：20-40mm
预热：0.8 孔口：1.5
包装：塑料盒+不干胶如右图",us_acetylene,,1,1,ziliao/安宝公司/KLK  1-101. GPN/合同/ab22937 出口产品供需合同-奉化一洲.xls,低,否,气体（acetylene）+ 地域（us）均为字面证据,合同,,0
"乙炔割嘴 1-101 Nº 3
厚度：40-60mm
预热：0.9 孔口：1.8
包装：塑料盒+不干胶如右图",us_acetylene,,1,1,ziliao/安宝公司/KLK  1-101. GPN/合同/ab22937 出口产品供需合同-奉化一洲.xls,低,否,气体（acetylene）+ 地域（us）均为字面证据,合同,,0
"乙炔割嘴 102HC-1#
包装：彩卡+泡壳+说明书",待定,102HC #1,1,1,"ziliao/安宝公司/HQF 41 6290NX/41, NX, 6290/AB251341 出口产品供需合同-奉化一洲(1).xls",低,是,只认到气体「acetylene」，缺英式/美式 → 待人工确认,合同,,0
乙炔割嘴 102HC-2#,待定,,1,1,"ziliao/安宝公司/HQF 41 6290NX/41, NX, 6290/ab241160 出口产品供需合同-一洲.xls",低,是,只认到气体「acetylene」，缺英式/美式 → 待人工确认,合同,,0
"乙炔割嘴 102HC-2#
包装：彩卡+泡壳+说明书",待定,102HC #2,1,1,"ziliao/安宝公司/HQF 41 6290NX/41, NX, 6290/AB251341 出口产品供需合同-奉化一洲(1).xls",低,是,只认到气体「acetylene」，缺英式/美式 → 待人工确认,合同,,0
"乙炔割嘴 102HC-3#
包装：彩卡+泡壳+说明书",待定,102HC #3,1,1,"ziliao/安宝公司/HQF 41 6290NX/41, NX, 6290/AB251341 出口产品供需合同-奉化一洲(1).xls",低,是,只认到气体「acetylene」，缺英式/美式 → 待人工确认,合同,,0
"乙炔割嘴 1502 3#
包装+刻字：中性",待定,,1,1,ziliao/安宝公司/有焊嘴订单/订单/2026/AB26572.xls,低,是,只认到气体「acetylene」，缺英式/美式 → 待人工确认,合同,,0
"乙炔割嘴 1502 4#
包装+刻字：中性",待定,,1,1,ziliao/安宝公司/有焊嘴订单/订单/2026/AB26572.xls,低,是,只认到气体「acetylene」，缺英式/美式 → 待人工确认,合同,,0
乙炔割嘴 3-101 #0 84.5g,us_acetylene,,1,1,"ziliao/安宝公司/常规1-101,GPN 6290NX,G1-P,NFF/AB25951 出口产品供需合同-一洲(1).xls",低,否,气体（acetylene）+ 地域（us）均为字面证据,合同,,0
乙炔割嘴 3-101 #00 84.5g,us_acetylene,,1,1,"ziliao/安宝公司/常规1-101,GPN 6290NX,G1-P,NFF/AB25951 出口产品供需合同-一洲(1).xls",低,否,气体（acetylene）+ 地域（us）均为字面证据,合同,,0
乙炔割嘴 3-101 #000 84.5g,us_acetylene,,1,1,"ziliao/安宝公司/常规1-101,GPN 6290NX,G1-P,NFF/AB25951 出口产品供需合同-一洲(1).xls",低,否,气体（acetylene）+ 地域（us）均为字面证据,合同,,0
乙炔割嘴 3-101 #1 84.5g,us_acetylene,,1,1,"ziliao/安宝公司/常规1-101,GPN 6290NX,G1-P,NFF/AB25951 出口产品供需合同-一洲(1).xls",低,否,气体（acetylene）+ 地域（us）均为字面证据,合同,,0
乙炔割嘴 3-101 #2 84.5g,us_acetylene,,1,1,"ziliao/安宝公司/常规1-101,GPN 6290NX,G1-P,NFF/AB25951 出口产品供需合同-一洲(1).xls",低,否,气体（acetylene）+ 地域（us）均为字面证据,合同,,0
乙炔割嘴 3-101 #3 84.5g,us_acetylene,,1,1,"ziliao/安宝公司/常规1-101,GPN 6290NX,G1-P,NFF/AB25951 出口产品供需合同-一洲(1).xls",低,否,气体（acetylene）+ 地域（us）均为字面证据,合同,,0
乙炔割嘴 3-101 #4 84.5g,us_acetylene,,1,1,"ziliao/安宝公司/常规1-101,GPN 6290NX,G1-P,NFF/AB25951 出口产品供需合同-一洲(1).xls",低,否,气体（acetylene）+ 地域（us）均为字面证据,合同,,0
乙炔割嘴 3-101 1#,us_acetylene,,1,1,"ziliao/安宝公司/B.S.A. 6290NX,6290,1-101,GPN/AB24818 出口产品供需合同-一洲(1).xls",低,否,气体（acetylene）+ 地域（us）均为字面证据,合同,,0
"乙炔割嘴 3-101 3#
包装+刻字：中性",us_acetylene,,1,1,ziliao/安宝公司/有焊嘴订单/订单/2026/AB26572.xls,低,否,气体（acetylene）+ 地域（us）均为字面证据,合同,,0
"乙炔割嘴 3-101 4#
包装+刻字：中性",us_acetylene,,1,1,ziliao/安宝公司/有焊嘴订单/订单/2026/AB26572.xls,低,否,气体（acetylene）+ 地域（us）均为字面证据,合同,,0
"乙炔割嘴 6290 2#

请注意：3只是样品单独装",us_acetylene,,1,1,"ziliao/安宝公司/B.S.A. 6290NX,6290,1-101,GPN/2026/AB26775.xls",低,否,气体（acetylene）+ 地域（us）均为字面证据,合同,,0
"乙炔割嘴 6290 WT 1#
刻字：中性常规

包装：如右图类似对应型号",us_acetylene,,1,1,ziliao/安宝公司/WT 6290NX/AB24747 出口产品供需合同-奉化一洲.xls,低,否,气体（acetylene）+ 地域（us）均为字面证据,合同,,0
"乙炔割嘴 6290-1# 
包装：用PP袋/1只割嘴",us_acetylene,,1,1,"ziliao/安宝公司/HARRIS 6290-2AC, 41 原装/62902AC合同/AB23451 出口产品供需合同-奉化一洲.xls",低,否,气体（acetylene）+ 地域（us）均为字面证据,合同,,0
"乙炔割嘴 6290-1# 重59.3克
刻字：规格型号 包装：塑料盒+贴纸",us_acetylene,红色 塑料盖 刻字： Ansorg 6290-2/型号,1,1,ziliao/安宝公司/Ansorg/AB25457 出口产品供需合同-奉化一洲.xls,低,否,气体（acetylene）+ 地域（us）均为字面证据,合同,,0
"乙炔割嘴 6290-2# 重59.3克
刻字：规格型号 包装：塑料盒+贴纸",us_acetylene,,1,1,ziliao/安宝公司/Ansorg/AB25457 出口产品供需合同-奉化一洲.xls,低,否,气体（acetylene）+ 地域（us）均为字面证据,合同,,0
"乙炔割嘴 6290-4# 重59.3克
刻字：规格型号 包装：塑料盒+贴纸",us_acetylene,,1,1,ziliao/安宝公司/Ansorg/AB25457 出口产品供需合同-奉化一洲.xls,低,否,气体（acetylene）+ 地域（us）均为字面证据,合同,,0
"乙炔割嘴 6290-5# 重59.3克
刻字：规格型号 包装：塑料盒+贴纸",us_acetylene,,1,1,ziliao/安宝公司/Ansorg/AB25457 出口产品供需合同-奉化一洲.xls,低,否,气体（acetylene）+ 地域（us）均为字面证据,合同,,0
"乙炔割嘴 AMN-#1 (切割厚度 10to25mm)
配R3P-3-500三根管子 刻字：AMN+型号

包装：PP袋1只/袋 50只1盒 200只1箱",待定,,1,1,ziliao/安宝公司/旧订单资料/REDIUS俄罗斯/FOOB/AB23537 出口产品供需合同-一洲(1).xls,低,是,只认到气体「acetylene」，缺英式/美式 → 待人工确认,合同,,0
"乙炔割嘴 AMN-#2 (切割厚度 25to75mm)
配R3P-3-500三根管子 刻字：AMN+型号

包装：PP袋1只/袋 50只1盒 200只1箱",待定,,1,1,ziliao/安宝公司/旧订单资料/REDIUS俄罗斯/FOOB/AB23537 出口产品供需合同-一洲(1).xls,低,是,只认到气体「acetylene」，缺英式/美式 → 待人工确认,合同,,0
"乙炔割嘴 AMN-#3 (切割厚度 75to125mm)
配R3P-3-500三根管子 刻字：AMN+型号

包装：PP袋1只/袋 50只1盒 200只1箱",待定,,1,1,ziliao/安宝公司/旧订单资料/REDIUS俄罗斯/FOOB/AB23537 出口产品供需合同-一洲(1).xls,低,是,只认到气体「acetylene」，缺英式/美式 → 待人工确认,合同,,0
"乙炔割嘴 ANM 0# 
刻字内容：规格与型号",uk_acetylene,,1,1,ziliao/安宝公司/旧订单资料/REDIUS俄罗斯/DOKA PNM/DOKA 订单/AB251096.xls,低,否,气体（acetylene）+ 地域（uk）均为字面证据,合同,,0
"乙炔割嘴 ANM 1# 
刻字内容：规格与型号",uk_acetylene,,1,1,ziliao/安宝公司/旧订单资料/REDIUS俄罗斯/DOKA PNM/DOKA 订单/AB251096.xls,低,否,气体（acetylene）+ 地域（uk）均为字面证据,合同,,0
"乙炔割嘴 ANM 2# 
刻字内容：规格与型号",uk_acetylene,,1,1,ziliao/安宝公司/旧订单资料/REDIUS俄罗斯/DOKA PNM/DOKA 订单/AB251096.xls,低,否,气体（acetylene）+ 地域（uk）均为字面证据,合同,,0
"乙炔割嘴 ANM 3# 
刻字内容：规格与型号",uk_acetylene,,1,1,ziliao/安宝公司/旧订单资料/REDIUS俄罗斯/DOKA PNM/DOKA 订单/AB251096.xls,低,否,气体（acetylene）+ 地域（uk）均为字面证据,合同,,0
"乙炔割嘴 ANM 4# 
刻字内容：规格与型号",uk_acetylene,,1,1,ziliao/安宝公司/旧订单资料/REDIUS俄罗斯/DOKA PNM/DOKA 订单/AB251096.xls,低,否,气体（acetylene）+ 地域（uk）均为字面证据,合同,,0
"乙炔割嘴 ANM 5# 
刻字内容：规格与型号",uk_acetylene,,1,1,ziliao/安宝公司/旧订单资料/REDIUS俄罗斯/DOKA PNM/DOKA 订单/AB251096.xls,低,否,气体（acetylene）+ 地域（uk）均为字面证据,合同,,0
"乙炔割嘴 ANM 6# 
刻字内容：规格与型号",uk_acetylene,,1,1,ziliao/安宝公司/旧订单资料/REDIUS俄罗斯/DOKA PNM/DOKA 订单/AB251096.xls,低,否,气体（acetylene）+ 地域（uk）均为字面证据,合同,,0
乙炔割嘴 ANME 1/16 92g,待定,,1,1,ziliao/安宝公司/NICHIYO  ANME/AB26422 出口产品供需合同.xls,低,是,只认到气体「acetylene」，缺英式/美式 → 待人工确认,合同,,0
乙炔割嘴 ANME 1/32 92g,待定,包装要求： 塑料盒子+上面贴贴纸 包装：50只一个白盒 200只/箱,1,1,ziliao/安宝公司/NICHIYO  ANME/AB26422 出口产品供需合同.xls,低,是,只认到气体「acetylene」，缺英式/美式 → 待人工确认,合同,,0
乙炔割嘴 ANME 3/64 92g,待定,,1,1,ziliao/安宝公司/NICHIYO  ANME/AB26422 出口产品供需合同.xls,低,是,只认到气体「acetylene」，缺英式/美式 → 待人工确认,合同,,0
"乙炔割嘴 SC-12-1# 重99.8克
刻字：规格型号 包装：塑料盒+贴纸",待定,红色 塑料盖 刻字： Ansorg SC-12 1(型号),1,1,ziliao/安宝公司/Ansorg/AB25457 出口产品供需合同-奉化一洲.xls,低,是,只认到气体「acetylene」，缺英式/美式 → 待人工确认,合同,,0
"乙炔割嘴 SC-12-2# 重99.8克
刻字：规格型号 包装：塑料盒+贴纸",待定,,1,1,ziliao/安宝公司/Ansorg/AB25457 出口产品供需合同-奉化一洲.xls,低,是,只认到气体「acetylene」，缺英式/美式 → 待人工确认,合同,,0
乙炔割嘴1-101 00# 号码6022 产品100511,us_acetylene,,1,1,ziliao/安宝公司/美国FRONNY/订单/2025/ab25121 出口产品供需合同-一洲po63723.xls,低,否,气体（acetylene）+ 地域（us）均为字面证据,合同,,0
"乙炔割嘴1-101-1
代码：4190",us_acetylene,标贴尺寸：80x16mm 塑料盒盖用红色,1,1,ziliao/安宝公司/INFAR不干胶/INFRA合同/2021/AB21864 出口产品供需合同-奉化一洲(2).xls,低,否,气体（acetylene）+ 地域（us）均为字面证据,合同,,0
"乙炔割嘴1-101-4 82g
代码：4196",us_acetylene,,1,1,ziliao/安宝公司/INFAR不干胶/INFRA合同/2023/ab231264 出口产品供需合同-奉化一洲.xls,低,否,气体（acetylene）+ 地域（us）均为字面证据,合同,,0
乙炔割嘴3-101 00# 号码6017 产品100517,us_acetylene,,1,1,ziliao/安宝公司/美国FRONNY/订单/2025/ab25121 出口产品供需合同-一洲po63723.xls,低,否,气体（acetylene）+ 地域（us）均为字面证据,合同,,0
乙炔割嘴3-101 3# 号码6021 产品100521,us_acetylene,,1,1,ziliao/安宝公司/美国FRONNY/订单/2025/ab25121 出口产品供需合同-一洲po63723.xls,低,否,气体（acetylene）+ 地域（us）均为字面证据,合同,,0
乙炔割嘴3-GPN1 0# 产品号码6030,待定,3-GPN割嘴,1,1,ziliao/安宝公司/美国FRONNY/订单/2026/AB26762.xls,低,是,只认到气体「acetylene」，缺英式/美式 → 待人工确认,合同,,0
乙炔割嘴3-GPN1 1# 产品号码6031,待定,3-GPN割嘴,1,1,ziliao/安宝公司/美国FRONNY/订单/2026/AB26591.xls,低,是,只认到气体「acetylene」，缺英式/美式 → 待人工确认,合同,,0
乙炔割嘴3-GPN1 2# 产品号码6032,待定,,1,1,ziliao/安宝公司/美国FRONNY/订单/2026/AB26591.xls,低,是,只认到气体「acetylene」，缺英式/美式 → 待人工确认,合同,,0
乙炔割嘴6290-1# 产品号码6010,us_acetylene,,1,1,ziliao/安宝公司/美国FRONNY/订单/2025/ab25121 出口产品供需合同-一洲po63723.xls,低,否,气体（acetylene）+ 地域（us）均为字面证据,合同,,0
乙炔割嘴6290-3# 产品号码6012,us_acetylene,,1,1,ziliao/安宝公司/美国FRONNY/订单/2025/ab25121 出口产品供需合同-一洲po63723.xls,低,否,气体（acetylene）+ 地域（us）均为字面证据,合同,,0
"乙炔割嘴ANME 1/16  重量：85g
包装：塑料盒+中性不干胶",待定,,1,1,ziliao/安宝公司/JAI ANME/AB25754.xls,低,是,只认到气体「acetylene」，缺英式/美式 → 待人工确认,合同,,0
"乙炔割嘴ANME 1/32  重量：85g
包装：塑料盒+中性不干胶",待定,,1,1,ziliao/安宝公司/JAI ANME/AB25754.xls,低,是,只认到气体「acetylene」，缺英式/美式 → 待人工确认,合同,,0
"乙炔割嘴ANME 1/8  重量：85g
包装：塑料盒+中性不干胶",待定,,1,1,ziliao/安宝公司/JAI ANME/AB25754.xls,低,是,只认到气体「acetylene」，缺英式/美式 → 待人工确认,合同,,0
"乙炔割嘴ANME 3/64  重量：85g
包装：塑料盒+中性不干胶",待定,,1,1,ziliao/安宝公司/JAI ANME/AB25754.xls,低,是,只认到气体「acetylene」，缺英式/美式 → 待人工确认,合同,,0
乙炔割嘴MC-12-2# 产品号码6004,待定,,1,1,ziliao/安宝公司/美国FRONNY/订单/2026/AB26016.xls,低,是,只认到气体「acetylene」，缺英式/美式 → 待人工确认,合同,,0
"乙炔切割喷嘴,3号
厚度：40-60mm
孔口：1.8",待定,"塑料盒,贴不干胶，victor",1,1,ziliao/安宝公司/KLK  1-101. GPN/合同/AB2171308 出口产品供需合同-奉化一洲.xls,低,是,只认到气体「acetylene」，缺英式/美式 → 待人工确认,合同,,0
"乙炔切割喷嘴,4号
厚度：60-80mm
预热：0.9
孔口：1.8
安宝库存",待定,"塑料盒,贴不干胶，victor",1,1,ziliao/安宝公司/KLK  1-101. GPN/合同/AB2171308 出口产品供需合同-奉化一洲.xls,低,是,只认到气体「acetylene」，缺英式/美式 → 待人工确认,合同,,0
只,待定,,1,1,嵊州海田/EJC02  订单要求(1)/订单/工矿产品购销合同_奉化市维克工具有限公司.doc,低,是,名称里没有可辨认的类型证据 → 待人工确认,其它单据,,0
AGA割嘴，2#，GIOCWELD包装和标签,待定,,1,1,嵊州海田/229/工矿产品购销合同_奉化市维克工具有限公司.doc,低,是,名称里没有可辨认的类型证据 → 待人工确认,其它单据,,1
ANME 割嘴  7/64,待定,,1,1,ziliao/尤耐克/SUA/SUA订单/UW251002559宁波一洲 .xlsx,低,是,名称里没有可辨认的类型证据 → 待人工确认,合同,,0
ANME 割嘴 1/32,待定,,1,1,ziliao/尤耐克/SUA/SUA订单/UW251002559宁波一洲 .xlsx,低,是,名称里没有可辨认的类型证据 → 待人工确认,合同,,0
ANME 割嘴 1/64,待定,,1,1,ziliao/尤耐克/SUA/SUA订单/UW251002559宁波一洲 .xlsx,低,是,名称里没有可辨认的类型证据 → 待人工确认,合同,,0
ANME 割嘴 1/8,待定,,1,1,ziliao/尤耐克/SUA/SUA订单/UW251002559宁波一洲 .xlsx,低,是,名称里没有可辨认的类型证据 → 待人工确认,合同,,0
ANME 割嘴 3/32,待定,,1,1,ziliao/尤耐克/SUA/SUA订单/UW251002559宁波一洲 .xlsx,低,是,名称里没有可辨认的类型证据 → 待人工确认,合同,,0
Cutting nozzles Code:4027,待定,,1,1,ziliao/安宝公司/INFAR不干胶/INFRA合同/2021/出口产品供需合同ab21036（一洲）有重量  .xls,低,是,名称里没有可辨认的类型证据 → 待人工确认,合同,,0
"Cutting nozzles Code:4192 ,    73.2G",待定,,1,1,ziliao/安宝公司/INFAR不干胶/INFRA合同/2021/出口产品供需合同ab21036（一洲）有重量  .xls,低,是,名称里没有可辨认的类型证据 → 待人工确认,合同,,0
Cutting nozzles Code:4193,待定,,1,1,ziliao/安宝公司/INFAR不干胶/INFRA合同/2021/出口产品供需合同ab21036（一洲）有重量  .xls,低,是,名称里没有可辨认的类型证据 → 待人工确认,合同,,0
Cutting nozzles Code:4194,待定,,1,1,ziliao/安宝公司/INFAR不干胶/INFRA合同/2021/出口产品供需合同ab21036（一洲）有重量  .xls,低,是,名称里没有可辨认的类型证据 → 待人工确认,合同,,0
G03-0,待定,,1,1,正恒公司/407字 项高健/WelTec-6290生产计划单.doc,低,是,名称里没有可辨认的类型证据 → 待人工确认,计划单,,0
G03-2,待定,,1,1,嵊州海田/EIC 订单/VICTOR GPN  GO3  生产计划单.doc,低,是,名称里没有可辨认的类型证据 → 待人工确认,计划单,,0
G1-A25/10,待定,,1,1,正恒公司/原装彩盒G1-P/原彩盒G1-P生产计划单.doc,低,是,名称里没有可辨认的类型证据 → 待人工确认,计划单,,0
G1-A25/10 100-150,待定,,1,1,"嵊州海田/GEG GLOOR ANME PNME G1-A, G1-P/GLOOR(G1-A,G1-P)生产计划单.doc",低,是,名称里没有可辨认的类型证据 → 待人工确认,计划单,,0
G1-A7/10 5-10,待定,"G1-A,G1-P,圆塑壳,透明盖 商标,不干胶, 10只/中盒 102-3,261-1,尼龙袋 白盒, 10只/中盒,中盒上贴不干胶",1,1,"嵊州海田/GEG GLOOR ANME PNME G1-A, G1-P/GLOOR生产计划单.doc",低,是,名称里没有可辨认的类型证据 → 待人工确认,计划单,,0
G1-P12/10,待定,,1,1,正恒公司/原装彩盒G1-P/原彩盒G1-P生产计划单.doc,低,是,名称里没有可辨认的类型证据 → 待人工确认,计划单,,0
G1-P12/10 25-50,待定,,1,1,"嵊州海田/GEG GLOOR ANME PNME G1-A, G1-P/GLOOR(G1-A,G1-P)生产计划单.doc",低,是,名称里没有可辨认的类型证据 → 待人工确认,计划单,,0
G1-P16/10 25-50,待定,,1,1,"嵊州海田/GEG GLOOR ANME PNME G1-A, G1-P/GLOOR生产计划单.doc",低,是,名称里没有可辨认的类型证据 → 待人工确认,计划单,,0
G1-P16/10 50-100,待定,,1,1,"嵊州海田/GEG GLOOR ANME PNME G1-A, G1-P/GLOOR(G1-A,G1-P)生产计划单.doc",低,是,名称里没有可辨认的类型证据 → 待人工确认,计划单,,0
G1-P20/10 100-150,待定,,1,1,"嵊州海田/GEG GLOOR ANME PNME G1-A, G1-P/GLOOR(G1-A,G1-P)生产计划单.doc",低,是,名称里没有可辨认的类型证据 → 待人工确认,计划单,,0
G1-P20/10 50-100,待定,,1,1,"嵊州海田/GEG GLOOR ANME PNME G1-A, G1-P/GLOOR生产计划单.doc",低,是,名称里没有可辨认的类型证据 → 待人工确认,计划单,,0
G1-P25/10 150-200,待定,,1,1,"嵊州海田/GEG GLOOR ANME PNME G1-A, G1-P/GLOOR(G1-A,G1-P)生产计划单.doc",低,是,名称里没有可辨认的类型证据 → 待人工确认,计划单,,0
G1-P30/10,待定,,1,1,"嵊州海田/CEY ,CSD, 圆壳G1-A/G1-P生产计划单.doc",低,是,名称里没有可辨认的类型证据 → 待人工确认,计划单,,0
G1-P30/10 200-300,待定,,1,1,"嵊州海田/GEG GLOOR ANME PNME G1-A, G1-P/GLOOR(G1-A,G1-P)生产计划单.doc",低,是,名称里没有可辨认的类型证据 → 待人工确认,计划单,,0
G11  Nº1,待定,,1,1,ziliao/安宝公司/有焊嘴订单/订单/ABH21371 (一洲).xls,低,是,名称里没有可辨认的类型证据 → 待人工确认,合同,,0
G11  Nº2,待定,,1,1,ziliao/安宝公司/有焊嘴订单/订单/ABH21371 (一洲).xls,低,是,名称里没有可辨认的类型证据 → 待人工确认,合同,,0
GK3-0,待定,,1,1,正恒公司/106D7采购单-2.doc,低,是,名称里没有可辨认的类型证据 → 待人工确认,采购单,,0
GK3-1,待定,,1,1,正恒公司/106D7采购单-2.doc,低,是,名称里没有可辨认的类型证据 → 待人工确认,采购单,,0
GK3-3,待定,,1,1,正恒公司/106D7采购单-2.doc,低,是,名称里没有可辨认的类型证据 → 待人工确认,采购单,,0
GK3-4,待定,,1,1,正恒公司/106D7采购单-2.doc,低,是,名称里没有可辨认的类型证据 → 待人工确认,采购单,,0
GK3-6,待定,,1,1,正恒公司/106D7采购单-2.doc,低,是,名称里没有可辨认的类型证据 → 待人工确认,采购单,,0
"Gloor cutting nuzzle,6# 做足75g",待定,,1,1,ziliao/安宝公司/旧订单资料/GLOOR PNME/AB22088 出口产品供需合同-奉化一洲.xls,低,是,名称里没有可辨认的类型证据 → 待人工确认,合同,,0
"Gloor cutting nuzzle,7# 做足75g克",待定,,1,1,ziliao/安宝公司/旧订单资料/GLOOR PNME/AB22088 出口产品供需合同-奉化一洲.xls,低,是,名称里没有可辨认的类型证据 → 待人工确认,合同,,0
"Gloor cutting nuzzle,8号$做足75g",待定,,1,1,ziliao/安宝公司/旧订单资料/GLOOR PNME/AB22088 出口产品供需合同-奉化一洲.xls,低,是,名称里没有可辨认的类型证据 → 待人工确认,合同,,0
GPN 割嘴 000#,待定,,1,1,ziliao/安宝公司/旧订单资料/M Haseeb victor GPN/AB21960 出口产品供需合同-奉化一洲.xls,低,是,名称里没有可辨认的类型证据 → 待人工确认,合同,,0
GPN 割嘴 8#,待定,,1,1,ziliao/尤耐克/CUTTWELD GPN 倪/2026合同。/UW250720327宁波一洲.xlsx,低,是,名称里没有可辨认的类型证据 → 待人工确认,合同,,0
GPN CUTTING NOZZLE 2#,待定,,1,1,ziliao/安宝公司/旧订单资料/M Haseeb victor GPN/AB21960 出口产品供需合同-奉化一洲.xls,低,是,名称里没有可辨认的类型证据 → 待人工确认,合同,,0
GPN CUTTING NOZZLE 3#,待定,,1,1,ziliao/安宝公司/旧订单资料/M Haseeb victor GPN/AB21960 出口产品供需合同-奉化一洲.xls,低,是,名称里没有可辨认的类型证据 → 待人工确认,合同,,0
GPN CUTTING NOZZLE 4#,待定,,1,1,ziliao/安宝公司/旧订单资料/M Haseeb victor GPN/AB21960 出口产品供需合同-奉化一洲.xls,低,是,名称里没有可辨认的类型证据 → 待人工确认,合同,,0
GPN-0 0283,待定,,1,1,正恒公司/584字 朱/584字样的生产计划单-2.doc,低,是,名称里没有可辨认的类型证据 → 待人工确认,计划单,,0
GPN-1 0284,待定,,1,1,正恒公司/584字 朱/584字样的生产计划单-2.doc,低,是,名称里没有可辨认的类型证据 → 待人工确认,计划单,,0
GPN-1 全紫铜,待定,"VICTOR包装 MADE IN MEXICO 1-101,GPN都要贴新的警告标志",1,1,"嵊州海田/CPT  GPN全紫铜 , 2290-3H/VICTOR GPN 全紫铜生产计划单.doc",低,是,名称里没有可辨认的类型证据 → 待人工确认,计划单,,0
GPN-2 全紫铜,待定,,1,1,"嵊州海田/CPT  GPN全紫铜 , 2290-3H/VICTOR GPN 全紫铜生产计划单.doc",低,是,名称里没有可辨认的类型证据 → 待人工确认,计划单,,0
GPN-2 样品,待定,,1,1,"正恒公司/732字 朱/732字 ,生产计划单.doc",低,是,名称里没有可辨认的类型证据 → 待人工确认,计划单,,0
GPN-8 直通,待定,,1,1,"嵊州海田/CDX GPN-10直通, HARRIS 6290NX, 229-5H 邢/HARRIS NX 生产计划单.doc",低,是,名称里没有可辨认的类型证据 → 待人工确认,计划单,,0
"GPN, 1#，原装VICTOR包装和标签",待定,,1,1,嵊州海田/229/工矿产品购销合同_奉化市维克工具有限公司.doc,低,是,名称里没有可辨认的类型证据 → 待人工确认,其它单据,,1
"GPN, 2#，原装VICTOR包装和标签",待定,,1,1,嵊州海田/EJC02  订单要求(1)/订单/工矿产品购销合同_奉化市维克工具有限公司.doc,低,是,名称里没有可辨认的类型证据 → 待人工确认,其它单据,,1
"HARRIS 丙烷割嘴
6290-NX-0 4184 53G",us_propane,,1,1,ziliao/安宝公司/INFAR不干胶/INFRA合同/2021/AB21647 出口产品供需合同-奉化一洲.xls,低,否,气体（propane）+ 地域（us）均为字面证据,合同,,0
"HARRIS 丙烷割嘴
6290-NX-1 4186 53G",us_propane,,1,1,ziliao/安宝公司/INFAR不干胶/INFRA合同/2021/AB21647 出口产品供需合同-奉化一洲.xls,低,否,气体（propane）+ 地域（us）均为字面证据,合同,,0
"HARRIS 丙烷割嘴
6290-NX-2 4187 53G",us_propane,,1,1,ziliao/安宝公司/INFAR不干胶/INFRA合同/2021/AB21647 出口产品供需合同-奉化一洲.xls,低,否,气体（propane）+ 地域（us）均为字面证据,合同,,0
"HARRIS 丙烷割嘴6290-NX-4 53g
货号：4185",us_propane,,1,1,ziliao/安宝公司/INFAR不干胶/INFRA合同/2026/ab26053.xls,低,否,气体（propane）+ 地域（us）均为字面证据,合同,,0
"HARRIS 丙烷割嘴6290-NX-6 53g
代码：4204",us_propane,,1,1,ziliao/安宝公司/INFAR不干胶/INFRA合同/2022/ab22264 出口产品供需合同-奉化一洲(2).xls,低,否,气体（propane）+ 地域（us）均为字面证据,合同,,0
"HARRIS 丙烷割嘴6290-NX-6 53g
货号：4204",us_propane,,1,1,ziliao/安宝公司/INFAR不干胶/INFRA合同/2025/AB25875 出口产品供需合同-奉化一洲(1).xls,低,否,气体（propane）+ 地域（us）均为字面证据,合同,,0
"HARRIS 乙炔割嘴
6290-0 4027",us_acetylene,,1,1,ziliao/安宝公司/INFAR不干胶/INFRA合同/2021/AB21647 出口产品供需合同-奉化一洲.xls,低,否,气体（acetylene）+ 地域（us）均为字面证据,合同,,0
"HARRIS 乙炔割嘴
6290-1 4208",us_acetylene,,1,1,ziliao/安宝公司/INFAR不干胶/INFRA合同/2021/AB21647 出口产品供需合同-奉化一洲.xls,低,否,气体（acetylene）+ 地域（us）均为字面证据,合同,,0
"HARRIS 乙炔割嘴
6290-2 4210",us_acetylene,,1,1,ziliao/安宝公司/INFAR不干胶/INFRA合同/2021/AB21647 出口产品供需合同-奉化一洲.xls,低,否,气体（acetylene）+ 地域（us）均为字面证据,合同,,0
"HARRIS 乙炔割嘴
6290-3 4027",us_acetylene,,1,1,ziliao/安宝公司/INFAR不干胶/INFRA合同/2021/AB21647 出口产品供需合同-奉化一洲.xls,低,否,气体（acetylene）+ 地域（us）均为字面证据,合同,,0
harris 乙炔割嘴 6290-1,us_acetylene,,1,1,ziliao/安宝公司/Weldsolutions不干胶/合同/2022前/出口产品供需合同ab20716(20年10月).xls,低,否,气体（acetylene）+ 地域（us）均为字面证据,合同,,0
harris 乙炔割嘴 6290-3,us_acetylene,,1,1,ziliao/安宝公司/Weldsolutions不干胶/合同/2022前/出口产品供需合同ab20716(20年10月).xls,低,否,气体（acetylene）+ 地域（us）均为字面证据,合同,,0
harris 乙炔割嘴 6290-42,us_acetylene,,1,1,ziliao/安宝公司/Weldsolutions不干胶/合同/2022前/出口产品供需合同ab20716(20年10月).xls,低,否,气体（acetylene）+ 地域（us）均为字面证据,合同,,0
harris 乙炔割嘴 6290-5,us_acetylene,,1,1,ziliao/安宝公司/Weldsolutions不干胶/合同/2022前/出口产品供需合同ab20716(20年10月).xls,低,否,气体（acetylene）+ 地域（us）均为字面证据,合同,,0
"HARRIS 乙炔割嘴6290-0 55g
货号：4207",us_acetylene,标贴尺寸：80x16mm 塑料盒盖用红色,1,1,ziliao/安宝公司/INFAR不干胶/INFRA合同/2025/ab251028 出口产品供需合同-奉化一洲.xls,低,否,气体（acetylene）+ 地域（us）均为字面证据,合同,,0
"HARRIS 乙炔割嘴6290-0 55g 
代码：4207",us_acetylene,标贴尺寸：80x16mm 塑料盒盖用红色 刻字例如：6290-3,1,1,ziliao/安宝公司/INFAR不干胶/INFRA合同/2022/ab22669 出口产品供需合同-奉化一洲(2).xls,低,否,气体（acetylene）+ 地域（us）均为字面证据,合同,,0
"HARRIS 乙炔割嘴6290-3 55g
代码：4027",us_acetylene,,1,1,ziliao/安宝公司/INFAR不干胶/INFRA合同/2022/ab22669 出口产品供需合同-奉化一洲(2).xls,低,否,气体（acetylene）+ 地域（us）均为字面证据,合同,,0
"HARRIS 乙炔割嘴6290-3 55g
代码：4227",us_acetylene,,1,1,ziliao/安宝公司/INFAR不干胶/INFRA合同/2023/ab231086 出口产品供需合同-奉化一洲.xls,低,否,气体（acetylene）+ 地域（us）均为字面证据,合同,,0
HARRIS彩盒 不干胶 10只/中盒,待定,1NX HARRIS 10-15mm BADE IN HARRIS 内嘴: H 1NX,1,1,"嵊州海田/TSR HARRIS 6290NX,T20加热嘴/HARRIS NX 生产计划单.doc",低,是,名称里没有可辨认的类型证据 → 待人工确认,计划单,,1
HARRIS焊杆,待定,,1,1,嵊州海田/江南采购单/任江南采购单 - HARRIS焊杆.doc,低,是,名称里没有可辨认的类型证据 → 待人工确认,采购单,,1
"KOIKE 106HC割嘴 3# 
分体式如右图一样

包装：KOIKE+泡壳+说明书
彩卡上带 made in japan字样",待定,,1,1,ziliao/安宝公司/M Haseeb  A.SH  106hc直通  80克/A.SH/AB241054 出口产品供需合同-一洲.xls,低,是,名称里没有可辨认的类型证据 → 待人工确认,合同,,0
"KOIKE 106HC割嘴 6# 
分体式如右图一样

包装：KOIKE+泡壳+说明书
彩卡上带 made in japan字样",待定,,1,1,ziliao/安宝公司/M Haseeb  A.SH  106hc直通  80克/A.SH/AB241054 出口产品供需合同-一洲.xls,低,是,名称里没有可辨认的类型证据 → 待人工确认,合同,,0
"KOIKE 106HC割嘴 6#-3.2mm？
重：79g 如右图所示",待定,,1,1,"ziliao/安宝公司/MAXES 仿NX,106HC,GPN/订单/AB24092 出口产品供需合同-奉化一洲.xls",低,是,名称里没有可辨认的类型证据 → 待人工确认,合同,,0
"KOIKE 106HC割嘴 7# 
分体式如右图一样

包装：KOIKE+泡壳+说明书
彩卡上带 made in japan字样",待定,,1,1,ziliao/安宝公司/M Haseeb  A.SH  106hc直通  80克/A.SH/AB241054 出口产品供需合同-一洲.xls,低,是,名称里没有可辨认的类型证据 → 待人工确认,合同,,0
"KOIKE 106HC割嘴 8# 
分体式如右图一样

包装：KOIKE+泡壳+说明书
彩卡上带 made in japan字样",待定,,1,1,ziliao/安宝公司/M Haseeb  A.SH  106hc直通  80克/A.SH/AB241054 出口产品供需合同-一洲.xls,低,是,名称里没有可辨认的类型证据 → 待人工确认,合同,,0
KOIKE丙烷割嘴 106HC  #0,待定,刻字内容：中性常规 包装：KOIKE彩卡+泡壳 10只1盒 绿色Koike彩盒如下图所示,1,1,"ziliao/安宝公司/AB24145 102HC,106HC/订单/ab24145 出口产品供需合同-奉化一洲.xls",低,是,只认到气体「propane」，缺英式/美式 → 待人工确认,合同,,0
KOIKE丙烷割嘴 106HC  #1,待定,,1,1,"ziliao/安宝公司/AB24145 102HC,106HC/订单/ab24145 出口产品供需合同-奉化一洲.xls",低,是,只认到气体「propane」，缺英式/美式 → 待人工确认,合同,,0
KOIKE丙烷割嘴 106HC  #2,待定,,1,1,"ziliao/安宝公司/AB24145 102HC,106HC/订单/ab24145 出口产品供需合同-奉化一洲.xls",低,是,只认到气体「propane」，缺英式/美式 → 待人工确认,合同,,0
KOIKE丙烷割嘴 106HC  #3,待定,,1,1,"ziliao/安宝公司/AB24145 102HC,106HC/订单/ab24145 出口产品供需合同-奉化一洲.xls",低,是,只认到气体「propane」，缺英式/美式 → 待人工确认,合同,,0
KOIKE丙烷割嘴 106HC  #4,待定,,1,1,"ziliao/安宝公司/AB24145 102HC,106HC/订单/ab24145 出口产品供需合同-奉化一洲.xls",低,是,只认到气体「propane」，缺英式/美式 → 待人工确认,合同,,0
KOIKE丙烷割嘴 106HC  #5,待定,,1,1,"ziliao/安宝公司/AB24145 102HC,106HC/订单/ab24145 出口产品供需合同-奉化一洲.xls",低,是,只认到气体「propane」，缺英式/美式 → 待人工确认,合同,,0
KOIKE割嘴 102HC  #3,待定,包装要求：泡壳+彩卡 10只1盒 绿色Koike彩盒如下图所示,1,1,"ziliao/安宝公司/106D7,102HC发商丘/AB23915 出口产品供需合同-奉化一洲.xls",低,是,名称里没有可辨认的类型证据 → 待人工确认,合同,,0
KOIKE割嘴 102HC  #4,待定,包装要求：泡壳+裁纸+说明书 10只1盒 绿色Koike彩盒如下图所示,1,1,"ziliao/安宝公司/106D7,102HC发商丘/102HC-4 MADE IN JAPAN/AB23807 出口产品供需合同-奉化一洲.xls",低,是,名称里没有可辨认的类型证据 → 待人工确认,合同,,0
KOIKE割嘴 102HC  #5,待定,,1,1,"ziliao/安宝公司/106D7,102HC发商丘/AB23915 出口产品供需合同-奉化一洲.xls",低,是,名称里没有可辨认的类型证据 → 待人工确认,合同,,0
KOIKE割嘴 106HC-2#  70克  分体式,待定,,1,1,"ziliao/安宝公司/HQF 41 6290NX/41, NX, 6290/106HC, NX/ab24076 106HC NX.xls",低,是,名称里没有可辨认的类型证据 → 待人工确认,合同,,0
KOIKE割嘴 106HC-3# 3孔-重足76g,待定,,1,1,ziliao/安宝公司/106HC 3孔/ab23430 出口产品供需合同-一洲.xls,低,是,名称里没有可辨认的类型证据 → 待人工确认,合同,,0
KOIKE割嘴 106HC-4#  70克  分体式,待定,,1,1,"ziliao/安宝公司/HQF 41 6290NX/41, NX, 6290/106HC, NX/ab24076 106HC NX.xls",低,是,名称里没有可辨认的类型证据 → 待人工确认,合同,,0
KOIKE割嘴 106HC-4# 3孔-重足76g,待定,,1,1,ziliao/安宝公司/106HC 3孔/ab23430 出口产品供需合同-一洲.xls,低,是,名称里没有可辨认的类型证据 → 待人工确认,合同,,0
KOIKE割嘴 106HC-5# 3孔-重足76g,待定,,1,1,ziliao/安宝公司/106HC 3孔/ab23430 出口产品供需合同-一洲.xls,低,是,名称里没有可辨认的类型证据 → 待人工确认,合同,,0
"KOIKE割嘴 106HC割嘴 5#
如右图所示",待定,,1,1,"ziliao/安宝公司/MAXES 仿NX,106HC,GPN/订单/AB24092 出口产品供需合同-奉化一洲.xls",低,是,名称里没有可辨认的类型证据 → 待人工确认,合同,,0
KOIKE乙炔割嘴 102HC  #0,待定,刻字内容：中性常规 包装要求：泡壳+彩卡 10只1盒 绿色Koike彩盒如下图所示,1,1,"ziliao/安宝公司/AB24145 102HC,106HC/订单/ab24145 出口产品供需合同-奉化一洲.xls",低,是,只认到气体「acetylene」，缺英式/美式 → 待人工确认,合同,,0
KOIKE乙炔割嘴 102HC  #1,待定,,1,1,"ziliao/安宝公司/AB24145 102HC,106HC/订单/ab24145 出口产品供需合同-奉化一洲.xls",低,是,只认到气体「acetylene」，缺英式/美式 → 待人工确认,合同,,0
KOIKE乙炔割嘴 102HC  #2,待定,,1,1,"ziliao/安宝公司/AB24145 102HC,106HC/订单/ab24145 出口产品供需合同-奉化一洲.xls",低,是,只认到气体「acetylene」，缺英式/美式 → 待人工确认,合同,,0
KOIKE乙炔割嘴 102HC  #3,待定,,1,1,"ziliao/安宝公司/AB24145 102HC,106HC/订单/ab24145 出口产品供需合同-奉化一洲.xls",低,是,只认到气体「acetylene」，缺英式/美式 → 待人工确认,合同,,0
KOIKE乙炔割嘴 102HC  #4,待定,,1,1,"ziliao/安宝公司/AB24145 102HC,106HC/订单/ab24145 出口产品供需合同-奉化一洲.xls",低,是,只认到气体「acetylene」，缺英式/美式 → 待人工确认,合同,,0
KOIKE乙炔割嘴 102HC  #5,待定,,1,1,"ziliao/安宝公司/AB24145 102HC,106HC/订单/ab24145 出口产品供需合同-奉化一洲.xls",低,是,只认到气体「acetylene」，缺英式/美式 → 待人工确认,合同,,0
MC12 割嘴 00#,待定,,1,1,ziliao/尤耐克/SUA/SUA订单/UW241002467宁波一洲(1).xlsx,低,是,名称里没有可辨认的类型证据 → 待人工确认,合同,,0
MC12 割嘴 1#,待定,,1,1,ziliao/尤耐克/SUA/SUA订单/UW241002467宁波一洲(1).xlsx,低,是,名称里没有可辨认的类型证据 → 待人工确认,合同,,0
MC12 割嘴 2#,待定,,1,1,ziliao/尤耐克/SUA/SUA订单/UW241002467宁波一洲(1).xlsx,低,是,名称里没有可辨认的类型证据 → 待人工确认,合同,,0
MC12 割嘴 3#,待定,,1,1,ziliao/尤耐克/SUA/SUA订单/UW241002467宁波一洲(1).xlsx,低,是,名称里没有可辨认的类型证据 → 待人工确认,合同,,0
MC12 割嘴 4#,待定,,1,1,ziliao/尤耐克/SUA/SUA订单/UW241002467宁波一洲(1).xlsx,低,是,名称里没有可辨认的类型证据 → 待人工确认,合同,,0
MC12-0,待定,长塑壳 红盖 不干胶 10只/中盒,1,1,"嵊州海田/CWX 1-101,2-W SC12,MC12,HARRIS NX,AC/SC12 生产计划单.doc",低,是,名称里没有可辨认的类型证据 → 待人工确认,计划单,,0
MC12-2,待定,,1,1,"嵊州海田/CWX 1-101,2-W SC12,MC12,HARRIS NX,AC/SC12 生产计划单.doc",低,是,名称里没有可辨认的类型证据 → 待人工确认,计划单,,0
MC12-3,待定,,1,1,"嵊州海田/CWX 1-101,2-W SC12,MC12,HARRIS NX,AC/SC12 生产计划单.doc",低,是,名称里没有可辨认的类型证据 → 待人工确认,计划单,,0
MC40 割嘴 2#,待定,,1,1,ziliao/尤耐克/SUA/SUA订单/UW241002467宁波一洲(1).xlsx,低,是,名称里没有可辨认的类型证据 → 待人工确认,合同,,0
MC40 割嘴 3#,待定,,1,1,ziliao/尤耐克/SUA/SUA订单/UW241002467宁波一洲(1).xlsx,低,是,名称里没有可辨认的类型证据 → 待人工确认,合同,,0
MFA,待定,,1,1,"嵊州海田/CMR  CMY  1-101 GPN W MFA/CMY 1-101,GPN/VICTOR 生产计划单.doc",低,是,名称里没有可辨认的类型证据 → 待人工确认,计划单,,0
"Nozzle №2 (1/16”)
客人要12个槽",待定,,1,1,ziliao/安宝公司/12槽PNME俄罗斯嘴/订单/ab22757 出口产品供需合同-奉化一洲.xls,低,是,名称里没有可辨认的类型证据 → 待人工确认,合同,,0
"Nozzle №2 (1/32”)
客人要12个槽",待定,包装要求：塑料盒装，盒子上贴不干胶，每个货号进行区别,1,1,ziliao/安宝公司/12槽PNME俄罗斯嘴/订单/ab22757 出口产品供需合同-奉化一洲.xls,低,是,名称里没有可辨认的类型证据 → 待人工确认,合同,,0
"Nozzle №5 (7/64”) 
客人要12个槽 74克",待定,,1,1,ziliao/安宝公司/12槽PNME俄罗斯嘴/订单/ab23443 出口产品供需合同-奉化一洲.xls,低,是,名称里没有可辨认的类型证据 → 待人工确认,合同,,0
"Nozzle №6 (1/8”) 
客人要12个槽 74克",待定,,1,1,ziliao/安宝公司/12槽PNME俄罗斯嘴/订单/ab23443 出口产品供需合同-奉化一洲.xls,低,是,名称里没有可辨认的类型证据 → 待人工确认,合同,,0
PNME 割嘴 1#,待定,,1,1,ziliao/安宝公司/有焊嘴订单/订单/ABH21371 (一洲).xls,低,是,只认到地域「uk」，缺乙炔/丙烷 → 待人工确认,合同,,0
PNME 割嘴 2#,待定,,1,1,ziliao/安宝公司/有焊嘴订单/订单/ABH21371 (一洲).xls,低,是,只认到地域「uk」，缺乙炔/丙烷 → 待人工确认,合同,,0
PNME 割嘴 3#,待定,,1,1,ziliao/安宝公司/有焊嘴订单/订单/ABH21371 (一洲).xls,低,是,只认到地域「uk」，缺乙炔/丙烷 → 待人工确认,合同,,0
PNME 割嘴 4#,待定,,1,1,ziliao/安宝公司/有焊嘴订单/订单/ABH21371 (一洲).xls,低,是,只认到地域「uk」，缺乙炔/丙烷 → 待人工确认,合同,,0
PNME 割嘴 5#,待定,,1,1,ziliao/安宝公司/有焊嘴订单/订单/ABH21371 (一洲).xls,低,是,只认到地域「uk」，缺乙炔/丙烷 → 待人工确认,合同,,0
PNME 割嘴 6#,待定,,1,1,ziliao/安宝公司/有焊嘴订单/订单/ABH21371 (一洲).xls,低,是,只认到地域「uk」，缺乙炔/丙烷 → 待人工确认,合同,,0
PNME-2,待定,尼龙袋 白盒 不干胶 10只/中盒,1,1,正恒公司/004字订单 项高健/192010040917-2计划单白盒 - 3.doc,低,是,只认到地域「uk」，缺乙炔/丙烷 → 待人工确认,计划单,,0
PNME-3,待定,,1,1,正恒公司/004字订单 项高健/192010040917-2计划单白盒 - 3.doc,低,是,只认到地域「uk」，缺乙炔/丙烷 → 待人工确认,计划单,,0
PNME-4,待定,,1,1,正恒公司/004字订单 项高健/192010040917-2计划单白盒 - 3.doc,低,是,只认到地域「uk」，缺乙炔/丙烷 → 待人工确认,计划单,,0
PNME-5,待定,,1,1,正恒公司/004字订单 项高健/192010040917-2计划单白盒 - 3.doc,低,是,只认到地域「uk」，缺乙炔/丙烷 → 待人工确认,计划单,,0
PNME-6,待定,,1,1,正恒公司/004字订单 项高健/192010040917-2计划单白盒 - 3.doc,低,是,只认到地域「uk」，缺乙炔/丙烷 → 待人工确认,计划单,,0
PNME1/16,待定,,1,1,嵊州海田/ECG 订单/22ECG01生产计划单.doc,低,是,只认到地域「uk」，缺乙炔/丙烷 → 待人工确认,计划单,,0
PNME18 1/16,待定,,1,1,嵊州海田/PNME   MUREX包装/MUREX 塑壳 生产计划单.doc,低,是,只认到地域「uk」，缺乙炔/丙烷 → 待人工确认,计划单,,0
PNME18 1/32,待定,,1,1,嵊州海田/PNME   MUREX包装/MUREX 塑壳 生产计划单.doc,低,是,只认到地域「uk」，缺乙炔/丙烷 → 待人工确认,计划单,,0
PNME18 5/64,待定,,1,1,"嵊州海田/MZF,MKY, CHD 滑盖塑壳 WeldRo-I产品 邢/WeldRo-I彩盆生产计划单.doc",低,是,只认到地域「uk」，缺乙炔/丙烷 → 待人工确认,计划单,,0
PNME18 割嘴 3/32,待定,,1,1,ziliao/尤耐克/SUA/SUA订单/UW251002559宁波一洲 .xlsx,低,是,只认到地域「uk」，缺乙炔/丙烷 → 待人工确认,合同,,0
PNME18 割嘴 3/64,待定,,1,1,ziliao/尤耐克/SUA/SUA订单/UW251002559宁波一洲 .xlsx,低,是,只认到地域「uk」，缺乙炔/丙烷 → 待人工确认,合同,,0
PNME18 割嘴 5/64,待定,,1,1,ziliao/尤耐克/SUA/SUA订单/UW251002559宁波一洲 .xlsx,低,是,只认到地域「uk」，缺乙炔/丙烷 → 待人工确认,合同,,0
PNME18 割嘴 7/64,待定,,1,1,ziliao/尤耐克/SUA/SUA订单/UW251002559宁波一洲 .xlsx,低,是,只认到地域「uk」，缺乙炔/丙烷 → 待人工确认,合同,,0
PNME5/64,待定,,1,1,嵊州海田/ECG 订单/22ECG01生产计划单.doc,低,是,只认到地域「uk」，缺乙炔/丙烷 → 待人工确认,计划单,,0
PNME9 3/32,待定,,1,1,"嵊州海田/MZF,MKY, CHD 滑盖塑壳 WeldRo-I产品 邢/WeldRo-I彩盆生产计划单.doc",低,是,只认到地域「uk」，缺乙炔/丙烷 → 待人工确认,计划单,,0
PNME割嘴 1/16 贴不干胶标注尺寸,待定,,1,1,ziliao/安宝公司/KASTOR  PNME/AB21665 出口产品供需合同-奉化一洲.xls,低,是,只认到地域「uk」，缺乙炔/丙烷 → 待人工确认,合同,,0
PNME割嘴 1/32 贴不干胶标注尺寸,待定,,1,1,ziliao/安宝公司/KASTOR  PNME/AB21665 出口产品供需合同-奉化一洲.xls,低,是,只认到地域「uk」，缺乙炔/丙烷 → 待人工确认,合同,,0
PNME割嘴 3/64 贴不干胶标注尺寸,待定,,1,1,ziliao/安宝公司/KASTOR  PNME/AB21665 出口产品供需合同-奉化一洲.xls,低,是,只认到地域「uk」，缺乙炔/丙烷 → 待人工确认,合同,,0
PNME割嘴 5/64 贴不干胶标注尺寸,待定,,1,1,ziliao/安宝公司/KASTOR  PNME/AB21665 出口产品供需合同-奉化一洲.xls,低,是,只认到地域「uk」，缺乙炔/丙烷 → 待人工确认,合同,,0
SC-12-0 乙炔割嘴,待定,标贴尺寸：80x16mm 塑料盒盖用红色,1,1,ziliao/安宝公司/Weldsolutions不干胶/合同/2022前/ab22443 出口产品供需合同-奉化一洲.xls,低,是,只认到气体「acetylene」，缺英式/美式 → 待人工确认,合同,,0
SC-12-1 乙炔割嘴,待定,,1,1,ziliao/安宝公司/Weldsolutions不干胶/合同/2022前/ab22443 出口产品供需合同-奉化一洲.xls,低,是,只认到气体「acetylene」，缺英式/美式 → 待人工确认,合同,,0
SC-12-3 乙炔割嘴,待定,,1,1,ziliao/安宝公司/Weldsolutions不干胶/合同/2022前/AB22091 出口产品供需合同-奉化一洲.xls,低,是,只认到气体「acetylene」，缺英式/美式 → 待人工确认,合同,,0
SC-12-4 乙炔割嘴,待定,,1,1,ziliao/安宝公司/Weldsolutions不干胶/合同/2022前/ab22443 出口产品供需合同-奉化一洲.xls,低,是,只认到气体「acetylene」，缺英式/美式 → 待人工确认,合同,,0
SC-50-A-5 丙烷割嘴 91.36g,待定,,1,1,ziliao/安宝公司/Weldsolutions不干胶/合同/2022前/AB22091 出口产品供需合同-奉化一洲.xls,低,是,只认到气体「propane」，缺英式/美式 → 待人工确认,合同,,0
SC-50-A-6 丙烷割嘴 91.36g,待定,,1,1,ziliao/安宝公司/Weldsolutions不干胶/合同/2022前/AB22091 出口产品供需合同-奉化一洲.xls,低,是,只认到气体「propane」，缺英式/美式 → 待人工确认,合同,,0
SC12 割嘴 0#,待定,,1,1,"ziliao/尤耐克/JOSTEIN WELDING SC12,SC50 应/UW250908477宁波一洲.xlsx",低,是,名称里没有可辨认的类型证据 → 待人工确认,合同,,0
SC50 割嘴 0#,待定,,1,1,ziliao/尤耐克/WESTON-3/合同/2026/UW260307109宁波一洲(1).xlsx,低,是,名称里没有可辨认的类型证据 → 待人工确认,合同,,0
SC50-6,待定,,1,1,正恒公司/P D E/常规生产计划单.doc,低,是,名称里没有可辨认的类型证据 → 待人工确认,计划单,,0
"smith 丙烷割嘴 
SC-50-A-0 4154 93G",待定,,1,1,ziliao/安宝公司/INFAR不干胶/INFRA合同/2021/AB21647 出口产品供需合同-奉化一洲.xls,低,是,只认到气体「propane」，缺英式/美式 → 待人工确认,合同,,0
"smith 丙烷割嘴 
SC-50-A-1 4157 93G",待定,,1,1,ziliao/安宝公司/INFAR不干胶/INFRA合同/2021/AB21647 出口产品供需合同-奉化一洲.xls,低,是,只认到气体「propane」，缺英式/美式 → 待人工确认,合同,,0
"smith 丙烷割嘴 
SC-50-A-2 4158 93G",待定,,1,1,ziliao/安宝公司/INFAR不干胶/INFRA合同/2021/AB21647 出口产品供需合同-奉化一洲.xls,低,是,只认到气体「propane」，缺英式/美式 → 待人工确认,合同,,0
"smith 丙烷割嘴 
SC-50-A-2 4161 93G",待定,,1,1,ziliao/安宝公司/INFAR不干胶/INFRA合同/2021/AB21647 出口产品供需合同-奉化一洲.xls,低,是,只认到气体「propane」，缺英式/美式 → 待人工确认,合同,,0
"smith 丙烷割嘴 
SC-50-A-2 4162 93G",待定,,1,1,ziliao/安宝公司/INFAR不干胶/INFRA合同/2021/AB21647 出口产品供需合同-奉化一洲.xls,低,是,只认到气体「propane」，缺英式/美式 → 待人工确认,合同,,0
"smith 丙烷割嘴 SC-50-A-0 93g
代码：4157",待定,标贴尺寸：80x16mm 塑料盒盖用黑色 刻字例如：SC50-3,1,1,ziliao/安宝公司/Weldsolutions不干胶/合同/2022前/AB22706  8月31日更改不干胶.xls,低,是,只认到气体「propane」，缺英式/美式 → 待人工确认,合同,,0
smith 丙烷割嘴 SC-50-A-0 code:4154,待定,,1,1,ziliao/安宝公司/INFAR不干胶/INFRA合同/2020/出口产品供需合同ab20831 （一州）有重量  .xls,低,是,只认到气体「propane」，缺英式/美式 → 待人工确认,合同,,0
smith 丙烷割嘴 SC-50-A-1 code:4157,待定,,1,1,ziliao/安宝公司/INFAR不干胶/INFRA合同/2020/出口产品供需合同ab20831 （一州）有重量  .xls,低,是,只认到气体「propane」，缺英式/美式 → 待人工确认,合同,,0
smith 丙烷割嘴 SC-50-A-2 code:4158,待定,,1,1,ziliao/安宝公司/INFAR不干胶/INFRA合同/2020/出口产品供需合同ab20831 （一州）有重量  .xls,低,是,只认到气体「propane」，缺英式/美式 → 待人工确认,合同,,0
smith 丙烷割嘴 SC-50-A-3,待定,,1,1,ziliao/安宝公司/INFAR不干胶/INFRA合同/2021/出口产品供需合同ab21036（一洲）有重量  .xls,低,是,只认到气体「propane」，缺英式/美式 → 待人工确认,合同,,0
smith 丙烷割嘴 SC-50-A-3 code:4161,待定,,1,1,ziliao/安宝公司/INFAR不干胶/INFRA合同/2020/出口产品供需合同ab20831 （一州）有重量  .xls,低,是,只认到气体「propane」，缺英式/美式 → 待人工确认,合同,,0
smith 丙烷割嘴 SC-50-A-4 code:4162,待定,,1,1,ziliao/安宝公司/INFAR不干胶/INFRA合同/2020/出口产品供需合同ab20831 （一州）有重量  .xls,低,是,只认到气体「propane」，缺英式/美式 → 待人工确认,合同,,0
"smith 丙烷割嘴 SC-50-A-7 93g
货号：4164",待定,,1,1,ziliao/安宝公司/INFAR不干胶/INFRA合同/2025/AB25875 出口产品供需合同-奉化一洲(1).xls,低,是,只认到气体「propane」，缺英式/美式 → 待人工确认,合同,,0
smith 丙烷割嘴 SC-50-A-7 code:4164,待定,,1,1,ziliao/安宝公司/INFAR不干胶/INFRA合同/2020/出口产品供需合同ab20831 （一州）有重量  .xls,低,是,只认到气体「propane」，缺英式/美式 → 待人工确认,合同,,0
"smith 乙炔割嘴 
SC-12-2 4134 103G",待定,,1,1,ziliao/安宝公司/INFAR不干胶/INFRA合同/2021/AB21647 出口产品供需合同-奉化一洲.xls,低,是,只认到气体「acetylene」，缺英式/美式 → 待人工确认,合同,,0
"smith 乙炔割嘴 
SC-12-2 4136 103G",待定,,1,1,ziliao/安宝公司/INFAR不干胶/INFRA合同/2021/AB21647 出口产品供需合同-奉化一洲.xls,低,是,只认到气体「acetylene」，缺英式/美式 → 待人工确认,合同,,0
"smith 乙炔割嘴 
SC-12-2 4137 103G",待定,,1,1,ziliao/安宝公司/INFAR不干胶/INFRA合同/2021/AB21647 出口产品供需合同-奉化一洲.xls,低,是,只认到气体「acetylene」，缺英式/美式 → 待人工确认,合同,,0
"smith 乙炔割嘴 
SC-12-2 4138 103G",待定,,1,1,ziliao/安宝公司/INFAR不干胶/INFRA合同/2021/AB21647 出口产品供需合同-奉化一洲.xls,低,是,只认到气体「acetylene」，缺英式/美式 → 待人工确认,合同,,0
smith 乙炔割嘴 SC-12-0,待定,,1,1,ziliao/安宝公司/INFAR不干胶/INFRA合同/2021/出口产品供需合同ab21036（一洲）有重量  .xls,低,是,只认到气体「acetylene」，缺英式/美式 → 待人工确认,合同,,0
smith 乙炔割嘴 SC-12-5,待定,,1,1,ziliao/安宝公司/Weldsolutions不干胶/合同/2022前/出口产品供需合同ab20716(20年10月).xls,低,是,只认到气体「acetylene」，缺英式/美式 → 待人工确认,合同,,0
T15,待定,,1,1,"嵊州海田/22 IAM   T20 106HC金色字  宋/任江南采购单-T15,T20.doc",低,是,名称里没有可辨认的类型证据 → 待人工确认,采购单,,0
T20+管子+连接器,待定,,1,1,"嵊州海田/22 IAM   T20 106HC金色字  宋/任江南采购单-T15,T20.doc",低,是,名称里没有可辨认的类型证据 → 待人工确认,采购单,,0
T20+后部,待定,,1,1,嵊州海田/TCN GPN MADE IN USA T20加热嘴/VICTOR1-101生产计划单.doc,低,是,名称里没有可辨认的类型证据 → 待人工确认,计划单,,0
T20的杆子+连接器,待定,头部刻: VICTOR 20 TYPE 55 连接器刻上 VICTOR LPG,1,1,"嵊州海田/EBD 1-101,T20, GPN MADE IN USA/T15T20杆子+连接器  采购单.doc",低,是,名称里没有可辨认的类型证据 → 待人工确认,采购单,,1
T20杆子+连接器,待定,,1,1,"嵊州海田/IAS T15,T20,106HC 加热嘴 宋/VICTOR 1-101, T20 生产计划单.doc",低,是,名称里没有可辨认的类型证据 → 待人工确认,计划单,,0
TANAKA原装割嘴带原装刻字 #1号,待定,"刻字要求如图所示 如图彩盒包装,要放说明书-常规的",1,1,ziliao/安宝公司/旧订单资料/3051/AB21645 出口产品供需合同 奉化一洲(1).xls,低,是,名称里没有可辨认的类型证据 → 待人工确认,合同,,0
TANAKA原装割嘴带原装刻字 #2号,待定,,1,1,ziliao/安宝公司/旧订单资料/3051/AB21645 出口产品供需合同 奉化一洲(1).xls,低,是,名称里没有可辨认的类型证据 → 待人工确认,合同,,0
TANAKA原装割嘴带原装刻字 #3号,待定,,1,1,ziliao/安宝公司/旧订单资料/3051/AB21645 出口产品供需合同 奉化一洲(1).xls,低,是,名称里没有可辨认的类型证据 → 待人工确认,合同,,0
TANAKA原装割嘴带原装刻字 #4号,待定,,1,1,ziliao/安宝公司/旧订单资料/3051/AB21645 出口产品供需合同 奉化一洲(1).xls,低,是,名称里没有可辨认的类型证据 → 待人工确认,合同,,0
"VICTOR  乙炔割嘴
4190 1-101-1",us_acetylene,,1,1,ziliao/安宝公司/INFAR不干胶/INFRA合同/2021/AB21647 出口产品供需合同-奉化一洲.xls,低,否,气体（acetylene）+ 地域（us）均为字面证据,合同,,0
"VICTOR  乙炔割嘴
4191 1-101-2",us_acetylene,,1,1,ziliao/安宝公司/INFAR不干胶/INFRA合同/2021/AB21647 出口产品供需合同-奉化一洲.xls,低,否,气体（acetylene）+ 地域（us）均为字面证据,合同,,0
VICTOR  乙炔割嘴       4192 1-101-3,us_acetylene,,1,1,ziliao/安宝公司/INFAR不干胶/INFRA合同/2021/AB21647 出口产品供需合同-奉化一洲.xls,低,否,气体（acetylene）+ 地域（us）均为字面证据,合同,,0
VICTOR 8-MFN VICTOR 15-MFN VICTOR 20 TYPE 55 连接器也刻上 VICTOR,待定,VICTOR 8-MFN VICTOR 15-MFN VICTOR 20 TYPE 55 连接器也刻上 VICTOR,1,1,"嵊州海田/TSR HARRIS 6290NX,T20加热嘴/任江南采购单.doc",低,是,名称里没有可辨认的类型证据 → 待人工确认,采购单,,1
"VICTOR 丙烷割嘴
4193 GPN-1",待定,,1,1,ziliao/安宝公司/INFAR不干胶/INFRA合同/2021/AB21647 出口产品供需合同-奉化一洲.xls,低,是,只认到气体「propane」，缺英式/美式 → 待人工确认,合同,,0
"VICTOR 丙烷割嘴
4194 GPN-2",待定,,1,1,ziliao/安宝公司/INFAR不干胶/INFRA合同/2021/AB21647 出口产品供需合同-奉化一洲.xls,低,是,只认到气体「propane」，缺英式/美式 → 待人工确认,合同,,0
"victor 丙烷割嘴 GPN－0#
刻字：内嘴上0-GPN
外嘴上VICTOR 0-GPN

包装：VICTOR塑料盒+不干胶",待定,1、包装要求：victor塑料盒+不干胶如下图所示 2、刻字要求： 一定要对应型号！！如下图,1,1,ziliao/安宝公司/VICTOR+BAYO/订单/AB22466 出口产品供需合同-一州(1).xls,低,是,只认到气体「propane」，缺英式/美式 → 待人工确认,合同,,0
"victor 丙烷割嘴 GPN－00#
刻字：内嘴上00-GPN
外嘴上VICTOR 00-GPN

包装：VICTOR塑料盒+不干胶",待定,1、包装要求：victor塑料盒+不干胶如下图所示 2、刻字要求： 一定要对应型号！！如下图,1,1,ziliao/安宝公司/VICTOR+BAYO/订单/ab24169 出口产品供需合同-奉化一洲.xls,低,是,只认到气体「propane」，缺英式/美式 → 待人工确认,合同,,0
"VICTOR 丙烷割嘴 GPN-2#
刻字：VICTOR中性刻字

包装：VICTOR塑料盒+不干胶",待定,包装及刻字，如下图所示,1,1,"ziliao/安宝公司/VICTOR-GPN, 1-101,6290AC/AB23036 VICTOR GPN ACT1843.xls",低,是,只认到气体「propane」，缺英式/美式 → 待人工确认,合同,,0
"Victor 丙烷割嘴 GPN-2#
如右图所示",待定,,1,1,"ziliao/安宝公司/MAXES 仿NX,106HC,GPN/订单/AB22997 出口产品供需合同-奉化一洲.xls",低,是,只认到气体「propane」，缺英式/美式 → 待人工确认,合同,,0
"victor 丙烷割嘴 GPN－3#
刻字：内嘴上3-GPN
外嘴上VICTOR 3-GPN

包装：VICTOR塑料盒+不干胶",待定,,1,1,ziliao/安宝公司/VICTOR+BAYO/订单/AB22466 出口产品供需合同-一州(1).xls,低,是,只认到气体「propane」，缺英式/美式 → 待人工确认,合同,,0
"VICTOR 丙烷割嘴 GPN-3#
刻字：VICTOR中性刻字

包装：VICTOR塑料盒+不干胶",待定,,1,1,"ziliao/安宝公司/VICTOR-GPN, 1-101,6290AC/AB23036 VICTOR GPN ACT1843.xls",低,是,只认到气体「propane」，缺英式/美式 → 待人工确认,合同,,0
"Victor 丙烷割嘴 GPN-3#
如右图所示",待定,,1,1,"ziliao/安宝公司/MAXES 仿NX,106HC,GPN/订单/AB22997 出口产品供需合同-奉化一洲.xls",低,是,只认到气体「propane」，缺英式/美式 → 待人工确认,合同,,0
"victor 丙烷割嘴 GPN－4#
刻字：内嘴上4-GPN
外嘴上VICTOR 4-GPN

包装：VICTOR塑料盒+不干胶",待定,,1,1,ziliao/安宝公司/VICTOR+BAYO/订单/AB22466 出口产品供需合同-一州(1).xls,低,是,只认到气体「propane」，缺英式/美式 → 待人工确认,合同,,0
"Victor 丙烷割嘴 GPN-4#
如右图所示",待定,,1,1,"ziliao/安宝公司/MAXES 仿NX,106HC,GPN/订单/AB22997 出口产品供需合同-奉化一洲.xls",低,是,只认到气体「propane」，缺英式/美式 → 待人工确认,合同,,0
"victor 丙烷割嘴 GPN－5#
刻字：内嘴上5-GPN
外嘴上VICTOR 5-GPN

包装：VICTOR塑料盒+不干胶",待定,,1,1,ziliao/安宝公司/VICTOR+BAYO/订单/AB22466 出口产品供需合同-一州(1).xls,低,是,只认到气体「propane」，缺英式/美式 → 待人工确认,合同,,0
"victor 丙烷割嘴 GPN－6#
刻字：内嘴上6-GPN
外嘴上VICTOR 6-GPN

包装：VICTOR塑料盒+不干胶",待定,,1,1,ziliao/安宝公司/VICTOR+BAYO/订单/AB22466 出口产品供需合同-一州(1).xls,低,是,只认到气体「propane」，缺英式/美式 → 待人工确认,合同,,0
"victor 丙烷割嘴3GPN－0#
刻字：内嘴上0-3-GPN
外嘴上VICTOR 0-3-GPN

包装：VICTOR塑料盒+不干胶",待定,,1,1,ziliao/安宝公司/VICTOR+BAYO/订单/2026/ab26430.xls,低,是,只认到气体「propane」，缺英式/美式 → 待人工确认,合同,,0
"victor 丙烷割嘴3GPN－00#
刻字：内嘴上00-3-GPN
外嘴上VICTOR 00-3-GPN

包装：VICTOR塑料盒+不干胶",待定,1、包装要求：victor塑料盒+不干胶如下图所示【3-GPN】 2、刻字要求： 一定要对应型号！！如下图,1,1,ziliao/安宝公司/VICTOR+BAYO/订单/2026/ab26430.xls,低,是,只认到气体「propane」，缺英式/美式 → 待人工确认,合同,,0
"victor 丙烷割嘴3GPN－1#
刻字：内嘴上1-3-GPN
外嘴上VICTOR 1-3-GPN

包装：VICTOR塑料盒+不干胶",待定,,1,1,ziliao/安宝公司/VICTOR+BAYO/订单/2026/ab26430.xls,低,是,只认到气体「propane」，缺英式/美式 → 待人工确认,合同,,0
"victor 丙烷割嘴3GPN－2#
刻字：内嘴上2-3-GPN
外嘴上VICTOR 2-3-GPN

包装：VICTOR塑料盒+不干胶",待定,,1,1,ziliao/安宝公司/VICTOR+BAYO/订单/2026/ab26430.xls,低,是,只认到气体「propane」，缺英式/美式 → 待人工确认,合同,,0
Victor 乙炔割嘴 1-1-101,us_acetylene,,1,1,"ziliao/安宝公司/VICTOR-GPN, 1-101,6290AC/AB25737 出口产品供需合同-一洲(1).xls",低,否,气体（acetylene）+ 地域（us）均为字面证据,合同,,0
"victor 乙炔割嘴 101-1#
刻字：VICTOR 1-1-101

包装：VICTOR塑料盒+不干胶",us_acetylene,1、包装要求：victor塑料盒+不干胶如下图所示 2、刻字要求： 一定要对应型号！！如下图,1,1,ziliao/安宝公司/VICTOR+BAYO/订单/AB22466 出口产品供需合同-一州(1).xls,低,否,气体（acetylene）+ 地域（us）均为字面证据,合同,,0
"victor 乙炔割嘴 101-2#
刻字：VICTOR 2-1-101

包装：VICTOR塑料盒+不干胶",us_acetylene,,1,1,ziliao/安宝公司/VICTOR+BAYO/订单/AB22466 出口产品供需合同-一州(1).xls,低,否,气体（acetylene）+ 地域（us）均为字面证据,合同,,0
"victor 乙炔割嘴 101-3#
刻字：VICTOR 3-1-101

包装：VICTOR塑料盒+不干胶",us_acetylene,,1,1,ziliao/安宝公司/VICTOR+BAYO/订单/AB22466 出口产品供需合同-一州(1).xls,低,否,气体（acetylene）+ 地域（us）均为字面证据,合同,,0
"victor 乙炔割嘴 101-4#
刻字：VICTOR 4-1-101

包装：VICTOR塑料盒+不干胶",us_acetylene,,1,1,ziliao/安宝公司/VICTOR+BAYO/订单/AB22466 出口产品供需合同-一州(1).xls,低,否,气体（acetylene）+ 地域（us）均为字面证据,合同,,0
"victor 乙炔割嘴 101-5#
刻字：VICTOR 5-1-101

包装：VICTOR塑料盒+不干胶",us_acetylene,,1,1,ziliao/安宝公司/VICTOR+BAYO/订单/AB22466 出口产品供需合同-一州(1).xls,低,否,气体（acetylene）+ 地域（us）均为字面证据,合同,,0
"victor 乙炔割嘴 101-6#
刻字：VICTOR 6-1-101

包装：VICTOR塑料盒+不干胶",us_acetylene,,1,1,ziliao/安宝公司/VICTOR+BAYO/订单/AB22466 出口产品供需合同-一州(1).xls,低,否,气体（acetylene）+ 地域（us）均为字面证据,合同,,0
"victor 乙炔割嘴 101-7#
刻字：VICTOR 7-1-101

包装：VICTOR塑料盒+不干胶",us_acetylene,,1,1,ziliao/安宝公司/VICTOR+BAYO/订单/AB22466 出口产品供需合同-一州(1).xls,低,否,气体（acetylene）+ 地域（us）均为字面证据,合同,,0
"victor 乙炔割嘴 101-8#
刻字：VICTOR 8-1-101

包装：VICTOR塑料盒+不干胶",us_acetylene,1、包装要求：victor塑料盒+不干胶 2、刻字要求：一定要对应型号！！,1,1,ziliao/安宝公司/VICTOR+BAYO/订单/ab24169 出口产品供需合同-奉化一洲.xls,低,否,气体（acetylene）+ 地域（us）均为字面证据,合同,,0
Victor 乙炔割嘴 2-1-101,us_acetylene,包装要求： 仿Victor包装+刻字 1#+2#合并装1件 3#+4#合并装1件,1,1,"ziliao/安宝公司/VICTOR-GPN, 1-101,6290AC/AB25737 出口产品供需合同-一洲(1).xls",低,否,气体（acetylene）+ 地域（us）均为字面证据,合同,,0
Victor 乙炔割嘴 3-1-101,us_acetylene,,1,1,"ziliao/安宝公司/VICTOR-GPN, 1-101,6290AC/AB25737 出口产品供需合同-一洲(1).xls",低,否,气体（acetylene）+ 地域（us）均为字面证据,合同,,0
Victor 乙炔割嘴 4-1-101,us_acetylene,,1,1,"ziliao/安宝公司/VICTOR-GPN, 1-101,6290AC/AB25737 出口产品供需合同-一洲(1).xls",低,否,气体（acetylene）+ 地域（us）均为字面证据,合同,,0
VICTOR LPG ------,待定,VICTOR LPG ------,1,1,"嵊州海田/22 IAM   T20 106HC金色字  宋/任江南采购单-T15,T20.doc",低,是,只认到气体「propane」，缺英式/美式 → 待人工确认,采购单,,1
Victor Style 300 Series Gouging Tip Size 0 1-118 0#,待定,,1,1,"ziliao/安宝公司/常规1-101,GPN 6290NX,G1-P,NFF/AB25951 出口产品供需合同-一洲(1).xls",低,是,名称里没有可辨认的类型证据 → 待人工确认,合同,,0
Victor Style 300 Series Gouging Tip-Size 1 1-118 2#,待定,,1,1,"ziliao/安宝公司/常规1-101,GPN 6290NX,G1-P,NFF/AB25951 出口产品供需合同-一洲(1).xls",低,是,名称里没有可辨认的类型证据 → 待人工确认,合同,,0
Victor Style 300 Series Gouging Tip-Size 2 1-118 4#,待定,,1,1,"ziliao/安宝公司/常规1-101,GPN 6290NX,G1-P,NFF/AB25951 出口产品供需合同-一洲(1).xls",低,是,名称里没有可辨认的类型证据 → 待人工确认,合同,,0
Victor Style 300 Series Gouging Tip-Size 3 1-118 6#,待定,,1,1,"ziliao/安宝公司/常规1-101,GPN 6290NX,G1-P,NFF/AB25951 出口产品供需合同-一洲(1).xls",低,是,名称里没有可辨认的类型证据 → 待人工确认,合同,,0
"W,1-W,2-W 通用后部",待定,刻: VICTOR 字 尼龙袋包装,1,1,嵊州海田/江南采购单/200V 后部采购单.doc,低,是,名称里没有可辨认的类型证据 → 待人工确认,采购单,,1
W焊管,待定,,1,1,"嵊州海田/CMR  CMY  1-101 GPN W MFA/CMY 1-101,GPN/VICTOR 生产计划单.doc",低,是,名称里没有可辨认的类型证据 → 待人工确认,计划单,,0
WS10114乙炔割嘴 101-1-4,us_acetylene,,1,1,ziliao/安宝公司/Weldsolutions不干胶/合同/2024/AB24620 出口产品供需合同-奉化一洲.xls,低,否,气体（acetylene）+ 地域（us）均为字面证据,合同,,0
"WS202305乙炔割嘴 102HC-0
全铜 重86.5g",待定,标贴尺寸：80x16mm 塑料盒盖用 红色 常规塑料盒包装+贴纸,1,1,ziliao/安宝公司/Weldsolutions不干胶/合同/2024/AB24620 出口产品供需合同-奉化一洲.xls,低,是,只认到气体「acetylene」，缺英式/美式 → 待人工确认,合同,,0
"WS202306乙炔割嘴 102HC-1
全铜 重86.5g",待定,,1,1,ziliao/安宝公司/Weldsolutions不干胶/合同/2024/AB24620 出口产品供需合同-奉化一洲.xls,低,是,只认到气体「acetylene」，缺英式/美式 → 待人工确认,合同,,0
"WS202307乙炔割嘴 102HC-2
全铜 重86.5g",待定,,1,1,ziliao/安宝公司/Weldsolutions不干胶/合同/2024/AB24620 出口产品供需合同-奉化一洲.xls,低,是,只认到气体「acetylene」，缺英式/美式 → 待人工确认,合同,,0
WS202309丙烷割嘴 106HC-0号 74g,待定,标贴尺寸：80x16mm 塑料盒盖用 蓝色 常规塑料盒包装+贴纸,1,1,ziliao/安宝公司/Weldsolutions不干胶/合同/2026/AB26354 出口产品供需合同-奉化一洲.xls,低,是,只认到气体「propane」，缺英式/美式 → 待人工确认,合同,,0
WS202310丙烷割嘴 106HC-1重74g,待定,标贴尺寸：80x16mm 塑料盒盖用 蓝色 常规塑料盒包装+贴纸,1,1,ziliao/安宝公司/Weldsolutions不干胶/合同/2024/AB24620 出口产品供需合同-奉化一洲.xls,低,是,只认到气体「propane」，缺英式/美式 → 待人工确认,合同,,0
WS202311丙烷割嘴 106HC-2重74g,待定,,1,1,ziliao/安宝公司/Weldsolutions不干胶/合同/2024/AB24620 出口产品供需合同-奉化一洲.xls,低,是,只认到气体「propane」，缺英式/美式 → 待人工确认,合同,,0
WS202312丙烷割嘴 106HC-3号74g,待定,,1,1,ziliao/安宝公司/Weldsolutions不干胶/合同/2026/AB26354 出口产品供需合同-奉化一洲.xls,低,是,只认到气体「propane」，缺英式/美式 → 待人工确认,合同,,0
WS202312丙烷割嘴 106HC-3重74g,待定,,1,1,ziliao/安宝公司/Weldsolutions不干胶/合同/2024/AB24620 出口产品供需合同-奉化一洲.xls,低,是,只认到气体「propane」，缺英式/美式 → 待人工确认,合同,,0
WS6290NX6丙烷割嘴 6290-NX-6,us_propane,,1,1,ziliao/安宝公司/Weldsolutions不干胶/合同/2026/AB26763.xls,低,否,气体（propane）+ 地域（us）均为字面证据,合同,,0
WSGPN 1丙烷割嘴 GPN 1#,待定,标贴尺寸：80x16mm 塑料盒盖用深蓝色,1,1,ziliao/安宝公司/Weldsolutions不干胶/合同/2026/ab26628.xls,低,是,只认到气体「propane」，缺英式/美式 → 待人工确认,合同,,0
WSGPN 2丙烷割嘴 GPN 2#,待定,标贴尺寸：80x16mm 塑料盒盖用深蓝色,1,1,ziliao/安宝公司/Weldsolutions不干胶/合同/2026/AB26763.xls,低,是,只认到气体「propane」，缺英式/美式 → 待人工确认,合同,,0
WSGPN5丙烷割嘴 GPN-5,待定,,1,1,ziliao/安宝公司/Weldsolutions不干胶/合同/2025/ab25317.xls,低,是,只认到气体「propane」，缺英式/美式 → 待人工确认,合同,,0
WSSC121乙炔割嘴 SC-12-1,待定,,1,1,ziliao/安宝公司/Weldsolutions不干胶/合同/2023/ab23341 出口产品供需合同-奉化一洲.xls,低,是,只认到气体「acetylene」，缺英式/美式 → 待人工确认,合同,,0
