产品名称,锚定状态,系列,系列编号,基础型号,size,size是否明确,气体类型,orifice_mm,thickness_range,未锚定原因,现有建议产品类型,出现次数,来源文件数
1-1-101,matched,AMERICAN STYLE CUTTING TIP,01,1-101,1,yes,ACETYLENE,1.2,10-20,,待定,91,91
2-1-101,matched,AMERICAN STYLE CUTTING TIP,01,1-101,2,yes,ACETYLENE,1.5,20-40,,待定,88,88
3-1-101,matched,AMERICAN STYLE CUTTING TIP,01,1-101,3,yes,ACETYLENE,1.8,40-60,,待定,79,79
0-1-101,matched,AMERICAN STYLE CUTTING TIP,01,1-101,0,yes,ACETYLENE,1.0,6-10,,待定,59,59
4-1-101,matched,AMERICAN STYLE CUTTING TIP,01,1-101,4,yes,ACETYLENE,2.1,60-80,,待定,58,58
GPN-1,matched,AMERICAN STYLE CUTTING TIP,01,GPN,1,yes,LPG,1.2,10-20,,待定,44,44
GPN-2,matched,AMERICAN STYLE CUTTING TIP,01,GPN,2,yes,LPG,1.5,20-40,,待定,44,44
割嘴 6290-1# 产品号码6010,matched,AMERICAN STYLE CUTTING TIP,01,6290,1,yes,ACETYLENE,1.2,15-25,,待定,43,38
割嘴 MC-12-1# 产品号码6003,matched,AMERICAN STYLE CUTTING TIP,01,MC12,1,yes,ACETYLENE,1.2,10-15,,待定,42,38
2-GPN,matched,AMERICAN STYLE CUTTING TIP,01,GPN,2,yes,LPG,1.5,20-40,,待定,41,41
割嘴 SC-12-2# 产品号码6001,matched,AMERICAN STYLE CUTTING TIP,01,SC12,2,yes,ACETYLENE,1.4,15-30,,待定,41,38
割嘴 MC-12-2# 产品号码6004,matched,AMERICAN STYLE CUTTING TIP,01,MC12,2,yes,ACETYLENE,1.4,15-30,,待定,41,37
1-101 割嘴 0#,matched,AMERICAN STYLE CUTTING TIP,01,1-101,0,yes,ACETYLENE,1.0,6-10,,待定,38,38
5-1-101,matched,AMERICAN STYLE CUTTING TIP,01,1-101,5,yes,ACETYLENE,2.5,80-125,,待定,38,38
割嘴 00#-3-101 产品号码6017,matched,AMERICAN STYLE CUTTING TIP,01,3-101,00,yes,ACETYLENE,0.8,3-6,,待定,38,38
GPN-3,matched,AMERICAN STYLE CUTTING TIP,01,GPN,3,yes,LPG,1.8,40-60,,待定,38,38
割嘴 1-GPN 2# 产品号码6028,unmatched,,,,,,,,,尺寸有歧义（型号前 1 / 型号后 2）,待定,38,36
1-GPN,matched,AMERICAN STYLE CUTTING TIP,01,GPN,1,yes,LPG,1.2,10-20,,待定,37,37
割嘴 1-3-GPN 产品号码6031,matched,AMERICAN STYLE CUTTING TIP,01,3GPN,1,yes,LPG,1.2,10-20,,待定,36,36
割嘴 1#-3-101 产品号码6019,matched,AMERICAN STYLE CUTTING TIP,01,3-101,1,yes,ACETYLENE,1.2,10-20,,待定,36,36
割嘴 1-GPN 3# 产品号码6029,unmatched,,,,,,,,,尺寸有歧义（型号前 1 / 型号后 3）,待定,36,33
3-GPN,matched,AMERICAN STYLE CUTTING TIP,01,3GPN,,no,LPG,,,,待定,35,35
割嘴 1#-1-101 产品号码6024,matched,AMERICAN STYLE CUTTING TIP,01,1-101,1,yes,ACETYLENE,1.2,10-20,,待定,35,35
割嘴 2-3-GPN 产品号码6032,matched,AMERICAN STYLE CUTTING TIP,01,3GPN,2,yes,LPG,1.5,20-40,,待定,35,35
割嘴 2#-1-101 产品号码6025,matched,AMERICAN STYLE CUTTING TIP,01,1-101,2,yes,ACETYLENE,1.5,20-40,,待定,35,35
6290NX-2,matched,AMERICAN STYLE CUTTING TIP,01,6290NX,2,yes,LPG,1.6,25-50,,待定,34,34
割嘴 2#-3-101 产品号码6020,matched,AMERICAN STYLE CUTTING TIP,01,3-101,2,yes,ACETYLENE,1.5,20-40,,待定,34,34
割嘴 6290-3# 产品号码6012,matched,AMERICAN STYLE CUTTING TIP,01,6290,3,yes,ACETYLENE,2.0,50-100,,待定,34,34
割嘴 3#-3-101 产品号码6021,matched,AMERICAN STYLE CUTTING TIP,01,3-101,3,yes,ACETYLENE,1.8,40-60,,待定,33,33
2-W,unmatched,,,,,,,,,型号未锚定到目录,待定,31,31
4-GPN,matched,AMERICAN STYLE CUTTING TIP,01,GPN,4,yes,LPG,2.1,60-80,,待定,31,31
6290NX-3,matched,AMERICAN STYLE CUTTING TIP,01,6290NX,3,yes,LPG,2.0,50-100,,待定,31,31
HARRIS 丙烷割嘴6290-NX-2 53g 代码：4187,matched,AMERICAN STYLE CUTTING TIP,01,6290NX,2,yes,LPG,1.6,25-50,,us_propane,31,31
6290NX-1,matched,AMERICAN STYLE CUTTING TIP,01,6290NX,1,yes,LPG,1.2,15-25,,待定,30,30
smith 丙烷割嘴 SC-50-A-2 93g 代码：4158,matched,AMERICAN STYLE CUTTING TIP,01,SC50,2,yes,LPG,1.5,15-30,,待定,30,30
smith 乙炔割嘴 SC-12-2 103g 代码：4136,matched,AMERICAN STYLE CUTTING TIP,01,SC12,2,yes,ACETYLENE,1.4,15-30,,待定,30,30
1-101 割嘴 1#,matched,AMERICAN STYLE CUTTING TIP,01,1-101,1,yes,ACETYLENE,1.2,10-20,,待定,29,29
GPN-4,matched,AMERICAN STYLE CUTTING TIP,01,GPN,4,yes,LPG,2.1,60-80,,待定,29,29
HARRIS 丙烷割嘴6290-NX-0 53g 代码：4184,matched,AMERICAN STYLE CUTTING TIP,01,6290NX,0,yes,LPG,1.0,10-15,,us_propane,28,28
smith 丙烷割嘴 SC-50-A-1 93g 代码：4157,matched,AMERICAN STYLE CUTTING TIP,01,SC50,1,yes,LPG,1.2,10-15,,待定,28,28
smith 乙炔割嘴 SC-12-3 103g 代码：4137,matched,AMERICAN STYLE CUTTING TIP,01,SC12,3,yes,ACETYLENE,1.7,30-50,,待定,28,28
smith 乙炔割嘴 SC-12-5 103g 代码：4151,matched,AMERICAN STYLE CUTTING TIP,01,SC12,5,yes,ACETYLENE,2.3,100-200,,待定,28,28
HARRIS 丙烷割嘴6290-NX-1 53g 代码：4186,matched,AMERICAN STYLE CUTTING TIP,01,6290NX,1,yes,LPG,1.2,15-25,,us_propane,27,27
HARRIS 丙烷割嘴6290-NX-3 53g 代码：4188,matched,AMERICAN STYLE CUTTING TIP,01,6290NX,3,yes,LPG,2.0,50-100,,us_propane,27,27
smith 乙炔割嘴 SC-12-1 103g 代码：4134,matched,AMERICAN STYLE CUTTING TIP,01,SC12,1,yes,ACETYLENE,1.2,10-15,,待定,27,27
0-GPN,matched,AMERICAN STYLE CUTTING TIP,01,GPN,0,yes,LPG,1.0,6-10,,待定,26,26
smith 丙烷割嘴 SC-50-A-3 93g 代码：4161,matched,AMERICAN STYLE CUTTING TIP,01,SC50,3,yes,LPG,1.8,30-50,,待定,26,26
smith 丙烷割嘴 SC-50-A-4 93g 代码：4162,matched,AMERICAN STYLE CUTTING TIP,01,SC50,4,yes,LPG,2.1,50-100,,待定,26,26
smith 乙炔割嘴 SC-12-4 103g 代码：4138,matched,AMERICAN STYLE CUTTING TIP,01,SC12,4,yes,ACETYLENE,2.0,50-100,,待定,26,26
GPN-0,matched,AMERICAN STYLE CUTTING TIP,01,GPN,0,yes,LPG,1.0,6-10,,待定,24,24
1-W,unmatched,,,,,,,,,型号未锚定到目录,待定,23,23
丙烷割嘴 GPN-2 71g 代码：4194,matched,AMERICAN STYLE CUTTING TIP,01,GPN,2,yes,LPG,1.5,20-40,,待定,23,23
HARRIS 乙炔割嘴6290-3 代码：4027,matched,AMERICAN STYLE CUTTING TIP,01,6290,3,yes,ACETYLENE,2.0,50-100,,us_acetylene,23,23
smith 乙炔割嘴 SC-12-0 103g 代码：4133,matched,AMERICAN STYLE CUTTING TIP,01,SC12,0,yes,ACETYLENE,1.0,5-10,,待定,23,23
1-101 割嘴 00#,matched,AMERICAN STYLE CUTTING TIP,01,1-101,00,yes,ACETYLENE,0.8,3-6,,待定,22,22
丙烷割嘴 GPN-1 71g 代码：4193,matched,AMERICAN STYLE CUTTING TIP,01,GPN,1,yes,LPG,1.2,10-20,,待定,22,22
丙烷割嘴 GPN-3 71g 代码：4195,matched,AMERICAN STYLE CUTTING TIP,01,GPN,3,yes,LPG,1.8,40-60,,待定,21,21
5-GPN,matched,AMERICAN STYLE CUTTING TIP,01,GPN,5,yes,LPG,2.5,80-125,,待定,20,20
6290-1,matched,AMERICAN STYLE CUTTING TIP,01,6290,1,yes,ACETYLENE,1.2,15-25,,待定,20,20
6290NX-0,matched,AMERICAN STYLE CUTTING TIP,01,6290NX,0,yes,LPG,1.0,10-15,,待定,20,20
8-MFA,unmatched,,,,,,,,,型号未锚定到目录,待定,20,20
乙炔割嘴1-101-2 102g 代码：4191,matched,AMERICAN STYLE CUTTING TIP,01,1-101,2,yes,ACETYLENE,1.5,20-40,,us_acetylene,20,20
6290-2,matched,AMERICAN STYLE CUTTING TIP,01,6290,2,yes,ACETYLENE,1.6,25-50,,待定,20,19
3-W,unmatched,,,,,,,,,型号未锚定到目录,待定,19,19
6290NX-4,matched,AMERICAN STYLE CUTTING TIP,01,6290NX,4,yes,LPG,2.4,100-175,,待定,19,19
乙炔割嘴1-101-3 102g 代码：4192,matched,AMERICAN STYLE CUTTING TIP,01,1-101,3,yes,ACETYLENE,1.8,40-60,,us_acetylene,19,19
HARRIS 乙炔割嘴6290-4 代码：4209,matched,AMERICAN STYLE CUTTING TIP,01,6290,4,yes,ACETYLENE,2.4,100-175,,us_acetylene,18,18
00-1-101,matched,AMERICAN STYLE CUTTING TIP,01,1-101,00,yes,ACETYLENE,0.8,3-6,,待定,17,17
6290NX-5,matched,AMERICAN STYLE CUTTING TIP,01,6290NX,5,yes,LPG,2.8,175-250,,待定,17,17
GPN-5,matched,AMERICAN STYLE CUTTING TIP,01,GPN,5,yes,LPG,2.5,80-125,,待定,17,17
6290-3,matched,AMERICAN STYLE CUTTING TIP,01,6290,3,yes,ACETYLENE,2.0,50-100,,待定,16,16
乙炔割嘴 1-101 #2 塑料盖贴：1-101 2,matched,AMERICAN STYLE CUTTING TIP,01,1-101,2,yes,ACETYLENE,1.5,20-40,,us_acetylene,16,14
smith 乙炔割嘴 SC-12-2 103g 货号：4136,matched,AMERICAN STYLE CUTTING TIP,01,SC12,2,yes,ACETYLENE,1.4,15-30,,待定,16,8
乙炔割嘴 1-101 #3 塑料盖贴：1-101 3,matched,AMERICAN STYLE CUTTING TIP,01,1-101,3,yes,ACETYLENE,1.8,40-60,,us_acetylene,15,13
smith 乙炔割嘴 SC-12-3 103g 货号：4137,matched,AMERICAN STYLE CUTTING TIP,01,SC12,3,yes,ACETYLENE,1.7,30-50,,待定,15,8
smith 乙炔割嘴 SC-12-5 103g 货号：4151,matched,AMERICAN STYLE CUTTING TIP,01,SC12,5,yes,ACETYLENE,2.3,100-200,,待定,15,8
00-GPN,matched,AMERICAN STYLE CUTTING TIP,01,GPN,00,yes,LPG,0.8,3-6,,待定,14,14
割嘴 6290-2# 产品号码6011,matched,AMERICAN STYLE CUTTING TIP,01,6290,2,yes,ACETYLENE,1.6,25-50,,待定,14,14
割嘴1-101 1# 产品号码6024,matched,AMERICAN STYLE CUTTING TIP,01,1-101,1,yes,ACETYLENE,1.2,10-20,,待定,14,14
割嘴3-101 0# 产品号码6018,matched,AMERICAN STYLE CUTTING TIP,01,3-101,0,yes,ACETYLENE,1.0,6-10,,待定,14,14
乙炔割嘴1-101 0# 产品号码6023,matched,AMERICAN STYLE CUTTING TIP,01,1-101,0,yes,ACETYLENE,1.0,6-10,,us_acetylene,14,14
乙炔割嘴3-101 0# 产品号码6018,matched,AMERICAN STYLE CUTTING TIP,01,3-101,0,yes,ACETYLENE,1.0,6-10,,us_acetylene,14,14
WS6290NX2丙烷割嘴 6290-NX-2,matched,AMERICAN STYLE CUTTING TIP,01,6290NX,2,yes,LPG,1.6,25-50,,us_propane,14,14
smith 乙炔割嘴 SC-12-0 103g 货号：4133,matched,AMERICAN STYLE CUTTING TIP,01,SC12,0,yes,ACETYLENE,1.0,5-10,,待定,14,8
1-101 割嘴 2#,matched,AMERICAN STYLE CUTTING TIP,01,1-101,2,yes,ACETYLENE,1.5,20-40,,待定,13,13
1-101 割嘴 3#,matched,AMERICAN STYLE CUTTING TIP,01,1-101,3,yes,ACETYLENE,1.8,40-60,,待定,13,13
6290NX-6,matched,AMERICAN STYLE CUTTING TIP,01,6290NX,6,yes,LPG,3.2,250-300,,待定,13,13
割嘴1-101 2# 产品号码6025,matched,AMERICAN STYLE CUTTING TIP,01,1-101,2,yes,ACETYLENE,1.5,20-40,,待定,13,13
割嘴3-101 2# 产品号码6020,matched,AMERICAN STYLE CUTTING TIP,01,3-101,2,yes,ACETYLENE,1.5,20-40,,待定,13,13
乙炔割嘴3-101 00# 产品号码6017,matched,AMERICAN STYLE CUTTING TIP,01,3-101,00,yes,ACETYLENE,0.8,3-6,,us_acetylene,13,13
GPN 割嘴 1#,matched,AMERICAN STYLE CUTTING TIP,01,GPN,1,yes,LPG,1.2,10-20,,待定,13,13
smith 乙炔割嘴 SC-12-4 103g 货号：4138,matched,AMERICAN STYLE CUTTING TIP,01,SC12,4,yes,ACETYLENE,2.0,50-100,,待定,13,8
6290-4,matched,AMERICAN STYLE CUTTING TIP,01,6290,4,yes,ACETYLENE,2.4,100-175,,待定,12,12
割嘴3-101 1# 产品号码6019,matched,AMERICAN STYLE CUTTING TIP,01,3-101,1,yes,ACETYLENE,1.2,10-20,,待定,12,12
乙炔割嘴3-101 1# 产品号码6019,matched,AMERICAN STYLE CUTTING TIP,01,3-101,1,yes,ACETYLENE,1.2,10-20,,us_acetylene,12,12
乙炔割嘴3-101 2# 产品号码6020,matched,AMERICAN STYLE CUTTING TIP,01,3-101,2,yes,ACETYLENE,1.5,20-40,,us_acetylene,12,12
WS6290NX1丙烷割嘴 6290-NX-1,matched,AMERICAN STYLE CUTTING TIP,01,6290NX,1,yes,LPG,1.2,15-25,,us_propane,12,12
乙炔割嘴 1-101,matched,AMERICAN STYLE CUTTING TIP,01,1-101,,no,ACETYLENE,,,,us_acetylene,12,2
1502 割嘴 4#,matched,BRAZILIAN STYLE CUTTING TIP,06,1502,4,yes,ACETYLENE,1.0,10-15,,待定,11,11
6-1-101,matched,AMERICAN STYLE CUTTING TIP,01,1-101,6,yes,ACETYLENE,3.1,125-200,,待定,11,11
丙烷割嘴 GPN-2 71g 货号：4194,matched,AMERICAN STYLE CUTTING TIP,01,GPN,2,yes,LPG,1.5,20-40,,待定,11,11
乙炔割嘴1-101 1# 产品号码6024,matched,AMERICAN STYLE CUTTING TIP,01,1-101,1,yes,ACETYLENE,1.2,10-20,,us_acetylene,11,11
乙炔割嘴1-101 2# 产品号码6025,matched,AMERICAN STYLE CUTTING TIP,01,1-101,2,yes,ACETYLENE,1.5,20-40,,us_acetylene,11,11
HARRIS 丙烷割嘴6290-NX-1 53g 货号：4186,matched,AMERICAN STYLE CUTTING TIP,01,6290NX,1,yes,LPG,1.2,15-25,,us_propane,11,11
HARRIS 丙烷割嘴6290-NX-2 53g 货号：4187,matched,AMERICAN STYLE CUTTING TIP,01,6290NX,2,yes,LPG,1.6,25-50,,us_propane,11,11
HARRIS 乙炔割嘴6290-2 55g 货号：4210,matched,AMERICAN STYLE CUTTING TIP,01,6290,2,yes,ACETYLENE,1.6,25-50,,us_acetylene,11,11
smith 丙烷割嘴 SC-50-A-2 93g 货号：4158,matched,AMERICAN STYLE CUTTING TIP,01,SC50,2,yes,LPG,1.5,15-30,,待定,11,11
smith 丙烷割嘴 SC-50-A-3 93g 货号：4161,matched,AMERICAN STYLE CUTTING TIP,01,SC50,3,yes,LPG,1.8,30-50,,待定,11,11
WSSC502丙烷割嘴 SC-50-2,matched,AMERICAN STYLE CUTTING TIP,01,SC50,2,yes,LPG,1.5,15-30,,待定,11,11
0-W,unmatched,,,,,,,,,型号未锚定到目录,待定,10,10
割嘴 GPN #2 仿包装,matched,AMERICAN STYLE CUTTING TIP,01,GPN,2,yes,LPG,1.5,20-40,,待定,10,10
割嘴1-101 00# 产品号码6022,matched,AMERICAN STYLE CUTTING TIP,01,1-101,00,yes,ACETYLENE,0.8,3-6,,待定,10,10
割嘴3-101 00# 产品号码6017,matched,AMERICAN STYLE CUTTING TIP,01,3-101,00,yes,ACETYLENE,0.8,3-6,,待定,10,10
乙炔割嘴 1-101 #1 塑料盖贴：1-101 1,matched,AMERICAN STYLE CUTTING TIP,01,1-101,1,yes,ACETYLENE,1.2,10-20,,us_acetylene,10,10
乙炔割嘴1-101-2 82g 货号：4191,matched,AMERICAN STYLE CUTTING TIP,01,1-101,2,yes,ACETYLENE,1.5,20-40,,us_acetylene,10,10
HARRIS 丙烷割嘴6290-NX-3 53g 货号：4188,matched,AMERICAN STYLE CUTTING TIP,01,6290NX,3,yes,LPG,2.0,50-100,,us_propane,10,10
PNME18 割嘴 1/16,unmatched,,,,,,,,,尺寸不在目录档位（候选数字 18）,待定,10,10
6290 割嘴 1#,matched,AMERICAN STYLE CUTTING TIP,01,6290,1,yes,ACETYLENE,1.2,15-25,,待定,9,9
割嘴 1-101 #1 仿包装,matched,AMERICAN STYLE CUTTING TIP,01,1-101,1,yes,ACETYLENE,1.2,10-20,,待定,9,9
割嘴 1-101 #2 仿包装,matched,AMERICAN STYLE CUTTING TIP,01,1-101,2,yes,ACETYLENE,1.5,20-40,,待定,9,9
割嘴 1-101 #3 仿包装,matched,AMERICAN STYLE CUTTING TIP,01,1-101,3,yes,ACETYLENE,1.8,40-60,,待定,9,9
割嘴 GPN #4 仿包装,matched,AMERICAN STYLE CUTTING TIP,01,GPN,4,yes,LPG,2.1,60-80,,待定,9,9
割嘴1-101 0# 产品号码6023,matched,AMERICAN STYLE CUTTING TIP,01,1-101,0,yes,ACETYLENE,1.0,6-10,,待定,9,9
GPN-00,matched,AMERICAN STYLE CUTTING TIP,01,GPN,00,yes,LPG,0.8,3-6,,待定,9,9
smith 丙烷割嘴 SC-50-A-1 93g 货号：4157,matched,AMERICAN STYLE CUTTING TIP,01,SC50,1,yes,LPG,1.2,10-15,,待定,9,9
WS62902乙炔割嘴 6290-2,matched,AMERICAN STYLE CUTTING TIP,01,6290,2,yes,ACETYLENE,1.6,25-50,,us_acetylene,9,9
10-MFA,unmatched,,,,,,,,,型号未锚定到目录,待定,8,8
106HC-2,unmatched,,,,,,,,,型号边界不干净（右侧紧贴 H）,待定,8,8
4-W,unmatched,,,,,,,,,型号未锚定到目录,待定,8,8
5-W,unmatched,,,,,,,,,型号未锚定到目录,待定,8,8
6-GPN,matched,AMERICAN STYLE CUTTING TIP,01,GPN,6,yes,LPG,3.1,125-200,,待定,8,8
6290-0,matched,AMERICAN STYLE CUTTING TIP,01,6290,0,yes,ACETYLENE,1.0,10-15,,待定,8,8
6290-2AC,matched,AMERICAN STYLE CUTTING TIP,01,6290,2,yes,ACETYLENE,1.6,25-50,,待定,8,8
6290-5,matched,AMERICAN STYLE CUTTING TIP,01,6290,5,yes,ACETYLENE,2.8,175-250,,待定,8,8
丙烷割嘴 GPN-1 71g 货号：4193,matched,AMERICAN STYLE CUTTING TIP,01,GPN,1,yes,LPG,1.2,10-20,,待定,8,8
丙烷割嘴 GPN-3 71g 货号：4195,matched,AMERICAN STYLE CUTTING TIP,01,GPN,3,yes,LPG,1.8,40-60,,待定,8,8
割嘴 1-101 #4 仿包装,matched,AMERICAN STYLE CUTTING TIP,01,1-101,4,yes,ACETYLENE,2.1,60-80,,待定,8,8
割嘴 1-101 #5 仿包装,matched,AMERICAN STYLE CUTTING TIP,01,1-101,5,yes,ACETYLENE,2.5,80-125,,待定,8,8
割嘴 GPN #0 塑料盖贴：GPN-0,matched,AMERICAN STYLE CUTTING TIP,01,GPN,0,yes,LPG,1.0,6-10,,待定,8,8
割嘴 GPN #1 塑料盖贴：GPN-1,matched,AMERICAN STYLE CUTTING TIP,01,GPN,1,yes,LPG,1.2,10-20,,待定,8,8
割嘴 GPN #2 塑料盖贴：GPN-2,matched,AMERICAN STYLE CUTTING TIP,01,GPN,2,yes,LPG,1.5,20-40,,待定,8,8
割嘴 GPN #3 塑料盖贴：GPN-3,matched,AMERICAN STYLE CUTTING TIP,01,3GPN,3,yes,LPG,1.8,40-60,,待定,8,8
尼龙袋,unmatched,,,,,,,,,型号未锚定到目录,待定,8,8
乙炔割嘴 1-101 #0 塑料盖贴：1-101 0,matched,AMERICAN STYLE CUTTING TIP,01,1-101,0,yes,ACETYLENE,1.0,6-10,,us_acetylene,8,8
GPN 割嘴 3#,matched,AMERICAN STYLE CUTTING TIP,01,GPN,3,yes,LPG,1.8,40-60,,待定,8,8
smith 丙烷割嘴 SC-50-A-0 93g 货号：4154,matched,AMERICAN STYLE CUTTING TIP,01,SC50,0,yes,LPG,1.0,5-10,,待定,8,8
smith 丙烷割嘴 SC-50-A-5 93g 代码：4163,matched,AMERICAN STYLE CUTTING TIP,01,SC50,5,yes,LPG,2.4,100-200,,待定,8,8
15-MFA,unmatched,,,,,,,,,型号未锚定到目录,待定,8,7
3-101 割嘴 1#,matched,AMERICAN STYLE CUTTING TIP,01,3-101,1,yes,ACETYLENE,1.2,10-20,,待定,8,7
乙炔割嘴 1-101 #1 仿包装,matched,AMERICAN STYLE CUTTING TIP,01,1-101,1,yes,ACETYLENE,1.2,10-20,,us_acetylene,8,6
乙炔割嘴 1-101 #2 仿包装,matched,AMERICAN STYLE CUTTING TIP,01,1-101,2,yes,ACETYLENE,1.5,20-40,,us_acetylene,8,6
乙炔割嘴 1-101 #3 仿包装,matched,AMERICAN STYLE CUTTING TIP,01,1-101,3,yes,ACETYLENE,1.8,40-60,,us_acetylene,8,6
乙炔割嘴 1-101 #5 仿包装,matched,AMERICAN STYLE CUTTING TIP,01,1-101,5,yes,ACETYLENE,2.5,80-125,,us_acetylene,8,5
乙炔割嘴 1-101 #8 仿包装,matched,AMERICAN STYLE CUTTING TIP,01,1-101,8,yes,ACETYLENE,4.1,250-300,,us_acetylene,8,5
106HC-1,unmatched,,,,,,,,,型号边界不干净（右侧紧贴 H）,待定,7,7
106HC-3,unmatched,,,,,,,,,型号边界不干净（右侧紧贴 H）,待定,7,7
106HC-5,unmatched,,,,,,,,,型号边界不干净（右侧紧贴 H）,待定,7,7
12-MFA,unmatched,,,,,,,,,型号未锚定到目录,待定,7,7
6290AC 割嘴 2#,matched,AMERICAN STYLE CUTTING TIP,01,6290AC,2,yes,ACETYLENE,1.6,25-50,,待定,7,7
6290NX-00,matched,AMERICAN STYLE CUTTING TIP,01,6290NX,00,yes,LPG,0.9,5-10,,待定,7,7
澳大利亚款式乙炔 割嘴 41-12 刻字内容：如右图所示41 12,matched,AUSTRALIAN STYLE CUTTING TIP,05,41,12,yes,ACETYLENE,1.2,10-20,,待定,7,7
澳大利亚款式乙炔 割嘴 41-15 刻字内容如图所示41 15,matched,AUSTRALIAN STYLE CUTTING TIP,05,41,15,yes,ACETYLENE,1.5,25-75,,待定,7,7
割嘴 GPN #1 仿包装,matched,AMERICAN STYLE CUTTING TIP,01,GPN,1,yes,LPG,1.2,10-20,,待定,7,7
割嘴3-101 3# 产品号码6021,matched,AMERICAN STYLE CUTTING TIP,01,3-101,3,yes,ACETYLENE,1.8,40-60,,待定,7,7
乙炔割嘴 1-101 #4 塑料盖贴：1-101 4,matched,AMERICAN STYLE CUTTING TIP,01,1-101,4,yes,ACETYLENE,2.1,60-80,,us_acetylene,7,7
乙炔割嘴1-101 00# 产品号码6022,matched,AMERICAN STYLE CUTTING TIP,01,1-101,00,yes,ACETYLENE,0.8,3-6,,us_acetylene,7,7
GPN 割嘴 5#,matched,AMERICAN STYLE CUTTING TIP,01,GPN,5,yes,LPG,2.5,80-125,,待定,7,7
GPN-6,matched,AMERICAN STYLE CUTTING TIP,01,GPN,6,yes,LPG,3.1,125-200,,待定,7,7
HARRIS 乙炔割嘴6290-3 55g 货号：4027,matched,AMERICAN STYLE CUTTING TIP,01,6290,3,yes,ACETYLENE,2.0,50-100,,us_acetylene,7,7
smith 丙烷割嘴 SC-50-A-4 93g 货号：4162,matched,AMERICAN STYLE CUTTING TIP,01,SC50,4,yes,LPG,2.1,50-100,,待定,7,7
WS10111乙炔割嘴 101-1-1,unmatched,,,,,,,,,型号未锚定到目录,us_acetylene,7,7
WS62903乙炔割嘴 6290-3,matched,AMERICAN STYLE CUTTING TIP,01,6290,3,yes,ACETYLENE,2.0,50-100,,us_acetylene,7,7
WS6290NX3丙烷割嘴 6290-NX-3,matched,AMERICAN STYLE CUTTING TIP,01,6290NX,3,yes,LPG,2.0,50-100,,us_propane,7,7
WS6290NX4丙烷割嘴 6290-NX-4,matched,AMERICAN STYLE CUTTING TIP,01,6290NX,4,yes,LPG,2.4,100-175,,us_propane,7,7
WSGPN2丙烷割嘴 GPN-2,matched,AMERICAN STYLE CUTTING TIP,01,GPN,2,yes,LPG,1.5,20-40,,待定,7,7
乙炔割嘴 1-101 #0 仿包装,matched,AMERICAN STYLE CUTTING TIP,01,1-101,0,yes,ACETYLENE,1.0,6-10,,us_acetylene,7,5
丙烷割嘴 GPN #1 仿包装,matched,AMERICAN STYLE CUTTING TIP,01,GPN,1,yes,LPG,1.2,10-20,,待定,7,4
丙烷割嘴 GPN #2 仿包装,matched,AMERICAN STYLE CUTTING TIP,01,GPN,2,yes,LPG,1.5,20-40,,待定,7,4
丙烷割嘴 GPN #3 仿包装,matched,AMERICAN STYLE CUTTING TIP,01,GPN,3,yes,LPG,1.8,40-60,,待定,7,4
丙烷割嘴 GPN #4 仿包装,matched,AMERICAN STYLE CUTTING TIP,01,GPN,4,yes,LPG,2.1,60-80,,待定,7,4
106HC-0,unmatched,,,,,,,,,型号边界不干净（右侧紧贴 H）,待定,6,6
106HC-4,unmatched,,,,,,,,,型号边界不干净（右侧紧贴 H）,待定,6,6
3-101 割嘴 000#,matched,AMERICAN STYLE CUTTING TIP,01,3-101,000,yes,ACETYLENE,0.7,1-3,,待定,6,6
6290 割嘴 0#,matched,AMERICAN STYLE CUTTING TIP,01,6290,0,yes,ACETYLENE,1.0,10-15,,待定,6,6
6290NX 割嘴 1#,matched,AMERICAN STYLE CUTTING TIP,01,6290NX,1,yes,LPG,1.2,15-25,,待定,6,6
6290NX 割嘴 2#,matched,AMERICAN STYLE CUTTING TIP,01,6290NX,2,yes,LPG,1.6,25-50,,待定,6,6
"丙烷切割喷嘴,1号 厚度：10-20mm孔口：1.2",unmatched,,,,,,,,,型号边界不干净（右侧紧贴 0）,待定,6,6
"丙烷切割喷嘴,2号 厚度：20-40mm 孔口：1.5",unmatched,,,,,,,,,型号未锚定到目录,待定,6,6
割嘴 GPN #4 塑料盖贴：GPN-4,matched,AMERICAN STYLE CUTTING TIP,01,GPN,4,yes,LPG,2.1,60-80,,待定,6,6
割嘴 MC-12-3# 产品号码6005,matched,AMERICAN STYLE CUTTING TIP,01,MC12,3,yes,ACETYLENE,1.7,30-50,,待定,6,6
割嘴3-GPN 1# 产品号码6031,matched,AMERICAN STYLE CUTTING TIP,01,3GPN,1,yes,LPG,1.2,10-20,,待定,6,6
割嘴3-GPN 2# 产品号码6032,matched,AMERICAN STYLE CUTTING TIP,01,3GPN,2,yes,LPG,1.5,20-40,,待定,6,6
乙炔割嘴 ANM 1# 刻字内容：规格与型号 包装：常规-中性,unmatched,,,,,,,,,型号未锚定到目录,uk_acetylene,6,6
乙炔割嘴1-101 3# 产品号码6026,matched,AMERICAN STYLE CUTTING TIP,01,1-101,3,yes,ACETYLENE,1.8,40-60,,us_acetylene,6,6
"乙炔切割喷嘴,1号 厚度：10-20mm 预热：0.7 孔口：1.2",unmatched,,,,,,,,,型号边界不干净（右侧紧贴 0）,待定,6,6
"乙炔切割喷嘴,2号 厚度：20-40mm 预热：0.8 孔口：1.5",unmatched,,,,,,,,,型号未锚定到目录,待定,6,6
"乙炔切割喷嘴,3号 厚度：40-60mm 预热：0.9 孔口：1.8",unmatched,,,,,,,,,型号未锚定到目录,待定,6,6
G1-P16/10,matched,FRENCH STYLE CUTTING TIP,04,G1-P,16/10,yes,LPG,1.6,50-80,,待定,6,6
GPN 割嘴 2#,matched,AMERICAN STYLE CUTTING TIP,01,GPN,2,yes,LPG,1.5,20-40,,待定,6,6
HARRIS 乙炔割嘴6290-2 代码：4210,matched,AMERICAN STYLE CUTTING TIP,01,6290,2,yes,ACETYLENE,1.6,25-50,,us_acetylene,6,6
PNME割嘴 229 #2 塑料盖贴：229-2,matched,AMERICAN STYLE CUTTING TIP,01,229,2,yes,LPG,1.2,10-15,,待定,6,6
PNME割嘴 229 #4 塑料盖贴：229-4,matched,AMERICAN STYLE CUTTING TIP,01,229,4,yes,LPG,1.6,25-50,,待定,6,6
smith 丙烷割嘴 SC-50-A-0 93g 代码：4154,matched,AMERICAN STYLE CUTTING TIP,01,SC50,0,yes,LPG,1.0,5-10,,待定,6,6
smith 丙烷割嘴 SC-50-A-7 93g 代码：4164,matched,AMERICAN STYLE CUTTING TIP,01,SC50,7,yes,LPG,3.2,300-350,,待定,6,6
WS62900乙炔割嘴 6290-0,matched,AMERICAN STYLE CUTTING TIP,01,6290,0,yes,ACETYLENE,1.0,10-15,,us_acetylene,6,6
WS62901乙炔割嘴 6290-1,matched,AMERICAN STYLE CUTTING TIP,01,6290,1,yes,ACETYLENE,1.2,15-25,,us_acetylene,6,6
WS6290NX0丙烷割嘴 6290-NX-0,matched,AMERICAN STYLE CUTTING TIP,01,6290NX,0,yes,LPG,1.0,10-15,,us_propane,6,6
WSGPN1丙烷割嘴 GPN-1,matched,AMERICAN STYLE CUTTING TIP,01,GPN,1,yes,LPG,1.2,10-20,,待定,6,6
WSSC122乙炔割嘴 SC-12-2,matched,AMERICAN STYLE CUTTING TIP,01,SC12,2,yes,ACETYLENE,1.4,15-30,,待定,6,6
WSSC501丙烷割嘴 SC-50-1,matched,AMERICAN STYLE CUTTING TIP,01,SC50,1,yes,LPG,1.2,10-15,,待定,6,6
丙烷割嘴 GPN #5 仿包装,matched,AMERICAN STYLE CUTTING TIP,01,GPN,5,yes,LPG,2.5,80-125,,待定,6,4
丙烷割嘴 GPN #00 仿包装,matched,AMERICAN STYLE CUTTING TIP,01,GPN,00,yes,LPG,0.8,3-6,,待定,6,3
丙烷割嘴 G1-P 单只重78g,matched,FRENCH STYLE CUTTING TIP,04,G1-P,,no,LPG,,,,待定,6,1
割嘴1503,matched,BRAZILIAN STYLE CUTTING TIP,06,1503,,no,LPG,,,,待定,6,1
1-101 割嘴 4#,matched,AMERICAN STYLE CUTTING TIP,01,1-101,4,yes,ACETYLENE,2.1,60-80,,待定,5,5
1-W-1,unmatched,,,,,,,,,型号未锚定到目录,待定,5,5
10-MFN,unmatched,,,,,,,,,型号未锚定到目录,待定,5,5
12-MFN,unmatched,,,,,,,,,型号未锚定到目录,待定,5,5
15-MFN,unmatched,,,,,,,,,型号未锚定到目录,待定,5,5
1502 割嘴 6#,matched,BRAZILIAN STYLE CUTTING TIP,06,1502,6,yes,ACETYLENE,1.5,15-25,,待定,5,5
1502乙炔割嘴 #10 包装：塑料盒贴型号,matched,BRAZILIAN STYLE CUTTING TIP,06,1502,10,yes,ACETYLENE,2.4,125-250,,待定,5,5
1502乙炔割嘴 #12 包装：塑料盒贴型号,matched,BRAZILIAN STYLE CUTTING TIP,06,1502,12,yes,ACETYLENE,3.0,250-300,,待定,5,5
1502乙炔割嘴 #4 包装：塑料盒贴型号,matched,BRAZILIAN STYLE CUTTING TIP,06,1502,4,yes,ACETYLENE,1.0,10-15,,待定,5,5
1502乙炔割嘴 #6 包装：塑料盒贴型号,matched,BRAZILIAN STYLE CUTTING TIP,06,1502,6,yes,ACETYLENE,1.5,15-25,,待定,5,5
1502乙炔割嘴 #8 包装：塑料盒贴型号,matched,BRAZILIAN STYLE CUTTING TIP,06,1502,8,yes,ACETYLENE,2.0,25-125,,待定,5,5
1503丙烷割嘴 #10 包装：塑料盒贴型号,matched,BRAZILIAN STYLE CUTTING TIP,06,1503,10,yes,LPG,2.5,100-150,,待定,5,5
1503丙烷割嘴 #12 包装：塑料盒贴型号,matched,BRAZILIAN STYLE CUTTING TIP,06,1503,12,yes,LPG,3.0,150-200,,待定,5,5
1503丙烷割嘴 #6 包装：塑料盒贴型号,matched,BRAZILIAN STYLE CUTTING TIP,06,1503,6,yes,LPG,1.5,25-50,,待定,5,5
2-W-1,unmatched,,,,,,,,,型号未锚定到目录,待定,5,5
3-101 割嘴 0#,matched,AMERICAN STYLE CUTTING TIP,01,3-101,0,yes,ACETYLENE,1.0,6-10,,待定,5,5
3-101 割嘴 3#,matched,AMERICAN STYLE CUTTING TIP,01,3-101,3,yes,ACETYLENE,1.8,40-60,,待定,5,5
3-GPN 割嘴 2#,matched,AMERICAN STYLE CUTTING TIP,01,3GPN,2,yes,LPG,1.5,20-40,,待定,5,5
6290 割嘴 00#,matched,AMERICAN STYLE CUTTING TIP,01,6290,00,yes,ACETYLENE,0.9,5-10,,待定,5,5
8-1-101,matched,AMERICAN STYLE CUTTING TIP,01,1-101,8,yes,ACETYLENE,4.1,250-300,,待定,5,5
8-MFN,unmatched,,,,,,,,,型号未锚定到目录,待定,5,5
丙烷割嘴 代码：4193,unmatched,,,,,,,,,型号边界不干净（右侧紧贴 9）,待定,5,5
丙烷割嘴 代码：4194,unmatched,,,,,,,,,型号边界不干净（右侧紧贴 9）,待定,5,5
丙烷割嘴GPN #1 塑料盖贴：GPN-1,matched,AMERICAN STYLE CUTTING TIP,01,GPN,1,yes,LPG,1.2,10-20,,待定,5,5
丙烷割嘴GPN #3 塑料盖贴：GPN-3,matched,AMERICAN STYLE CUTTING TIP,01,3GPN,3,yes,LPG,1.8,40-60,,待定,5,5
"丙烷切割喷嘴,3厚度：40-60mm 孔口：1.8",unmatched,,,,,,,,,型号未锚定到目录,待定,5,5
割嘴 1-101 #8 仿包装,matched,AMERICAN STYLE CUTTING TIP,01,1-101,8,yes,ACETYLENE,4.1,250-300,,待定,5,5
割嘴 1-GPN 1# 产品号码6027,matched,AMERICAN STYLE CUTTING TIP,01,GPN,1,yes,LPG,1.2,10-20,,待定,5,5
割嘴 3#-1-101 产品号码6026,matched,AMERICAN STYLE CUTTING TIP,01,1-101,3,yes,ACETYLENE,1.8,40-60,,待定,5,5
割嘴 6290-0# 产品号码6009,matched,AMERICAN STYLE CUTTING TIP,01,6290,0,yes,ACETYLENE,1.0,10-15,,待定,5,5
割嘴 GPN #0 仿包装,matched,AMERICAN STYLE CUTTING TIP,01,GPN,0,yes,LPG,1.0,6-10,,待定,5,5
割嘴 GPN #00 仿包装,matched,AMERICAN STYLE CUTTING TIP,01,GPN,00,yes,LPG,0.8,3-6,,待定,5,5
割嘴 GPN #5 塑料盖贴：GPN-5,matched,AMERICAN STYLE CUTTING TIP,01,GPN,5,yes,LPG,2.5,80-125,,待定,5,5
割嘴 GPN #6 仿包装,matched,AMERICAN STYLE CUTTING TIP,01,GPN,6,yes,LPG,3.1,125-200,,待定,5,5
割嘴 SC-12-1# 产品号码6000,matched,AMERICAN STYLE CUTTING TIP,01,SC12,1,yes,ACETYLENE,1.2,10-15,,待定,5,5
割嘴1-101 3# 产品号码6026,matched,AMERICAN STYLE CUTTING TIP,01,1-101,3,yes,ACETYLENE,1.8,40-60,,待定,5,5
割嘴3-101 000# 产品号码6016,matched,AMERICAN STYLE CUTTING TIP,01,3-101,000,yes,ACETYLENE,0.7,1-3,,待定,5,5
割嘴GPN 2# 产品号码6028,matched,AMERICAN STYLE CUTTING TIP,01,GPN,2,yes,LPG,1.5,20-40,,待定,5,5
乙炔割嘴 1-101 #5 塑料盖贴：1-101 5,matched,AMERICAN STYLE CUTTING TIP,01,1-101,5,yes,ACETYLENE,2.5,80-125,,us_acetylene,5,5
乙炔割嘴 164 #0 塑料盖贴：164-0,matched,AMERICAN STYLE CUTTING TIP,01,164,0,yes,ACETYLENE,1.0,6-10,,待定,5,5
乙炔割嘴 164 #4 塑料盖贴：164-4,matched,AMERICAN STYLE CUTTING TIP,01,164,4,yes,ACETYLENE,1.8,60-100,,待定,5,5
乙炔割嘴1-101-2 代码：4191,matched,AMERICAN STYLE CUTTING TIP,01,1-101,2,yes,ACETYLENE,1.5,20-40,,us_acetylene,5,5
乙炔割嘴1-101-3 代码：4192,matched,AMERICAN STYLE CUTTING TIP,01,1-101,3,yes,ACETYLENE,1.8,40-60,,us_acetylene,5,5
乙炔割嘴1-101-3 82g 代码：4192,matched,AMERICAN STYLE CUTTING TIP,01,1-101,3,yes,ACETYLENE,1.8,40-60,,us_acetylene,5,5
乙炔割嘴1-101-3 82g 货号：4192,matched,AMERICAN STYLE CUTTING TIP,01,1-101,3,yes,ACETYLENE,1.8,40-60,,us_acetylene,5,5
乙炔割嘴3-101 3# 产品号码6021,matched,AMERICAN STYLE CUTTING TIP,01,3-101,3,yes,ACETYLENE,1.8,40-60,,us_acetylene,5,5
G1-P10/10,matched,FRENCH STYLE CUTTING TIP,04,G1-P,10/10,yes,LPG,1.0,10-25,,待定,5,5
G1-P20/10,matched,FRENCH STYLE CUTTING TIP,04,G1-P,20/10,yes,LPG,2.0,80-120,,待定,5,5
HARRIS 丙烷割嘴6290-NX-0 53g 货号：4184,matched,AMERICAN STYLE CUTTING TIP,01,6290NX,0,yes,LPG,1.0,10-15,,us_propane,5,5
KOIKE 106HC 割嘴 83克 5# 分体式6个孔,unmatched,,,,,,,,,型号边界不干净（右侧紧贴 H）,待定,5,5
KOIKE 106HC 割嘴 83克 6# 分体式6个孔,unmatched,,,,,,,,,型号边界不干净（右侧紧贴 H）,待定,5,5
KOIKE 106HC 割嘴 83克 7# 分体式6个孔,unmatched,,,,,,,,,型号边界不干净（右侧紧贴 H）,待定,5,5
KOIKE 106HC 割嘴 83克 8# 分体式6个孔,unmatched,,,,,,,,,型号边界不干净（右侧紧贴 H）,待定,5,5
PNME9 1/16,unmatched,,,,,,,,,尺寸不在目录档位（候选数字 9）,待定,5,5
PNME割嘴 229 #0 塑料盖贴：229-0,matched,AMERICAN STYLE CUTTING TIP,01,229,0,yes,LPG,0.8,3-6,,待定,5,5
PNME割嘴 229 #1 塑料盖贴：229-1,matched,AMERICAN STYLE CUTTING TIP,01,229,1,yes,LPG,1.0,6-10,,待定,5,5
PNME割嘴 229 #3 塑料盖贴：229-3,matched,AMERICAN STYLE CUTTING TIP,01,229,3,yes,LPG,1.4,15-25,,待定,5,5
SC12 割嘴 3#,matched,AMERICAN STYLE CUTTING TIP,01,SC12,3,yes,ACETYLENE,1.7,30-50,,待定,5,5
SC50 割嘴 4#,matched,AMERICAN STYLE CUTTING TIP,01,SC50,4,yes,LPG,2.1,50-100,,待定,5,5
smith 乙炔割嘴 SC-12-1 103g 货号：4134,matched,AMERICAN STYLE CUTTING TIP,01,SC12,1,yes,ACETYLENE,1.2,10-15,,待定,5,5
WSGPN0丙烷割嘴 GPN-0,matched,AMERICAN STYLE CUTTING TIP,01,GPN,0,yes,LPG,1.0,6-10,,待定,5,5
WSSC124乙炔割嘴 SC-12-4,matched,AMERICAN STYLE CUTTING TIP,01,SC12,4,yes,ACETYLENE,2.0,50-100,,待定,5,5
106HC-00,unmatched,,,,,,,,,型号边界不干净（右侧紧贴 H）,待定,5,4
乙炔割嘴 1-101 #00 仿包装,matched,AMERICAN STYLE CUTTING TIP,01,1-101,00,yes,ACETYLENE,0.8,3-6,,us_acetylene,5,4
Nozzle №1 (3/64”) 客人要12个槽 74克,unmatched,,,,,,,,,型号未锚定到目录,待定,5,3
割嘴1502,matched,BRAZILIAN STYLE CUTTING TIP,06,1502,,no,ACETYLENE,,,,待定,5,1
乙炔割嘴 1-101 刻字： 中性 包装：塑料盒+定制不干胶 【不干胶我司提供】,matched,AMERICAN STYLE CUTTING TIP,01,1-101,,no,ACETYLENE,,,,us_acetylene,5,1
乙炔割嘴 ANME 刻字： 中性 包装：塑料盒+定制不干胶,matched,BRITISH STYLE CUTTING TIP,03,ANME,,no,ACETYLENE,,,,待定,5,1
1-118 割嘴 0#,matched,AMERICAN STYLE CUTTING TIP,01,1-118,0,yes,ACETYLENE,1.2,1.8x5,,待定,4,4
1-118 割嘴 2#,matched,AMERICAN STYLE CUTTING TIP,01,1-118,2,yes,ACETYLENE,1.5,2.4x5,,待定,4,4
1-118 割嘴 4#,matched,AMERICAN STYLE CUTTING TIP,01,1-118,4,yes,ACETYLENE,1.8,2.5x5,,待定,4,4
1-118 割嘴 6#,matched,AMERICAN STYLE CUTTING TIP,01,1-118,6,yes,ACETYLENE,2.1,2.8x10,,待定,4,4
1-118 割嘴 8#,matched,AMERICAN STYLE CUTTING TIP,01,1-118,8,yes,ACETYLENE,2.4,3.2x10,,待定,4,4
102HC-2,unmatched,,,,,,,,,型号边界不干净（右侧紧贴 H）,待定,4,4
102HC-3,unmatched,,,,,,,,,型号边界不干净（右侧紧贴 H）,待定,4,4
106-1/16,unmatched,,,,,,,,,尺寸不在目录档位（候选数字 1/16）,待定,4,4
106-1/64,unmatched,,,,,,,,,尺寸不在目录档位（候选数字 106）,待定,4,4
106-3/64,unmatched,,,,,,,,,尺寸不在目录档位（候选数字 3/64）,待定,4,4
106D7-3,matched,JAPANESE STYLE CUTTING TIP,02,106D7,3,yes,LPG,1.5,60-100,,待定,4,4
1502 割嘴 2#,matched,BRAZILIAN STYLE CUTTING TIP,06,1502,2,yes,ACETYLENE,0.8,3-6,,待定,4,4
1503 割嘴 4#,matched,BRAZILIAN STYLE CUTTING TIP,06,1503,4,yes,LPG,1.0,10-25,,待定,4,4
1503丙烷割嘴 #4 包装：塑料盒贴型号,matched,BRAZILIAN STYLE CUTTING TIP,06,1503,4,yes,LPG,1.0,10-25,,待定,4,4
1503丙烷割嘴 #8 包装：塑料盒贴型号,matched,BRAZILIAN STYLE CUTTING TIP,06,1503,8,yes,LPG,2.0,50-100,,待定,4,4
261 割嘴 0#,matched,AMERICAN STYLE CUTTING TIP,01,261,0,yes,LPG,0.8,3-6,,待定,4,4
261 割嘴 1#,matched,AMERICAN STYLE CUTTING TIP,01,261,1,yes,LPG,1.0,6-10,,待定,4,4
3-101 割嘴 00#,matched,AMERICAN STYLE CUTTING TIP,01,3-101,00,yes,ACETYLENE,0.8,3-6,,待定,4,4
3-GPN 割嘴 1#,matched,AMERICAN STYLE CUTTING TIP,01,3GPN,1,yes,LPG,1.2,10-20,,待定,4,4
41 割嘴 12#,matched,AUSTRALIAN STYLE CUTTING TIP,05,41,12,yes,ACETYLENE,1.2,10-20,,待定,4,4
41 割嘴 8#,matched,AUSTRALIAN STYLE CUTTING TIP,05,41,8,yes,ACETYLENE,0.8,6-10,,待定,4,4
6-MFA,unmatched,,,,,,,,,型号未锚定到目录,待定,4,4
6290-1AC,matched,AMERICAN STYLE CUTTING TIP,01,6290,1,yes,ACETYLENE,1.2,15-25,,待定,4,4
6290-3AC,matched,AMERICAN STYLE CUTTING TIP,01,6290,3,yes,ACETYLENE,2.0,50-100,,待定,4,4
6290-NX-1割嘴,matched,AMERICAN STYLE CUTTING TIP,01,6290NX,1,yes,LPG,1.2,15-25,,待定,4,4
6290NX 割嘴 00#,matched,AMERICAN STYLE CUTTING TIP,01,6290NX,00,yes,LPG,0.9,5-10,,待定,4,4
7-1-101,matched,AMERICAN STYLE CUTTING TIP,01,1-101,7,yes,ACETYLENE,3.6,200-250,,待定,4,4
澳大利亚款式乙炔 割嘴 41-8 刻字内容：如右图所示41 12,matched,AUSTRALIAN STYLE CUTTING TIP,05,41,8,yes,ACETYLENE,0.8,6-10,,待定,4,4
澳大利亚款式乙炔 割嘴 41-8 刻字内容如图所示41 15,matched,AUSTRALIAN STYLE CUTTING TIP,05,41,8,yes,ACETYLENE,0.8,6-10,,待定,4,4
丙烷割嘴GPN #8 塑料盖贴：GPN-8,matched,AMERICAN STYLE CUTTING TIP,01,GPN,8,yes,LPG,4.1,250-300,,待定,4,4
割嘴 0-3-GPN 产品号码6030,matched,AMERICAN STYLE CUTTING TIP,01,3GPN,0,yes,LPG,1.0,6-10,,待定,4,4
割嘴 0#-3-101 产品号码6018,matched,AMERICAN STYLE CUTTING TIP,01,3-101,0,yes,ACETYLENE,1.0,6-10,,待定,4,4
割嘴 000#-3-101 产品号码6016,matched,AMERICAN STYLE CUTTING TIP,01,3-101,000,yes,ACETYLENE,0.7,1-3,,待定,4,4
割嘴 1-101 #0 仿包装,matched,AMERICAN STYLE CUTTING TIP,01,1-101,0,yes,ACETYLENE,1.0,6-10,,待定,4,4
割嘴 GPN #3 仿包装,matched,AMERICAN STYLE CUTTING TIP,01,GPN,3,yes,LPG,1.8,40-60,,待定,4,4
割嘴 GPN #6 塑料盖贴：GPN-6,matched,AMERICAN STYLE CUTTING TIP,01,GPN,6,yes,LPG,3.1,125-200,,待定,4,4
割嘴 MC-12-0# 产品号码6002,matched,AMERICAN STYLE CUTTING TIP,01,MC12,0,yes,ACETYLENE,1.0,5-10,,待定,4,4
割嘴3-3-101 产品号码6021,matched,AMERICAN STYLE CUTTING TIP,01,3-101,3,yes,ACETYLENE,1.8,40-60,,待定,4,4
外嘴 PNM 1# 刻字内容规格与型号 如图 单只塑料袋包装 500只/箱 重32G,unmatched,,,,,,,,,型号未锚定到目录,待定,4,4
乙炔割嘴 1-101 #4 仿包装,matched,AMERICAN STYLE CUTTING TIP,01,1-101,4,yes,ACETYLENE,2.1,60-80,,us_acetylene,4,4
乙炔割嘴 1-101 #6 塑料盖贴：1-101 6,matched,AMERICAN STYLE CUTTING TIP,01,1-101,6,yes,ACETYLENE,3.1,125-200,,us_acetylene,4,4
乙炔割嘴3-101 000# 产品号码6016,matched,AMERICAN STYLE CUTTING TIP,01,3-101,000,yes,ACETYLENE,0.7,1-3,,us_acetylene,4,4
ANME 1/16,matched,BRITISH STYLE CUTTING TIP,03,ANME,1/16,yes,ACETYLENE,1.6,25-75,,待定,4,4
ANME 3/64,matched,BRITISH STYLE CUTTING TIP,03,ANME,3/64,yes,ACETYLENE,1.2,10-25,,待定,4,4
GPN 割嘴 4#,matched,AMERICAN STYLE CUTTING TIP,01,GPN,4,yes,LPG,2.1,60-80,,待定,4,4
GPN 割嘴 6#,matched,AMERICAN STYLE CUTTING TIP,01,GPN,6,yes,LPG,3.1,125-200,,待定,4,4
GPN-7,matched,AMERICAN STYLE CUTTING TIP,01,GPN,7,yes,LPG,3.6,200-250,,待定,4,4
PNME9 1/32,unmatched,,,,,,,,,尺寸不在目录档位（候选数字 9）,待定,4,4
PNME割嘴 229 #5 塑料盖贴：229-5,matched,AMERICAN STYLE CUTTING TIP,01,229,5,yes,LPG,1.9,50-100,,待定,4,4
PNME割嘴 229 #6 塑料盖贴：229-6,matched,AMERICAN STYLE CUTTING TIP,01,229,6,yes,LPG,2.5,100-150,,待定,4,4
SC50 割嘴 2#,matched,AMERICAN STYLE CUTTING TIP,01,SC50,2,yes,LPG,1.5,15-30,,待定,4,4
SC50 割嘴 3#,matched,AMERICAN STYLE CUTTING TIP,01,SC50,3,yes,LPG,1.8,30-50,,待定,4,4
WS10110乙炔割嘴 101-1-0,unmatched,,,,,,,,,型号未锚定到目录,us_acetylene,4,4
WS10112乙炔割嘴 101-1-2,unmatched,,,,,,,,,型号未锚定到目录,us_acetylene,4,4
WS62904乙炔割嘴 6290-4,matched,AMERICAN STYLE CUTTING TIP,01,6290,4,yes,ACETYLENE,2.4,100-175,,us_acetylene,4,4
WSGPN3丙烷割嘴 GPN-3,matched,AMERICAN STYLE CUTTING TIP,01,GPN,3,yes,LPG,1.8,40-60,,待定,4,4
WSSC123乙炔割嘴 SC-12-3,matched,AMERICAN STYLE CUTTING TIP,01,SC12,3,yes,ACETYLENE,1.7,30-50,,待定,4,4
WSSC500丙烷割嘴 SC-50-0,matched,AMERICAN STYLE CUTTING TIP,01,SC50,0,yes,LPG,1.0,5-10,,待定,4,4
WSSC503丙烷割嘴 SC-50-3,matched,AMERICAN STYLE CUTTING TIP,01,SC50,3,yes,LPG,1.8,30-50,,待定,4,4
-0,unmatched,,,,,,,,,型号未锚定到目录,待定,4,3
-1,unmatched,,,,,,,,,型号未锚定到目录,待定,4,3
-2,unmatched,,,,,,,,,型号未锚定到目录,待定,4,3
-3,unmatched,,,,,,,,,型号未锚定到目录,待定,4,3
乙炔割嘴 164 #0 重86克 塑料盖贴：164-0 返单AB23504合同,matched,AMERICAN STYLE CUTTING TIP,01,164,0,yes,ACETYLENE,1.0,6-10,,待定,4,3
1-3-101,matched,AMERICAN STYLE CUTTING TIP,01,3-101,1,yes,ACETYLENE,1.2,10-20,,待定,3,3
101-1-3 乙炔割嘴,unmatched,,,,,,,,,型号未锚定到目录,us_acetylene,3,3
102HC-1,unmatched,,,,,,,,,型号边界不干净（右侧紧贴 H）,待定,3,3
106-1/32,unmatched,,,,,,,,,尺寸不在目录档位（候选数字 1/32）,待定,3,3
106-2,matched,JAPANESE STYLE CUTTING TIP,02,106,2,yes,LPG,1.4,15-30,,待定,3,3
106-3,matched,JAPANESE STYLE CUTTING TIP,02,106,3,yes,LPG,1.6,30-40,,待定,3,3
106D7-1,matched,JAPANESE STYLE CUTTING TIP,02,106D7,1,yes,LPG,1.0,20-40,,待定,3,3
106D7-2,matched,JAPANESE STYLE CUTTING TIP,02,106D7,2,yes,LPG,1.25,40-60,,待定,3,3
106D7-5,matched,JAPANESE STYLE CUTTING TIP,02,106D7,5,yes,LPG,2.0,150-180,,待定,3,3
106D7-6,matched,JAPANESE STYLE CUTTING TIP,02,106D7,6,yes,LPG,2.3,180-220,,待定,3,3
106HC 8# 4.0mm 79g,matched,JAPANESE STYLE CUTTING TIP,02,106,8,yes,LPG,3.2,250-300,,待定,3,3
1502-4,matched,BRAZILIAN STYLE CUTTING TIP,06,1502,4,yes,ACETYLENE,1.0,10-15,,待定,3,3
1502-6,matched,BRAZILIAN STYLE CUTTING TIP,06,1502,6,yes,ACETYLENE,1.5,15-25,,待定,3,3
1503 割嘴 6#,matched,BRAZILIAN STYLE CUTTING TIP,06,1503,6,yes,LPG,1.5,25-50,,待定,3,3
2-3-101,matched,AMERICAN STYLE CUTTING TIP,01,3-101,2,yes,ACETYLENE,1.5,20-40,,待定,3,3
2W-X11N 丙烷割嘴 G11 2# 包装+刻字：常规中性,unmatched,,,,,,,,,型号未锚定到目录,待定,3,3
3-GPN 割嘴 3#,matched,AMERICAN STYLE CUTTING TIP,01,3GPN,3,yes,LPG,1.8,40-60,,待定,3,3
3-W-1,unmatched,,,,,,,,,型号未锚定到目录,待定,3,3
6-W,unmatched,,,,,,,,,型号未锚定到目录,待定,3,3
6290 割嘴 000#,matched,AMERICAN STYLE CUTTING TIP,01,6290,000,yes,ACETYLENE,0.8,1-5,,待定,3,3
6290 割嘴 3#,matched,AMERICAN STYLE CUTTING TIP,01,6290,3,yes,ACETYLENE,2.0,50-100,,待定,3,3
6290-NX-1 丙烷割嘴 49g,matched,AMERICAN STYLE CUTTING TIP,01,6290NX,1,yes,LPG,1.2,15-25,,us_propane,3,3
6290-NX-2 丙烷割嘴 49g,matched,AMERICAN STYLE CUTTING TIP,01,6290NX,2,yes,LPG,1.6,25-50,,us_propane,3,3
6290-NX-3割嘴,matched,AMERICAN STYLE CUTTING TIP,01,6290NX,3,yes,LPG,2.0,50-100,,待定,3,3
6290NX 割嘴 0#,matched,AMERICAN STYLE CUTTING TIP,01,6290NX,0,yes,LPG,1.0,10-15,,待定,3,3
6290NX 割嘴 3#,matched,AMERICAN STYLE CUTTING TIP,01,6290NX,3,yes,LPG,2.0,50-100,,待定,3,3
7-W,unmatched,,,,,,,,,型号未锚定到目录,待定,3,3
8-GPN,matched,AMERICAN STYLE CUTTING TIP,01,GPN,8,yes,LPG,4.1,250-300,,待定,3,3
丙烷割嘴 GPN #0 仿包装,matched,AMERICAN STYLE CUTTING TIP,01,GPN,0,yes,LPG,1.0,6-10,,待定,3,3
仿澳大利亚款式丙烷割嘴 44-12 包装：塑料盒+不干胶,matched,AUSTRALIAN STYLE CUTTING TIP,05,44,12,yes,LPG,1.2,10-20,,待定,3,3
仿澳大利亚款式丙烷割嘴 44-15 包装：塑料盒+不干胶,matched,AUSTRALIAN STYLE CUTTING TIP,05,44,15,yes,LPG,1.5,25-75,,待定,3,3
仿澳大利亚款式丙烷割嘴 44-20 包装：塑料盒+不干胶,matched,AUSTRALIAN STYLE CUTTING TIP,05,44,20,yes,LPG,2.0,100-125,,待定,3,3
仿澳大利亚款式丙烷割嘴 44-8 包装：塑料盒+不干胶,matched,AUSTRALIAN STYLE CUTTING TIP,05,44,8,yes,LPG,0.8,6-10,,待定,3,3
仿澳式乙炔割嘴 41-12 包装：塑料挂钩盒+不干胶,matched,AUSTRALIAN STYLE CUTTING TIP,05,41,12,yes,ACETYLENE,1.2,10-20,,待定,3,3
仿丙烷割嘴 6290-NX-1# 重：44克 包装：仿HARRIS,matched,AMERICAN STYLE CUTTING TIP,01,6290NX,1,yes,LPG,1.2,15-25,,us_propane,3,3
仿丙烷割嘴 6290-NX-3# 重：44克 包装：仿HARRIS,matched,AMERICAN STYLE CUTTING TIP,01,6290NX,3,yes,LPG,2.0,50-100,,us_propane,3,3
仿乙炔割嘴 6290-1# 包装：仿HARRIS,matched,AMERICAN STYLE CUTTING TIP,01,6290,1,yes,ACETYLENE,1.2,15-25,,us_acetylene,3,3
仿乙炔割嘴 6290-2# 包装：仿HARRIS,matched,AMERICAN STYLE CUTTING TIP,01,6290,2,yes,ACETYLENE,1.6,25-50,,us_acetylene,3,3
仿乙炔割嘴 6290-3# 包装：仿HARRIS,matched,AMERICAN STYLE CUTTING TIP,01,6290,3,yes,ACETYLENE,2.0,50-100,,us_acetylene,3,3
割嘴 0#-3-101 产品型号RCTV-3101-0,matched,AMERICAN STYLE CUTTING TIP,01,3-101,0,yes,ACETYLENE,1.0,6-10,,待定,3,3
割嘴 00#-1-101 产品号码6022,matched,AMERICAN STYLE CUTTING TIP,01,1-101,00,yes,ACETYLENE,0.8,3-6,,待定,3,3
割嘴 00#-3-101 产品型号RCTV-3101-00,matched,AMERICAN STYLE CUTTING TIP,01,3-101,00,yes,ACETYLENE,0.8,3-6,,待定,3,3
割嘴 1#-3-101 产品型号RCTV-3101-1,matched,AMERICAN STYLE CUTTING TIP,01,3-101,1,yes,ACETYLENE,1.2,10-20,,待定,3,3
"割嘴 G1-P 16/10""",matched,FRENCH STYLE CUTTING TIP,04,G1-P,16/10,yes,LPG,1.6,50-80,,待定,3,3
割嘴 GPN #5 仿包装,matched,AMERICAN STYLE CUTTING TIP,01,GPN,5,yes,LPG,2.5,80-125,,待定,3,3
割嘴 GPN #7 仿包装,matched,AMERICAN STYLE CUTTING TIP,01,GPN,7,yes,LPG,3.6,200-250,,待定,3,3
割嘴 GPN #8 仿包装,matched,AMERICAN STYLE CUTTING TIP,01,GPN,8,yes,LPG,4.1,250-300,,待定,3,3
割嘴 PNME 1/16 (MUREX彩盒，18槽） 75克,matched,BRITISH STYLE CUTTING TIP,03,PNME,1/16,yes,LPG,1.6,25-75,,待定,3,3
割嘴 PNME 3/64 (MUREX彩盒，18槽） 75克,matched,BRITISH STYLE CUTTING TIP,03,PNME,3/64,yes,LPG,1.2,10-25,,待定,3,3
割嘴GPN 1# 产品号码6027,matched,AMERICAN STYLE CUTTING TIP,01,GPN,1,yes,LPG,1.2,10-20,,待定,3,3
内嘴 P1 刻字内容规格与型号 如右图 单只塑料袋包装 500只/箱 重42G,unmatched,,,,,,,,,型号未锚定到目录,待定,3,3
内嘴 P2 刻字内容规格与型号 如右图 单只塑料袋包装 500只/箱 重42G,unmatched,,,,,,,,,型号未锚定到目录,待定,3,3
内嘴 P3 刻字内容规格与型号 如右图 单只塑料袋包装 500只/箱 重42G,unmatched,,,,,,,,,型号未锚定到目录,待定,3,3
乙炔割嘴 1-101 1#,matched,AMERICAN STYLE CUTTING TIP,01,1-101,1,yes,ACETYLENE,1.2,10-20,,us_acetylene,3,3
乙炔割嘴 164 #3 塑料盖贴：164-3,matched,AMERICAN STYLE CUTTING TIP,01,164,3,yes,ACETYLENE,1.6,40-60,,待定,3,3
乙炔割嘴 ANM 2# 刻字内容：规格与型号 包装：常规-中性,unmatched,,,,,,,,,型号未锚定到目录,uk_acetylene,3,3
乙炔割嘴 ANM 3# 刻字内容：规格与型号 包装：常规-中性,unmatched,,,,,,,,,型号未锚定到目录,uk_acetylene,3,3
乙炔割嘴1-101-2 82g 代码：4191,matched,AMERICAN STYLE CUTTING TIP,01,1-101,2,yes,ACETYLENE,1.5,20-40,,us_acetylene,3,3
"乙炔切割喷嘴,1号 厚度：10-20mm 预热：0.7 孔口：1.2安宝库存",unmatched,,,,,,,,,型号边界不干净（右侧紧贴 0）,待定,3,3
"乙炔切割喷嘴,2号 厚度：20-40mm 预热：0.8 孔口：1.5安宝库存",unmatched,,,,,,,,,型号未锚定到目录,待定,3,3
"乙炔切割喷嘴,3号 厚度：40-60mm 预热：0.9 孔口：1.8安宝库存",unmatched,,,,,,,,,型号未锚定到目录,待定,3,3
ANME 割嘴 1/16,matched,BRITISH STYLE CUTTING TIP,03,ANME,,no,ACETYLENE,,,,待定,3,3
ANME5/64,matched,BRITISH STYLE CUTTING TIP,03,ANME,5/64,yes,ACETYLENE,2.0,75-125,,待定,3,3
G1-A16/10,matched,FRENCH STYLE CUTTING TIP,04,G1-A,16/10,yes,ACETYLENE,1.6,50-80,,待定,3,3
GPN 割嘴 0#,matched,AMERICAN STYLE CUTTING TIP,01,GPN,0,yes,LPG,1.0,6-10,,待定,3,3
GPN 割嘴 00#,matched,AMERICAN STYLE CUTTING TIP,01,GPN,00,yes,LPG,0.8,3-6,,待定,3,3
HARRIS 丙烷割嘴6290-NX-0,matched,AMERICAN STYLE CUTTING TIP,01,6290NX,0,yes,LPG,1.0,10-15,,us_propane,3,3
HARRIS 丙烷割嘴6290-NX-1,matched,AMERICAN STYLE CUTTING TIP,01,6290NX,1,yes,LPG,1.2,15-25,,us_propane,3,3
HARRIS 丙烷割嘴6290-NX-2,matched,AMERICAN STYLE CUTTING TIP,01,6290NX,2,yes,LPG,1.6,25-50,,us_propane,3,3
HARRIS 乙炔割嘴6290-1 55g 货号：4208,matched,AMERICAN STYLE CUTTING TIP,01,6290,1,yes,ACETYLENE,1.2,15-25,,us_acetylene,3,3
HARRIS 乙炔割嘴6290-2 55g 代码：4210,matched,AMERICAN STYLE CUTTING TIP,01,6290,2,yes,ACETYLENE,1.6,25-50,,us_acetylene,3,3
Koike 106D7 #1 快速割嘴,matched,JAPANESE STYLE CUTTING TIP,02,106D7,1,yes,LPG,1.0,20-40,,待定,3,3
KOIKE割嘴 106HC-1# 70克 分体式,matched,JAPANESE STYLE CUTTING TIP,02,106,1,yes,LPG,1.2,10-15,,待定,3,3
KOIKE割嘴 106HC-3# 70克 分体式,matched,JAPANESE STYLE CUTTING TIP,02,106,3,yes,LPG,1.6,30-40,,待定,3,3
Nozzle №3 (5/64”) 客人要12个槽 74克,unmatched,,,,,,,,,型号未锚定到目录,待定,3,3
Nozzle №4 (3/32”) 客人要12个槽 74克,unmatched,,,,,,,,,型号未锚定到目录,待定,3,3
PNME9 3/64,unmatched,,,,,,,,,尺寸不在目录档位（候选数字 9）,待定,3,3
PNME割嘴 229 #1 塑料盖贴：229-1 重74克,matched,AMERICAN STYLE CUTTING TIP,01,229,1,yes,LPG,1.0,6-10,,待定,3,3
SC-50-A-0 丙烷割嘴 91.36g,matched,AMERICAN STYLE CUTTING TIP,01,SC50,0,yes,LPG,1.0,5-10,,待定,3,3
SC-50-A-2 丙烷割嘴 91.36g,matched,AMERICAN STYLE CUTTING TIP,01,SC50,2,yes,LPG,1.5,15-30,,待定,3,3
SC-50-A-3 丙烷割嘴 91.36g,matched,AMERICAN STYLE CUTTING TIP,01,SC50,3,yes,LPG,1.8,30-50,,待定,3,3
SC12 割嘴 4#,matched,AMERICAN STYLE CUTTING TIP,01,SC12,4,yes,ACETYLENE,2.0,50-100,,待定,3,3
SC50 割嘴 7#,matched,AMERICAN STYLE CUTTING TIP,01,SC50,7,yes,LPG,3.2,300-350,,待定,3,3
smith 丙烷割嘴 SC-50-A-0,matched,AMERICAN STYLE CUTTING TIP,01,SC50,0,yes,LPG,1.0,5-10,,待定,3,3
smith 丙烷割嘴 SC-50-A-2,matched,AMERICAN STYLE CUTTING TIP,01,SC50,2,yes,LPG,1.5,15-30,,待定,3,3
smith 丙烷割嘴 SC-50-A-5 93g 货号：4163,matched,AMERICAN STYLE CUTTING TIP,01,SC50,5,yes,LPG,2.4,100-200,,待定,3,3
smith 乙炔割嘴 SC-12-1,matched,AMERICAN STYLE CUTTING TIP,01,SC12,1,yes,ACETYLENE,1.2,10-15,,待定,3,3
smith 乙炔割嘴 SC-12-2,matched,AMERICAN STYLE CUTTING TIP,01,SC12,2,yes,ACETYLENE,1.4,15-30,,待定,3,3
smith 乙炔割嘴 SC-12-3,matched,AMERICAN STYLE CUTTING TIP,01,SC12,3,yes,ACETYLENE,1.7,30-50,,待定,3,3
T20,unmatched,,,,,,,,,型号未锚定到目录,待定,3,3
T20单嘴,unmatched,,,,,,,,,型号未锚定到目录,待定,3,3
W,unmatched,,,,,,,,,型号未锚定到目录,待定,3,3
WS10113乙炔割嘴 101-1-3,unmatched,,,,,,,,,型号未锚定到目录,us_acetylene,3,3
WS6290NX5丙烷割嘴 6290-NX-5,matched,AMERICAN STYLE CUTTING TIP,01,6290NX,5,yes,LPG,2.8,175-250,,us_propane,3,3
WSSC504丙烷割嘴 SC-50-4,matched,AMERICAN STYLE CUTTING TIP,01,SC50,4,yes,LPG,2.1,50-100,,待定,3,3
Nozzle №2 (3/64”) 客人要12个槽,unmatched,,,,,,,,,型号未锚定到目录,待定,3,2
工具套装 80套 单发各50只,unmatched,,,,,,,,,型号未锚定到目录,待定,3,1
GPN 割嘴,matched,AMERICAN STYLE CUTTING TIP,01,GPN,,no,LPG,,,,待定,3,1
0-3-101,matched,AMERICAN STYLE CUTTING TIP,01,3-101,0,yes,ACETYLENE,1.0,6-10,,待定,2,2
0-W-1,unmatched,,,,,,,,,型号未锚定到目录,待定,2,2
000-1-101,matched,AMERICAN STYLE CUTTING TIP,01,1-101,000,yes,ACETYLENE,0.7,1-3,,待定,2,2
000-GPN,matched,AMERICAN STYLE CUTTING TIP,01,GPN,000,yes,LPG,0.7,1-3,,待定,2,2
1-101 割嘴 000#,matched,AMERICAN STYLE CUTTING TIP,01,1-101,000,yes,ACETYLENE,0.7,1-3,,待定,2,2
101-1-1 乙炔割嘴,unmatched,,,,,,,,,型号未锚定到目录,us_acetylene,2,2
101-1-2 乙炔割嘴,unmatched,,,,,,,,,型号未锚定到目录,us_acetylene,2,2
101-1-4 乙炔割嘴,unmatched,,,,,,,,,型号未锚定到目录,us_acetylene,2,2
102HC-0,unmatched,,,,,,,,,型号边界不干净（右侧紧贴 H）,待定,2,2
102HC-4,unmatched,,,,,,,,,型号边界不干净（右侧紧贴 H）,待定,2,2
106-1,matched,JAPANESE STYLE CUTTING TIP,02,106,1,yes,LPG,1.2,10-15,,待定,2,2
106-4,matched,JAPANESE STYLE CUTTING TIP,02,106,4,yes,LPG,1.8,40-50,,待定,2,2
106D7-00,matched,JAPANESE STYLE CUTTING TIP,02,106D7,00,yes,LPG,0.6,5-10,,待定,2,2
106D7-4,matched,JAPANESE STYLE CUTTING TIP,02,106D7,4,yes,LPG,1.75,100-150,,待定,2,2
106HC-6,unmatched,,,,,,,,,型号边界不干净（右侧紧贴 H）,待定,2,2
1502 割嘴 10#,matched,BRAZILIAN STYLE CUTTING TIP,06,1502,10,yes,ACETYLENE,2.4,125-250,,待定,2,2
1502-10,matched,BRAZILIAN STYLE CUTTING TIP,06,1502,10,yes,ACETYLENE,2.4,125-250,,待定,2,2
1502-12,matched,BRAZILIAN STYLE CUTTING TIP,06,1502,12,yes,ACETYLENE,3.0,250-300,,待定,2,2
1502-2,matched,BRAZILIAN STYLE CUTTING TIP,06,1502,2,yes,ACETYLENE,0.8,3-6,,待定,2,2
1502-8,matched,BRAZILIAN STYLE CUTTING TIP,06,1502,8,yes,ACETYLENE,2.0,25-125,,待定,2,2
164 割嘴 1#,matched,AMERICAN STYLE CUTTING TIP,01,164,1,yes,ACETYLENE,1.2,10-20,,待定,2,2
164 割嘴 4#,matched,AMERICAN STYLE CUTTING TIP,01,164,4,yes,ACETYLENE,1.8,60-100,,待定,2,2
2-3-GPN,matched,AMERICAN STYLE CUTTING TIP,01,3GPN,2,yes,LPG,1.5,20-40,,待定,2,2
229-2,matched,AMERICAN STYLE CUTTING TIP,01,229,2,yes,LPG,1.2,10-15,,待定,2,2
2W-X11N 丙烷割嘴 G11 2#,unmatched,,,,,,,,,型号未锚定到目录,待定,2,2
3-101 割嘴 2#,matched,AMERICAN STYLE CUTTING TIP,01,3-101,2,yes,ACETYLENE,1.5,20-40,,待定,2,2
3-3-101,matched,AMERICAN STYLE CUTTING TIP,01,3-101,3,yes,ACETYLENE,1.8,40-60,,待定,2,2
3-GPN 割嘴 0#,matched,AMERICAN STYLE CUTTING TIP,01,3GPN,0,yes,LPG,1.0,6-10,,待定,2,2
3-GPN 割嘴 4#,matched,AMERICAN STYLE CUTTING TIP,01,3GPN,4,yes,LPG,2.1,60-80,,待定,2,2
3-W焊杆,unmatched,,,,,,,,,型号未锚定到目录,待定,2,2
363/376割嘴0#,unmatched,,,,,,,,,型号未锚定到目录,待定,2,2
4-W-1,unmatched,,,,,,,,,型号未锚定到目录,待定,2,2
4732P 10-25 106-1 1.2,unmatched,,,,,,,,,尺寸有歧义（型号前 25 / 型号后 1）,待定,2,2
4733P 25-50 106-3 1.6,unmatched,,,,,,,,,尺寸有歧义（型号前 50 / 型号后 3）,待定,2,2
4734P 50-100 106-5 2.0,unmatched,,,,,,,,,尺寸有歧义（型号前 100 / 型号后 5）,待定,2,2
5-W-1,unmatched,,,,,,,,,型号未锚定到目录,待定,2,2
6-W-1,unmatched,,,,,,,,,型号未锚定到目录,待定,2,2
6290-6,matched,AMERICAN STYLE CUTTING TIP,01,6290,6,yes,ACETYLENE,3.2,250-300,,待定,2,2
6290-NX-0 丙烷割嘴 49g,matched,AMERICAN STYLE CUTTING TIP,01,6290NX,0,yes,LPG,1.0,10-15,,us_propane,2,2
6290-NX-2割嘴,matched,AMERICAN STYLE CUTTING TIP,01,6290NX,2,yes,LPG,1.6,25-50,,待定,2,2
6290-NX-3 丙烷割嘴 49g,matched,AMERICAN STYLE CUTTING TIP,01,6290NX,3,yes,LPG,2.0,50-100,,us_propane,2,2
6290AC 割嘴 4#,matched,AMERICAN STYLE CUTTING TIP,01,6290AC,4,yes,ACETYLENE,2.4,100-175,,待定,2,2
6290NX-000,matched,AMERICAN STYLE CUTTING TIP,01,6290NX,000,yes,LPG,0.8,1-5,,待定,2,2
7-W-1,unmatched,,,,,,,,,型号未锚定到目录,待定,2,2
8-W,unmatched,,,,,,,,,型号未锚定到目录,待定,2,2
丙烷割嘴 106 D7 #2,matched,JAPANESE STYLE CUTTING TIP,02,106D7,2,yes,LPG,1.25,40-60,,待定,2,2
丙烷割嘴 106HC 1# 包装：彩卡+泡壳+说明书,matched,JAPANESE STYLE CUTTING TIP,02,106,1,yes,LPG,1.2,10-15,,待定,2,2
丙烷割嘴 106HC 2# 包装：彩卡+泡壳+说明书,matched,JAPANESE STYLE CUTTING TIP,02,106,2,yes,LPG,1.4,15-30,,待定,2,2
丙烷割嘴 106HC 3# 包装：彩卡+泡壳+说明书,matched,JAPANESE STYLE CUTTING TIP,02,106,3,yes,LPG,1.6,30-40,,待定,2,2
丙烷割嘴 106HC 4# 包装：彩卡+泡壳+说明书,matched,JAPANESE STYLE CUTTING TIP,02,106,4,yes,LPG,1.8,40-50,,待定,2,2
丙烷割嘴 6290-NFF-1# 重51g足量,matched,AMERICAN STYLE CUTTING TIP,01,6290NFF,1,yes,LPG,1.2,15-25,,us_propane,2,2
丙烷割嘴 6290-NFF-2#,matched,AMERICAN STYLE CUTTING TIP,01,6290NFF,2,yes,LPG,1.6,25-50,,us_propane,2,2
丙烷割嘴 6290-NFF-2# 重51g足量,matched,AMERICAN STYLE CUTTING TIP,01,6290NFF,2,yes,LPG,1.6,25-50,,us_propane,2,2
丙烷割嘴 6290-NFF-3#,matched,AMERICAN STYLE CUTTING TIP,01,6290NFF,3,yes,LPG,2.0,50-100,,us_propane,2,2
丙烷割嘴 6290-NFF-3# 重51g足量,matched,AMERICAN STYLE CUTTING TIP,01,6290NFF,3,yes,LPG,2.0,50-100,,us_propane,2,2
丙烷割嘴 6290-NFF-4#,matched,AMERICAN STYLE CUTTING TIP,01,6290NFF,4,yes,LPG,2.4,100-175,,us_propane,2,2
丙烷割嘴 6290-NFF-4# 重51g足量,matched,AMERICAN STYLE CUTTING TIP,01,6290NFF,4,yes,LPG,2.4,100-175,,us_propane,2,2
丙烷割嘴 6290-NFF-5#,matched,AMERICAN STYLE CUTTING TIP,01,6290NFF,5,yes,LPG,2.8,175-250,,us_propane,2,2
丙烷割嘴 6290-NFF-5# 重51g足量,matched,AMERICAN STYLE CUTTING TIP,01,6290NFF,5,yes,LPG,2.8,175-250,,us_propane,2,2
丙烷割嘴 6290-NFF-6#,matched,AMERICAN STYLE CUTTING TIP,01,6290NFF,6,yes,LPG,3.2,250-300,,us_propane,2,2
丙烷割嘴 6290-NFF-6# 重51g足量,matched,AMERICAN STYLE CUTTING TIP,01,6290NFF,6,yes,LPG,3.2,250-300,,us_propane,2,2
丙烷割嘴 6290-NX-2# 产品号码6015,matched,AMERICAN STYLE CUTTING TIP,01,6290NX,2,yes,LPG,1.6,25-50,,us_propane,2,2
丙烷割嘴 6290-NX-3,matched,AMERICAN STYLE CUTTING TIP,01,6290NX,3,yes,LPG,2.0,50-100,,us_propane,2,2
丙烷割嘴 GPN #2 塑料盖贴：GPN-2,matched,AMERICAN STYLE CUTTING TIP,01,GPN,2,yes,LPG,1.5,20-40,,待定,2,2
丙烷割嘴 GPN #5 塑料盖贴：GPN-5,matched,AMERICAN STYLE CUTTING TIP,01,GPN,5,yes,LPG,2.5,80-125,,待定,2,2
丙烷割嘴 GPN 0# 包装：塑料盒 不要贴 不干胶,matched,AMERICAN STYLE CUTTING TIP,01,GPN,0,yes,LPG,1.0,6-10,,待定,2,2
丙烷割嘴 GPN 1# 包装：塑料盒 不要贴 不干胶,matched,AMERICAN STYLE CUTTING TIP,01,GPN,1,yes,LPG,1.2,10-20,,待定,2,2
丙烷割嘴 GPN 2# 包装：塑料盒 不要贴 不干胶,matched,AMERICAN STYLE CUTTING TIP,01,GPN,2,yes,LPG,1.5,20-40,,待定,2,2
丙烷割嘴 GPN 3# 包装：塑料盒 不要贴 不干胶,matched,AMERICAN STYLE CUTTING TIP,01,GPN,3,yes,LPG,1.8,40-60,,待定,2,2
丙烷割嘴 PNM-#1内嘴 (切割厚度0to30mm) 配R3P-3-500三根管子 内嘴刻字：1 包装：PP袋1只/袋 50只1盒 200只1箱,unmatched,,,,,,,,,型号未锚定到目录,uk_propane,2,2
丙烷割嘴 PNM-#2内嘴 (切割厚度 30to50mm) 配R3P-3-500三根管子 内嘴刻字：2 包装：PP袋1只/袋 50只1盒 200只1箱,unmatched,,,,,,,,,型号未锚定到目录,uk_propane,2,2
丙烷割嘴 PNM-#3内嘴 (切割厚度 50to100mm) 配R3P-3-500三根管子 内嘴刻字：3 包装：PP袋1只/袋 50只1盒 200只1箱,unmatched,,,,,,,,,型号未锚定到目录,uk_propane,2,2
丙烷割嘴 SC-50-3# 93g 产品号码100251,matched,AMERICAN STYLE CUTTING TIP,01,SC50,3,yes,LPG,1.8,30-50,,待定,2,2
仿澳大利亚款式乙炔 割嘴 41-12 包装：塑料盒+不干胶,matched,AUSTRALIAN STYLE CUTTING TIP,05,41,12,yes,ACETYLENE,1.2,10-20,,待定,2,2
仿澳大利亚款式乙炔 割嘴 41-15 包装：塑料盒+不干胶,matched,AUSTRALIAN STYLE CUTTING TIP,05,41,15,yes,ACETYLENE,1.5,25-75,,待定,2,2
仿澳大利亚款式乙炔 割嘴 41-20 包装：塑料盒+不干胶,matched,AUSTRALIAN STYLE CUTTING TIP,05,41,20,yes,ACETYLENE,2.0,100-125,,待定,2,2
仿澳大利亚款式乙炔 割嘴 41-8 包装：塑料盒+不干胶,matched,AUSTRALIAN STYLE CUTTING TIP,05,41,8,yes,ACETYLENE,0.8,6-10,,待定,2,2
仿澳大利亚款式乙炔割嘴 41-15 包装：塑料挂钩盒+不干胶,matched,AUSTRALIAN STYLE CUTTING TIP,05,41,15,yes,ACETYLENE,1.5,25-75,,待定,2,2
仿澳大利亚款式乙炔割嘴 41-20 包装：塑料挂钩盒+不干胶,matched,AUSTRALIAN STYLE CUTTING TIP,05,41,20,yes,ACETYLENE,2.0,100-125,,待定,2,2
仿澳大利亚款式乙炔割嘴 41-8 包装：塑料挂钩盒+不干胶,matched,AUSTRALIAN STYLE CUTTING TIP,05,41,8,yes,ACETYLENE,0.8,6-10,,待定,2,2
仿澳式丙烷割嘴 44-12 包装：不干胶+塑料盒,matched,AUSTRALIAN STYLE CUTTING TIP,05,44,12,yes,LPG,1.2,10-20,,待定,2,2
仿澳式丙烷割嘴 44-15 包装：不干胶+塑料盒,matched,AUSTRALIAN STYLE CUTTING TIP,05,44,15,yes,LPG,1.5,25-75,,待定,2,2
仿澳式丙烷割嘴 44-8 包装：不干胶+塑料盒,matched,AUSTRALIAN STYLE CUTTING TIP,05,44,8,yes,LPG,0.8,6-10,,待定,2,2
仿澳式乙炔割嘴 41-15 包装：塑料挂钩盒+不干胶,matched,AUSTRALIAN STYLE CUTTING TIP,05,41,15,yes,ACETYLENE,1.5,25-75,,待定,2,2
仿澳式乙炔割嘴 41-20 包装：塑料挂钩盒+不干胶,matched,AUSTRALIAN STYLE CUTTING TIP,05,41,20,yes,ACETYLENE,2.0,100-125,,待定,2,2
仿澳式乙炔割嘴 41-8 包装：塑料挂钩盒+不干胶,matched,AUSTRALIAN STYLE CUTTING TIP,05,41,8,yes,ACETYLENE,0.8,6-10,,待定,2,2
仿丙烷割嘴 6290-NX-2# 重：44克 包装：仿HARRIS,matched,AMERICAN STYLE CUTTING TIP,01,6290NX,2,yes,LPG,1.6,25-50,,us_propane,2,2
割嘴 6290-4# 产品号码6650,matched,AMERICAN STYLE CUTTING TIP,01,6290,4,yes,ACETYLENE,2.4,100-175,,待定,2,2
割嘴 0#-1-101 产品号码6023,matched,AMERICAN STYLE CUTTING TIP,01,1-101,0,yes,ACETYLENE,1.0,6-10,,待定,2,2
割嘴 3-101 1#,matched,AMERICAN STYLE CUTTING TIP,01,3-101,1,yes,ACETYLENE,1.2,10-20,,待定,2,2
割嘴 3-GPN 产品号码6029,matched,AMERICAN STYLE CUTTING TIP,01,3GPN,,no,LPG,,,,待定,2,2
割嘴 6290-1 产品号码6010,matched,AMERICAN STYLE CUTTING TIP,01,6290,1,yes,ACETYLENE,1.2,15-25,,待定,2,2
割嘴 6290-NX-0# 产品号码6013,matched,AMERICAN STYLE CUTTING TIP,01,6290NX,0,yes,LPG,1.0,10-15,,待定,2,2
"割嘴 G1-P 12/10""",matched,FRENCH STYLE CUTTING TIP,04,G1-P,12/10,yes,LPG,1.2,25-50,,待定,2,2
"割嘴 G1-P 16/10"" 重78g",matched,FRENCH STYLE CUTTING TIP,04,G1-P,16/10,yes,LPG,1.6,50-80,,待定,2,2
"割嘴 G1-P 20/10"" 重78g",matched,FRENCH STYLE CUTTING TIP,04,G1-P,20/10,yes,LPG,2.0,80-120,,待定,2,2
"割嘴 G1-P 25/10"" 重78g",matched,FRENCH STYLE CUTTING TIP,04,G1-P,25/10,yes,LPG,2.5,120-200,,待定,2,2
割嘴 GPN #00 塑料盖贴：GPN-00,matched,AMERICAN STYLE CUTTING TIP,01,GPN,00,yes,LPG,0.8,3-6,,待定,2,2
割嘴 GPN #8 塑料盖贴：GPN-8,matched,AMERICAN STYLE CUTTING TIP,01,GPN,8,yes,LPG,4.1,250-300,,待定,2,2
割嘴 PNME 1/8 (MUREX彩盒，18槽） 75克,matched,BRITISH STYLE CUTTING TIP,03,PNME,1/8,yes,LPG,3.2,225-300,,待定,2,2
割嘴 SC-12-3# 产品号码100244,matched,AMERICAN STYLE CUTTING TIP,01,SC12,3,yes,ACETYLENE,1.7,30-50,,待定,2,2
割嘴3- GPN 2#,matched,AMERICAN STYLE CUTTING TIP,01,3GPN,2,yes,LPG,1.5,20-40,,待定,2,2
割嘴3-101 0#,matched,AMERICAN STYLE CUTTING TIP,01,3-101,0,yes,ACETYLENE,1.0,6-10,,待定,2,2
割嘴3-101 2#,matched,AMERICAN STYLE CUTTING TIP,01,3-101,2,yes,ACETYLENE,1.5,20-40,,待定,2,2
割嘴3-GPN 0#,matched,AMERICAN STYLE CUTTING TIP,01,3GPN,0,yes,LPG,1.0,6-10,,待定,2,2
割嘴3-GPN 1#,matched,AMERICAN STYLE CUTTING TIP,01,3GPN,1,yes,LPG,1.2,10-20,,待定,2,2
割嘴GPN 3# 产品号码6029,matched,AMERICAN STYLE CUTTING TIP,01,GPN,3,yes,LPG,1.8,40-60,,待定,2,2
内嘴 P0 刻字内容规格与型号 如右图 单只塑料袋包装 500只/箱 重42G,unmatched,,,,,,,,,型号未锚定到目录,待定,2,2
内嘴 P6 刻字内容规格与型号 如右图,unmatched,,,,,,,,,型号未锚定到目录,待定,2,2
尼龙袋 彩盒(我提供),unmatched,,,,,,,,,型号未锚定到目录,待定,2,2
尼龙袋 尼龙袋,unmatched,,,,,,,,,型号未锚定到目录,待定,2,2
外嘴 PNM 2# 刻字内容规格与型号 单只塑料袋包装 500只/箱 重32G,unmatched,,,,,,,,,型号未锚定到目录,待定,2,2
外嘴 PNM 2# 刻字内容规格与型号 如图 单只塑料袋包装 500只/箱 重32G,unmatched,,,,,,,,,型号未锚定到目录,待定,2,2
乙炔割嘴 164 #1 塑料盖贴：164-1,matched,AMERICAN STYLE CUTTING TIP,01,164,1,yes,ACETYLENE,1.2,10-20,,待定,2,2
乙炔割嘴 164 #2 塑料盖贴：164-2,matched,AMERICAN STYLE CUTTING TIP,01,164,2,yes,ACETYLENE,1.4,20-40,,待定,2,2
乙炔割嘴 6290 WT 2# 刻字：中性常规 包装：如右图类似对应型号,matched,AMERICAN STYLE CUTTING TIP,01,6290,2,yes,ACETYLENE,1.6,25-50,,us_acetylene,2,2
乙炔割嘴 6290 WT 3# 刻字：中性常规 包装：如右图类似对应型号,matched,AMERICAN STYLE CUTTING TIP,01,6290,3,yes,ACETYLENE,2.0,50-100,,us_acetylene,2,2
乙炔割嘴 6290-1# 包装：中性塑料盒,matched,AMERICAN STYLE CUTTING TIP,01,6290,1,yes,ACETYLENE,1.2,15-25,,us_acetylene,2,2
乙炔割嘴 6290-1# 刻字中性 包装：塑料盒,matched,AMERICAN STYLE CUTTING TIP,01,6290,1,yes,ACETYLENE,1.2,15-25,,us_acetylene,2,2
乙炔割嘴 ANM 5# 刻字内容：规格与型号 包装：常规-中性,unmatched,,,,,,,,,型号未锚定到目录,uk_acetylene,2,2
乙炔割嘴1-101 1# 包装：塑料盒 不要贴 不干胶,matched,AMERICAN STYLE CUTTING TIP,01,1-101,1,yes,ACETYLENE,1.2,10-20,,us_acetylene,2,2
乙炔割嘴1-101 2# 包装：塑料盒 不要贴 不干胶,matched,AMERICAN STYLE CUTTING TIP,01,1-101,2,yes,ACETYLENE,1.5,20-40,,us_acetylene,2,2
乙炔割嘴1-101 3# 包装：塑料盒 不要贴 不干胶,matched,AMERICAN STYLE CUTTING TIP,01,1-101,3,yes,ACETYLENE,1.8,40-60,,us_acetylene,2,2
乙炔割嘴1-101 4# 包装：塑料盒 不要贴 不干胶,matched,AMERICAN STYLE CUTTING TIP,01,1-101,4,yes,ACETYLENE,2.1,60-80,,us_acetylene,2,2
乙炔割嘴1-101 5# 包装：塑料盒 不要贴 不干胶,matched,AMERICAN STYLE CUTTING TIP,01,1-101,5,yes,ACETYLENE,2.5,80-125,,us_acetylene,2,2
乙炔割嘴1-101-1 82g 代码：4190,matched,AMERICAN STYLE CUTTING TIP,01,1-101,1,yes,ACETYLENE,1.2,10-20,,us_acetylene,2,2
乙炔割嘴1-101-1 82g 货号：4190,matched,AMERICAN STYLE CUTTING TIP,01,1-101,1,yes,ACETYLENE,1.2,10-20,,us_acetylene,2,2
乙炔割嘴4202 5# 产品号码6038,unmatched,,,,,,,,,型号未锚定到目录,待定,2,2
乙炔割嘴6290-2# 产品号码6011,matched,AMERICAN STYLE CUTTING TIP,01,6290,2,yes,ACETYLENE,1.6,25-50,,us_acetylene,2,2
ANME1/32,matched,BRITISH STYLE CUTTING TIP,03,ANME,1/32,yes,ACETYLENE,0.8,3-10,,待定,2,2
ANME1/8,matched,BRITISH STYLE CUTTING TIP,03,ANME,1/8,yes,ACETYLENE,3.2,225-300,,待定,2,2
ANME3/32,matched,BRITISH STYLE CUTTING TIP,03,ANME,3/32,yes,ACETYLENE,2.4,125-175,,待定,2,2
Cutting nozzle G1-P 10/10 84g,matched,FRENCH STYLE CUTTING TIP,04,G1-P,10/10,yes,LPG,1.0,10-25,,待定,2,2
Cutting nozzle G1-P 10/16 84g,unmatched,,,,,,,,,尺寸不在目录档位（候选数字 10/16）,待定,2,2
Cutting nozzle G1-P 10/20 84g,unmatched,,,,,,,,,型号边界不干净（右侧紧贴 0）,待定,2,2
"Cutting nozzles Code:4191 , 73.2G",unmatched,,,,,,,,,型号边界不干净（右侧紧贴 9）,待定,2,2
G03-1,unmatched,,,,,,,,,型号未锚定到目录,待定,2,2
G1-A 10/10,matched,FRENCH STYLE CUTTING TIP,04,G1-A,10/10,yes,ACETYLENE,1.0,10-25,,待定,2,2
G1-A 20/10,matched,FRENCH STYLE CUTTING TIP,04,G1-A,20/10,yes,ACETYLENE,2.0,80-120,,待定,2,2
G1-A10/10 10-25,matched,FRENCH STYLE CUTTING TIP,04,G1-A,10/10,yes,ACETYLENE,1.0,10-25,,待定,2,2
G1-A16/10 25-50,matched,FRENCH STYLE CUTTING TIP,04,G1-A,16/10,yes,ACETYLENE,1.6,50-80,,待定,2,2
G1-A20/10 50-100,matched,FRENCH STYLE CUTTING TIP,04,G1-A,20/10,yes,ACETYLENE,2.0,80-120,,待定,2,2
G1-A30/10,matched,FRENCH STYLE CUTTING TIP,04,G1-A,30/10,yes,ACETYLENE,3.0,200-300,,待定,2,2
G1-P 割嘴 12/10,matched,FRENCH STYLE CUTTING TIP,04,G1-P,,no,LPG,,,,待定,2,2
G1-P10/10 10-25,matched,FRENCH STYLE CUTTING TIP,04,G1-P,10/10,yes,LPG,1.0,10-25,,待定,2,2
G1-P7/10 5-10,matched,FRENCH STYLE CUTTING TIP,04,G1-P,7/10,yes,LPG,0.7,3-10,,待定,2,2
GK3-00,unmatched,,,,,,,,,型号未锚定到目录,待定,2,2
GK3-000,unmatched,,,,,,,,,型号未锚定到目录,待定,2,2
"Gloor cutting nuzzle,5# 做足75g",unmatched,,,,,,,,,型号未锚定到目录,待定,2,2
GPN-10,unmatched,,,,,,,,,尺寸不在目录档位（候选数字 10）,待定,2,2
GPN-8,matched,AMERICAN STYLE CUTTING TIP,01,GPN,8,yes,LPG,4.1,250-300,,待定,2,2
HARRIS 丙烷割嘴6290-NX-3,matched,AMERICAN STYLE CUTTING TIP,01,6290NX,3,yes,LPG,2.0,50-100,,us_propane,2,2
HARRIS 乙炔割嘴6290-1 代码：4208,matched,AMERICAN STYLE CUTTING TIP,01,6290,1,yes,ACETYLENE,1.2,15-25,,us_acetylene,2,2
HARRIS 乙炔割嘴6290-1 55g 代码：4208,matched,AMERICAN STYLE CUTTING TIP,01,6290,1,yes,ACETYLENE,1.2,15-25,,us_acetylene,2,2
HPN 割嘴 1#,matched,AMERICAN STYLE CUTTING TIP,01,HPN,1,yes,LPG,1.0,10-20,,待定,2,2
HPN 割嘴 10#,matched,AMERICAN STYLE CUTTING TIP,01,HPN,10,yes,LPG,4.0,300-380,,待定,2,2
HPN 割嘴 11#,unmatched,,,,,,,,,尺寸不在目录档位（候选数字 11）,待定,2,2
HPN 割嘴 12#,matched,AMERICAN STYLE CUTTING TIP,01,HPN,12,yes,LPG,4.5,380-450,,待定,2,2
HPN 割嘴 2#,matched,AMERICAN STYLE CUTTING TIP,01,HPN,2,yes,LPG,1.2,20-40,,待定,2,2
HPN 割嘴 3#,matched,AMERICAN STYLE CUTTING TIP,01,HPN,3,yes,LPG,1.4,40-60,,待定,2,2
HPN 割嘴 4#,matched,AMERICAN STYLE CUTTING TIP,01,HPN,4,yes,LPG,1.8,60-80,,待定,2,2
HPN 割嘴 5#,matched,AMERICAN STYLE CUTTING TIP,01,HPN,5,yes,LPG,2.0,80-125,,待定,2,2
HPN 割嘴 6#,matched,AMERICAN STYLE CUTTING TIP,01,HPN,6,yes,LPG,2.4,125-200,,待定,2,2
HPN 割嘴 7#,matched,AMERICAN STYLE CUTTING TIP,01,HPN,7,yes,LPG,2.8,200-250,,待定,2,2
HPN 割嘴 8#,matched,AMERICAN STYLE CUTTING TIP,01,HPN,8,yes,LPG,3.2,250-300,,待定,2,2
HPN 割嘴 9#,unmatched,,,,,,,,,尺寸不在目录档位（候选数字 9）,待定,2,2
Koike 106D7 #2 快速割嘴,matched,JAPANESE STYLE CUTTING TIP,02,106D7,2,yes,LPG,1.25,40-60,,待定,2,2
Koike 106D7 #3 快速割嘴,matched,JAPANESE STYLE CUTTING TIP,02,106D7,3,yes,LPG,1.5,60-100,,待定,2,2
Koike 106D7 #5 快速割嘴,matched,JAPANESE STYLE CUTTING TIP,02,106D7,5,yes,LPG,2.0,150-180,,待定,2,2
KOIKE 106HC割嘴 7#-3.2mm 重：79g 如右图所示,matched,JAPANESE STYLE CUTTING TIP,02,106,7,yes,LPG,2.8,150-200,,待定,2,2
KOIKE 106HC割嘴 8#-4.0mm 重：79g 如右图所示,matched,JAPANESE STYLE CUTTING TIP,02,106,8,yes,LPG,3.2,250-300,,待定,2,2
KOIKE割嘴 106HC割嘴 2# 如右图所示,matched,JAPANESE STYLE CUTTING TIP,02,106,2,yes,LPG,1.4,15-30,,待定,2,2
KOIKE割嘴 106HC割嘴 3# 如右图所示,matched,JAPANESE STYLE CUTTING TIP,02,106,3,yes,LPG,1.6,30-40,,待定,2,2
KOIKE割嘴 106HC割嘴 4# 如右图所示,matched,JAPANESE STYLE CUTTING TIP,02,106,4,yes,LPG,1.8,40-50,,待定,2,2
MC40 割嘴 0#,matched,AMERICAN STYLE CUTTING TIP,01,MC40,0,yes,LPG,1.0,5-10,,待定,2,2
MC40 割嘴 00#,matched,AMERICAN STYLE CUTTING TIP,01,MC40,00,yes,LPG,0.8,3-5,,待定,2,2
Nozzle №2 (1/16”) 客人要12个槽 74克,unmatched,,,,,,,,,型号未锚定到目录,待定,2,2
Nozzle №3 (5/64”) 客人要12个槽,unmatched,,,,,,,,,型号未锚定到目录,待定,2,2
Nozzle №4 (3/32”) 客人要12个槽,unmatched,,,,,,,,,型号未锚定到目录,待定,2,2
PNM 割嘴 1/16,unmatched,,,,,,,,,型号未锚定到目录,待定,2,2
PNME18 3/64,unmatched,,,,,,,,,尺寸不在目录档位（候选数字 18）,待定,2,2
PNME9 1/8,unmatched,,,,,,,,,尺寸不在目录档位（候选数字 9）,待定,2,2
PNME9 5/64,unmatched,,,,,,,,,尺寸不在目录档位（候选数字 9）,待定,2,2
PNME割嘴 229 #8 塑料盖贴：229-8 PNME嘴外套刻字是229及型号 东西是PNME标贴是229,matched,BRITISH STYLE CUTTING TIP,03,PNME,,no,LPG,,,,待定,2,2
SC-12-2 乙炔割嘴,matched,AMERICAN STYLE CUTTING TIP,01,SC12,2,yes,ACETYLENE,1.4,15-30,,待定,2,2
SC-50-A-1 丙烷割嘴 91.36g,matched,AMERICAN STYLE CUTTING TIP,01,SC50,1,yes,LPG,1.2,10-15,,待定,2,2
SC12 割嘴 1#,matched,AMERICAN STYLE CUTTING TIP,01,SC12,1,yes,ACETYLENE,1.2,10-15,,待定,2,2
SC12 割嘴 2#,matched,AMERICAN STYLE CUTTING TIP,01,SC12,2,yes,ACETYLENE,1.4,15-30,,待定,2,2
SC12-0,matched,AMERICAN STYLE CUTTING TIP,01,SC12,0,yes,ACETYLENE,1.0,5-10,,待定,2,2
SC50 割嘴 5#,matched,AMERICAN STYLE CUTTING TIP,01,SC50,5,yes,LPG,2.4,100-200,,待定,2,2
SC50 割嘴 6#,matched,AMERICAN STYLE CUTTING TIP,01,SC50,6,yes,LPG,2.8,200-300,,待定,2,2
smith 丙烷割嘴 SC-50-A-1,matched,AMERICAN STYLE CUTTING TIP,01,SC50,1,yes,LPG,1.2,10-15,,待定,2,2
smith 丙烷割嘴 SC-50-A-4,matched,AMERICAN STYLE CUTTING TIP,01,SC50,4,yes,LPG,2.1,50-100,,待定,2,2
smith 丙烷割嘴 SC-50-A-7,matched,AMERICAN STYLE CUTTING TIP,01,SC50,7,yes,LPG,3.2,300-350,,待定,2,2
smith 乙炔割嘴 SC-12-4,matched,AMERICAN STYLE CUTTING TIP,01,SC12,4,yes,ACETYLENE,2.0,50-100,,待定,2,2
T15单嘴,unmatched,,,,,,,,,型号未锚定到目录,待定,2,2
VICTOR 8-MFN VICTOR 20 TYPE 55 连接器也刻上 VICTOR LPG,unmatched,,,,,,,,,型号未锚定到目录,待定,2,2
victor 丙烷割嘴 GPN－1# 刻字：内嘴上1-GPN 外嘴上VICTOR 1-GPN 包装：VICTOR塑料盒+不干胶,matched,AMERICAN STYLE CUTTING TIP,01,GPN,1,yes,LPG,1.2,10-20,,待定,2,2
victor 丙烷割嘴 GPN－2# 刻字：内嘴上2-GPN 外嘴上VICTOR 2-GPN 包装：VICTOR塑料盒+不干胶,matched,AMERICAN STYLE CUTTING TIP,01,GPN,2,yes,LPG,1.5,20-40,,待定,2,2
victor 丙烷割嘴 GPN－7# 刻字：内嘴上7-GPN 外嘴上VICTOR 7-GPN 包装：VICTOR塑料盒+不干胶,matched,AMERICAN STYLE CUTTING TIP,01,GPN,7,yes,LPG,3.6,200-250,,待定,2,2
victor 丙烷割嘴 GPN－8# 刻字：内嘴上8-GPN 外嘴上VICTOR 8-GPN 包装：VICTOR塑料盒+不干胶,matched,AMERICAN STYLE CUTTING TIP,01,GPN,8,yes,LPG,4.1,250-300,,待定,2,2
victor乙炔割嘴 101-0# 刻字：VICTOR 0-1-101,matched,AMERICAN STYLE CUTTING TIP,01,1-101,0,yes,ACETYLENE,1.0,6-10,,us_acetylene,2,2
victor乙炔割嘴 101-00# 刻字：VICTOR 00-1-101,matched,AMERICAN STYLE CUTTING TIP,01,1-101,00,yes,ACETYLENE,0.8,3-6,,us_acetylene,2,2
victor乙炔割嘴 101-1# 刻字：VICTOR 1-1-101,matched,AMERICAN STYLE CUTTING TIP,01,1-101,1,yes,ACETYLENE,1.2,10-20,,us_acetylene,2,2
victor乙炔割嘴 101-2# 刻字：VICTOR 2-1-101,matched,AMERICAN STYLE CUTTING TIP,01,1-101,2,yes,ACETYLENE,1.5,20-40,,us_acetylene,2,2
victor乙炔割嘴 101-3# 刻字：VICTOR 3-1-101,matched,AMERICAN STYLE CUTTING TIP,01,1-101,3,yes,ACETYLENE,1.8,40-60,,us_acetylene,2,2
victor乙炔割嘴 101-4# 刻字：VICTOR 4-1-101,matched,AMERICAN STYLE CUTTING TIP,01,1-101,4,yes,ACETYLENE,2.1,60-80,,us_acetylene,2,2
victor乙炔割嘴 101-5# 刻字：VICTOR 5-1-101,matched,AMERICAN STYLE CUTTING TIP,01,1-101,5,yes,ACETYLENE,2.5,80-125,,us_acetylene,2,2
WS202308乙炔割嘴 102HC-3 全铜 重86.5g,unmatched,,,,,,,,,型号边界不干净（右侧紧贴 H）,待定,2,2
WSGPN4丙烷割嘴 GPN-4,matched,AMERICAN STYLE CUTTING TIP,01,GPN,4,yes,LPG,2.1,60-80,,待定,2,2
WSSC120乙炔割嘴 SC-12-0,matched,AMERICAN STYLE CUTTING TIP,01,SC12,0,yes,ACETYLENE,1.0,5-10,,待定,2,2
WSSC125乙炔割嘴 SC-12-5,matched,AMERICAN STYLE CUTTING TIP,01,SC12,5,yes,ACETYLENE,2.3,100-200,,待定,2,2
1-W-J,unmatched,,,,,,,,,型号未锚定到目录,待定,2,1
产品要求,unmatched,,,,,,,,,型号未锚定到目录,待定,2,1
仿GPN割嘴,matched,AMERICAN STYLE CUTTING TIP,01,GPN,,no,LPG,,,,待定,2,1
乙炔割嘴 1-101 1# 刻字中性如右图所示 包装：中性塑料盒+中性不干胶,matched,AMERICAN STYLE CUTTING TIP,01,1-101,1,yes,ACETYLENE,1.2,10-20,,us_acetylene,2,1
GIOCWELD PNME,matched,BRITISH STYLE CUTTING TIP,03,PNME,,no,LPG,,,,待定,2,1
-4,unmatched,,,,,,,,,型号未锚定到目录,待定,1,1
-5,unmatched,,,,,,,,,型号未锚定到目录,待定,1,1
-6,unmatched,,,,,,,,,型号未锚定到目录,待定,1,1
-7,unmatched,,,,,,,,,型号未锚定到目录,待定,1,1
-8,unmatched,,,,,,,,,型号未锚定到目录,待定,1,1
0-1-118,matched,AMERICAN STYLE CUTTING TIP,01,1-118,0,yes,ACETYLENE,1.2,1.8x5,,待定,1,1
0-GPP,unmatched,,,,,,,,,型号未锚定到目录,待定,1,1
"0,1,2,3,5-W",unmatched,,,,,,,,,型号未锚定到目录,待定,1,1
"0,4,5-W",unmatched,,,,,,,,,型号未锚定到目录,待定,1,1
"0.1,3,4,5-W",unmatched,,,,,,,,,型号未锚定到目录,待定,1,1
000-3-W,unmatched,,,,,,,,,型号未锚定到目录,待定,1,1
1-1-101 0291,matched,AMERICAN STYLE CUTTING TIP,01,1-101,1,yes,ACETYLENE,1.2,10-20,,待定,1,1
1-101 0# 割嘴,matched,AMERICAN STYLE CUTTING TIP,01,1-101,0,yes,ACETYLENE,1.0,6-10,,待定,1,1
1-101 割嘴 5#,matched,AMERICAN STYLE CUTTING TIP,01,1-101,5,yes,ACETYLENE,2.5,80-125,,待定,1,1
1-3-GPN,matched,AMERICAN STYLE CUTTING TIP,01,3GPN,1,yes,LPG,1.2,10-20,,待定,1,1
1-GPP,unmatched,,,,,,,,,型号未锚定到目录,待定,1,1
1-W-1 80V,unmatched,,,,,,,,,型号未锚定到目录,待定,1,1
"1,3,5-W",unmatched,,,,,,,,,型号未锚定到目录,待定,1,1
1#-3 GPN 割嘴,matched,AMERICAN STYLE CUTTING TIP,01,3GPN,1,yes,LPG,1.2,10-20,,待定,1,1
"1#,3#,5#",unmatched,,,,,,,,,型号未锚定到目录,待定,1,1
10-GPN,unmatched,,,,,,,,,尺寸不在目录档位（候选数字 10）,待定,1,1
100,unmatched,,,,,,,,,型号未锚定到目录,待定,1,1
100CL 105,unmatched,,,,,,,,,型号未锚定到目录,待定,1,1
102HC 割嘴 0#,matched,JAPANESE STYLE CUTTING TIP,02,102,0,yes,ACETYLENE,1.0,5-10,,待定,1,1
102HC-1 0300,unmatched,,,,,,,,,型号边界不干净（右侧紧贴 H）,待定,1,1
102HC-2 0301,unmatched,,,,,,,,,型号边界不干净（右侧紧贴 H）,待定,1,1
102HC-3 0302,unmatched,,,,,,,,,型号边界不干净（右侧紧贴 H）,待定,1,1
102HC-5,unmatched,,,,,,,,,型号边界不干净（右侧紧贴 H）,待定,1,1
102HC-6,unmatched,,,,,,,,,型号边界不干净（右侧紧贴 H）,待定,1,1
106-0,matched,JAPANESE STYLE CUTTING TIP,02,106,0,yes,LPG,1.0,5-10,,待定,1,1
106-1/16 10-75,unmatched,,,,,,,,,尺寸不在目录档位（候选数字 1/16）,待定,1,1
106-1/32 (3孔),unmatched,,,,,,,,,尺寸不在目录档位（候选数字 1/32）,待定,1,1
106-1/32 3-6,unmatched,,,,,,,,,尺寸不在目录档位（候选数字 1/32）,待定,1,1
106-1/64 3-6,unmatched,,,,,,,,,尺寸有歧义（型号前 106 / 型号后 3）,待定,1,1
106-3/64 5-12,unmatched,,,,,,,,,尺寸不在目录档位（候选数字 3/64）,待定,1,1
106-6,matched,JAPANESE STYLE CUTTING TIP,02,106,6,yes,LPG,2.4,100-150,,待定,1,1
106D7-0,matched,JAPANESE STYLE CUTTING TIP,02,106D7,0,yes,LPG,0.8,10-20,,待定,1,1
106D7-000,unmatched,,,,,,,,,型号边界不干净（右侧紧贴 D）,待定,1,1
106D7割嘴1#,matched,JAPANESE STYLE CUTTING TIP,02,106D7,1,yes,LPG,1.0,20-40,,待定,1,1
106HC 0#,matched,JAPANESE STYLE CUTTING TIP,02,106,0,yes,LPG,1.0,5-10,,待定,1,1
106HC 00#,matched,JAPANESE STYLE CUTTING TIP,02,106,00,yes,LPG,0.8,0-5,,待定,1,1
106HC 1#,matched,JAPANESE STYLE CUTTING TIP,02,106,1,yes,LPG,1.2,10-15,,待定,1,1
106HC 2#,matched,JAPANESE STYLE CUTTING TIP,02,106,2,yes,LPG,1.4,15-30,,待定,1,1
106HC 3#,matched,JAPANESE STYLE CUTTING TIP,02,106,3,yes,LPG,1.6,30-40,,待定,1,1
106HC 4#,matched,JAPANESE STYLE CUTTING TIP,02,106,4,yes,LPG,1.8,40-50,,待定,1,1
106HC 5#,matched,JAPANESE STYLE CUTTING TIP,02,106,5,yes,LPG,2.0,50-100,,待定,1,1
106HC 10# 4.0mm 79g,unmatched,,,,,,,,,尺寸不在目录档位（候选数字 10）,待定,1,1
106HC 6# 4.0mm 79g,matched,JAPANESE STYLE CUTTING TIP,02,106,6,yes,LPG,2.4,100-150,,待定,1,1
106HC 7# 3.2mm 79g,matched,JAPANESE STYLE CUTTING TIP,02,106,7,yes,LPG,2.8,150-200,,待定,1,1
106HC-1 ZBT0297,unmatched,,,,,,,,,型号边界不干净（右侧紧贴 H）,待定,1,1
106HC-3 0299,unmatched,,,,,,,,,型号边界不干净（右侧紧贴 H）,待定,1,1
106HC-6 3.2,unmatched,,,,,,,,,型号边界不干净（右侧紧贴 H）,待定,1,1
106HC-6直通,unmatched,,,,,,,,,型号边界不干净（右侧紧贴 H）,待定,1,1
106HC-7,unmatched,,,,,,,,,型号边界不干净（右侧紧贴 H）,待定,1,1
106HC-7 3.6,unmatched,,,,,,,,,型号边界不干净（右侧紧贴 H）,待定,1,1
106HC-7直通,unmatched,,,,,,,,,型号边界不干净（右侧紧贴 H）,待定,1,1
106HC-8,unmatched,,,,,,,,,型号边界不干净（右侧紧贴 H）,待定,1,1
106HC-8 4.0,unmatched,,,,,,,,,型号边界不干净（右侧紧贴 H）,待定,1,1
106HC-8直通,unmatched,,,,,,,,,型号边界不干净（右侧紧贴 H）,待定,1,1
1502割嘴#4,matched,BRAZILIAN STYLE CUTTING TIP,06,1502,4,yes,ACETYLENE,1.0,10-15,,待定,1,1
1502割嘴#6,matched,BRAZILIAN STYLE CUTTING TIP,06,1502,6,yes,ACETYLENE,1.5,15-25,,待定,1,1
1503 cutting nozzles #4镀铬,matched,BRAZILIAN STYLE CUTTING TIP,06,1503,,no,LPG,,,,待定,1,1
1503 cutting nozzles #6镀铬,matched,BRAZILIAN STYLE CUTTING TIP,06,1503,,no,LPG,,,,待定,1,1
1503 cutting nozzles #8镀铬,matched,BRAZILIAN STYLE CUTTING TIP,06,1503,,no,LPG,,,,待定,1,1
1503 Cutting nozzles 10#,matched,BRAZILIAN STYLE CUTTING TIP,06,1503,,no,LPG,,,,待定,1,1
1503 Cutting nozzles 4#,matched,BRAZILIAN STYLE CUTTING TIP,06,1503,,no,LPG,,,,待定,1,1
1503 Cutting nozzles 6#,matched,BRAZILIAN STYLE CUTTING TIP,06,1503,,no,LPG,,,,待定,1,1
1503 Cutting nozzles 8#,matched,BRAZILIAN STYLE CUTTING TIP,06,1503,,no,LPG,,,,待定,1,1
1503-4,matched,BRAZILIAN STYLE CUTTING TIP,06,1503,4,yes,LPG,1.0,10-25,,待定,1,1
1503-6,matched,BRAZILIAN STYLE CUTTING TIP,06,1503,6,yes,LPG,1.5,25-50,,待定,1,1
1503/1534 割嘴 12#,matched,BRAZILIAN STYLE CUTTING TIP,06,1503,,no,LPG,,,,待定,1,1
1503/1534 割嘴 2#,matched,BRAZILIAN STYLE CUTTING TIP,06,1503,,no,LPG,,,,待定,1,1
1503/1534 割嘴 4#,matched,BRAZILIAN STYLE CUTTING TIP,06,1503,,no,LPG,,,,待定,1,1
1503丙烷割嘴 #4 包装：塑料盒+型号不干胶,matched,BRAZILIAN STYLE CUTTING TIP,06,1503,4,yes,LPG,1.0,10-25,,待定,1,1
1503丙烷割嘴 #6 包装：塑料盒+型号不干胶,matched,BRAZILIAN STYLE CUTTING TIP,06,1503,6,yes,LPG,1.5,25-50,,待定,1,1
1503丙烷割嘴 #8 包装：塑料盒+型号不干胶,matched,BRAZILIAN STYLE CUTTING TIP,06,1503,8,yes,LPG,2.0,50-100,,待定,1,1
1503割嘴#4,matched,BRAZILIAN STYLE CUTTING TIP,06,1503,4,yes,LPG,1.0,10-25,,待定,1,1
1503割嘴#6,matched,BRAZILIAN STYLE CUTTING TIP,06,1503,6,yes,LPG,1.5,25-50,,待定,1,1
1503割嘴#8,matched,BRAZILIAN STYLE CUTTING TIP,06,1503,8,yes,LPG,2.0,50-100,,待定,1,1
164 割嘴 2#,matched,AMERICAN STYLE CUTTING TIP,01,164,2,yes,ACETYLENE,1.4,20-40,,待定,1,1
164-4,matched,AMERICAN STYLE CUTTING TIP,01,164,4,yes,ACETYLENE,1.8,60-100,,待定,1,1
164-6,matched,AMERICAN STYLE CUTTING TIP,01,164,6,yes,ACETYLENE,2.4,150-200,,待定,1,1
164-7,matched,AMERICAN STYLE CUTTING TIP,01,164,7,yes,ACETYLENE,2.8,200-250,,待定,1,1
2-1-118,matched,AMERICAN STYLE CUTTING TIP,01,1-118,2,yes,ACETYLENE,1.5,2.4x5,,待定,1,1
2-MFA-J,unmatched,,,,,,,,,型号未锚定到目录,待定,1,1
2-W-1 80V,unmatched,,,,,,,,,型号未锚定到目录,待定,1,1
2-W-J,unmatched,,,,,,,,,型号未锚定到目录,待定,1,1
"2,750.00",unmatched,,,,,,,,,型号边界不干净（右侧紧贴 0）,待定,1,1
2# 1-101 割嘴,matched,AMERICAN STYLE CUTTING TIP,01,1-101,2,yes,ACETYLENE,1.5,20-40,,待定,1,1
2#-3 GPN 割嘴,matched,AMERICAN STYLE CUTTING TIP,01,3GPN,2,yes,LPG,1.5,20-40,,待定,1,1
20.0,unmatched,,,,,,,,,型号未锚定到目录,待定,1,1
229-0(PNME),matched,BRITISH STYLE CUTTING TIP,03,PNME,,no,LPG,,,,待定,1,1
229-1,matched,AMERICAN STYLE CUTTING TIP,01,229,1,yes,LPG,1.0,6-10,,待定,1,1
229-1 (PNME),matched,BRITISH STYLE CUTTING TIP,03,PNME,,no,LPG,,,,待定,1,1
229-1老款式,matched,AMERICAN STYLE CUTTING TIP,01,229,1,yes,LPG,1.0,6-10,,待定,1,1
2290-3H,unmatched,,,,,,,,,型号边界不干净（右侧紧贴 0）,待定,1,1
2290-4H,unmatched,,,,,,,,,型号边界不干净（右侧紧贴 0）,待定,1,1
2290-5H,unmatched,,,,,,,,,型号边界不干净（右侧紧贴 0）,待定,1,1
2W-1503丙烷割嘴 #10 刻字：中性 不电镀 包装：塑料盒贴型号如右图,matched,BRAZILIAN STYLE CUTTING TIP,06,1503,10,yes,LPG,2.5,100-150,,待定,1,1
2W-1503丙烷割嘴 #12 刻字：中性 不电镀 包装：塑料盒贴型号如右图,matched,BRAZILIAN STYLE CUTTING TIP,06,1503,12,yes,LPG,3.0,150-200,,待定,1,1
2W-1503丙烷割嘴 #2 刻字：中性 不电镀 包装：塑料盒贴型号如右图,matched,BRAZILIAN STYLE CUTTING TIP,06,1503,2,yes,LPG,0.6,3-6,,待定,1,1
2W-1503丙烷割嘴 #4 刻字：中性 不电镀 包装：塑料盒贴型号如右图,matched,BRAZILIAN STYLE CUTTING TIP,06,1503,4,yes,LPG,1.0,10-25,,待定,1,1
2W-1503丙烷割嘴 #6 刻字：中性 不电镀 包装：塑料盒贴型号如右图,matched,BRAZILIAN STYLE CUTTING TIP,06,1503,6,yes,LPG,1.5,25-50,,待定,1,1
2W-1503丙烷割嘴 #8 刻字：中性 不电镀 包装：塑料盒贴型号如右图,matched,BRAZILIAN STYLE CUTTING TIP,06,1503,8,yes,LPG,2.0,50-100,,待定,1,1
2W-GPN丙烷割嘴 GPN 1#,matched,AMERICAN STYLE CUTTING TIP,01,GPN,1,yes,LPG,1.2,10-20,,待定,1,1
2W-GPN丙烷割嘴 GPN 2#,matched,AMERICAN STYLE CUTTING TIP,01,GPN,2,yes,LPG,1.5,20-40,,待定,1,1
2W-GPN丙烷割嘴 GPN 3#,matched,AMERICAN STYLE CUTTING TIP,01,GPN,3,yes,LPG,1.8,40-60,,待定,1,1
2W-GPN丙烷割嘴 GPN 4#,matched,AMERICAN STYLE CUTTING TIP,01,GPN,4,yes,LPG,2.1,60-80,,待定,1,1
2W-PNME 1/16 10-75MM,matched,BRITISH STYLE CUTTING TIP,03,PNME,1/16,yes,LPG,1.6,25-75,,待定,1,1
2W-PNME 1/32 3-6MM,matched,BRITISH STYLE CUTTING TIP,03,PNME,1/32,yes,LPG,0.8,3-10,,待定,1,1
2W-PNME 3/64 5-12MM,matched,BRITISH STYLE CUTTING TIP,03,PNME,3/64,yes,LPG,1.2,10-25,,待定,1,1
2W-X11N 丙烷割嘴 G11 1#,unmatched,,,,,,,,,型号未锚定到目录,待定,1,1
2W-X11N 丙烷割嘴 G11 1# 包装+刻字：常规中性,unmatched,,,,,,,,,型号未锚定到目录,待定,1,1
2W-X11N 丙烷割嘴 G11 3#,unmatched,,,,,,,,,型号未锚定到目录,待定,1,1
2WG1-P 割嘴 G1-P 10/10,matched,FRENCH STYLE CUTTING TIP,04,G1-P,10/10,yes,LPG,1.0,10-25,,待定,1,1
2WG1-P 割嘴 G1-P 12/10,matched,FRENCH STYLE CUTTING TIP,04,G1-P,12/10,yes,LPG,1.2,25-50,,待定,1,1
2WG1-P 割嘴 G1-P 16/10,matched,FRENCH STYLE CUTTING TIP,04,G1-P,16/10,yes,LPG,1.6,50-80,,待定,1,1
2WG1-P 割嘴 G1-P 20/10,matched,FRENCH STYLE CUTTING TIP,04,G1-P,20/10,yes,LPG,2.0,80-120,,待定,1,1
3-1-101 0293,matched,AMERICAN STYLE CUTTING TIP,01,1-101,3,yes,ACETYLENE,1.8,40-60,,待定,1,1
3-101 割嘴 4#,matched,AMERICAN STYLE CUTTING TIP,01,3-101,4,yes,ACETYLENE,2.1,60-80,,待定,1,1
3-118 割嘴 2#,unmatched,,,,,,,,,型号未锚定到目录,待定,1,1
3-3-GPN,matched,AMERICAN STYLE CUTTING TIP,01,3GPN,3,yes,LPG,1.8,40-60,,待定,1,1
3-W-J,unmatched,,,,,,,,,型号未锚定到目录,待定,1,1
3# 1-101 割嘴,matched,AMERICAN STYLE CUTTING TIP,01,1-101,3,yes,ACETYLENE,1.8,40-60,,待定,1,1
363割嘴1#,unmatched,,,,,,,,,型号未锚定到目录,待定,1,1
363割嘴2#,unmatched,,,,,,,,,型号未锚定到目录,待定,1,1
363割嘴3#,unmatched,,,,,,,,,型号未锚定到目录,待定,1,1
363割嘴4#,unmatched,,,,,,,,,型号未锚定到目录,待定,1,1
363割嘴5#,unmatched,,,,,,,,,型号未锚定到目录,待定,1,1
363割嘴6#,unmatched,,,,,,,,,型号未锚定到目录,待定,1,1
4-1-118,matched,AMERICAN STYLE CUTTING TIP,01,1-118,4,yes,ACETYLENE,1.8,2.5x5,,待定,1,1
4-3-GPN,matched,AMERICAN STYLE CUTTING TIP,01,3GPN,4,yes,LPG,2.1,60-80,,待定,1,1
4-MFA-1,unmatched,,,,,,,,,型号未锚定到目录,待定,1,1
4-MFA-J,unmatched,,,,,,,,,型号未锚定到目录,待定,1,1
4-MFN-1,unmatched,,,,,,,,,型号未锚定到目录,待定,1,1
41-12,matched,AUSTRALIAN STYLE CUTTING TIP,05,41,12,yes,ACETYLENE,1.2,10-20,,待定,1,1
41-15,matched,AUSTRALIAN STYLE CUTTING TIP,05,41,15,yes,ACETYLENE,1.5,25-75,,待定,1,1
41-20,matched,AUSTRALIAN STYLE CUTTING TIP,05,41,20,yes,ACETYLENE,2.0,100-125,,待定,1,1
41-32,matched,AUSTRALIAN STYLE CUTTING TIP,05,41,32,yes,ACETYLENE,3.2,225-300,,待定,1,1
41-8,matched,AUSTRALIAN STYLE CUTTING TIP,05,41,8,yes,ACETYLENE,0.8,6-10,,待定,1,1
4202-7,unmatched,,,,,,,,,型号未锚定到目录,待定,1,1
44 割嘴 12#,matched,AUSTRALIAN STYLE CUTTING TIP,05,44,12,yes,LPG,1.2,10-20,,待定,1,1
44 割嘴 15#,matched,AUSTRALIAN STYLE CUTTING TIP,05,44,15,yes,LPG,1.5,25-75,,待定,1,1
44 割嘴 8#,matched,AUSTRALIAN STYLE CUTTING TIP,05,44,8,yes,LPG,0.8,6-10,,待定,1,1
4712A 10-25 1.2,unmatched,,,,,,,,,型号边界不干净（右侧紧贴 5）,待定,1,1
4712A 10-25 102-1 1.2,unmatched,,,,,,,,,尺寸有歧义（型号前 25 / 型号后 1）,待定,1,1
4712A 5-10 102-0 0.8,unmatched,,,,,,,,,尺寸有歧义（型号前 10 / 型号后 0）,待定,1,1
4713A 25-50 1.6,unmatched,,,,,,,,,型号未锚定到目录,待定,1,1
4713A 25-50 102-2 1.6,unmatched,,,,,,,,,尺寸有歧义（型号前 50 / 型号后 2）,待定,1,1
4714A 50-100 102-3 2.0,unmatched,,,,,,,,,尺寸有歧义（型号前 100 / 型号后 3）,待定,1,1
4714A 50-100 2.0,unmatched,,,,,,,,,型号未锚定到目录,待定,1,1
4715A 100-150 102- 2.4,unmatched,,,,,,,,,尺寸有歧义（型号前 150 / 型号后 2）,待定,1,1
4715A 100-150 102-6 2.4,unmatched,,,,,,,,,尺寸有歧义（型号前 150 / 型号后 6）,待定,1,1
4716A 150-200 102 2.8,unmatched,,,,,,,,,尺寸有歧义（型号前 200 / 型号后 2）,待定,1,1
4731P 5-10 106-0 0.8,unmatched,,,,,,,,,尺寸有歧义（型号前 10 / 型号后 0）,待定,1,1
4732P 10-25 106 1.2,unmatched,,,,,,,,,尺寸有歧义（型号前 25 / 型号后 1）,待定,1,1
4733P 25-50 106 1.6,unmatched,,,,,,,,,尺寸有歧义（型号前 50 / 型号后 1）,待定,1,1
4734P 50-100 106 2.0,unmatched,,,,,,,,,尺寸有歧义（型号前 100 / 型号后 2）,待定,1,1
4735P 100-150 106 2.4,unmatched,,,,,,,,,尺寸有歧义（型号前 150 / 型号后 2）,待定,1,1
4735P 100-150 106-6 2.4,unmatched,,,,,,,,,尺寸有歧义（型号前 150 / 型号后 6）,待定,1,1
4736P 150-200 106 2.8,unmatched,,,,,,,,,尺寸有歧义（型号前 200 / 型号后 2）,待定,1,1
4736P 150-200 106-7 2.8,unmatched,,,,,,,,,尺寸有歧义（型号前 200 / 型号后 7）,待定,1,1
4737P 200-300 106 3.2,unmatched,,,,,,,,,尺寸有歧义（型号前 300 / 型号后 3）,待定,1,1
4737P 200-300 106-8 3.2,unmatched,,,,,,,,,尺寸有歧义（型号前 300 / 型号后 8）,待定,1,1
5-3-GPN,matched,AMERICAN STYLE CUTTING TIP,01,3GPN,5,yes,LPG,2.5,80-125,,待定,1,1
6-1-118,matched,AMERICAN STYLE CUTTING TIP,01,1-118,6,yes,ACETYLENE,2.1,2.8x10,,待定,1,1
6-MFA-1,unmatched,,,,,,,,,型号未锚定到目录,待定,1,1
6-MFA-J,unmatched,,,,,,,,,型号未锚定到目录,待定,1,1
6-MFN,unmatched,,,,,,,,,型号未锚定到目录,待定,1,1
6-MFN-1,unmatched,,,,,,,,,型号未锚定到目录,待定,1,1
6290 割嘴 2#,matched,AMERICAN STYLE CUTTING TIP,01,6290,2,yes,ACETYLENE,1.6,25-50,,待定,1,1
6290 割嘴 4#,matched,AMERICAN STYLE CUTTING TIP,01,6290,4,yes,ACETYLENE,2.4,100-175,,待定,1,1
6290 乙炔 2# 塑料盒,matched,AMERICAN STYLE CUTTING TIP,01,6290,2,yes,ACETYLENE,1.6,25-50,,us_acetylene,1,1
6290 NX 2# 仿包装,matched,AMERICAN STYLE CUTTING TIP,01,6290NX,2,yes,LPG,1.6,25-50,,待定,1,1
6290-0 0137,matched,AMERICAN STYLE CUTTING TIP,01,6290,0,yes,ACETYLENE,1.0,10-15,,待定,1,1
6290-00,matched,AMERICAN STYLE CUTTING TIP,01,6290,00,yes,ACETYLENE,0.9,5-10,,待定,1,1
6290-00 0256,matched,AMERICAN STYLE CUTTING TIP,01,6290,00,yes,ACETYLENE,0.9,5-10,,待定,1,1
6290-000,matched,AMERICAN STYLE CUTTING TIP,01,6290,000,yes,ACETYLENE,0.8,1-5,,待定,1,1
6290-00AC,matched,AMERICAN STYLE CUTTING TIP,01,6290,00,yes,ACETYLENE,0.9,5-10,,待定,1,1
6290-0AC,matched,AMERICAN STYLE CUTTING TIP,01,6290,0,yes,ACETYLENE,1.0,10-15,,待定,1,1
6290-1 0004,matched,AMERICAN STYLE CUTTING TIP,01,6290,1,yes,ACETYLENE,1.2,15-25,,待定,1,1
"6290-1,2,3,4",matched,AMERICAN STYLE CUTTING TIP,01,6290,1,yes,ACETYLENE,1.2,15-25,,待定,1,1
6290-2 0005,matched,AMERICAN STYLE CUTTING TIP,01,6290,2,yes,ACETYLENE,1.6,25-50,,待定,1,1
6290-2 乙炔割嘴,matched,AMERICAN STYLE CUTTING TIP,01,6290,2,yes,ACETYLENE,1.6,25-50,,us_acetylene,1,1
6290-2# 割嘴 乙炔嘴,matched,AMERICAN STYLE CUTTING TIP,01,6290,2,yes,ACETYLENE,1.6,25-50,,us_acetylene,1,1
6290-3 0051,matched,AMERICAN STYLE CUTTING TIP,01,6290,3,yes,ACETYLENE,2.0,50-100,,待定,1,1
6290-3 乙炔割嘴,matched,AMERICAN STYLE CUTTING TIP,01,6290,3,yes,ACETYLENE,2.0,50-100,,us_acetylene,1,1
6290-4 0227,matched,AMERICAN STYLE CUTTING TIP,01,6290,4,yes,ACETYLENE,2.4,100-175,,待定,1,1
6290-4 乙炔割嘴,matched,AMERICAN STYLE CUTTING TIP,01,6290,4,yes,ACETYLENE,2.4,100-175,,us_acetylene,1,1
6290-4AC,matched,AMERICAN STYLE CUTTING TIP,01,6290,4,yes,ACETYLENE,2.4,100-175,,待定,1,1
6290-5 0229,matched,AMERICAN STYLE CUTTING TIP,01,6290,5,yes,ACETYLENE,2.8,175-250,,待定,1,1
6290-5 乙炔割嘴,matched,AMERICAN STYLE CUTTING TIP,01,6290,5,yes,ACETYLENE,2.8,175-250,,us_acetylene,1,1
6290-5AC,matched,AMERICAN STYLE CUTTING TIP,01,6290,5,yes,ACETYLENE,2.8,175-250,,待定,1,1
6290-6 0230,matched,AMERICAN STYLE CUTTING TIP,01,6290,6,yes,ACETYLENE,3.2,250-300,,待定,1,1
6290-6 乙炔割嘴,matched,AMERICAN STYLE CUTTING TIP,01,6290,6,yes,ACETYLENE,3.2,250-300,,us_acetylene,1,1
6290-6AC,matched,AMERICAN STYLE CUTTING TIP,01,6290,6,yes,ACETYLENE,3.2,250-300,,待定,1,1
6290-NX-4 丙烷割嘴 49g,matched,AMERICAN STYLE CUTTING TIP,01,6290NX,4,yes,LPG,2.4,100-175,,us_propane,1,1
6290-NX-5 丙烷割嘴 49g,matched,AMERICAN STYLE CUTTING TIP,01,6290NX,5,yes,LPG,2.8,175-250,,us_propane,1,1
6290-NX-6 丙烷割嘴 49g,matched,AMERICAN STYLE CUTTING TIP,01,6290NX,6,yes,LPG,3.2,250-300,,us_propane,1,1
"6290-NX, 1＃，原装HARRIS包装和刻字",matched,AMERICAN STYLE CUTTING TIP,01,6290NX,1,yes,LPG,1.2,15-25,,待定,1,1
6290AC-000,matched,AMERICAN STYLE CUTTING TIP,01,6290AC,000,yes,ACETYLENE,0.8,1-5,,待定,1,1
6290AC-1,matched,AMERICAN STYLE CUTTING TIP,01,6290AC,1,yes,ACETYLENE,1.2,15-25,,待定,1,1
6290AC-2,matched,AMERICAN STYLE CUTTING TIP,01,6290AC,2,yes,ACETYLENE,1.6,25-50,,待定,1,1
6290NFF #2 45g,matched,AMERICAN STYLE CUTTING TIP,01,6290NFF,2,yes,LPG,1.6,25-50,,待定,1,1
6290NFF #3 45g,matched,AMERICAN STYLE CUTTING TIP,01,6290NFF,3,yes,LPG,2.0,50-100,,待定,1,1
6290NFF #4 45g,matched,AMERICAN STYLE CUTTING TIP,01,6290NFF,4,yes,LPG,2.4,100-175,,待定,1,1
6290NFF #6 45g,matched,AMERICAN STYLE CUTTING TIP,01,6290NFF,6,yes,LPG,3.2,250-300,,待定,1,1
"6290NFF 2 # 50克,外套电镀",matched,AMERICAN STYLE CUTTING TIP,01,6290NFF,2,yes,LPG,1.6,25-50,,待定,1,1
6290NFF 割嘴 0#,matched,AMERICAN STYLE CUTTING TIP,01,6290NFF,0,yes,LPG,1.0,10-15,,待定,1,1
6290NFF 割嘴 1#,matched,AMERICAN STYLE CUTTING TIP,01,6290NFF,1,yes,LPG,1.2,15-25,,待定,1,1
6290NFF-0,matched,AMERICAN STYLE CUTTING TIP,01,6290NFF,0,yes,LPG,1.0,10-15,,待定,1,1
6290NFF-00,unmatched,,,,,,,,,型号边界不干净（右侧紧贴 N）,待定,1,1
6290NFF-1,matched,AMERICAN STYLE CUTTING TIP,01,6290NFF,1,yes,LPG,1.2,15-25,,待定,1,1
6290NFF-2,matched,AMERICAN STYLE CUTTING TIP,01,6290NFF,2,yes,LPG,1.6,25-50,,待定,1,1
6290NFF-5,matched,AMERICAN STYLE CUTTING TIP,01,6290NFF,5,yes,LPG,2.8,175-250,,待定,1,1
6290NFF-6,matched,AMERICAN STYLE CUTTING TIP,01,6290NFF,6,yes,LPG,3.2,250-300,,待定,1,1
6290NX 割嘴 000#,matched,AMERICAN STYLE CUTTING TIP,01,6290NX,000,yes,LPG,0.8,1-5,,待定,1,1
6290NX 割嘴 5#,matched,AMERICAN STYLE CUTTING TIP,01,6290NX,5,yes,LPG,2.8,175-250,,待定,1,1
6290NX 割嘴 6#,matched,AMERICAN STYLE CUTTING TIP,01,6290NX,6,yes,LPG,3.2,250-300,,待定,1,1
6290NX-0 0700-1600,matched,AMERICAN STYLE CUTTING TIP,01,6290NX,0,yes,LPG,1.0,10-15,,待定,1,1
6290NX-0 ZBT0138,matched,AMERICAN STYLE CUTTING TIP,01,6290NX,0,yes,LPG,1.0,10-15,,待定,1,1
6290NX-1 0228,matched,AMERICAN STYLE CUTTING TIP,01,6290NX,1,yes,LPG,1.2,15-25,,待定,1,1
6290NX-1 0700-1601,matched,AMERICAN STYLE CUTTING TIP,01,6290NX,1,yes,LPG,1.2,15-25,,待定,1,1
"6290NX-1,2,3,4",matched,AMERICAN STYLE CUTTING TIP,01,6290NX,1,yes,LPG,1.2,15-25,,待定,1,1
6290NX-2 0139,matched,AMERICAN STYLE CUTTING TIP,01,6290NX,2,yes,LPG,1.6,25-50,,待定,1,1
6290NX-2 0700-1602,matched,AMERICAN STYLE CUTTING TIP,01,6290NX,2,yes,LPG,1.6,25-50,,待定,1,1
6290NX-3 0052,matched,AMERICAN STYLE CUTTING TIP,01,6290NX,3,yes,LPG,2.0,50-100,,待定,1,1
6290NX-3 0700-1603,matched,AMERICAN STYLE CUTTING TIP,01,6290NX,3,yes,LPG,2.0,50-100,,待定,1,1
6290NX-4 0053,matched,AMERICAN STYLE CUTTING TIP,01,6290NX,4,yes,LPG,2.4,100-175,,待定,1,1
6290NX-4 0700-1604,matched,AMERICAN STYLE CUTTING TIP,01,6290NX,4,yes,LPG,2.4,100-175,,待定,1,1
6290NX-5 0700-1605,matched,AMERICAN STYLE CUTTING TIP,01,6290NX,5,yes,LPG,2.8,175-250,,待定,1,1
6290NX-5 JIT0011,matched,AMERICAN STYLE CUTTING TIP,01,6290NX,5,yes,LPG,2.8,175-250,,待定,1,1
6290NX-6 0367,matched,AMERICAN STYLE CUTTING TIP,01,6290NX,6,yes,LPG,3.2,250-300,,待定,1,1
6290NX-6 07700-1606,matched,AMERICAN STYLE CUTTING TIP,01,6290NX,6,yes,LPG,3.2,250-300,,待定,1,1
6290VVC-0,unmatched,,,,,,,,,型号边界不干净（右侧紧贴 V）,待定,1,1
6290VVC-00,unmatched,,,,,,,,,型号边界不干净（右侧紧贴 V）,待定,1,1
6290VVC-000,unmatched,,,,,,,,,型号边界不干净（右侧紧贴 V）,待定,1,1
6290VVC-01/2,unmatched,,,,,,,,,型号边界不干净（右侧紧贴 V）,待定,1,1
6290VVC-1,unmatched,,,,,,,,,型号边界不干净（右侧紧贴 V）,待定,1,1
6290VVC-1 1/2,unmatched,,,,,,,,,型号边界不干净（右侧紧贴 V）,待定,1,1
6290VVC-2,unmatched,,,,,,,,,型号边界不干净（右侧紧贴 V）,待定,1,1
7-GPN,matched,AMERICAN STYLE CUTTING TIP,01,GPN,7,yes,LPG,3.6,200-250,,待定,1,1
7-GPN直通,matched,AMERICAN STYLE CUTTING TIP,01,GPN,7,yes,LPG,3.6,200-250,,待定,1,1
8-1-118,matched,AMERICAN STYLE CUTTING TIP,01,1-118,8,yes,ACETYLENE,2.4,3.2x10,,待定,1,1
8-MFA-1,unmatched,,,,,,,,,型号未锚定到目录,待定,1,1
8-MFN-1,unmatched,,,,,,,,,型号未锚定到目录,待定,1,1
澳大利亚款式丙烷 割嘴 44-08 刻字内容如下图所示44 08,unmatched,,,,,,,,,尺寸不在目录档位（候选数字 08）,待定,1,1
澳大利亚款式丙烷 割嘴 44-12 刻字内容如下图所示44 12,matched,AUSTRALIAN STYLE CUTTING TIP,05,44,12,yes,LPG,1.2,10-20,,待定,1,1
澳大利亚款式丙烷 割嘴 44-15 刻字内容如下图所示44 15,matched,AUSTRALIAN STYLE CUTTING TIP,05,44,15,yes,LPG,1.5,25-75,,待定,1,1
澳大利亚款式乙炔 割嘴 41-06 刻字内容：如右图所示41 06,unmatched,,,,,,,,,尺寸不在目录档位（候选数字 06）,待定,1,1
澳大利亚款式乙炔 割嘴 41-06 刻字内容如图所示41 08,unmatched,,,,,,,,,尺寸不在目录档位（候选数字 08）,待定,1,1
澳大利亚款式乙炔 割嘴 41-08 刻字内容：如右图所示41 08,unmatched,,,,,,,,,尺寸不在目录档位（候选数字 08）,待定,1,1
澳大利亚款式乙炔 割嘴 41-12 刻字内容如图所示41 12,matched,AUSTRALIAN STYLE CUTTING TIP,05,41,12,yes,ACETYLENE,1.2,10-20,,待定,1,1
丙烷割嘴 1-GPN #0,unmatched,,,,,,,,,尺寸有歧义（型号前 1 / 型号后 0）,待定,1,1
丙烷割嘴 1-GPN #1,matched,AMERICAN STYLE CUTTING TIP,01,GPN,1,yes,LPG,1.2,10-20,,待定,1,1
丙烷割嘴 1-GPN #2,unmatched,,,,,,,,,尺寸有歧义（型号前 1 / 型号后 2）,待定,1,1
丙烷割嘴 1-GPN #3,unmatched,,,,,,,,,尺寸有歧义（型号前 1 / 型号后 3）,待定,1,1
丙烷割嘴 1-GPN #4,unmatched,,,,,,,,,尺寸有歧义（型号前 1 / 型号后 4）,待定,1,1
丙烷割嘴 106 D7 #3,matched,JAPANESE STYLE CUTTING TIP,02,106D7,3,yes,LPG,1.5,60-100,,待定,1,1
丙烷割嘴 106HC 2# 塑料盒包装 包装：彩卡+泡壳+说明书,matched,JAPANESE STYLE CUTTING TIP,02,106,2,yes,LPG,1.4,15-30,,待定,1,1
丙烷割嘴 106HC 4# 塑料盒包装 包装：彩卡+泡壳+说明书,matched,JAPANESE STYLE CUTTING TIP,02,106,4,yes,LPG,1.8,40-50,,待定,1,1
丙烷割嘴 1503 4# 包装+刻字：中性,matched,BRAZILIAN STYLE CUTTING TIP,06,1503,4,yes,LPG,1.0,10-25,,待定,1,1
丙烷割嘴 2-GPN,matched,AMERICAN STYLE CUTTING TIP,01,GPN,2,yes,LPG,1.5,20-40,,待定,1,1
丙烷割嘴 2-GPN 请注意：3只是样品单独装,matched,AMERICAN STYLE CUTTING TIP,01,GPN,2,yes,LPG,1.5,20-40,,待定,1,1
丙烷割嘴 3-GPN #1,matched,AMERICAN STYLE CUTTING TIP,01,3GPN,1,yes,LPG,1.2,10-20,,待定,1,1
丙烷割嘴 3-GPN #2,matched,AMERICAN STYLE CUTTING TIP,01,3GPN,2,yes,LPG,1.5,20-40,,待定,1,1
丙烷割嘴 3-GPN 0#,matched,AMERICAN STYLE CUTTING TIP,01,3GPN,0,yes,LPG,1.0,6-10,,待定,1,1
丙烷割嘴 3-GPN 1#,matched,AMERICAN STYLE CUTTING TIP,01,3GPN,1,yes,LPG,1.2,10-20,,待定,1,1
丙烷割嘴 3-GPN 2#,matched,AMERICAN STYLE CUTTING TIP,01,3GPN,2,yes,LPG,1.5,20-40,,待定,1,1
丙烷割嘴 3-GPN 3# 请注意：3只是样品单独装,matched,AMERICAN STYLE CUTTING TIP,01,3GPN,3,yes,LPG,1.8,40-60,,待定,1,1
丙烷割嘴 3-GPN 4#,matched,AMERICAN STYLE CUTTING TIP,01,3GPN,4,yes,LPG,2.1,60-80,,待定,1,1
丙烷割嘴 6290-NX 0# 49G,matched,AMERICAN STYLE CUTTING TIP,01,6290NX,0,yes,LPG,1.0,10-15,,us_propane,1,1
丙烷割嘴 6290-NX 1# 刻字：中性常规 包装：如右图所示,matched,AMERICAN STYLE CUTTING TIP,01,6290NX,1,yes,LPG,1.2,15-25,,us_propane,1,1
丙烷割嘴 6290-NX 1# 49G,matched,AMERICAN STYLE CUTTING TIP,01,6290NX,1,yes,LPG,1.2,15-25,,us_propane,1,1
丙烷割嘴 6290-NX 2# 刻字：中性常规 包装：如右图所示,matched,AMERICAN STYLE CUTTING TIP,01,6290NX,2,yes,LPG,1.6,25-50,,us_propane,1,1
丙烷割嘴 6290-NX-00# 刻字：要OKI字样 要求：火焰要调长一点 包装：塑料盒+不干胶 10只1白盒+白盒不干胶,matched,AMERICAN STYLE CUTTING TIP,01,6290NX,00,yes,LPG,0.9,5-10,,us_propane,1,1
丙烷割嘴 6290-NX-1,matched,AMERICAN STYLE CUTTING TIP,01,6290NX,1,yes,LPG,1.2,15-25,,us_propane,1,1
丙烷割嘴 6290-NX-1 请注意：3只是样品单独装,matched,AMERICAN STYLE CUTTING TIP,01,6290NX,1,yes,LPG,1.2,15-25,,us_propane,1,1
丙烷割嘴 6290-NX-1# 产品号码6014,matched,AMERICAN STYLE CUTTING TIP,01,6290NX,1,yes,LPG,1.2,15-25,,us_propane,1,1
丙烷割嘴 6290-NX-1# 刻字：要OKI字样 要求：火焰要调长一点 包装：塑料盒+不干胶 10只1白盒+白盒不干胶,matched,AMERICAN STYLE CUTTING TIP,01,6290NX,1,yes,LPG,1.2,15-25,,us_propane,1,1
丙烷割嘴 6290-NX-1# 重：44克 包装：不干胶+塑料盒 不干胶设计我司提供,matched,AMERICAN STYLE CUTTING TIP,01,6290NX,1,yes,LPG,1.2,15-25,,us_propane,1,1
丙烷割嘴 6290-NX-2,matched,AMERICAN STYLE CUTTING TIP,01,6290NX,2,yes,LPG,1.6,25-50,,us_propane,1,1
丙烷割嘴 6290-NX-2#,matched,AMERICAN STYLE CUTTING TIP,01,6290NX,2,yes,LPG,1.6,25-50,,us_propane,1,1
丙烷割嘴 6290-NX-2# 刻字：要OKI字样 要求：火焰要调长一点 包装：塑料盒+不干胶 10只1白盒+白盒不干胶,matched,AMERICAN STYLE CUTTING TIP,01,6290NX,2,yes,LPG,1.6,25-50,,us_propane,1,1
丙烷割嘴 6290-NX-2# 重：44克 包装：不干胶+塑料盒 不干胶设计我司提供,matched,AMERICAN STYLE CUTTING TIP,01,6290NX,2,yes,LPG,1.6,25-50,,us_propane,1,1
丙烷割嘴 6290-NX-2# 重：44克 刻字内容： POWERCRAFT 6290-2NX 包装：不干胶+塑料盒 不干胶设计我司提供,matched,AMERICAN STYLE CUTTING TIP,01,6290NX,2,yes,LPG,1.6,25-50,,us_propane,1,1
丙烷割嘴 6290-NX-3#,matched,AMERICAN STYLE CUTTING TIP,01,6290NX,3,yes,LPG,2.0,50-100,,us_propane,1,1
丙烷割嘴 6290-NX-3# 刻字：要OKI字样 要求：火焰要调长一点 包装：塑料盒+不干胶 10只1白盒+白盒不干胶,matched,AMERICAN STYLE CUTTING TIP,01,6290NX,3,yes,LPG,2.0,50-100,,us_propane,1,1
丙烷割嘴 6290-NX-3# 重：44克 包装：不干胶+塑料盒 不干胶设计我司提供,matched,AMERICAN STYLE CUTTING TIP,01,6290NX,3,yes,LPG,2.0,50-100,,us_propane,1,1
丙烷割嘴 6290-NX-4#,matched,AMERICAN STYLE CUTTING TIP,01,6290NX,4,yes,LPG,2.4,100-175,,us_propane,1,1
丙烷割嘴 6290-NX-5#,matched,AMERICAN STYLE CUTTING TIP,01,6290NX,5,yes,LPG,2.8,175-250,,us_propane,1,1
丙烷割嘴 6290-NX-6#,matched,AMERICAN STYLE CUTTING TIP,01,6290NX,6,yes,LPG,3.2,250-300,,us_propane,1,1
丙烷割嘴 6290NX-0#,matched,AMERICAN STYLE CUTTING TIP,01,6290NX,0,yes,LPG,1.0,10-15,,待定,1,1
丙烷割嘴 6290NX-1# 刻字中性 包装：中性塑料盒+中性不干胶,matched,AMERICAN STYLE CUTTING TIP,01,6290NX,1,yes,LPG,1.2,15-25,,待定,1,1
丙烷割嘴 6290NX-1# 重41克 刻字：规格型号 包装：塑料盒+贴纸,matched,AMERICAN STYLE CUTTING TIP,01,6290NX,1,yes,LPG,1.2,15-25,,待定,1,1
丙烷割嘴 6290NX-2# 重41克 刻字：规格型号 包装：塑料盒+贴纸,matched,AMERICAN STYLE CUTTING TIP,01,6290NX,2,yes,LPG,1.6,25-50,,待定,1,1
丙烷割嘴 6290NX-3# 重41克 刻字：规格型号 包装：塑料盒+贴纸,matched,AMERICAN STYLE CUTTING TIP,01,6290NX,3,yes,LPG,2.0,50-100,,待定,1,1
"丙烷割嘴 G1-P 10/07"" 重78g",unmatched,,,,,,,,,尺寸不在目录档位（候选数字 10/07）,待定,1,1
"丙烷割嘴 G1-P 10/12"" 重78g",unmatched,,,,,,,,,尺寸不在目录档位（候选数字 10/12）,待定,1,1
"丙烷割嘴 G1-P 10/16"" 重78g",unmatched,,,,,,,,,尺寸不在目录档位（候选数字 10/16）,待定,1,1
"丙烷割嘴 G1-P 10/30"" 重78g",unmatched,,,,,,,,,尺寸不在目录档位（候选数字 10/30）,待定,1,1
丙烷割嘴 GPN #0 塑料盖贴：GPN-0,matched,AMERICAN STYLE CUTTING TIP,01,GPN,0,yes,LPG,1.0,6-10,,待定,1,1
丙烷割嘴 GPN #6 塑料盖贴：GPN-6,matched,AMERICAN STYLE CUTTING TIP,01,GPN,6,yes,LPG,3.1,125-200,,待定,1,1
丙烷割嘴 GPN #6 仿包装,matched,AMERICAN STYLE CUTTING TIP,01,GPN,6,yes,LPG,3.1,125-200,,待定,1,1
丙烷割嘴 GPN #7 仿包装,matched,AMERICAN STYLE CUTTING TIP,01,GPN,7,yes,LPG,3.6,200-250,,待定,1,1
丙烷割嘴 GPN #8 仿包装,matched,AMERICAN STYLE CUTTING TIP,01,GPN,8,yes,LPG,4.1,250-300,,待定,1,1
丙烷割嘴 GPN 1# 包装+刻字：中性,matched,AMERICAN STYLE CUTTING TIP,01,GPN,1,yes,LPG,1.2,10-20,,待定,1,1
丙烷割嘴 GPN 2# 刻字：带logo 包装：塑料盒+不干胶,matched,AMERICAN STYLE CUTTING TIP,01,GPN,2,yes,LPG,1.5,20-40,,待定,1,1
丙烷割嘴 GPN 2# 重79.7克 刻字：规格型号 包装：塑料盒+贴纸,matched,AMERICAN STYLE CUTTING TIP,01,GPN,2,yes,LPG,1.5,20-40,,待定,1,1
丙烷割嘴 GPN Nº 1 厚度：10-20mm 孔口：1.2 包装：塑料盒+不干胶如右图,matched,AMERICAN STYLE CUTTING TIP,01,GPN,,no,LPG,,,,待定,1,1
丙烷割嘴 GPN Nº 2 厚度：20-40mm 孔口：1.5 包装：塑料盒+不干胶如右图,matched,AMERICAN STYLE CUTTING TIP,01,GPN,,no,LPG,,,,待定,1,1
丙烷割嘴 GPN Nº 3 厚度：40-60mm 孔口：1.8 包装：塑料盒+不干胶如右图,matched,AMERICAN STYLE CUTTING TIP,01,GPN,,no,LPG,,,,待定,1,1
丙烷割嘴 GPN-1,matched,AMERICAN STYLE CUTTING TIP,01,GPN,1,yes,LPG,1.2,10-20,,待定,1,1
丙烷割嘴 GPN-1 1# 刻字中性如右图所示 包装：中性塑料盒+中性不干胶,matched,AMERICAN STYLE CUTTING TIP,01,GPN,1,yes,LPG,1.2,10-20,,待定,1,1
丙烷割嘴 GPN-1# 刻字中性如右图所示 包装：中性塑料盒+中性不干胶,matched,AMERICAN STYLE CUTTING TIP,01,GPN,1,yes,LPG,1.2,10-20,,待定,1,1
丙烷割嘴 GPN-3 代码：4194,matched,AMERICAN STYLE CUTTING TIP,01,GPN,3,yes,LPG,1.8,40-60,,待定,1,1
丙烷割嘴 PNM-#4内嘴 (切割厚度 100to150mm) 配R3P-3-500三根管子 内嘴刻字：4 包装：PP袋1只/袋 50只1盒 200只1箱,unmatched,,,,,,,,,型号边界不干净（右侧紧贴 0）,uk_propane,1,1
丙烷割嘴 PNM-#5内嘴 配R3P-3-500三根管子 内嘴刻字：5 包装：PP袋1只/袋 50只1盒 200只1箱,unmatched,,,,,,,,,型号未锚定到目录,uk_propane,1,1
丙烷割嘴 PNM-#6内嘴 配R3P-3-500三根管子 内嘴刻字：6 包装：PP袋1只/袋 50只1盒 200只1箱,unmatched,,,,,,,,,型号未锚定到目录,uk_propane,1,1
丙烷割嘴 PNM1外嘴 刻字：PNM 1 配R3P-3-500三根管子(配上述内嘴1#、2#、 3#) 包装：PP袋1只/袋 50只1盒 200只1箱,unmatched,,,,,,,,,型号未锚定到目录,uk_propane,1,1
丙烷割嘴 PNM2外嘴 刻字：PNM 2 配R3P-3-500三根管子(配上述内嘴1#、2#、 3#) 包装：PP袋1只/袋 50只1盒 200只1箱,unmatched,,,,,,,,,型号未锚定到目录,uk_propane,1,1
丙烷割嘴 PNM外嘴 刻字：PNM 1 配R3P-3-500三根管子(配上述内嘴1#、2#、 3#) 包装：PP袋1只/袋 50只1盒 200只1箱,unmatched,,,,,,,,,型号未锚定到目录,uk_propane,1,1
丙烷割嘴 PNME 1/16 一体式 不要螺纹拧 重量要75克 包装+刻字：常规中性,matched,BRITISH STYLE CUTTING TIP,03,PNME,1/16,yes,LPG,1.6,25-75,,uk_propane,1,1
丙烷割嘴 PNME 1# 塑料盖贴：PNME 1,unmatched,,,,,,,,,尺寸不在目录档位（候选数字 1）,uk_propane,1,1
丙烷割嘴 PNME 2# 塑料盖贴：PNME 2,unmatched,,,,,,,,,尺寸不在目录档位（候选数字 2）,uk_propane,1,1
"丙烷割嘴 PNME 3/64"" 重74克 包装：PP袋1只/袋 50只1盒 200只1箱",matched,BRITISH STYLE CUTTING TIP,03,PNME,3/64,yes,LPG,1.2,10-25,,uk_propane,1,1
"丙烷割嘴 PNME 3/64"" 重74克 刻字：中性 包装：PP袋1只/袋 50只1盒 200只1箱",matched,BRITISH STYLE CUTTING TIP,03,PNME,3/64,yes,LPG,1.2,10-25,,uk_propane,1,1
丙烷割嘴 PNME 3# 塑料盖贴：PNME 3,unmatched,,,,,,,,,尺寸不在目录档位（候选数字 3）,uk_propane,1,1
丙烷割嘴 PNME 4# 塑料盖贴：PNME 4,unmatched,,,,,,,,,尺寸不在目录档位（候选数字 4）,uk_propane,1,1
丙烷割嘴 SC-50 2# 刻字：带logo 包装：塑料盒+不干胶,matched,AMERICAN STYLE CUTTING TIP,01,SC50,2,yes,LPG,1.5,15-30,,待定,1,1
丙烷割嘴 SC-50-1# 重93克 刻字：规格型号 包装：塑料盒+贴纸,matched,AMERICAN STYLE CUTTING TIP,01,SC50,1,yes,LPG,1.2,10-15,,待定,1,1
丙烷割嘴 SC-50-2 93g 产品号码100250,matched,AMERICAN STYLE CUTTING TIP,01,SC50,2,yes,LPG,1.5,15-30,,待定,1,1
丙烷割嘴 SC-50-2# 重93克 刻字：规格型号 包装：塑料盒+贴纸,matched,AMERICAN STYLE CUTTING TIP,01,SC50,2,yes,LPG,1.5,15-30,,待定,1,1
丙烷割嘴 SC-50-3# 重93克 刻字：规格型号 包装：塑料盒+贴纸,matched,AMERICAN STYLE CUTTING TIP,01,SC50,3,yes,LPG,1.8,30-50,,待定,1,1
丙烷割嘴1-GPN 1# 产品号码6027,matched,AMERICAN STYLE CUTTING TIP,01,GPN,1,yes,LPG,1.2,10-20,,待定,1,1
丙烷割嘴1-GPN 2# 产品号码6028,unmatched,,,,,,,,,尺寸有歧义（型号前 1 / 型号后 2）,待定,1,1
丙烷割嘴3-GPN 0# 产品号码6030,matched,AMERICAN STYLE CUTTING TIP,01,3GPN,0,yes,LPG,1.0,6-10,,待定,1,1
丙烷割嘴3-GPN 1# 产品号码6031,matched,AMERICAN STYLE CUTTING TIP,01,3GPN,1,yes,LPG,1.2,10-20,,待定,1,1
丙烷割嘴3-GPN 1# 号码6031,matched,AMERICAN STYLE CUTTING TIP,01,3GPN,1,yes,LPG,1.2,10-20,,待定,1,1
丙烷割嘴6290NX 0# 刻字：中性常规 包装：如右图类似对应型号,matched,AMERICAN STYLE CUTTING TIP,01,6290NX,0,yes,LPG,1.0,10-15,,待定,1,1
丙烷割嘴6290NX 00# 刻字：中性常规 包装：如右图类似对应型号,matched,AMERICAN STYLE CUTTING TIP,01,6290NX,00,yes,LPG,0.9,5-10,,待定,1,1
丙烷割嘴6290NX 1# 刻字：中性常规 包装：如右图类似对应型号,matched,AMERICAN STYLE CUTTING TIP,01,6290NX,1,yes,LPG,1.2,15-25,,待定,1,1
丙烷割嘴6290NX 2# 刻字：中性常规 包装：如右图类似对应型号,matched,AMERICAN STYLE CUTTING TIP,01,6290NX,2,yes,LPG,1.6,25-50,,待定,1,1
丙烷割嘴6290NX 3# 刻字：中性常规 包装：如右图类似对应型号,matched,AMERICAN STYLE CUTTING TIP,01,6290NX,3,yes,LPG,2.0,50-100,,待定,1,1
丙烷割嘴6290VVC 0 重47g 12.5-20mm 刻字：中性,unmatched,,,,,,,,,型号边界不干净（右侧紧贴 V）,待定,1,1
丙烷割嘴6290VVC 00 重47g 9-12.5mm 刻字：中性,unmatched,,,,,,,,,型号边界不干净（右侧紧贴 V）,待定,1,1
丙烷割嘴6290VVC 000 重47g 6-9mm 刻字：中性,unmatched,,,,,,,,,型号边界不干净（右侧紧贴 V）,待定,1,1
丙烷割嘴6290VVC 0000 重47g 4-6mm 刻字：中性,unmatched,,,,,,,,,型号边界不干净（右侧紧贴 V）,待定,1,1
丙烷割嘴6290VVC 00000 重47g 1-4mm 刻字：中性,unmatched,,,,,,,,,型号边界不干净（右侧紧贴 V）,待定,1,1
丙烷割嘴6290VVC 1 重47g 35-60mm 刻字：中性,unmatched,,,,,,,,,型号边界不干净（右侧紧贴 V）,待定,1,1
丙烷割嘴6290VVC 1/2 重47g 20-35mm 刻字：中性,unmatched,,,,,,,,,型号边界不干净（右侧紧贴 V）,待定,1,1
丙烷割嘴6290VVC 11/2 重47g 60-75mm 刻字：中性,unmatched,,,,,,,,,型号边界不干净（右侧紧贴 V）,待定,1,1
丙烷割嘴6290VVC 2 重47g 75-125mm 刻字：中性,unmatched,,,,,,,,,型号边界不干净（右侧紧贴 V）,待定,1,1
丙烷割嘴6290VVC 21/2 重47g 125-150mm 刻字：中性,unmatched,,,,,,,,,型号边界不干净（右侧紧贴 V）,待定,1,1
丙烷割嘴6290VVC 3 重47g 150-175mm 刻字：中性,unmatched,,,,,,,,,型号边界不干净（右侧紧贴 V）,待定,1,1
丙烷割嘴6290VVC 4 重47g 175-200mm 刻字：中性,unmatched,,,,,,,,,型号边界不干净（右侧紧贴 7）,待定,1,1
丙烷割嘴6290VVC 5 重47g 200-225mm 刻字：中性,unmatched,,,,,,,,,型号边界不干净（右侧紧贴 V）,待定,1,1
丙烷割嘴6290VVC 51/2 重47g 225-250mm 刻字：中性,unmatched,,,,,,,,,型号边界不干净（右侧紧贴 V）,待定,1,1
丙烷割嘴GPN #8 80克左右 仿VICTOR 包装：塑料盒+VICTOR不干胶,matched,AMERICAN STYLE CUTTING TIP,01,GPN,8,yes,LPG,4.1,250-300,,待定,1,1
丙烷割嘴GPN #4 塑料盖贴：GPN-4,matched,AMERICAN STYLE CUTTING TIP,01,GPN,4,yes,LPG,2.1,60-80,,待定,1,1
丙烷割嘴PNME (1/32”) 客人要12个槽 74克,matched,BRITISH STYLE CUTTING TIP,03,PNME,,no,LPG,,,,uk_propane,1,1
丙烷割嘴PNME (1/8”) 客人要12个槽 74克,matched,BRITISH STYLE CUTTING TIP,03,PNME,,no,LPG,,,,uk_propane,1,1
丙烷割嘴PNME (3/64”) 客人要12个槽 74克,matched,BRITISH STYLE CUTTING TIP,03,PNME,,no,LPG,,,,uk_propane,1,1
丙烷嘴 6290-NX 00#,matched,AMERICAN STYLE CUTTING TIP,01,6290NX,00,yes,LPG,0.9,5-10,,us_propane,1,1
丙烷嘴 6290-NX 01#,unmatched,,,,,,,,,尺寸不在目录档位（候选数字 01）,us_propane,1,1
丙烷嘴 6290-NX 02#,unmatched,,,,,,,,,尺寸不在目录档位（候选数字 02）,us_propane,1,1
丙烷嘴 6290-NX 03#,unmatched,,,,,,,,,尺寸不在目录档位（候选数字 03）,us_propane,1,1
补广州佛山运费,unmatched,,,,,,,,,型号未锚定到目录,待定,1,1
仿澳大利亚款式丙烷 割嘴 41-12 刻字内容： 41 12 CIGWELD CutSkill(字体不一样) 包装：泡壳+彩卡 彩卡+泡壳我司提供,matched,AUSTRALIAN STYLE CUTTING TIP,05,41,12,yes,ACETYLENE,1.2,10-20,,待定,1,1
仿澳大利亚款式丙烷割嘴 44-12 包装：不干胶+塑料盒,matched,AUSTRALIAN STYLE CUTTING TIP,05,44,12,yes,LPG,1.2,10-20,,待定,1,1
仿澳大利亚款式丙烷割嘴 44-12 包装：塑料盒+不干胶 返单24167,matched,AUSTRALIAN STYLE CUTTING TIP,05,44,12,yes,LPG,1.2,10-20,,待定,1,1
仿澳大利亚款式丙烷割嘴 44-15 包装：不干胶+塑料盒,matched,AUSTRALIAN STYLE CUTTING TIP,05,44,15,yes,LPG,1.5,25-75,,待定,1,1
仿澳大利亚款式丙烷割嘴 44-15 包装：塑料盒+不干胶 返单24167,matched,AUSTRALIAN STYLE CUTTING TIP,05,44,15,yes,LPG,1.5,25-75,,待定,1,1
仿澳大利亚款式丙烷割嘴 44-20 包装：塑料盒+不干胶 返单24167,matched,AUSTRALIAN STYLE CUTTING TIP,05,44,20,yes,LPG,2.0,100-125,,待定,1,1
仿澳大利亚款式丙烷割嘴 44-8 包装：不干胶+塑料盒,matched,AUSTRALIAN STYLE CUTTING TIP,05,44,8,yes,LPG,0.8,6-10,,待定,1,1
仿澳大利亚款式丙烷割嘴 44-8 包装：塑料盒+不干胶 返单24167,matched,AUSTRALIAN STYLE CUTTING TIP,05,44,8,yes,LPG,0.8,6-10,,待定,1,1
仿澳大利亚款式乙炔 割嘴 41-12 包装：塑料盒+不干胶 返单AB241160,matched,AUSTRALIAN STYLE CUTTING TIP,05,41,12,yes,ACETYLENE,1.2,10-20,,待定,1,1
仿澳大利亚款式乙炔 割嘴 41-15 包装：塑料盒+不干胶 返单AB241160,matched,AUSTRALIAN STYLE CUTTING TIP,05,41,15,yes,ACETYLENE,1.5,25-75,,待定,1,1
仿澳大利亚款式乙炔 割嘴 41-20 包装：塑料盒+不干胶 返单AB241160,matched,AUSTRALIAN STYLE CUTTING TIP,05,41,20,yes,ACETYLENE,2.0,100-125,,待定,1,1
仿澳大利亚款式乙炔 割嘴 41-8 包装：塑料盒+不干胶 返单AB241160,matched,AUSTRALIAN STYLE CUTTING TIP,05,41,8,yes,ACETYLENE,0.8,6-10,,待定,1,1
仿澳大利亚款式乙炔割嘴 41-12 包装：塑料挂钩盒+不干胶,matched,AUSTRALIAN STYLE CUTTING TIP,05,41,12,yes,ACETYLENE,1.2,10-20,,待定,1,1
仿澳式丙烷割嘴 44-20 包装：不干胶+塑料盒,matched,AUSTRALIAN STYLE CUTTING TIP,05,44,20,yes,LPG,2.0,100-125,,待定,1,1
仿丙烷割嘴 6290-NX-1# 重：44克 包装：仿HARRIS 返单AB251341,matched,AMERICAN STYLE CUTTING TIP,01,6290NX,1,yes,LPG,1.2,15-25,,us_propane,1,1
仿丙烷割嘴 6290-NX-2# 重：44克 包装：仿HARRIS 返单AB251341,matched,AMERICAN STYLE CUTTING TIP,01,6290NX,2,yes,LPG,1.6,25-50,,us_propane,1,1
仿丙烷割嘴 6290-NX-3# 重：44克 包装：仿HARRIS 返单AB251341,matched,AMERICAN STYLE CUTTING TIP,01,6290NX,3,yes,LPG,2.0,50-100,,us_propane,1,1
仿丙烷割嘴 GPN-1 包装：仿VICTOR,matched,AMERICAN STYLE CUTTING TIP,01,GPN,1,yes,LPG,1.2,10-20,,待定,1,1
仿丙烷割嘴 GPN-2 包装：仿VICTOR,matched,AMERICAN STYLE CUTTING TIP,01,GPN,2,yes,LPG,1.5,20-40,,待定,1,1
割嘴 #0-1-101 仿包装,matched,AMERICAN STYLE CUTTING TIP,01,1-101,0,yes,ACETYLENE,1.0,6-10,,待定,1,1
割嘴 #00-1-101 仿包装,matched,AMERICAN STYLE CUTTING TIP,01,1-101,00,yes,ACETYLENE,0.8,3-6,,待定,1,1
割嘴 #1-1-101 仿包装,matched,AMERICAN STYLE CUTTING TIP,01,1-101,1,yes,ACETYLENE,1.2,10-20,,待定,1,1
割嘴 #2-1-101 仿包装,matched,AMERICAN STYLE CUTTING TIP,01,1-101,2,yes,ACETYLENE,1.5,20-40,,待定,1,1
割嘴 #3-1-101 仿包装,matched,AMERICAN STYLE CUTTING TIP,01,1-101,3,yes,ACETYLENE,1.8,40-60,,待定,1,1
割嘴 #4-1-101 仿包装,matched,AMERICAN STYLE CUTTING TIP,01,1-101,4,yes,ACETYLENE,2.1,60-80,,待定,1,1
割嘴 1-101 #6 仿包装,matched,AMERICAN STYLE CUTTING TIP,01,1-101,6,yes,ACETYLENE,3.1,125-200,,待定,1,1
割嘴 1#-3-101,matched,AMERICAN STYLE CUTTING TIP,01,3-101,1,yes,ACETYLENE,1.2,10-20,,待定,1,1
割嘴 3#-GPN 产品号码6029,matched,AMERICAN STYLE CUTTING TIP,01,3GPN,,no,LPG,,,,待定,1,1
割嘴 4#-3-101 产品号码100275,matched,AMERICAN STYLE CUTTING TIP,01,3-101,4,yes,ACETYLENE,2.1,60-80,,待定,1,1
割嘴 4#-GPN 产品号码100285,matched,AMERICAN STYLE CUTTING TIP,01,GPN,4,yes,LPG,2.1,60-80,,待定,1,1
割嘴 6290-00# 产品号码6008,matched,AMERICAN STYLE CUTTING TIP,01,6290,00,yes,ACETYLENE,0.9,5-10,,待定,1,1
割嘴 6290-1乙炔割嘴 52g,matched,AMERICAN STYLE CUTTING TIP,01,6290,1,yes,ACETYLENE,1.2,15-25,,us_acetylene,1,1
割嘴 6290-NFF 1#,matched,AMERICAN STYLE CUTTING TIP,01,6290NFF,1,yes,LPG,1.2,15-25,,待定,1,1
割嘴 6290-NFF 2#,matched,AMERICAN STYLE CUTTING TIP,01,6290NFF,2,yes,LPG,1.6,25-50,,待定,1,1
割嘴 6290-NFF Nº1,matched,AMERICAN STYLE CUTTING TIP,01,6290NFF,,no,LPG,,,,待定,1,1
割嘴 6290-NFF Nº2,matched,AMERICAN STYLE CUTTING TIP,01,6290NFF,,no,LPG,,,,待定,1,1
割嘴 6290-NFF Nº3,matched,AMERICAN STYLE CUTTING TIP,01,6290NFF,,no,LPG,,,,待定,1,1
割嘴 6290-NFF Nº4,matched,AMERICAN STYLE CUTTING TIP,01,6290NFF,,no,LPG,,,,待定,1,1
割嘴 81021 1# 塑料盖贴：81021-1,unmatched,,,,,,,,,型号未锚定到目录,待定,1,1
割嘴 81021 2# 塑料盖贴：81021-2,unmatched,,,,,,,,,型号未锚定到目录,待定,1,1
割嘴 81021 3# 塑料盖贴：81021-3,unmatched,,,,,,,,,型号未锚定到目录,待定,1,1
割嘴 81021 4# 塑料盖贴：81021-4,unmatched,,,,,,,,,型号未锚定到目录,待定,1,1
"割嘴 G1-P 10/10""",matched,FRENCH STYLE CUTTING TIP,04,G1-P,10/10,yes,LPG,1.0,10-25,,待定,1,1
"割嘴 G1-P 10/10"" 重78g",matched,FRENCH STYLE CUTTING TIP,04,G1-P,10/10,yes,LPG,1.0,10-25,,待定,1,1
"割嘴 G1-P 12/10"" 重78g",matched,FRENCH STYLE CUTTING TIP,04,G1-P,12/10,yes,LPG,1.2,25-50,,待定,1,1
"割嘴 G1-P 30/10"" 重78g",matched,FRENCH STYLE CUTTING TIP,04,G1-P,30/10,yes,LPG,3.0,200-300,,待定,1,1
"割嘴 G1-P 7/10""",matched,FRENCH STYLE CUTTING TIP,04,G1-P,7/10,yes,LPG,0.7,3-10,,待定,1,1
"割嘴 G1-P 7/10"" 重78g",matched,FRENCH STYLE CUTTING TIP,04,G1-P,7/10,yes,LPG,0.7,3-10,,待定,1,1
割嘴 G11 Nº1,unmatched,,,,,,,,,型号未锚定到目录,待定,1,1
割嘴 G11 Nº2,unmatched,,,,,,,,,型号未锚定到目录,待定,1,1
割嘴 GPN-0,matched,AMERICAN STYLE CUTTING TIP,01,GPN,0,yes,LPG,1.0,6-10,,待定,1,1
割嘴 GPN-1,matched,AMERICAN STYLE CUTTING TIP,01,GPN,1,yes,LPG,1.2,10-20,,待定,1,1
割嘴 GPN-2,matched,AMERICAN STYLE CUTTING TIP,01,GPN,2,yes,LPG,1.5,20-40,,待定,1,1
割嘴 GPN-3,matched,AMERICAN STYLE CUTTING TIP,01,GPN,3,yes,LPG,1.8,40-60,,待定,1,1
割嘴 GPN-5,matched,AMERICAN STYLE CUTTING TIP,01,GPN,5,yes,LPG,2.5,80-125,,待定,1,1
割嘴 GPN-6,matched,AMERICAN STYLE CUTTING TIP,01,GPN,6,yes,LPG,3.1,125-200,,待定,1,1
割嘴 PNME 5/64 (MUREX彩盒，18槽） 75克,matched,BRITISH STYLE CUTTING TIP,03,PNME,5/64,yes,LPG,2.0,75-125,,待定,1,1
割嘴 SC-12-00# 产品号码100242,matched,AMERICAN STYLE CUTTING TIP,01,SC12,00,yes,ACETYLENE,0.8,3-5,,待定,1,1
割嘴 SC-12-4# 产品号码100245,matched,AMERICAN STYLE CUTTING TIP,01,SC12,4,yes,ACETYLENE,2.0,50-100,,待定,1,1
割嘴 SC-50-1# 产品号码100249,matched,AMERICAN STYLE CUTTING TIP,01,SC50,1,yes,LPG,1.2,10-15,,待定,1,1
割嘴1-101-1# M1H0013,matched,AMERICAN STYLE CUTTING TIP,01,1-101,1,yes,ACETYLENE,1.2,10-20,,待定,1,1
割嘴1-101-2,matched,AMERICAN STYLE CUTTING TIP,01,1-101,2,yes,ACETYLENE,1.5,20-40,,待定,1,1
割嘴1-101-3,matched,AMERICAN STYLE CUTTING TIP,01,1-101,3,yes,ACETYLENE,1.8,40-60,,待定,1,1
割嘴3-101 000# 号码6016 产品100516,matched,AMERICAN STYLE CUTTING TIP,01,3-101,000,yes,ACETYLENE,0.7,1-3,,待定,1,1
割嘴3-3-GPN,matched,AMERICAN STYLE CUTTING TIP,01,3GPN,3,yes,LPG,1.8,40-60,,待定,1,1
割嘴3-GPN 0# 产品号码6030,matched,AMERICAN STYLE CUTTING TIP,01,3GPN,0,yes,LPG,1.0,6-10,,待定,1,1
割嘴6290-2,matched,AMERICAN STYLE CUTTING TIP,01,6290,2,yes,ACETYLENE,1.6,25-50,,待定,1,1
刻字: STEELCO 1 尼龙袋包装,unmatched,,,,,,,,,型号未锚定到目录,待定,1,1
"刻字: VICTOR LPG 包装: 包括卡璜,O形圈, 装配好后每套一个尼龙袋",unmatched,,,,,,,,,型号未锚定到目录,待定,1,1
连接器,unmatched,,,,,,,,,型号未锚定到目录,待定,1,1
内嘴 P0 刻字内容规格与型号 如右图,unmatched,,,,,,,,,型号未锚定到目录,待定,1,1
内嘴 P0 刻字内容规格与型号 如右图 单只塑料袋包装 500只/箱 重41G,unmatched,,,,,,,,,型号边界不干净（右侧紧贴 G）,待定,1,1
内嘴 P1 9槽 重42.5G 刻字内容：规格+型号 包装：单只塑料袋包装 500只/箱,unmatched,,,,,,,,,型号未锚定到目录,待定,1,1
内嘴 P1 刻字内容规格与型号 单只塑料袋包装 500只/箱 重42G,unmatched,,,,,,,,,型号未锚定到目录,待定,1,1
内嘴 P1 刻字内容规格与型号 如右图,unmatched,,,,,,,,,型号未锚定到目录,待定,1,1
内嘴 P1 刻字内容规格与型号 如右图 单只塑料袋包装 500只/箱 重41G,unmatched,,,,,,,,,型号边界不干净（右侧紧贴 G）,待定,1,1
内嘴 P1，9槽刻字内容规格与型号，单只塑料袋包装，500只/箱 重42.5G,unmatched,,,,,,,,,型号未锚定到目录,待定,1,1
内嘴 P2 9槽 重42.5g 刻字：内容规格+型号 包装：只/塑料袋 500只/箱,unmatched,,,,,,,,,型号未锚定到目录,待定,1,1
内嘴 P2 9槽 重42.5G 刻字内容：规格+型号 包装：单只塑料袋包装 500只/箱,unmatched,,,,,,,,,型号未锚定到目录,待定,1,1
内嘴 P2 刻字内容规格与型号 单只塑料袋包装 500只/箱 重42G,unmatched,,,,,,,,,型号未锚定到目录,待定,1,1
内嘴 P2 刻字内容规格与型号 如右图,unmatched,,,,,,,,,型号未锚定到目录,待定,1,1
内嘴 P2 刻字内容规格与型号 如右图 单只塑料袋包装 500只/箱 重41G,unmatched,,,,,,,,,型号边界不干净（右侧紧贴 G）,待定,1,1
内嘴 P2，9槽刻字内容规格与型号，单只塑料袋包装，500只/箱 重42.5G,unmatched,,,,,,,,,型号未锚定到目录,待定,1,1
内嘴 P3 9槽 重42.5G 刻字内容：规格与型号 包装：单只塑料袋包装 500只/箱,unmatched,,,,,,,,,型号未锚定到目录,待定,1,1
内嘴 P3 刻字内容规格与型号 单只塑料袋包装 500只/箱 重42G,unmatched,,,,,,,,,型号未锚定到目录,待定,1,1
内嘴 P3 刻字内容规格与型号 如右图,unmatched,,,,,,,,,型号未锚定到目录,待定,1,1
内嘴 P3 刻字内容规格与型号 如右图 单只塑料袋包装 500只/箱 重41G,unmatched,,,,,,,,,型号边界不干净（右侧紧贴 G）,待定,1,1
内嘴 P3，9槽刻字内容规格与型号，单只塑料袋包装，500只/箱 重42.5G,unmatched,,,,,,,,,型号未锚定到目录,待定,1,1
内嘴 P4 刻字内容规格与型号 如右图,unmatched,,,,,,,,,型号未锚定到目录,待定,1,1
内嘴 P4 刻字内容规格与型号 如右图 单只塑料袋包装 500只/箱 重41G,unmatched,,,,,,,,,型号边界不干净（右侧紧贴 G）,待定,1,1
内嘴 P4 刻字内容规格与型号 如右图 单只塑料袋包装 500只/箱 重42G,unmatched,,,,,,,,,型号未锚定到目录,待定,1,1
内嘴 P5 9槽 重42.5G 刻字内容：规格与型号 包装：单只塑料袋包装 500只/箱,unmatched,,,,,,,,,型号未锚定到目录,待定,1,1
内嘴 P5 刻字内容规格与型号 如右图,unmatched,,,,,,,,,型号未锚定到目录,待定,1,1
内嘴 P5 刻字内容规格与型号 如右图 单只塑料袋包装 500只/箱 重41G,unmatched,,,,,,,,,型号边界不干净（右侧紧贴 G）,待定,1,1
内嘴 P5 刻字内容规格与型号 如右图 单只塑料袋包装 500只/箱 重42G,unmatched,,,,,,,,,型号未锚定到目录,待定,1,1
内嘴 P6 9槽 重42.5G 刻字内容：规格与型号 包装：单只塑料袋包装 500只/箱,unmatched,,,,,,,,,型号未锚定到目录,待定,1,1
内嘴 P6 刻字内容规格与型号 如右图 单只塑料袋包装 500只/箱 重41G,unmatched,,,,,,,,,型号边界不干净（右侧紧贴 G）,待定,1,1
内嘴 P6 刻字内容规格与型号 如右图 单只塑料袋包装 500只/箱 重42G,unmatched,,,,,,,,,型号未锚定到目录,待定,1,1
尼龙袋 白盒 2-W 1-W-1 8-MFA,unmatched,,,,,,,,,型号未锚定到目录,待定,1,1
配T15T20的杆子+连接器,unmatched,,,,,,,,,型号未锚定到目录,待定,1,1
塑壳 红盖 不干胶 50只/中盒,unmatched,,,,,,,,,型号未锚定到目录,待定,1,1
外嘴 PNM 1# 刻字内容规格与型号 单只塑料袋包装 500只/箱 重32G,unmatched,,,,,,,,,型号未锚定到目录,待定,1,1
外嘴 PNM 1# 刻字内容规格与型号 如图,unmatched,,,,,,,,,型号未锚定到目录,待定,1,1
外嘴 PNM 1# 刻字内容规格与型号 如图 单只塑料袋包装 500只/箱 重31G,unmatched,,,,,,,,,型号未锚定到目录,待定,1,1
外嘴 PNM 2# 刻字内容规格与型号 如图,unmatched,,,,,,,,,型号未锚定到目录,待定,1,1
外嘴 PNM 2# 刻字内容规格与型号 如图 单只塑料袋包装 500只/箱 重31G,unmatched,,,,,,,,,型号未锚定到目录,待定,1,1
外嘴 PNM1 重32G 刻字内容：规格+型号 包装：单只塑料袋包装 500只/箱,unmatched,,,,,,,,,型号未锚定到目录,待定,1,1
"外嘴 PNM1，刻字内容规格与型号，单只塑料袋包装，500只/箱,重32G",unmatched,,,,,,,,,型号未锚定到目录,待定,1,1
维克多款式 GPN #0 仿,matched,AMERICAN STYLE CUTTING TIP,01,GPN,0,yes,LPG,1.0,6-10,,待定,1,1
维克多款式 GPN #2 仿,matched,AMERICAN STYLE CUTTING TIP,01,GPN,2,yes,LPG,1.5,20-40,,待定,1,1
维克多款式 GPN #6 仿,matched,AMERICAN STYLE CUTTING TIP,01,GPN,6,yes,LPG,3.1,125-200,,待定,1,1
乙炔割嘴 1-101 #0 84.5g,matched,AMERICAN STYLE CUTTING TIP,01,1-101,0,yes,ACETYLENE,1.0,6-10,,us_acetylene,1,1
乙炔割嘴 1-101 #00 塑料盖贴：1-101 00,matched,AMERICAN STYLE CUTTING TIP,01,1-101,00,yes,ACETYLENE,0.8,3-6,,us_acetylene,1,1
乙炔割嘴 1-101 #00 84.5g,matched,AMERICAN STYLE CUTTING TIP,01,1-101,00,yes,ACETYLENE,0.8,3-6,,us_acetylene,1,1
乙炔割嘴 1-101 #000 84.5g,matched,AMERICAN STYLE CUTTING TIP,01,1-101,000,yes,ACETYLENE,0.7,1-3,,us_acetylene,1,1
乙炔割嘴 1-101 #1 84.5g,matched,AMERICAN STYLE CUTTING TIP,01,1-101,1,yes,ACETYLENE,1.2,10-20,,us_acetylene,1,1
乙炔割嘴 1-101 #2 84.5g,matched,AMERICAN STYLE CUTTING TIP,01,1-101,2,yes,ACETYLENE,1.5,20-40,,us_acetylene,1,1
乙炔割嘴 1-101 #3 84.5g,matched,AMERICAN STYLE CUTTING TIP,01,1-101,3,yes,ACETYLENE,1.8,40-60,,us_acetylene,1,1
乙炔割嘴 1-101 #4 84.5g,matched,AMERICAN STYLE CUTTING TIP,01,1-101,4,yes,ACETYLENE,2.1,60-80,,us_acetylene,1,1
乙炔割嘴 1-101 #5 塑料盖贴：1-101 4,matched,AMERICAN STYLE CUTTING TIP,01,1-101,5,yes,ACETYLENE,2.5,80-125,,us_acetylene,1,1
乙炔割嘴 1-101 #5 84.5g,matched,AMERICAN STYLE CUTTING TIP,01,1-101,5,yes,ACETYLENE,2.5,80-125,,us_acetylene,1,1
乙炔割嘴 1-101 #6 塑料盖贴：1-101 8,matched,AMERICAN STYLE CUTTING TIP,01,1-101,6,yes,ACETYLENE,3.1,125-200,,us_acetylene,1,1
乙炔割嘴 1-101 #6 84.5g,matched,AMERICAN STYLE CUTTING TIP,01,1-101,6,yes,ACETYLENE,3.1,125-200,,us_acetylene,1,1
乙炔割嘴 1-101 #6 仿包装,matched,AMERICAN STYLE CUTTING TIP,01,1-101,6,yes,ACETYLENE,3.1,125-200,,us_acetylene,1,1
乙炔割嘴 1-101 #7 84.5g,matched,AMERICAN STYLE CUTTING TIP,01,1-101,7,yes,ACETYLENE,3.6,200-250,,us_acetylene,1,1
乙炔割嘴 1-101 #8 84.5g,matched,AMERICAN STYLE CUTTING TIP,01,1-101,8,yes,ACETYLENE,4.1,250-300,,us_acetylene,1,1
乙炔割嘴 1-101 0# 刻字中性如右图所示 包装：中性塑料盒+中性不干胶,matched,AMERICAN STYLE CUTTING TIP,01,1-101,0,yes,ACETYLENE,1.0,6-10,,us_acetylene,1,1
乙炔割嘴 1-101 1# 高仿 包装：中性塑料盒+中性不干胶,matched,AMERICAN STYLE CUTTING TIP,01,1-101,1,yes,ACETYLENE,1.2,10-20,,us_acetylene,1,1
乙炔割嘴 1-101 2# 刻字中性如右图所示 包装：中性塑料盒+中性不干胶,matched,AMERICAN STYLE CUTTING TIP,01,1-101,2,yes,ACETYLENE,1.5,20-40,,us_acetylene,1,1
乙炔割嘴 1-101 3# 请注意：3只是样品单独装,matched,AMERICAN STYLE CUTTING TIP,01,1-101,3,yes,ACETYLENE,1.8,40-60,,us_acetylene,1,1
乙炔割嘴 1-101 3# 刻字中性如右图所示 包装：中性塑料盒+中性不干胶,matched,AMERICAN STYLE CUTTING TIP,01,1-101,3,yes,ACETYLENE,1.8,40-60,,us_acetylene,1,1
乙炔割嘴 1-101 Nº 1 厚度：10-20mm 预热：0.7 孔口：1.2 包装：塑料盒+不干胶如右图,matched,AMERICAN STYLE CUTTING TIP,01,1-101,,no,ACETYLENE,,,,us_acetylene,1,1
乙炔割嘴 1-101 Nº 2 厚度：20-40mm 预热：0.8 孔口：1.5 包装：塑料盒+不干胶如右图,matched,AMERICAN STYLE CUTTING TIP,01,1-101,,no,ACETYLENE,,,,us_acetylene,1,1
乙炔割嘴 1-101 Nº 3 厚度：40-60mm 预热：0.9 孔口：1.8 包装：塑料盒+不干胶如右图,matched,AMERICAN STYLE CUTTING TIP,01,1-101,,no,ACETYLENE,,,,us_acetylene,1,1
乙炔割嘴 102HC-1# 包装：彩卡+泡壳+说明书,matched,JAPANESE STYLE CUTTING TIP,02,102,1,yes,ACETYLENE,1.2,10-15,,待定,1,1
乙炔割嘴 102HC-2#,matched,JAPANESE STYLE CUTTING TIP,02,102,2,yes,ACETYLENE,1.4,15-30,,待定,1,1
乙炔割嘴 102HC-2# 包装：彩卡+泡壳+说明书,matched,JAPANESE STYLE CUTTING TIP,02,102,2,yes,ACETYLENE,1.4,15-30,,待定,1,1
乙炔割嘴 102HC-3# 包装：彩卡+泡壳+说明书,matched,JAPANESE STYLE CUTTING TIP,02,102,3,yes,ACETYLENE,1.6,30-40,,待定,1,1
乙炔割嘴 1502 3# 包装+刻字：中性,matched,BRAZILIAN STYLE CUTTING TIP,06,1502,3,yes,ACETYLENE,0.9,6-10,,待定,1,1
乙炔割嘴 1502 4# 包装+刻字：中性,matched,BRAZILIAN STYLE CUTTING TIP,06,1502,4,yes,ACETYLENE,1.0,10-15,,待定,1,1
乙炔割嘴 3-101 #0 84.5g,matched,AMERICAN STYLE CUTTING TIP,01,3-101,0,yes,ACETYLENE,1.0,6-10,,us_acetylene,1,1
乙炔割嘴 3-101 #00 84.5g,matched,AMERICAN STYLE CUTTING TIP,01,3-101,00,yes,ACETYLENE,0.8,3-6,,us_acetylene,1,1
乙炔割嘴 3-101 #000 84.5g,matched,AMERICAN STYLE CUTTING TIP,01,3-101,000,yes,ACETYLENE,0.7,1-3,,us_acetylene,1,1
乙炔割嘴 3-101 #1 84.5g,matched,AMERICAN STYLE CUTTING TIP,01,3-101,1,yes,ACETYLENE,1.2,10-20,,us_acetylene,1,1
乙炔割嘴 3-101 #2 84.5g,matched,AMERICAN STYLE CUTTING TIP,01,3-101,2,yes,ACETYLENE,1.5,20-40,,us_acetylene,1,1
乙炔割嘴 3-101 #3 84.5g,matched,AMERICAN STYLE CUTTING TIP,01,3-101,3,yes,ACETYLENE,1.8,40-60,,us_acetylene,1,1
乙炔割嘴 3-101 #4 84.5g,matched,AMERICAN STYLE CUTTING TIP,01,3-101,4,yes,ACETYLENE,2.1,60-80,,us_acetylene,1,1
乙炔割嘴 3-101 1#,matched,AMERICAN STYLE CUTTING TIP,01,3-101,1,yes,ACETYLENE,1.2,10-20,,us_acetylene,1,1
乙炔割嘴 3-101 3# 包装+刻字：中性,matched,AMERICAN STYLE CUTTING TIP,01,3-101,3,yes,ACETYLENE,1.8,40-60,,us_acetylene,1,1
乙炔割嘴 3-101 4# 包装+刻字：中性,matched,AMERICAN STYLE CUTTING TIP,01,3-101,4,yes,ACETYLENE,2.1,60-80,,us_acetylene,1,1
乙炔割嘴 6290 2# 请注意：3只是样品单独装,matched,AMERICAN STYLE CUTTING TIP,01,6290,2,yes,ACETYLENE,1.6,25-50,,us_acetylene,1,1
乙炔割嘴 6290 WT 1# 刻字：中性常规 包装：如右图类似对应型号,matched,AMERICAN STYLE CUTTING TIP,01,6290,1,yes,ACETYLENE,1.2,15-25,,us_acetylene,1,1
乙炔割嘴 6290-1# 包装：用PP袋/1只割嘴,matched,AMERICAN STYLE CUTTING TIP,01,6290,1,yes,ACETYLENE,1.2,15-25,,us_acetylene,1,1
乙炔割嘴 6290-1# 重59.3克 刻字：规格型号 包装：塑料盒+贴纸,matched,AMERICAN STYLE CUTTING TIP,01,6290,1,yes,ACETYLENE,1.2,15-25,,us_acetylene,1,1
乙炔割嘴 6290-2# 重59.3克 刻字：规格型号 包装：塑料盒+贴纸,matched,AMERICAN STYLE CUTTING TIP,01,6290,2,yes,ACETYLENE,1.6,25-50,,us_acetylene,1,1
乙炔割嘴 6290-4# 重59.3克 刻字：规格型号 包装：塑料盒+贴纸,matched,AMERICAN STYLE CUTTING TIP,01,6290,4,yes,ACETYLENE,2.4,100-175,,us_acetylene,1,1
乙炔割嘴 6290-5# 重59.3克 刻字：规格型号 包装：塑料盒+贴纸,matched,AMERICAN STYLE CUTTING TIP,01,6290,5,yes,ACETYLENE,2.8,175-250,,us_acetylene,1,1
乙炔割嘴 AMN-#1 (切割厚度 10to25mm) 配R3P-3-500三根管子 刻字：AMN+型号 包装：PP袋1只/袋 50只1盒 200只1箱,unmatched,,,,,,,,,型号未锚定到目录,待定,1,1
乙炔割嘴 AMN-#2 (切割厚度 25to75mm) 配R3P-3-500三根管子 刻字：AMN+型号 包装：PP袋1只/袋 50只1盒 200只1箱,unmatched,,,,,,,,,型号未锚定到目录,待定,1,1
乙炔割嘴 AMN-#3 (切割厚度 75to125mm) 配R3P-3-500三根管子 刻字：AMN+型号 包装：PP袋1只/袋 50只1盒 200只1箱,unmatched,,,,,,,,,型号未锚定到目录,待定,1,1
乙炔割嘴 ANM 0# 刻字内容：规格与型号,unmatched,,,,,,,,,型号未锚定到目录,uk_acetylene,1,1
乙炔割嘴 ANM 1# 刻字内容：规格与型号,unmatched,,,,,,,,,型号未锚定到目录,uk_acetylene,1,1
乙炔割嘴 ANM 2# 刻字内容：规格与型号,unmatched,,,,,,,,,型号未锚定到目录,uk_acetylene,1,1
乙炔割嘴 ANM 3# 刻字内容：规格与型号,unmatched,,,,,,,,,型号未锚定到目录,uk_acetylene,1,1
乙炔割嘴 ANM 4# 刻字内容：规格与型号,unmatched,,,,,,,,,型号未锚定到目录,uk_acetylene,1,1
乙炔割嘴 ANM 5# 刻字内容：规格与型号,unmatched,,,,,,,,,型号未锚定到目录,uk_acetylene,1,1
乙炔割嘴 ANM 6# 刻字内容：规格与型号,unmatched,,,,,,,,,型号未锚定到目录,uk_acetylene,1,1
乙炔割嘴 ANME 1/16 92g,matched,BRITISH STYLE CUTTING TIP,03,ANME,1/16,yes,ACETYLENE,1.6,25-75,,待定,1,1
乙炔割嘴 ANME 1/32 92g,matched,BRITISH STYLE CUTTING TIP,03,ANME,1/32,yes,ACETYLENE,0.8,3-10,,待定,1,1
乙炔割嘴 ANME 3/64 92g,matched,BRITISH STYLE CUTTING TIP,03,ANME,3/64,yes,ACETYLENE,1.2,10-25,,待定,1,1
乙炔割嘴 SC-12-1# 重99.8克 刻字：规格型号 包装：塑料盒+贴纸,matched,AMERICAN STYLE CUTTING TIP,01,SC12,1,yes,ACETYLENE,1.2,10-15,,待定,1,1
乙炔割嘴 SC-12-2# 重99.8克 刻字：规格型号 包装：塑料盒+贴纸,matched,AMERICAN STYLE CUTTING TIP,01,SC12,2,yes,ACETYLENE,1.4,15-30,,待定,1,1
乙炔割嘴1-101 00# 号码6022 产品100511,matched,AMERICAN STYLE CUTTING TIP,01,1-101,00,yes,ACETYLENE,0.8,3-6,,us_acetylene,1,1
乙炔割嘴1-101-1 代码：4190,matched,AMERICAN STYLE CUTTING TIP,01,1-101,1,yes,ACETYLENE,1.2,10-20,,us_acetylene,1,1
乙炔割嘴1-101-4 82g 代码：4196,matched,AMERICAN STYLE CUTTING TIP,01,1-101,4,yes,ACETYLENE,2.1,60-80,,us_acetylene,1,1
乙炔割嘴3-101 00# 号码6017 产品100517,matched,AMERICAN STYLE CUTTING TIP,01,3-101,00,yes,ACETYLENE,0.8,3-6,,us_acetylene,1,1
乙炔割嘴3-101 3# 号码6021 产品100521,matched,AMERICAN STYLE CUTTING TIP,01,3-101,3,yes,ACETYLENE,1.8,40-60,,us_acetylene,1,1
乙炔割嘴3-GPN1 0# 产品号码6030,matched,AMERICAN STYLE CUTTING TIP,01,3GPN,1,yes,LPG,1.2,10-20,,待定,1,1
乙炔割嘴3-GPN1 1# 产品号码6031,matched,AMERICAN STYLE CUTTING TIP,01,3GPN,1,yes,LPG,1.2,10-20,,待定,1,1
乙炔割嘴3-GPN1 2# 产品号码6032,matched,AMERICAN STYLE CUTTING TIP,01,3GPN,1,yes,LPG,1.2,10-20,,待定,1,1
乙炔割嘴6290-1# 产品号码6010,matched,AMERICAN STYLE CUTTING TIP,01,6290,1,yes,ACETYLENE,1.2,15-25,,us_acetylene,1,1
乙炔割嘴6290-3# 产品号码6012,matched,AMERICAN STYLE CUTTING TIP,01,6290,3,yes,ACETYLENE,2.0,50-100,,us_acetylene,1,1
乙炔割嘴ANME 1/16 重量：85g 包装：塑料盒+中性不干胶,matched,BRITISH STYLE CUTTING TIP,03,ANME,1/16,yes,ACETYLENE,1.6,25-75,,待定,1,1
乙炔割嘴ANME 1/32 重量：85g 包装：塑料盒+中性不干胶,matched,BRITISH STYLE CUTTING TIP,03,ANME,1/32,yes,ACETYLENE,0.8,3-10,,待定,1,1
乙炔割嘴ANME 1/8 重量：85g 包装：塑料盒+中性不干胶,matched,BRITISH STYLE CUTTING TIP,03,ANME,1/8,yes,ACETYLENE,3.2,225-300,,待定,1,1
乙炔割嘴ANME 3/64 重量：85g 包装：塑料盒+中性不干胶,matched,BRITISH STYLE CUTTING TIP,03,ANME,3/64,yes,ACETYLENE,1.2,10-25,,待定,1,1
乙炔割嘴MC-12-2# 产品号码6004,matched,AMERICAN STYLE CUTTING TIP,01,MC12,2,yes,ACETYLENE,1.4,15-30,,待定,1,1
"乙炔切割喷嘴,3号 厚度：40-60mm 孔口：1.8",unmatched,,,,,,,,,型号未锚定到目录,待定,1,1
"乙炔切割喷嘴,4号 厚度：60-80mm 预热：0.9 孔口：1.8 安宝库存",unmatched,,,,,,,,,型号未锚定到目录,待定,1,1
只,unmatched,,,,,,,,,型号未锚定到目录,待定,1,1
AGA割嘴，2#，GIOCWELD包装和标签,unmatched,,,,,,,,,型号未锚定到目录,待定,1,1
ANME 割嘴 7/64,matched,BRITISH STYLE CUTTING TIP,03,ANME,,no,ACETYLENE,,,,待定,1,1
ANME 割嘴 1/32,matched,BRITISH STYLE CUTTING TIP,03,ANME,,no,ACETYLENE,,,,待定,1,1
ANME 割嘴 1/64,matched,BRITISH STYLE CUTTING TIP,03,ANME,,no,ACETYLENE,,,,待定,1,1
ANME 割嘴 1/8,matched,BRITISH STYLE CUTTING TIP,03,ANME,,no,ACETYLENE,,,,待定,1,1
ANME 割嘴 3/32,matched,BRITISH STYLE CUTTING TIP,03,ANME,,no,ACETYLENE,,,,待定,1,1
Cutting nozzles Code:4027,unmatched,,,,,,,,,型号未锚定到目录,待定,1,1
"Cutting nozzles Code:4192 , 73.2G",unmatched,,,,,,,,,型号边界不干净（右侧紧贴 9）,待定,1,1
Cutting nozzles Code:4193,unmatched,,,,,,,,,型号边界不干净（右侧紧贴 9）,待定,1,1
Cutting nozzles Code:4194,unmatched,,,,,,,,,型号边界不干净（右侧紧贴 9）,待定,1,1
G03-0,unmatched,,,,,,,,,型号未锚定到目录,待定,1,1
G03-2,unmatched,,,,,,,,,型号未锚定到目录,待定,1,1
G1-A25/10,matched,FRENCH STYLE CUTTING TIP,04,G1-A,25/10,yes,ACETYLENE,2.5,120-200,,待定,1,1
G1-A25/10 100-150,matched,FRENCH STYLE CUTTING TIP,04,G1-A,25/10,yes,ACETYLENE,2.5,120-200,,待定,1,1
G1-A7/10 5-10,matched,FRENCH STYLE CUTTING TIP,04,G1-A,7/10,yes,ACETYLENE,0.7,3-10,,待定,1,1
G1-P12/10,matched,FRENCH STYLE CUTTING TIP,04,G1-P,12/10,yes,LPG,1.2,25-50,,待定,1,1
G1-P12/10 25-50,matched,FRENCH STYLE CUTTING TIP,04,G1-P,12/10,yes,LPG,1.2,25-50,,待定,1,1
G1-P16/10 25-50,matched,FRENCH STYLE CUTTING TIP,04,G1-P,16/10,yes,LPG,1.6,50-80,,待定,1,1
G1-P16/10 50-100,matched,FRENCH STYLE CUTTING TIP,04,G1-P,16/10,yes,LPG,1.6,50-80,,待定,1,1
G1-P20/10 100-150,matched,FRENCH STYLE CUTTING TIP,04,G1-P,20/10,yes,LPG,2.0,80-120,,待定,1,1
G1-P20/10 50-100,matched,FRENCH STYLE CUTTING TIP,04,G1-P,20/10,yes,LPG,2.0,80-120,,待定,1,1
G1-P25/10 150-200,matched,FRENCH STYLE CUTTING TIP,04,G1-P,25/10,yes,LPG,2.5,120-200,,待定,1,1
G1-P30/10,matched,FRENCH STYLE CUTTING TIP,04,G1-P,30/10,yes,LPG,3.0,200-300,,待定,1,1
G1-P30/10 200-300,matched,FRENCH STYLE CUTTING TIP,04,G1-P,30/10,yes,LPG,3.0,200-300,,待定,1,1
G11 Nº1,unmatched,,,,,,,,,型号未锚定到目录,待定,1,1
G11 Nº2,unmatched,,,,,,,,,型号未锚定到目录,待定,1,1
GK3-0,unmatched,,,,,,,,,型号未锚定到目录,待定,1,1
GK3-1,unmatched,,,,,,,,,型号未锚定到目录,待定,1,1
GK3-3,unmatched,,,,,,,,,型号未锚定到目录,待定,1,1
GK3-4,unmatched,,,,,,,,,型号未锚定到目录,待定,1,1
GK3-6,unmatched,,,,,,,,,型号未锚定到目录,待定,1,1
"Gloor cutting nuzzle,6# 做足75g",unmatched,,,,,,,,,型号未锚定到目录,待定,1,1
"Gloor cutting nuzzle,7# 做足75g克",unmatched,,,,,,,,,型号未锚定到目录,待定,1,1
"Gloor cutting nuzzle,8号$做足75g",unmatched,,,,,,,,,型号未锚定到目录,待定,1,1
GPN 割嘴 000#,matched,AMERICAN STYLE CUTTING TIP,01,GPN,000,yes,LPG,0.7,1-3,,待定,1,1
GPN 割嘴 8#,matched,AMERICAN STYLE CUTTING TIP,01,GPN,8,yes,LPG,4.1,250-300,,待定,1,1
GPN CUTTING NOZZLE 2#,matched,AMERICAN STYLE CUTTING TIP,01,GPN,,no,LPG,,,,待定,1,1
GPN CUTTING NOZZLE 3#,matched,AMERICAN STYLE CUTTING TIP,01,GPN,,no,LPG,,,,待定,1,1
GPN CUTTING NOZZLE 4#,matched,AMERICAN STYLE CUTTING TIP,01,GPN,,no,LPG,,,,待定,1,1
GPN-0 0283,matched,AMERICAN STYLE CUTTING TIP,01,GPN,0,yes,LPG,1.0,6-10,,待定,1,1
GPN-1 0284,matched,AMERICAN STYLE CUTTING TIP,01,GPN,1,yes,LPG,1.2,10-20,,待定,1,1
GPN-1 全紫铜,matched,AMERICAN STYLE CUTTING TIP,01,GPN,1,yes,LPG,1.2,10-20,,待定,1,1
GPN-2 全紫铜,matched,AMERICAN STYLE CUTTING TIP,01,GPN,2,yes,LPG,1.5,20-40,,待定,1,1
GPN-2 样品,matched,AMERICAN STYLE CUTTING TIP,01,GPN,2,yes,LPG,1.5,20-40,,待定,1,1
GPN-8 直通,matched,AMERICAN STYLE CUTTING TIP,01,GPN,8,yes,LPG,4.1,250-300,,待定,1,1
"GPN, 1#，原装VICTOR包装和标签",matched,AMERICAN STYLE CUTTING TIP,01,GPN,1,yes,LPG,1.2,10-20,,待定,1,1
"GPN, 2#，原装VICTOR包装和标签",matched,AMERICAN STYLE CUTTING TIP,01,GPN,2,yes,LPG,1.5,20-40,,待定,1,1
HARRIS 丙烷割嘴 6290-NX-0 4184 53G,matched,AMERICAN STYLE CUTTING TIP,01,6290NX,0,yes,LPG,1.0,10-15,,us_propane,1,1
HARRIS 丙烷割嘴 6290-NX-1 4186 53G,matched,AMERICAN STYLE CUTTING TIP,01,6290NX,1,yes,LPG,1.2,15-25,,us_propane,1,1
HARRIS 丙烷割嘴 6290-NX-2 4187 53G,matched,AMERICAN STYLE CUTTING TIP,01,6290NX,2,yes,LPG,1.6,25-50,,us_propane,1,1
HARRIS 丙烷割嘴6290-NX-4 53g 货号：4185,matched,AMERICAN STYLE CUTTING TIP,01,6290NX,4,yes,LPG,2.4,100-175,,us_propane,1,1
HARRIS 丙烷割嘴6290-NX-6 53g 代码：4204,matched,AMERICAN STYLE CUTTING TIP,01,6290NX,6,yes,LPG,3.2,250-300,,us_propane,1,1
HARRIS 丙烷割嘴6290-NX-6 53g 货号：4204,matched,AMERICAN STYLE CUTTING TIP,01,6290NX,6,yes,LPG,3.2,250-300,,us_propane,1,1
HARRIS 乙炔割嘴 6290-0 4027,matched,AMERICAN STYLE CUTTING TIP,01,6290,0,yes,ACETYLENE,1.0,10-15,,us_acetylene,1,1
HARRIS 乙炔割嘴 6290-1 4208,matched,AMERICAN STYLE CUTTING TIP,01,6290,1,yes,ACETYLENE,1.2,15-25,,us_acetylene,1,1
HARRIS 乙炔割嘴 6290-2 4210,matched,AMERICAN STYLE CUTTING TIP,01,6290,2,yes,ACETYLENE,1.6,25-50,,us_acetylene,1,1
HARRIS 乙炔割嘴 6290-3 4027,matched,AMERICAN STYLE CUTTING TIP,01,6290,3,yes,ACETYLENE,2.0,50-100,,us_acetylene,1,1
harris 乙炔割嘴 6290-1,matched,AMERICAN STYLE CUTTING TIP,01,6290,1,yes,ACETYLENE,1.2,15-25,,us_acetylene,1,1
harris 乙炔割嘴 6290-3,matched,AMERICAN STYLE CUTTING TIP,01,6290,3,yes,ACETYLENE,2.0,50-100,,us_acetylene,1,1
harris 乙炔割嘴 6290-42,unmatched,,,,,,,,,尺寸不在目录档位（候选数字 42）,us_acetylene,1,1
harris 乙炔割嘴 6290-5,matched,AMERICAN STYLE CUTTING TIP,01,6290,5,yes,ACETYLENE,2.8,175-250,,us_acetylene,1,1
HARRIS 乙炔割嘴6290-0 55g 货号：4207,matched,AMERICAN STYLE CUTTING TIP,01,6290,0,yes,ACETYLENE,1.0,10-15,,us_acetylene,1,1
HARRIS 乙炔割嘴6290-0 55g 代码：4207,matched,AMERICAN STYLE CUTTING TIP,01,6290,0,yes,ACETYLENE,1.0,10-15,,us_acetylene,1,1
HARRIS 乙炔割嘴6290-3 55g 代码：4027,matched,AMERICAN STYLE CUTTING TIP,01,6290,3,yes,ACETYLENE,2.0,50-100,,us_acetylene,1,1
HARRIS 乙炔割嘴6290-3 55g 代码：4227,matched,AMERICAN STYLE CUTTING TIP,01,6290,3,yes,ACETYLENE,2.0,50-100,,us_acetylene,1,1
HARRIS彩盒 不干胶 10只/中盒,unmatched,,,,,,,,,型号未锚定到目录,待定,1,1
HARRIS焊杆,unmatched,,,,,,,,,型号未锚定到目录,待定,1,1
KOIKE 106HC割嘴 3# 分体式如右图一样 包装：KOIKE+泡壳+说明书 彩卡上带 made in japan字样,matched,JAPANESE STYLE CUTTING TIP,02,106,3,yes,LPG,1.6,30-40,,待定,1,1
KOIKE 106HC割嘴 6# 分体式如右图一样 包装：KOIKE+泡壳+说明书 彩卡上带 made in japan字样,matched,JAPANESE STYLE CUTTING TIP,02,106,6,yes,LPG,2.4,100-150,,待定,1,1
KOIKE 106HC割嘴 6#-3.2mm？ 重：79g 如右图所示,matched,JAPANESE STYLE CUTTING TIP,02,106,6,yes,LPG,2.4,100-150,,待定,1,1
KOIKE 106HC割嘴 7# 分体式如右图一样 包装：KOIKE+泡壳+说明书 彩卡上带 made in japan字样,matched,JAPANESE STYLE CUTTING TIP,02,106,7,yes,LPG,2.8,150-200,,待定,1,1
KOIKE 106HC割嘴 8# 分体式如右图一样 包装：KOIKE+泡壳+说明书 彩卡上带 made in japan字样,matched,JAPANESE STYLE CUTTING TIP,02,106,8,yes,LPG,3.2,250-300,,待定,1,1
KOIKE丙烷割嘴 106HC #0,matched,JAPANESE STYLE CUTTING TIP,02,106,0,yes,LPG,1.0,5-10,,待定,1,1
KOIKE丙烷割嘴 106HC #1,matched,JAPANESE STYLE CUTTING TIP,02,106,1,yes,LPG,1.2,10-15,,待定,1,1
KOIKE丙烷割嘴 106HC #2,matched,JAPANESE STYLE CUTTING TIP,02,106,2,yes,LPG,1.4,15-30,,待定,1,1
KOIKE丙烷割嘴 106HC #3,matched,JAPANESE STYLE CUTTING TIP,02,106,3,yes,LPG,1.6,30-40,,待定,1,1
KOIKE丙烷割嘴 106HC #4,matched,JAPANESE STYLE CUTTING TIP,02,106,4,yes,LPG,1.8,40-50,,待定,1,1
KOIKE丙烷割嘴 106HC #5,matched,JAPANESE STYLE CUTTING TIP,02,106,5,yes,LPG,2.0,50-100,,待定,1,1
KOIKE割嘴 102HC #3,matched,JAPANESE STYLE CUTTING TIP,02,102,3,yes,ACETYLENE,1.6,30-40,,待定,1,1
KOIKE割嘴 102HC #4,matched,JAPANESE STYLE CUTTING TIP,02,102,4,yes,ACETYLENE,1.8,40-50,,待定,1,1
KOIKE割嘴 102HC #5,matched,JAPANESE STYLE CUTTING TIP,02,102,5,yes,ACETYLENE,2.0,50-100,,待定,1,1
KOIKE割嘴 106HC-2# 70克 分体式,matched,JAPANESE STYLE CUTTING TIP,02,106,2,yes,LPG,1.4,15-30,,待定,1,1
KOIKE割嘴 106HC-3# 3孔-重足76g,matched,JAPANESE STYLE CUTTING TIP,02,106,3,yes,LPG,1.6,30-40,,待定,1,1
KOIKE割嘴 106HC-4# 70克 分体式,matched,JAPANESE STYLE CUTTING TIP,02,106,4,yes,LPG,1.8,40-50,,待定,1,1
KOIKE割嘴 106HC-4# 3孔-重足76g,matched,JAPANESE STYLE CUTTING TIP,02,106,4,yes,LPG,1.8,40-50,,待定,1,1
KOIKE割嘴 106HC-5# 3孔-重足76g,matched,JAPANESE STYLE CUTTING TIP,02,106,5,yes,LPG,2.0,50-100,,待定,1,1
KOIKE割嘴 106HC割嘴 5# 如右图所示,matched,JAPANESE STYLE CUTTING TIP,02,106,5,yes,LPG,2.0,50-100,,待定,1,1
KOIKE乙炔割嘴 102HC #0,matched,JAPANESE STYLE CUTTING TIP,02,102,0,yes,ACETYLENE,1.0,5-10,,待定,1,1
KOIKE乙炔割嘴 102HC #1,matched,JAPANESE STYLE CUTTING TIP,02,102,1,yes,ACETYLENE,1.2,10-15,,待定,1,1
KOIKE乙炔割嘴 102HC #2,matched,JAPANESE STYLE CUTTING TIP,02,102,2,yes,ACETYLENE,1.4,15-30,,待定,1,1
KOIKE乙炔割嘴 102HC #3,matched,JAPANESE STYLE CUTTING TIP,02,102,3,yes,ACETYLENE,1.6,30-40,,待定,1,1
KOIKE乙炔割嘴 102HC #4,matched,JAPANESE STYLE CUTTING TIP,02,102,4,yes,ACETYLENE,1.8,40-50,,待定,1,1
KOIKE乙炔割嘴 102HC #5,matched,JAPANESE STYLE CUTTING TIP,02,102,5,yes,ACETYLENE,2.0,50-100,,待定,1,1
MC12 割嘴 00#,matched,AMERICAN STYLE CUTTING TIP,01,MC12,00,yes,ACETYLENE,0.8,3-5,,待定,1,1
MC12 割嘴 1#,matched,AMERICAN STYLE CUTTING TIP,01,MC12,1,yes,ACETYLENE,1.2,10-15,,待定,1,1
MC12 割嘴 2#,matched,AMERICAN STYLE CUTTING TIP,01,MC12,2,yes,ACETYLENE,1.4,15-30,,待定,1,1
MC12 割嘴 3#,matched,AMERICAN STYLE CUTTING TIP,01,MC12,3,yes,ACETYLENE,1.7,30-50,,待定,1,1
MC12 割嘴 4#,matched,AMERICAN STYLE CUTTING TIP,01,MC12,4,yes,ACETYLENE,2.1,50-100,,待定,1,1
MC12-0,matched,AMERICAN STYLE CUTTING TIP,01,MC12,0,yes,ACETYLENE,1.0,5-10,,待定,1,1
MC12-2,matched,AMERICAN STYLE CUTTING TIP,01,MC12,2,yes,ACETYLENE,1.4,15-30,,待定,1,1
MC12-3,matched,AMERICAN STYLE CUTTING TIP,01,MC12,3,yes,ACETYLENE,1.7,30-50,,待定,1,1
MC40 割嘴 2#,matched,AMERICAN STYLE CUTTING TIP,01,MC40,2,yes,LPG,1.4,15-30,,待定,1,1
MC40 割嘴 3#,matched,AMERICAN STYLE CUTTING TIP,01,MC40,3,yes,LPG,1.6,30-50,,待定,1,1
MFA,unmatched,,,,,,,,,型号未锚定到目录,待定,1,1
Nozzle №2 (1/16”) 客人要12个槽,unmatched,,,,,,,,,型号未锚定到目录,待定,1,1
Nozzle №2 (1/32”) 客人要12个槽,unmatched,,,,,,,,,型号未锚定到目录,待定,1,1
Nozzle №5 (7/64”) 客人要12个槽 74克,unmatched,,,,,,,,,型号未锚定到目录,待定,1,1
Nozzle №6 (1/8”) 客人要12个槽 74克,unmatched,,,,,,,,,型号未锚定到目录,待定,1,1
PNME 割嘴 1#,unmatched,,,,,,,,,尺寸不在目录档位（候选数字 1）,待定,1,1
PNME 割嘴 2#,unmatched,,,,,,,,,尺寸不在目录档位（候选数字 2）,待定,1,1
PNME 割嘴 3#,unmatched,,,,,,,,,尺寸不在目录档位（候选数字 3）,待定,1,1
PNME 割嘴 4#,unmatched,,,,,,,,,尺寸不在目录档位（候选数字 4）,待定,1,1
PNME 割嘴 5#,unmatched,,,,,,,,,尺寸不在目录档位（候选数字 5）,待定,1,1
PNME 割嘴 6#,unmatched,,,,,,,,,尺寸不在目录档位（候选数字 6）,待定,1,1
PNME-2,unmatched,,,,,,,,,尺寸不在目录档位（候选数字 2）,待定,1,1
PNME-3,unmatched,,,,,,,,,尺寸不在目录档位（候选数字 3）,待定,1,1
PNME-4,unmatched,,,,,,,,,尺寸不在目录档位（候选数字 4）,待定,1,1
PNME-5,unmatched,,,,,,,,,尺寸不在目录档位（候选数字 5）,待定,1,1
PNME-6,unmatched,,,,,,,,,尺寸不在目录档位（候选数字 6）,待定,1,1
PNME1/16,matched,BRITISH STYLE CUTTING TIP,03,PNME,1/16,yes,LPG,1.6,25-75,,待定,1,1
PNME18 1/16,unmatched,,,,,,,,,尺寸不在目录档位（候选数字 18）,待定,1,1
PNME18 1/32,unmatched,,,,,,,,,尺寸不在目录档位（候选数字 18）,待定,1,1
PNME18 5/64,unmatched,,,,,,,,,尺寸不在目录档位（候选数字 18）,待定,1,1
PNME18 割嘴 3/32,unmatched,,,,,,,,,尺寸不在目录档位（候选数字 18）,待定,1,1
PNME18 割嘴 3/64,unmatched,,,,,,,,,尺寸不在目录档位（候选数字 18）,待定,1,1
PNME18 割嘴 5/64,unmatched,,,,,,,,,尺寸不在目录档位（候选数字 18）,待定,1,1
PNME18 割嘴 7/64,unmatched,,,,,,,,,尺寸不在目录档位（候选数字 18）,待定,1,1
PNME5/64,matched,BRITISH STYLE CUTTING TIP,03,PNME,5/64,yes,LPG,2.0,75-125,,待定,1,1
PNME9 3/32,unmatched,,,,,,,,,尺寸不在目录档位（候选数字 9）,待定,1,1
PNME割嘴 1/16 贴不干胶标注尺寸,matched,BRITISH STYLE CUTTING TIP,03,PNME,,no,LPG,,,,待定,1,1
PNME割嘴 1/32 贴不干胶标注尺寸,matched,BRITISH STYLE CUTTING TIP,03,PNME,,no,LPG,,,,待定,1,1
PNME割嘴 3/64 贴不干胶标注尺寸,matched,BRITISH STYLE CUTTING TIP,03,PNME,,no,LPG,,,,待定,1,1
PNME割嘴 5/64 贴不干胶标注尺寸,matched,BRITISH STYLE CUTTING TIP,03,PNME,,no,LPG,,,,待定,1,1
SC-12-0 乙炔割嘴,matched,AMERICAN STYLE CUTTING TIP,01,SC12,0,yes,ACETYLENE,1.0,5-10,,待定,1,1
SC-12-1 乙炔割嘴,matched,AMERICAN STYLE CUTTING TIP,01,SC12,1,yes,ACETYLENE,1.2,10-15,,待定,1,1
SC-12-3 乙炔割嘴,matched,AMERICAN STYLE CUTTING TIP,01,SC12,3,yes,ACETYLENE,1.7,30-50,,待定,1,1
SC-12-4 乙炔割嘴,matched,AMERICAN STYLE CUTTING TIP,01,SC12,4,yes,ACETYLENE,2.0,50-100,,待定,1,1
SC-50-A-5 丙烷割嘴 91.36g,matched,AMERICAN STYLE CUTTING TIP,01,SC50,5,yes,LPG,2.4,100-200,,待定,1,1
SC-50-A-6 丙烷割嘴 91.36g,matched,AMERICAN STYLE CUTTING TIP,01,SC50,6,yes,LPG,2.8,200-300,,待定,1,1
SC12 割嘴 0#,matched,AMERICAN STYLE CUTTING TIP,01,SC12,0,yes,ACETYLENE,1.0,5-10,,待定,1,1
SC50 割嘴 0#,matched,AMERICAN STYLE CUTTING TIP,01,SC50,0,yes,LPG,1.0,5-10,,待定,1,1
SC50-6,matched,AMERICAN STYLE CUTTING TIP,01,SC50,6,yes,LPG,2.8,200-300,,待定,1,1
smith 丙烷割嘴 SC-50-A-0 4154 93G,matched,AMERICAN STYLE CUTTING TIP,01,SC50,0,yes,LPG,1.0,5-10,,待定,1,1
smith 丙烷割嘴 SC-50-A-1 4157 93G,matched,AMERICAN STYLE CUTTING TIP,01,SC50,1,yes,LPG,1.2,10-15,,待定,1,1
smith 丙烷割嘴 SC-50-A-2 4158 93G,matched,AMERICAN STYLE CUTTING TIP,01,SC50,2,yes,LPG,1.5,15-30,,待定,1,1
smith 丙烷割嘴 SC-50-A-2 4161 93G,matched,AMERICAN STYLE CUTTING TIP,01,SC50,2,yes,LPG,1.5,15-30,,待定,1,1
smith 丙烷割嘴 SC-50-A-2 4162 93G,matched,AMERICAN STYLE CUTTING TIP,01,SC50,2,yes,LPG,1.5,15-30,,待定,1,1
smith 丙烷割嘴 SC-50-A-0 93g 代码：4157,matched,AMERICAN STYLE CUTTING TIP,01,SC50,0,yes,LPG,1.0,5-10,,待定,1,1
smith 丙烷割嘴 SC-50-A-0 code:4154,matched,AMERICAN STYLE CUTTING TIP,01,SC50,0,yes,LPG,1.0,5-10,,待定,1,1
smith 丙烷割嘴 SC-50-A-1 code:4157,matched,AMERICAN STYLE CUTTING TIP,01,SC50,1,yes,LPG,1.2,10-15,,待定,1,1
smith 丙烷割嘴 SC-50-A-2 code:4158,matched,AMERICAN STYLE CUTTING TIP,01,SC50,2,yes,LPG,1.5,15-30,,待定,1,1
smith 丙烷割嘴 SC-50-A-3,matched,AMERICAN STYLE CUTTING TIP,01,SC50,3,yes,LPG,1.8,30-50,,待定,1,1
smith 丙烷割嘴 SC-50-A-3 code:4161,matched,AMERICAN STYLE CUTTING TIP,01,SC50,3,yes,LPG,1.8,30-50,,待定,1,1
smith 丙烷割嘴 SC-50-A-4 code:4162,matched,AMERICAN STYLE CUTTING TIP,01,SC50,4,yes,LPG,2.1,50-100,,待定,1,1
smith 丙烷割嘴 SC-50-A-7 93g 货号：4164,matched,AMERICAN STYLE CUTTING TIP,01,SC50,7,yes,LPG,3.2,300-350,,待定,1,1
smith 丙烷割嘴 SC-50-A-7 code:4164,matched,AMERICAN STYLE CUTTING TIP,01,SC50,7,yes,LPG,3.2,300-350,,待定,1,1
smith 乙炔割嘴 SC-12-2 4134 103G,matched,AMERICAN STYLE CUTTING TIP,01,SC12,2,yes,ACETYLENE,1.4,15-30,,待定,1,1
smith 乙炔割嘴 SC-12-2 4136 103G,matched,AMERICAN STYLE CUTTING TIP,01,SC12,2,yes,ACETYLENE,1.4,15-30,,待定,1,1
smith 乙炔割嘴 SC-12-2 4137 103G,matched,AMERICAN STYLE CUTTING TIP,01,SC12,2,yes,ACETYLENE,1.4,15-30,,待定,1,1
smith 乙炔割嘴 SC-12-2 4138 103G,matched,AMERICAN STYLE CUTTING TIP,01,SC12,2,yes,ACETYLENE,1.4,15-30,,待定,1,1
smith 乙炔割嘴 SC-12-0,matched,AMERICAN STYLE CUTTING TIP,01,SC12,0,yes,ACETYLENE,1.0,5-10,,待定,1,1
smith 乙炔割嘴 SC-12-5,matched,AMERICAN STYLE CUTTING TIP,01,SC12,5,yes,ACETYLENE,2.3,100-200,,待定,1,1
T15,unmatched,,,,,,,,,型号未锚定到目录,待定,1,1
T20+管子+连接器,unmatched,,,,,,,,,型号未锚定到目录,待定,1,1
T20+后部,unmatched,,,,,,,,,型号未锚定到目录,待定,1,1
T20的杆子+连接器,unmatched,,,,,,,,,型号未锚定到目录,待定,1,1
T20杆子+连接器,unmatched,,,,,,,,,型号未锚定到目录,待定,1,1
TANAKA原装割嘴带原装刻字 #1号,unmatched,,,,,,,,,型号未锚定到目录,待定,1,1
TANAKA原装割嘴带原装刻字 #2号,unmatched,,,,,,,,,型号未锚定到目录,待定,1,1
TANAKA原装割嘴带原装刻字 #3号,unmatched,,,,,,,,,型号未锚定到目录,待定,1,1
TANAKA原装割嘴带原装刻字 #4号,unmatched,,,,,,,,,型号未锚定到目录,待定,1,1
VICTOR 乙炔割嘴 4190 1-101-1,matched,AMERICAN STYLE CUTTING TIP,01,1-101,1,yes,ACETYLENE,1.2,10-20,,us_acetylene,1,1
VICTOR 乙炔割嘴 4191 1-101-2,matched,AMERICAN STYLE CUTTING TIP,01,1-101,2,yes,ACETYLENE,1.5,20-40,,us_acetylene,1,1
VICTOR 乙炔割嘴 4192 1-101-3,matched,AMERICAN STYLE CUTTING TIP,01,1-101,3,yes,ACETYLENE,1.8,40-60,,us_acetylene,1,1
VICTOR 8-MFN VICTOR 15-MFN VICTOR 20 TYPE 55 连接器也刻上 VICTOR,unmatched,,,,,,,,,型号未锚定到目录,待定,1,1
VICTOR 丙烷割嘴 4193 GPN-1,matched,AMERICAN STYLE CUTTING TIP,01,GPN,1,yes,LPG,1.2,10-20,,待定,1,1
VICTOR 丙烷割嘴 4194 GPN-2,matched,AMERICAN STYLE CUTTING TIP,01,GPN,2,yes,LPG,1.5,20-40,,待定,1,1
victor 丙烷割嘴 GPN－0# 刻字：内嘴上0-GPN 外嘴上VICTOR 0-GPN 包装：VICTOR塑料盒+不干胶,matched,AMERICAN STYLE CUTTING TIP,01,GPN,0,yes,LPG,1.0,6-10,,待定,1,1
victor 丙烷割嘴 GPN－00# 刻字：内嘴上00-GPN 外嘴上VICTOR 00-GPN 包装：VICTOR塑料盒+不干胶,matched,AMERICAN STYLE CUTTING TIP,01,GPN,00,yes,LPG,0.8,3-6,,待定,1,1
VICTOR 丙烷割嘴 GPN-2# 刻字：VICTOR中性刻字 包装：VICTOR塑料盒+不干胶,matched,AMERICAN STYLE CUTTING TIP,01,GPN,2,yes,LPG,1.5,20-40,,待定,1,1
Victor 丙烷割嘴 GPN-2# 如右图所示,matched,AMERICAN STYLE CUTTING TIP,01,GPN,2,yes,LPG,1.5,20-40,,待定,1,1
victor 丙烷割嘴 GPN－3# 刻字：内嘴上3-GPN 外嘴上VICTOR 3-GPN 包装：VICTOR塑料盒+不干胶,matched,AMERICAN STYLE CUTTING TIP,01,3GPN,,no,LPG,,,,待定,1,1
VICTOR 丙烷割嘴 GPN-3# 刻字：VICTOR中性刻字 包装：VICTOR塑料盒+不干胶,matched,AMERICAN STYLE CUTTING TIP,01,GPN,3,yes,LPG,1.8,40-60,,待定,1,1
Victor 丙烷割嘴 GPN-3# 如右图所示,matched,AMERICAN STYLE CUTTING TIP,01,GPN,3,yes,LPG,1.8,40-60,,待定,1,1
victor 丙烷割嘴 GPN－4# 刻字：内嘴上4-GPN 外嘴上VICTOR 4-GPN 包装：VICTOR塑料盒+不干胶,matched,AMERICAN STYLE CUTTING TIP,01,GPN,4,yes,LPG,2.1,60-80,,待定,1,1
Victor 丙烷割嘴 GPN-4# 如右图所示,matched,AMERICAN STYLE CUTTING TIP,01,GPN,4,yes,LPG,2.1,60-80,,待定,1,1
victor 丙烷割嘴 GPN－5# 刻字：内嘴上5-GPN 外嘴上VICTOR 5-GPN 包装：VICTOR塑料盒+不干胶,matched,AMERICAN STYLE CUTTING TIP,01,GPN,5,yes,LPG,2.5,80-125,,待定,1,1
victor 丙烷割嘴 GPN－6# 刻字：内嘴上6-GPN 外嘴上VICTOR 6-GPN 包装：VICTOR塑料盒+不干胶,matched,AMERICAN STYLE CUTTING TIP,01,GPN,6,yes,LPG,3.1,125-200,,待定,1,1
victor 丙烷割嘴3GPN－0# 刻字：内嘴上0-3-GPN 外嘴上VICTOR 0-3-GPN 包装：VICTOR塑料盒+不干胶,matched,AMERICAN STYLE CUTTING TIP,01,3GPN,0,yes,LPG,1.0,6-10,,待定,1,1
victor 丙烷割嘴3GPN－00# 刻字：内嘴上00-3-GPN 外嘴上VICTOR 00-3-GPN 包装：VICTOR塑料盒+不干胶,matched,AMERICAN STYLE CUTTING TIP,01,3GPN,00,yes,LPG,0.8,3-6,,待定,1,1
victor 丙烷割嘴3GPN－1# 刻字：内嘴上1-3-GPN 外嘴上VICTOR 1-3-GPN 包装：VICTOR塑料盒+不干胶,matched,AMERICAN STYLE CUTTING TIP,01,3GPN,1,yes,LPG,1.2,10-20,,待定,1,1
victor 丙烷割嘴3GPN－2# 刻字：内嘴上2-3-GPN 外嘴上VICTOR 2-3-GPN 包装：VICTOR塑料盒+不干胶,matched,AMERICAN STYLE CUTTING TIP,01,3GPN,2,yes,LPG,1.5,20-40,,待定,1,1
Victor 乙炔割嘴 1-1-101,matched,AMERICAN STYLE CUTTING TIP,01,1-101,1,yes,ACETYLENE,1.2,10-20,,us_acetylene,1,1
victor 乙炔割嘴 101-1# 刻字：VICTOR 1-1-101 包装：VICTOR塑料盒+不干胶,matched,AMERICAN STYLE CUTTING TIP,01,1-101,1,yes,ACETYLENE,1.2,10-20,,us_acetylene,1,1
victor 乙炔割嘴 101-2# 刻字：VICTOR 2-1-101 包装：VICTOR塑料盒+不干胶,matched,AMERICAN STYLE CUTTING TIP,01,1-101,2,yes,ACETYLENE,1.5,20-40,,us_acetylene,1,1
victor 乙炔割嘴 101-3# 刻字：VICTOR 3-1-101 包装：VICTOR塑料盒+不干胶,matched,AMERICAN STYLE CUTTING TIP,01,1-101,3,yes,ACETYLENE,1.8,40-60,,us_acetylene,1,1
victor 乙炔割嘴 101-4# 刻字：VICTOR 4-1-101 包装：VICTOR塑料盒+不干胶,matched,AMERICAN STYLE CUTTING TIP,01,1-101,4,yes,ACETYLENE,2.1,60-80,,us_acetylene,1,1
victor 乙炔割嘴 101-5# 刻字：VICTOR 5-1-101 包装：VICTOR塑料盒+不干胶,matched,AMERICAN STYLE CUTTING TIP,01,1-101,5,yes,ACETYLENE,2.5,80-125,,us_acetylene,1,1
victor 乙炔割嘴 101-6# 刻字：VICTOR 6-1-101 包装：VICTOR塑料盒+不干胶,matched,AMERICAN STYLE CUTTING TIP,01,1-101,6,yes,ACETYLENE,3.1,125-200,,us_acetylene,1,1
victor 乙炔割嘴 101-7# 刻字：VICTOR 7-1-101 包装：VICTOR塑料盒+不干胶,matched,AMERICAN STYLE CUTTING TIP,01,1-101,7,yes,ACETYLENE,3.6,200-250,,us_acetylene,1,1
victor 乙炔割嘴 101-8# 刻字：VICTOR 8-1-101 包装：VICTOR塑料盒+不干胶,matched,AMERICAN STYLE CUTTING TIP,01,1-101,8,yes,ACETYLENE,4.1,250-300,,us_acetylene,1,1
Victor 乙炔割嘴 2-1-101,matched,AMERICAN STYLE CUTTING TIP,01,1-101,2,yes,ACETYLENE,1.5,20-40,,us_acetylene,1,1
Victor 乙炔割嘴 3-1-101,matched,AMERICAN STYLE CUTTING TIP,01,1-101,3,yes,ACETYLENE,1.8,40-60,,us_acetylene,1,1
Victor 乙炔割嘴 4-1-101,matched,AMERICAN STYLE CUTTING TIP,01,1-101,4,yes,ACETYLENE,2.1,60-80,,us_acetylene,1,1
VICTOR LPG ------,unmatched,,,,,,,,,型号未锚定到目录,待定,1,1
Victor Style 300 Series Gouging Tip Size 0 1-118 0#,matched,AMERICAN STYLE CUTTING TIP,01,1-118,0,yes,ACETYLENE,1.2,1.8x5,,待定,1,1
Victor Style 300 Series Gouging Tip-Size 1 1-118 2#,unmatched,,,,,,,,,尺寸有歧义（型号前 1 / 型号后 2）,待定,1,1
Victor Style 300 Series Gouging Tip-Size 2 1-118 4#,unmatched,,,,,,,,,尺寸有歧义（型号前 2 / 型号后 4）,待定,1,1
Victor Style 300 Series Gouging Tip-Size 3 1-118 6#,unmatched,,,,,,,,,尺寸有歧义（型号前 3 / 型号后 6）,待定,1,1
"W,1-W,2-W 通用后部",unmatched,,,,,,,,,型号未锚定到目录,待定,1,1
W焊管,unmatched,,,,,,,,,型号未锚定到目录,待定,1,1
WS10114乙炔割嘴 101-1-4,unmatched,,,,,,,,,型号未锚定到目录,us_acetylene,1,1
WS202305乙炔割嘴 102HC-0 全铜 重86.5g,unmatched,,,,,,,,,型号边界不干净（右侧紧贴 H）,待定,1,1
WS202306乙炔割嘴 102HC-1 全铜 重86.5g,unmatched,,,,,,,,,型号边界不干净（右侧紧贴 H）,待定,1,1
WS202307乙炔割嘴 102HC-2 全铜 重86.5g,unmatched,,,,,,,,,型号边界不干净（右侧紧贴 H）,待定,1,1
WS202309丙烷割嘴 106HC-0号 74g,unmatched,,,,,,,,,型号边界不干净（右侧紧贴 H）,待定,1,1
WS202310丙烷割嘴 106HC-1重74g,unmatched,,,,,,,,,型号边界不干净（右侧紧贴 H）,待定,1,1
WS202311丙烷割嘴 106HC-2重74g,unmatched,,,,,,,,,型号边界不干净（右侧紧贴 H）,待定,1,1
WS202312丙烷割嘴 106HC-3号74g,unmatched,,,,,,,,,型号边界不干净（右侧紧贴 H）,待定,1,1
WS202312丙烷割嘴 106HC-3重74g,unmatched,,,,,,,,,型号边界不干净（右侧紧贴 H）,待定,1,1
WS6290NX6丙烷割嘴 6290-NX-6,matched,AMERICAN STYLE CUTTING TIP,01,6290NX,6,yes,LPG,3.2,250-300,,us_propane,1,1
WSGPN 1丙烷割嘴 GPN 1#,matched,AMERICAN STYLE CUTTING TIP,01,GPN,1,yes,LPG,1.2,10-20,,待定,1,1
WSGPN 2丙烷割嘴 GPN 2#,matched,AMERICAN STYLE CUTTING TIP,01,GPN,2,yes,LPG,1.5,20-40,,待定,1,1
WSGPN5丙烷割嘴 GPN-5,matched,AMERICAN STYLE CUTTING TIP,01,GPN,5,yes,LPG,2.5,80-125,,待定,1,1
WSSC121乙炔割嘴 SC-12-1,matched,AMERICAN STYLE CUTTING TIP,01,SC12,1,yes,ACETYLENE,1.2,10-15,,待定,1,1
